"Variables ->","obs_def","obs_l_y","obs_l_cons","obs_l_gcons","obs_l_inv","obs_l_exp","obs_l_imp","obs_l_cpi","obs_l_cpi_core","obs_l_cpi_food","obs_l_cpi_ener","obs_i","obs_prem_d","obs_l_s","obs_l_md","obs_l_ystar_gap","obs_l_cpistar","obs_istar","obs_rstar_tnd","obs_l_foodstar","obs_l_enerstar","obs_l_rp_foodstar_gap","obs_l_rp_enerstar_gap","tune_l_y_tnd","tune_l_cons_tnd","tune_l_inv_tnd","tune_l_gcons_tnd","tune_l_exp_tnd","tune_l_imp_tnd","tune_d4l_cpi_tar","tune_l_rp_cpi_food_tnd","tune_l_rp_cpi_ener_tnd","tune_l_z_tnd","tune_prem","tune_dl_s_tar","tune_def_str","tune_def_discr","tune_l_y_gap","def","def_str","def_cyc","def_discr","fisc_imp","l_cons_gap","e_l_cons_gap","rmci_cons","l_cons","dl_cons","d4l_cons","l_cons_tnd","dl_cons_tnd","d4l_cons_tnd","l_inv_gap","e_l_inv_gap","rmci_inv","l_inv","dl_inv","d4l_inv","l_inv_tnd","dl_inv_tnd","d4l_inv_tnd","l_gcons_gap","l_gcons","dl_gcons","d4l_gcons","l_gcons_tnd","dl_gcons_tnd","d4l_gcons_tnd","l_exp_gap","e_l_exp_gap","rmci_exp","l_exp","dl_exp","d4l_exp","l_exp_tnd","dl_exp_tnd","d4l_exp_tnd","l_imp_gap","l_imp","dl_imp","d4l_imp","l_imp_tnd","dl_imp_tnd","d4l_imp_tnd","l_y_gap","e_l_y_gap","l_y","dl_y","d4l_y","l_y_tnd","dl_y_tnd","d4l_y_tnd","l_cpi","dl_cpi","e_dl_cpi","d4l_cpi","l_cpi_core","dl_cpi_core","e_dl_cpi_core","d4l_cpi_core","l_rp_cpi_core","dl_rp_cpi_core","d4l_rp_cpi_core","l_rp_cpi_core_gap","l_rp_cpi_core_tnd","dl_rp_cpi_core_tnd","d4l_rp_cpi_core_tnd","rmc","l_cpi_food","dl_cpi_food","e_dl_cpi_food","d4l_cpi_food","l_rp_cpi_food","dl_rp_cpi_food","d4l_rp_cpi_food","l_rp_cpi_food_gap","l_rp_cpi_food_tnd","dl_rp_cpi_food_tnd","d4l_rp_cpi_food_tnd","l_cpi_ener","dl_cpi_ener","e_dl_cpi_ener","d4l_cpi_ener","l_rp_cpi_ener","dl_rp_cpi_ener","d4l_rp_cpi_ener","l_rp_cpi_ener_gap","l_rp_cpi_ener_tnd","dl_rp_cpi_ener_tnd","d4l_rp_cpi_ener_tnd","d4l_cpi_tar","i","d4l_cpi_dev","i_tnd","r","r_gap","e4_r_gap","r4_gap","r_tnd","prem_d","prem_d_gap","l_s","dl_s","d4l_s","e_l_s","dl_s_tar","prem","l_z","dl_z","d4l_z","e_dl_z","l_z_tnd","dl_z_tnd","d4l_z_tnd","e_dl_z_tnd","l_z_gap","l_md","l_rmd","dl_rmd","d4l_rmd","dl_v","l_ystar_gap","l_cpistar","dl_cpistar","d4l_cpistar","e_dl_cpistar","istar","rstar_tnd","l_foodstar","dl_foodstar","d4l_foodstar","l_rp_foodstar","dl_rp_foodstar","d4l_rp_foodstar","l_rp_foodstar_gap","l_rp_foodstar_tnd","dl_rp_foodstar_tnd","d4l_rp_foodstar_tnd","l_enerstar","dl_enerstar","d4l_enerstar","l_rp_enerstar","dl_rp_enerstar","d4l_rp_enerstar","l_rp_enerstar_gap","l_rp_enerstar_tnd","dl_rp_enerstar_tnd","d4l_rp_enerstar_tnd","shock_def_discr","shock_def_str","shock_l_cons_gap","shock_l_inv_gap","shock_l_gcons_gap","shock_l_exp_gap","shock_l_imp_gap","shock_l_y_gap","shock_dl_cpi_core","shock_dl_cpi_food","shock_dl_cpi_ener","shock_l_cpi","shock_i","shock_prem_d_gap","shock_l_s","shock_dl_s_tar","shock_dl_rmd","shock_dl_v","shock_dl_cons_tnd","shock_dl_inv_tnd","shock_dl_gcons_tnd","shock_dl_exp_tnd","shock_dl_imp_tnd","shock_d4l_cpi_tar","shock_dl_rp_cpi_food_tnd","shock_dl_rp_cpi_ener_tnd","shock_dl_z_tnd","shock_prem","shock_l_ystar_gap","shock_dl_cpistar","shock_istar","shock_l_rp_foodstar_gap","shock_l_rp_enerstar_gap","shock_rstar_tnd","shock_dl_rp_foodstar_tnd","shock_dl_rp_enerstar_tnd","d1","d2","d3","d4","d5","d6","a1_cons","a2_cons","a3_cons","a4_cons","a5_cons","a6_cons","a1_inv","a2_inv","a3_inv","a4_inv","a5_inv","a6_inv","a1_gcons","a1_exp","a2_exp","a3_exp","a5_exp","a6_exp","w_imp_cons","w_imp_inv","w_imp_gcons","w_imp_exp","w_y_cons","w_y_inv","w_y_gcons","w_y_exp","w_y_imp","w_core","w_food","w_ener","b1","b2","b3","b4","bf1","bf2","bf3","be1","be2","be3","c1","c2","c3","c4","c5","c6","e1","e2","e3","e4","e5","e6","m1","m2","m3","r_cons","r_inv","r_gcons","r_exp","r_imp","r_z","r_rp_food","r_rp_ener","ss_def_str","ss_debt_fcy_rat","ss_prem_debt_fcy","ss_prem_debt_lcy","ss_dl_y_tnd","ss_d4l_cpi_tar","ss_dl_rp_cpi_food_tnd","ss_dl_rp_cpi_ener_tnd","ss_dl_z_tnd","ss_prem","ss_prem_d","ss_dl_v","r_ystar","r_cpistar","r_istar","r_rstar_tnd","r_rp_foodstar_gap","r_rp_enestar_gap","r_rp_foodstar_tnd","r_rp_enerstar_tnd","ss_dl_cpistar","ss_rstar_tnd","ss_dl_rp_foodstar_tnd","ss_dl_rp_enerstar_tnd","mu_pimp","mu_pexp","r_debt_fcy_rat","gamma_r","gamma_k","k_bar","ttrend","std_shock_def_discr","std_shock_def_str","std_shock_l_cons_gap","std_shock_l_inv_gap","std_shock_l_gcons_gap","std_shock_l_exp_gap","std_shock_l_imp_gap","std_shock_l_y_gap","std_shock_dl_cpi_core","std_shock_dl_cpi_food","std_shock_dl_cpi_ener","std_shock_l_cpi","std_shock_i","std_shock_prem_d_gap","std_shock_l_s","std_shock_dl_s_tar","std_shock_dl_rmd","std_shock_dl_v","std_shock_dl_cons_tnd","std_shock_dl_inv_tnd","std_shock_dl_gcons_tnd","std_shock_dl_exp_tnd","std_shock_dl_imp_tnd","std_shock_d4l_cpi_tar","std_shock_dl_rp_cpi_food_tnd","std_shock_dl_rp_cpi_ener_tnd","std_shock_dl_z_tnd","std_shock_prem","std_shock_l_ystar_gap","std_shock_dl_cpistar","std_shock_istar","std_shock_l_rp_foodstar_gap","std_shock_l_rp_enerstar_gap","std_shock_rstar_tnd","std_shock_dl_rp_foodstar_tnd","std_shock_dl_rp_enerstar_tnd","dl_pexpstar","dl_pimpstar","nexp","nimp","ny","tb_rat","intp_fcy","intp_lcy","debt_fcy","debt_lcy","i_debt_fcy","i_debt_lcy","dBP","dBD","dBF","NFG","debt","debt_fcy_rat","def_fcy","def_lcy","dl_nexp","dl_nimp","dl_ny","dl_pdom","dl_pexp","dl_pimp","dl_py","md","s"
"Comments ->","obs_def","obs_l_y","obs_l_cons","obs_l_gcons","obs_l_inv","obs_l_exp","obs_l_imp","obs_l_cpi","obs_l_cpi_core","obs_l_cpi_food","obs_l_cpi_ener","obs_i","obs_prem_d","obs_l_s","obs_l_md","obs_l_ystar_gap","obs_l_cpistar","obs_istar","obs_rstar_tnd","obs_l_foodstar","obs_l_enerstar","obs_l_rp_foodstar_gap","obs_l_rp_enerstar_gap","tune_l_y_tnd","tune_l_cons_tnd","tune_l_inv_tnd","tune_l_gcons_tnd","tune_l_exp_tnd","tune_l_imp_tnd","tune_d4l_cpi_tar","tune_l_rp_cpi_food_tnd","tune_l_rp_cpi_ener_tnd","tune_l_z_tnd","tune_prem","tune_dl_s_tar","tune_def_str","tune_def_discr","tune_l_y_gap","Budget deficit, % of GDP","Struct. deficit, % of GDP","Cyclical deficit, % of GDP","Discr. deficit, % of GDP","Fiscal impulse, %","Consumption gap, %","Exp. cons. gap, %","Consumption RMCI, %","Consumption, 100*log","Consumption, ann. QQ %","Consumption, YY %","Consumption tnd., 100*log","Consumption tnd., ann. QQ %","Consumption tnd., YY %","Investment gap, %","Exp. investment gap, %","Investment RMCI, %","Investment, 100*log","Investment, ann. QQ %","Investment, YY %","Investment tnd., 100*log","Investment tnd., ann. QQ %","Investment tnd., YY %","Gov. cons. gap, %","Gov. cons., 100*log","Gov. cons., ann. QQ %","Gov. cons., YY %","Gov. cons. tnd., 100*log","Gov. cons. tnd., ann. QQ %","Gov. cons. tnd., YY %","Export gap, %","Exp. export gap, %","Export RMCI, %","Export, 100*log","Export, ann. QQ %","Export, YY %","Export tnd., 100*log","Export tnd., ann. QQ %","Export tnd., YY %","Import gap, %","Import, 100*log","Import, ann. QQ %","Import, YY %","Import tnd., 100*log","Import tnd., ann. QQ %","Import tnd., YY %","Output gap, %","Exp. output gap, %","GDP, 100*log","GDP, ann. QQ %","GDP, YY %","GDP tnd., 100*log","GDP tnd., ann. QQ %","GDP tnd., YY %","Headline CPI, 100*log","Headline CPI, ann. QQ %","Exp. Headline CPI, ann. QQ %","Headline CPI, YY %","Core CPI, 100*log","Core CPI, ann. QQ %","Exp. Core CPI, ann. QQ %","Core CPI, YY %","Core rel. price, 100*log","Core rel. price, ann. QQ %","Core rel. price, YY %","Core rel. price gap, %","Core rel. price tnd., 100*log","Core rel. price tnd., ann. QQ %","Core rel. price tnd., YY %","RMC, %","Food CPI, 100*log","Food CPI, ann. QQ %","Exp. Food CPI, ann. QQ %","Food CPI, YY %","Food rel. price, 100*log","Food rel. price, ann QQ. %","Food rel. price, YY %","Food rel. price gap, %","Food rel. price tnd., 100*log","Food rel. price tnd., ann. QQ %","Food rel. price tnd., YY %","Energy CPI, 100*log","Energy CPI, ann. QQ %","Exp. energy CPI, ann. QQ %","Energy CPI, YY %","Energy rel. price, 100*log","Energy rel. price, ann. QQ %","Energy rel. price, YY %","Energy rel. price gap, %","Energy rel. price tnd., 100*log","Energy rel. price tnd., ann. QQ %","Energy rel. price tnd., YY %","Inflation target, YY %","Policy rate, %","Hedaline CPI dev, 4-Q ahead YY %","Policy rate tnd., %","Real interest rate, %","RIR gap, %","Exp. RIR gap, %","Exp. RIR gap, 4-Q ahead av., %","RIR tnd., %","Credit premium, %","Credit premium gap, %","Exchange rate, 100*log","Exchange rate, ann. QQ %","Exchange rate, YY %","Exp. Exchange rate, 100*log","Exchange rate target, ann. QQ %","Risk premium, %","Real exchange rate, 100*log","Real exchange rate, ann. QQ %","Real exchange rate, YY %","Exp. RER, ann. QQ %","Real exchange rate tnd., 100*log","Real exchange rate tnd., ann. QQ %","Real exchange rate tnd., YY %","Exp. RER tnd., ann. QQ %","Real exchange rate gap, %","Money, 100*log","Real money, 100*log","Real money, ann. QQ %","Real money, YY %","Change of velocity, ann. QQ %","Foreign output gap, %","Foreign CPI, 100*log","Foreign CPI, ann. QQ %","Foreign CPI, YY %","Exp. foreign CPI, 100*log","Foreign intr. rate, %","Foreign real intr. rate tnd., %","Foreign food price, 100*log","Foreign food price, ann. QQ %","Foreign food price, YY %","Foreign rel. food price, 100*log","Foreign rel. food price, ann. QQ %","Foreign rel. food price, YY %","Foreign rel. food price gap, %","Foreign rel. food price tnd., 100*log","Foreign rel. food price tnd., ann. QQ %","Foreign rel. food price tnd., YY %","Foreign ener. price, 100*log","Foreign ener. price, ann. QQ %","Foreign ener. price, YY %","Foreign rel. ener. food price, 100*log","Foreign rel. ener. food price, ann. QQ %","Foreign rel. ener. food price, YY %","Foreign rel. ener. food price gap, %","Foreign rel. ener. food price tnd., 100*log","Foreign rel. ener. food price tnd., ann. QQ %","Foreign rel. ener. food price tnd., YY %","Discr. deficit shock, % of q. GDP","Struct. deficit shock, % of q. GDP","Cons. gap shock, %","Inv. gap shock, %","Gov. exp. gap shock, %","Export gap shock, %","Import gap shock, %","Output gap shock, %","Core infl. shock, ann. QQ %","Food infl. shock, ann. QQ %","Energy infl. shock, ann. QQ %","CPI discr. shock, 100*log","Policy rate shock, %","Lending premiu mshock, %","Exch. rate shock, 100*log","Exch. rate target shock, ann. QQ %","Real money dem. shock, ann. QQ %","Chng. of vel. shock, ann. QQ %","Cons. tnd. shock, ann. QQ %","Inv. tnd. shock, ann. QQ %","Gov. cons. tnd. shock, ann. QQ %","Export shock, ann. QQ %","Import tnd. shock, ann. QQ %","CPI target shocck, YY %","Food rel. price. tnd. shock, ann. QQ %","Energy rel. price. tnd. shock, ann. QQ %","RER tnd. shock, ann. QQ %","Premium shock, %","Foreign output gap shock, %","Foreign CPI shock, ann. QQ %","Foreign intr. rate shock, %","Foreign rel. food price gap shock, %","Foreign rel. ener. price gap shock, %","foreign rel intr. rat rtnd. shock, %","Foreign rel. food price tnd. shock, ann. QQ %","Foreign rel. ener. price tnd. shock, ann. QQ %","","","","","","","","","","","","","","","","","","","","","","","","","","","","","","","","","","","","","","","","","","","","","","","","","","","","","","","","","","","","","","","","","","","","","","","","","","","","","","","","","","","","","","","","","","","","","","","","","","","","Time trend","","","","","","","","","","","","","","","","","","","","","","","","","","","","","","","","","","","","","","","","","","","","","","","","","","","","","","","","","","","","","","","","",""
"1995Q1",,,,,,,,,,,,,,,,,,,,,,,,,,,,,,,,,,,,,,,,,,,,,,,,,,,,,,,,,,,,,,,,,,,,,,,,,,,,,,,,,,,,,,,,,,,,,,,,,,,,,,,,,,,,,,,,,,,,,,,,,,,,,,,,,,,,,,,,,,,,,,,,,,,,,,,,,,,,,,,,,,0.2670547141007577,,,,,6.3923957331915329,,455.7776334959162341,,,,,,-0.6081896465795467,,,,5.4134204826060852,,,,,,4.4118654632754053,,,,,,,,,,,,,,,,,,,,,,,,,,,,,,,,,,,,,,,,0.3000000000000000,0.0000000000000000,0.5000000000000000,0.9500000000000000,0.1000000000000000,0.1000000000000000,0.6500000000000000,0.0000000000000000,0.1000000000000000,0.3000000000000000,0.5000000000000000,1.0000000000000000,0.6500000000000000,0.0000000000000000,0.1000000000000000,0.3000000000000000,0.3000000000000000,1.0000000000000000,0.6500000000000000,0.6500000000000000,0.0000000000000000,0.1000000000000000,0.5000000000000000,0.0000000000000000,0.2307692307692308,0.3076923076923077,0.3076923076923077,0.1538461538461539,0.7800000000000000,0.1300000000000001,0.2300000000000000,0.2100000000000000,0.3500000000000000,0.7747000000000001,0.1577000000000000,0.0676000000000000,0.3500000000000000,0.2000000000000000,0.0500000000000000,0.8000000000000000,0.5000000000000000,0.1000000000000000,0.0300000000000000,0.5000000000000000,0.0100000000000000,0.0100000000000000,0.5000000000000000,0.5000000000000000,0.5000000000000000,0.0000000000000000,0.9000000000000000,0.9000000000000000,0.5000000000000000,0.2000000000000000,0.9000000000000000,0.0000000000000000,0.3000000000000000,0.8500000000000000,0.7000000000000000,0.5000000000000000,0.9000000000000000,0.9500000000000000,0.9500000000000000,0.9900000000000000,0.9500000000000000,0.9500000000000000,0.9500000000000000,0.9000000000000000,0.9000000000000000,4.9222999999999999,0.8461538461538461,-0.5000000000000000,2.7999999999999998,4.8790164169432053,4.8790164169432053,1.9802627296179729,0.0000000000000000,0.0000000000000000,3.0000000000000000,8.5000000000000000,-2.0202707317519466,0.9399999999999999,0.8000000000000000,0.8000000000000000,0.9000000000000000,0.6200000000000000,0.7300000000000000,0.9000000000000000,0.9000000000000000,1.9802627296179729,0.0000000000000000,0.0000000000000000,0.0000000000000000,0.3000000000000000,0.3000000000000000,0.8461538461538461,1.0000000000000000,0.5000000000000000,455.3876891600540944,,3.0000000000000000,0.3000000000000000,2.5000000000000000,6.0000000000000000,6.0000000000000000,6.0000000000000000,0.5000000000000000,0.0001000000000000,2.0000000000000000,9.0000000000000000,3.5000000000000000,0.0001000000000000,1.0000000000000000,0.8000000000000000,0.3500000000000000,0.3000000000000000,1.0000000000000000,0.1000000000000000,0.2500000000000000,0.5000000000000000,0.5000000000000000,0.7500000000000000,0.2500000000000000,0.1000000000000000,0.5000000000000000,0.1500000000000000,0.1000000000000000,0.1000000000000000,0.2500000000000000,3.7999999999999998,0.4500000000000000,5.2999999999999998,13.9000000000000004,0.5000000000000000,0.5000000000000000,2.5000000000000000,11.5377272918078422,9.5493864791959844,,,,,,,,,,,,,,,,,,,,,,,,,,,
"1995Q2",,,,,,,,,,,,,,,,,,,,,,,,,,,,,,,,,,,,,,,,,,,,,,,,,,,,,,,,,,,,,,,,,,,,,,,,,,,,,,,,,,,,,,,,,,,,,,,,,,,,,,,,,,,,,,,,,,,,,,,,,,,,,,,,,,,,,,,,,,,,,,,,,,,,,,,,,,,,,,,,,,0.1397650287491919,,14.5914064058659996,,,5.9756794382722012,,453.1596146144907493,,,,,,-6.7739430569960746,,,,8.1838154585789376,,,,,,2.7412958729246739,,,,,,,,,,,,,,,,,,,,,,,,,,,,,,,,,,,,,,,,,,,,,,,,,,,,,,,,,,,,,,,,,,,,,,,,,,,,,,,,,,,,,,,,,,,,,,,,,,,,,,,,,,,,,,,,,,,,,,,,,,,,,,,,,,,,,,,,,,,,,,,,,,,,,,,,,,,,,,,,,,,,,,,,,,,,,,,,9.2772764875456275,7.3043652290852714,,,,,,,,,,,,,,,,,,,,,,,,,,,
"1995Q3",,,,,,,,,,,,,,,,,,,,,,,,,,,,,,,,,,,,,,,,,,,,,,,,,,,,,,,,,,,,,,,,,,,,,,,,,,,,,,,,,,,,,,,,,,,,,,,,,,,,,,,,,,,,,,,,,,,,,,,,,,,,,,,,,,,,,,,,,,,,,,,,,,,,,,,,,,,,,,,,,,0.0213846971562202,,8.4793285918363317,,,5.7190968865583640,,457.9434524354177256,,,,,,-4.0094401930236927,,,,7.2729951060416393,,,,,,-1.0852270083433424,,,,,,,,,,,,,,,,,,,,,,,,,,,,,,,,,,,,,,,,,,,,,,,,,,,,,,,,,,,,,,,,,,,,,,,,,,,,,,,,,,,,,,,,,,,,,,,,,,,,,,,,,,,,,,,,,,,,,,,,,,,,,,,,,,,,,,,,,,,,,,,,,,,,,,,,,,,,,,,,,,,,,,,,,,,,,,,,7.0168256832834466,5.0593439789745380,,,,,,,,,,,,,,,,,,,,,,,,,,,
"1995Q4",,,,,,,,,,,,,,,,,,,,,,,,,,,,,,,,,,,,,,,,,,,,,,,,,,,,,,,,,,,,,,,,,,,,,,,,,,,,,,,,,,,,,,,,,,,,,,,,,,,,,,,,,,,,,,,,,,,,,,,,,,,,,,,,,,,,,,,,,,,,,,,,,,,,,,,,,,,,,,,,,,-0.0883405430174473,,7.1986778667081026,,,5.5890610516836698,,462.0809297535310520,,,,,,-1.5661411991141563,,,,7.8289044513246697,,,,,,-3.1320856522586520,,,,,,,,,,,,,,,,,,,,,,,,,,,,,,,,,,,,,,,,,,,,,,,,,,,,,,,,,,,,,,,,,,,,,,,,,,,,,,,,,,,,,,,,,,,,,,,,,,,,,,,,,,,,,,,,,,,,,,,,,,,,,,,,,,,,,,,,,,,,,,,,,,,,,,,,,,,,,,,,,,,,,,,,,,,,,,,,4.7563748790212426,2.8143227288638144,,,,,,,,,,,,,,,,,,,,,,,,,,,
"1996Q1",,,,,,,,,,,,,,,,,,,,,,,,,,,,,,,,,,,,,,,,,,,,,,,,,,,,,,,,,,,,,,,,,,,,,,,,,,,,,,,,,,,,,,,,,,,,,,,,,,,,,,,,,,,,,,,,,,,,,,,,,,,,,,,,,,,,,,,,,,,,,,,,,,,,,,,,,,,,,,,,,,-0.3065401017567332,,2.8702277783773837,,,5.2002775979287552,,466.5510888072727766,,,,,,2.3040657370353870,,,,9.3630129105255406,,,,,,-3.1296532608780345,,,,,,,,,,,,,,,,,,,,,,,,,,,,,,,,,,,,,,,,,,,,,,,,,,,,,,,,,,,,,,,,,,,,,,,,,,,,,,,,,,,,,,,,,,,,,,,,,,,,,,,,,,,,,,,,,,,,,,,,,,,,,,,,,,,,,,,,,,,,,,,,,,,,,,,,,,,,,,,,,,,,,,,,,,,,,,,,-0.7589008555114688,-2.0912696198689416,,,,,,,,,,,,,,,,,,,,,,,,,,,
"1996Q2",,,,,,,,,,,,,,,,,,,,,,,,,,,,,,,,,,,,,,,,,,,,,,,,,,,,,,,,,,,,,,,,,,,,,,,,,,,,,,,,,,,,,,,,,,,,,,,,,,,,,,,,,,,,,,,,,,,,,,,,,,,,,,,,,,,,,,,,,,,,,,,,,,,,,,,,,,,,,,,,,,-0.4393116033140632,,-3.7372301660513401,,,5.4854910961280732,,471.5128280888453673,,,,,,8.3379296429615124,,,,11.1028066791537849,,,,,,-1.2825265800897090,,,,,,,,,,,,,,,,,,,,,,,,,,,,,,,,,,,,,,,,,,,,,,,,,,,,,,,,,,,,,,,,,,,,,,,,,,,,,,,,,,,,,,,,,,,,,,,,,,,,,,,,,,,,,,,,,,,,,,,,,,,,,,,,,,,,,,,,,,,,,,,,,,,,,,,,,,,,,,,,,,,,,,,,,,,,,,,,-1.3308220732369205,-2.4643483516647278,,,,,,,,,,,,,,,,,,,,,,,,,,,
"1996Q3",,,,,,,,,,,,,,,,,,,,,,,,,,,,,,,,,,,,,,,,,,,,,,,,,,,,,,,,,,,,,,,,,,,,,,,,,,,,,,,,,,,,,,,,,,,,,,,,,,,,,,,,,,,,,,,,,,,,,,,,,,,,,,,,,,,,,,,,,,,,,,,,,,,,,,,,,,,,,,,,,,-0.4866758750614659,,-0.9258794936416166,,,5.6336224082712070,,467.2263412078644933,,,,,,4.4476005042947122,,,,16.7785301155319537,,,,,,3.7849577220850605,,,,,,,,,,,,,,,,,,,,,,,,,,,,,,,,,,,,,,,,,,,,,,,,,,,,,,,,,,,,,,,,,,,,,,,,,,,,,,,,,,,,,,,,,,,,,,,,,,,,,,,,,,,,,,,,,,,,,,,,,,,,,,,,,,,,,,,,,,,,,,,,,,,,,,,,,,,,,,,,,,,,,,,,,,,,,,,,-1.9027432909623843,-2.8374270834604745,,,,,,,,,,,,,,,,,,,,,,,,,,,
"1996Q4",,,,,,,,,,,,,,,,,,,,,,,,,,,,,,,,,,,,,,,,,,,,,,,,,,,,,,,,,,,,,,,,,,,,,,,,,,,,,,,,,,,,,,,,,,,,,,,,,,,,,,,,,,,,,,,,,,,,,,,,,,,,,,,,,,,,,,,,,,,,,,,,,,,,,,,,,,,,,,,,,,-0.4483791746188938,,-2.3522491357386812,,,5.4429155764084118,,459.6094316595703049,,,,,,-2.3882407809008441,,,,24.4386351808871147,,,,,,11.1816043924783912,,,,,,,,,,,,,,,,,,,,,,,,,,,,,,,,,,,,,,,,,,,,,,,,,,,,,,,,,,,,,,,,,,,,,,,,,,,,,,,,,,,,,,,,,,,,,,,,,,,,,,,,,,,,,,,,,,,,,,,,,,,,,,,,,,,,,,,,,,,,,,,,,,,,,,,,,,,,,,,,,,,,,,,,,,,,,,,,-2.4746645086878254,-3.2105058152562544,,,,,,,,,,,,,,,,,,,,,,,,,,,
"1997Q1",,,,,,,,,,,,,,,,,,,,,,,,,,,,,,,,,,,,,,,,,,,,,,,,,,,,,,,,,,,,,,,,,,,,,,,,,,,,,,,,,,,,,,,,,,,,,,,,,,,,,,,,,,,,,,,,,,,,,,,,,,,,,,,,,,,,,,,,,,,,,,,,,,,,,,,,,,,,,,,,,,0.0361819410955977,,-6.2419871721250715,,,5.5330317964522138,,464.1399294685213590,,,,,,3.9227454843878604,,,,27.9599713543996558,,,,,,15.3986621172450509,,,,,,,,,,,,,,,,,,,,,,,,,,,,,,,,,,,,,,,,,,,,,,,,,,,,,,,,,,,,,,,,,,,,,,,,,,,,,,,,,,,,,,,,,,,,,,,,,,,,,,,,,,,,,,,,,,,,,,,,,,,,,,,,,,,,,,,,,,,,,,,,,,,,,,,,,,,,,,,,,,,,,,,,,,,,,,,,-5.0934910054663840,-3.8582556437451494,,,,,,,,,,,,,,,,,,,,,,,,,,,
"1997Q2",,,,,,,,,,,,,,,,,,,,,,,,,,,,,,,,,,,,,,,,,,,,,,,,,,,,,,,,,,,,,,,,,,,,,,,,,,,,,,,,,,,,,,,,,,,,,,,,,,,,,,,,,,,,,,,,,,,,,,,,,,,,,,,,,,,,,,,,,,,,,,,,,,,,,,,,,,,,,,,,,,0.3725848886117059,,-6.5982349807689964,,,5.7998116746318651,,459.5993620177945331,,,,,,1.2788743506723108,,,,26.6474607140007329,,,,,,14.8492490230373271,,,,,,,,,,,,,,,,,,,,,,,,,,,,,,,,,,,,,,,,,,,,,,,,,,,,,,,,,,,,,,,,,,,,,,,,,,,,,,,,,,,,,,,,,,,,,,,,,,,,,,,,,,,,,,,,,,,,,,,,,,,,,,,,,,,,,,,,,,,,,,,,,,,,,,,,,,,,,,,,,,,,,,,,,,,,,,,,-4.3132476865104872,-4.5889512711974163,,,,,,,,,,,,,,,,,,,,,,,,,,,
"1997Q3",,,,,,,,,,,,,,,,,,,,,,,,,,,,,,,,,,,,,,,,,,,,,,,,,,,,,,,,,,,,,,,,,,,,,,,,,,,,,,,,,,,,,,,,,,,,,,,,,,,,,,,,,,,,,,,,,,,,,,,,,,,,,,,,,,,,,,,,,,,,,,,,,,,,,,,,,,,,,,,,,,0.5616452060023425,,-10.3790581331379457,,,5.6744791272890369,,454.5324131999565793,,,,,,-0.9213179451070914,,,,24.1338911428006853,,,,,,14.0042412707302883,,,,,,,,,,,,,,,,,,,,,,,,,,,,,,,,,,,,,,,,,,,,,,,,,,,,,,,,,,,,,,,,,,,,,,,,,,,,,,,,,,,,,,,,,,,,,,,,,,,,,,,,,,,,,,,,,,,,,,,,,,,,,,,,,,,,,,,,,,,,,,,,,,,,,,,,,,,,,,,,,,,,,,,,,,,,,,,,-3.5330043675545881,-5.3196468986497214,,,,,,,,,,,,,,,,,,,,,,,,,,,
"1997Q4",,,,,,,,,,,,,,,,,,,,,,,,,,,,,,,,,,,,,,,,,,,,,,,,,,,,,,,,,,,,,,,,,,,,,,,,,,,,,,,,,,,,,,,,,,,,,,,,,,,,,,,,,,,,,,,,,,,,,,,,,,,,,,,,,,,,,,,,,,,,,,,,,,,,,,,,,,,,,,,,,,0.6039455657850288,,-8.9515461904306477,,,5.7126431847048718,,456.9748429419773288,,,,,,4.0527539622236191,,,,19.0773465004408571,,,,,,10.1923026073902889,,,,,,,,,,,,,,,,,,,,,,,,,,,,,,,,,,,,,,,,,,,,,,,,,,,,,,,,,,,,,,,,,,,,,,,,,,,,,,,,,,,,,,,,,,,,,,,,,,,,,,,,,,,,,,,,,,,,,,,,,,,,,,,,,,,,,,,,,,,,,,,,,,,,,,,,,,,,,,,,,,,,,,,,,,,,,,,,-2.7527610485987002,-6.0503425261020105,,,,,,,,,,,,,,,,,,,,,,,,,,,
"1998Q1",,,,,,,,,,,,,,,,,,,,,,,,,,,,,,,,,,,,,,,,,,,,,,,,,,,,,,,,,,,,,,,,,,,,,,,,,,,,,,,,,,,,,,,,,,,,,,,,,,,,,,,,,,,,,,,,,,,,,,,,,,,,,,,,,,,,,,,,,,,,,,,,,,,,,,,,,,,,,,,,,,0.1079030775902559,,-6.9092250460224518,,,5.5166616713576815,,456.8940136482151502,,,,,,6.0122352122866687,,,,9.1316871634181283,,,,,,0.8775021194888488,,,,,,,,,,,,,,,,,,,,,,,,,,,,,,,,,,,,,,,,,,,,,,,,,,,,,,,,,,,,,,,,,,,,,,,,,,,,,,,,,,,,,,,,,,,,,,,,,,,,,,,,,,,,,,,,,,,,,,,,,,,,,,,,,,,,,,,,,,,,,,,,,,,,,,,,,,,,,,,,,,,,,,,,,,,,,,,,1.6640881999846826,-8.6865007048411904,,,,,,,,,,,-40.1630080399999940,,,,,,,,,,,,,,,,
"1998Q2",,,,,,,,,,,,,,,,,,,,,,,,,,,,,,,,,,,,,,,,,,,,,,,,,,,,,,,,,,,,,,,,,,,,,,,,,,,,,,,,,,,,,,,,,,,,,,,,,,,,,,,,,,,,,,,,,,,,,,,,,,,,,,,,,,,,,,,,,,,,,,,,,,,,,,,,,,,,,,,,,,-0.2756056801097320,,-4.4244660617823852,,,5.5914881715010836,,459.6671342897003001,,,,,,10.2186773806166684,,,,0.8574146296494889,,,,,,-7.5327273337447638,,,,,,,,,,,,,,,,,,,,,,,,,,,,,,,,,,,,,,,,,,,,,,,,,,,,,,,,,,,,,,,,,,,,,,,,,,,,,,,,,,,,,,,,,,,,,,,,,,,,,,,,,,,,,,,,,,,,,,,,,,,,,,,,,,,,,,,,,,,,,,,,,,,,,,,,,,,,,,,,,,,,,,,,,,,,,,,,0.3425300237827352,-7.6277938563767576,,,,,,,,,,,-40.1630080399999940,,,,,,,,,,,,,,,,
"1998Q3",,,,,,,,,,,,,,,,,,,,,,,,,,,,,,,,,,,,,,,,,,,,,,,,,,,,,,,,,,,,,,,,,,,,,,,,,,,,,,,,,,,,,,,,,,,,,,,,,,,,,,,,,,,,,,,,,,,,,,,,,,,,,,,,,,,,,,,,,,,,,,,,,,,,,,,,,,,,,,,,,,-0.5467939684532728,,-1.4450593953051447,,,5.4771289145783548,,450.8277451061435954,,,,,,2.0731532038199703,,,,-8.1675306049680838,,,,,,-17.6271147945273015,,,,,,,,,,,,,,,,,,,,,,,,,,,,,,,,,,,,,,,,,,,,,,,,,,,,,,,,,,,,,,,,,,,,,,,,,,,,,,,,,,,,,,,,,,,,,,,,,,,,,,,,,,,,,,,,,,,,,,,,,,,,,,,,,,,,,,,,,,,,,,,,,,,,,,,,,,,,,,,,,,,,,,,,,,,,,,,,-0.9790281524192073,-6.5690870079123265,,,,,,,,,,,-40.1630080399999940,,,,,,,,,,,,,,,,
"1998Q4",,,,,,,,,,,,,,,,,,,,,,,,,,,,,,,,,,,,,,,,,,,,,,,,,,,,,,,,,,,,,,,,,,,,,,,,,,,,,,,,,,,,,,,,,,,,,,,,,,,,,,,,,,,,,,,,,,,,,,,,,,,,,,,,,,,,,,,,,,,,,,,,,,,,,,,,,,,,,,,,,,-0.7057027950286288,,3.6714707175727894,,,4.9749386508233799,3.1385230102069293,451.3887563101723117,,,,,,2.0390997770154513,,,,-19.7588906441450014,,,,,,-31.7939828911401889,,,,,,,,,,,,,,,,,,,,,,,,,,,,,,,,,,,,,,,,,,,,,,,,,,,,,,,,,,,,,,,,,,,,,,,,,,,,,,,,,,,,,,,,,,,,,,,,,,,,,,,,,,,,,,,,,,,,,,,,,,,,,,,,,,,,,,,,,,,,,,,,,,,,,,,,,,,,,,,,,,,,,,,,,,,,,,,,-2.3005863286211552,-5.5103801594478776,,,,,,,,,,,-40.1630080399999940,,,,,,,,,,,,,,,,
"1999Q1",,,,,,,,,,,,,,,,,,,,,,,,,,,,,,,,,,,,,,,,,,,,,,,,,,,,,,,,,,,,,,,,,,,,,,,,,,,,,,,,,,,,,,,,,,,,,,,,,,,,,,,,,,,,,,,,,,,,,,,,,,,,,,,,,,,,,,,,,,,,,,,,,,,,,,,,,,,,,,,,,,-0.7386702830516332,,5.0146039361248889,,,4.9230384718463363,2.9535323932958661,445.0822205029656971,,,,,,-5.2245690516964487,,,,-24.6569580268444959,,,,,,-39.8575576551894528,,,,,,,,,,,,,,,,,,,,,,,,,,,,,,,,,,,,,,,,,,,,,,,,,,,,,,,,,,,,,,,,,,,,,,,,,,,,,,,,,,,,,,,,,,,,,,,,,,,,,,,,,,,,,,,,,,,,,,,,,,,,,,,,,,,,,,,,,,,,,,,,,,,,,,,,,,,,,,,,,,,,,,,,,,,,,,,,-8.2957257580271513,-3.0293230478625852,9.5000000000000000,37.2500000000000000,151.7500000000000000,-18.2866556836902809,0.0000000000000000,0.9751164519769357,,,,,-39.9787977598661541,-1.7307250000000001,,0.0444427337415427,,,,,,,,,,,,,
"1999Q2",,,,,,,,,,,,,,,,,,,,,,,,,,,,,,,,,,,,,,,,,,,,,,,,,,,,,,,,,,,,,,,,,,,,,,,,,,,,,,,,,,,,,,,,,,,,,,,,,,,,,,,,,,,,,,,,,,,,,,,,,,,,,,,,,,,,,,,,,,,,,,,,,,,,,,,,,,,,,,,,,,-0.6700484137293156,,0.5101208434436271,,,5.0547983378956554,2.9292622951898872,442.0591253263790463,,,,,,-8.1227239766730577,,,,-19.9518874625151490,,,,,,-37.4535011952326116,,,,,,,,,,,,,,,,,,,,,,,,,,,,,,,,,,,,,,,,,,,,,,,,,,,,,,,,,,,,,,,,,,,,,,,,,,,,,,,,,,,,,,,,,,,,,,,,,,,,,,,,,,,,,,,,,,,,,,,,,,,,,,,,,,,,,,,,,,,,,,,,,,,,,,,,,,,,,,,,,,,,,,,,,,,,,,,,-6.7852694394850355,-2.9063934218444087,9.5000000000000000,37.2500000000000000,151.7500000000000000,-18.2866556836902809,0.0000000000000000,0.9751164519769357,,,,,-39.9787977598661541,-1.7307250000000001,,0.0441092170034261,,,,,,,,,,,,,
"1999Q3",,,,,,,,,,,,,,,,,,,,,,,,,,,,,,,,,,,,,,,,,,,,,,,,,,,,,,,,,,,,,,,,,,,,,,,,,,,,,,,,,,,,,,,,,,,,,,,,,,,,,,,,,,,,,,,,,,,,,,,,,,,,,,,,,,,,,,,,,,,,,,,,,,,,,,,,,,,,,,,,,,-0.4986337152458553,,0.7951600226837532,,,5.6405222855411958,3.0553236102879779,439.8138517120893312,,,,,,-10.3728616925812958,,,,-8.6406100595319781,,,,,,-28.7586256910078291,,,,,,,,,,,,,,,,,,,,,,,,,,,,,,,,,,,,,,,,,,,,,,,,,,,,,,,,,,,,,,,,,,,,,,,,,,,,,,,,,,,,,,,,,,,,,,,,,,,,,,,,,,,,,,,,,,,,,,,,,,,,,,,,,,,,,,,,,,,,,,,,,,,,,,,,,,,,,,,,,,,,,,,,,,,,,,,,-5.2748131209429099,-2.7834637958262149,9.5000000000000000,37.2500000000000000,151.7500000000000000,-18.2866556836902809,0.0000000000000000,0.9751164519769357,,,,,-39.9787977598661541,-1.7307250000000001,,0.0442500149995841,,,,,,,,,,,,,
"1999Q4",,,,,,,,,,,,,,,,,,,,,,,,,,,,,,,,,,,,,,,,,,,,,,,,,,,,,,,,,,,,,,,,,,,,,,,,,,,,,,,,,,,,,,,,,,,,,,,,,,,,,,,,,,,,,,,,,,,,,,,,,,,,,,,,,,,,,,,,,,,,,,,,,,,,,,,,,,,,,,,,,,-0.2228039355268246,,-3.7473093704656097,,,5.9049735274568649,3.2433312756963351,440.0530419348509668,,,,,,-9.0708831374478223,,,,8.8003345883943354,,,,,,-13.0016856582641847,,,,,,,,,,,,,,,,,,,,,,,,,,,,,,,,,,,,,,,,,,,,,,,,,,,,,,,,,,,,,,,,,,,,,,,,,,,,,,,,,,,,,,,,,,,,,,,,,,,,,,,,,,,,,,,,,,,,,,,,,,,,,,,,,,,,,,,,,,,,,,,,,,,,,,,,,,,,,,,,,,,,,,,,,,,,,,,,-3.7643568024007834,-2.6605341698080398,9.5000000000000000,37.2500000000000000,151.7500000000000000,-18.2866556836902809,0.0000000000000000,0.9751164519769357,,,,,-39.9787977598661541,-1.7307250000000001,,0.0431527306740141,,,,,,,,,,,,,
"2000Q1",,,,,,,,,,,,,,,,,,,,,,,,,,,,,,,,,,,,,,,,,,,,,,,,,,,,,,,,,,,,,,,,,,,,,,,,,,,,,,,,,,,,,,,,,,,,,,,,,,,,,,,,,,,,,,,,,,,,,,,,,,,,,,,,,,,,,,,,,,,,,,,,,,,,,,,,,,,,,,,,,,0.6894123264205382,,-4.5546299738445093,,,6.1270687580800871,3.4848825682275448,442.7446333249974941,,,,,,-5.1855754957018689,,,,29.4704299844513500,,,,,,6.0418972846643832,,,,,,,,,,,,,,,,,,,,,,,,,,,,,,,,,,,,,,,,,,,,,,,,,,,,,,,,,,,,,,,,,,,,,,,,,,,,,,,,,,,,,,,,,,,,,,,,,,,,,,,,,,,,,,,,,,,,,,,,,,,,,,,,,,,,,,,,,,,,,,,,,,,,,,,,,,,,,,,,,,,,,,,,,,,,,,,,0.6005617616979705,-1.2642000204204402,10.7500000000000000,42.0000000000000000,169.0000000000000000,-18.4911242603550292,0.0000000000000000,0.8025781703772188,,,,,-40.3601746845588139,-0.9844812499999999,,0.0484071933225531,,,,,,,,,,,,,
"2000Q2",,,,,,,,,,,,,,,,,,,,,,,,,,,,,,,,,,,,,,,,,,,,,,,,,,,,,,,,,,,,,,,,,,,,,,,,,,,,,,,,,,,,,,,,,,,,,,,,,,,,,,,,,,,,,,,,,,,,,,,,,,,,,,,,,,,,,,,,,,,,,,,,,,,,,,,,,,,,,,,,,,1.3602955708541282,,-3.6513278389048365,,,6.6042389760077560,3.5916736231339317,446.6879877391876903,,,,,,-0.3425006106238015,,,,42.2878141260299643,,,,,,16.9296135800466665,,,,,,,,,,,,,,,,,,,,,,,,,,,,,,,,,,,,,,,,,,,,,,,,,,,,,,,,,,,,,,,,,,,,,,,,,,,,,,,,,,,,,,,,,,,,,,,,,,,,,,,,,,,,,,,,,,,,,,,,,,,,,,,,,,,,,,,,,,,,,,,,,,,,,,,,,,,,,,,,,,,,,,,,,,,,,,,,0.1722260705884219,-2.0952191337494508,10.7500000000000000,42.0000000000000000,169.0000000000000000,-18.4911242603550292,0.0000000000000000,0.8025781703772188,,,,,-40.3601746845588139,-0.9844812499999999,,0.0462992262238321,,,,,,,,,,,,,
"2000Q3",,,,,,,,,,,,,,,,,,,,,,,,,,,,,,,,,,,,,,,,,,,,,,,,,,,,,,,,,,,,,,,,,,,,,,,,,,,,,,,,,,,,,,,,,,,,,,,,,,,,,,,,,,,,,,,,,,,,,,,,,,,,,,,,,,,,,,,,,,,,,,,,,,,,,,,,,,,,,,,,,,1.7914880656760919,,-6.2513811647842523,,,6.6177489794370254,3.5970062223139041,439.0876775448448370,,,,,,-6.4552742802599710,,,,51.7789161363612109,,,,,,25.1269631599730801,,,,,,,,,,,,,,,,,,,,,,,,,,,,,,,,,,,,,,,,,,,,,,,,,,,,,,,,,,,,,,,,,,,,,,,,,,,,,,,,,,,,,,,,,,,,,,,,,,,,,,,,,,,,,,,,,,,,,,,,,,,,,,,,,,,,,,,,,,,,,,,,,,,,,,,,,,,,,,,,,,,,,,,,,,,,,,,,-0.2561096205211351,-2.9262382470784902,10.7500000000000000,42.0000000000000000,169.0000000000000000,-18.4911242603550292,0.0000000000000000,0.8025781703772188,,,,,-40.3601746845588139,-0.9844812499999999,,0.0433231074824635,,,,,,,,,,,,,
"2000Q4",,,,,,,,,,,,,,,,,,,,,,,,,,,,,,,,,,,,,,,,,,,,,,,,,,,,,,,,,,,,,,,,,,,,,,,,,,,,,,,,,,,,,,,,,,,,,,,,,,,,,,,,,,,,,,,,,,,,,,,,,,,,,,,,,,,,,,,,,,,,,,,,,,,,,,,,,,,,,,,,,,1.9837818940567935,,-10.0352985900571259,,,6.4007755306304519,3.5074275694320347,440.0267264210160079,,,,,,-3.1387197685075989,,,,57.2831856564746431,,,,,,30.3220126254886466,,,,,,,,,,,,,,,,,,,,,,,,,,,,,,,,,,,,,,,,,,,,,,,,,,,,,,,,,,,,,,,,,,,,,,,,,,,,,,,,,,,,,,,,,,,,,,,,,,,,,,,,,,,,,,,,,,,,,,,,,,,,,,,,,,,,,,,,,,,,,,,,,,,,,,,,,,,,,,,,,,,,,,,,,,,,,,,,-0.6844453116306805,-3.7572573604075044,10.7500000000000000,42.0000000000000000,169.0000000000000000,-18.4911242603550292,0.0000000000000000,0.8025781703772188,,,,,-40.3601746845588139,-0.9844812499999999,,0.0413085106132796,,,,,,,,,,,,,
"2001Q1",,,,,,,,,,,,,,,,,,,,,,,,,,,,,,,,,,,,,,,,,,,,,,,,,,,,,,,,,,,,,,,,,,,,,,,,,,,,,,,,,,,,,,,,,,,,,,,,,,,,,,,,,,,,,,,,,,,,,,,,,,,,,,,,,,,,,,,,,,,,,,,,,,,,,,,,,,,,,,,,,,1.5013702909705884,,-4.2867859786942901,,,5.0509320493641887,3.2727834286871165,441.0750935034213853,,,,,,-1.1957638701725273,,,,56.7643767052871127,,,,,,28.1323550695434292,,,,,,,,,,,,,,,,,,,,,,,,,,,,,,,,,,,,,,,,,,,,,,,,,,,,,,,,,,,,,,,,,,,,,,,,,,,,,,,,,,,,,,,,,,,,,,,,,,,,,,,,,,,,,,,,,,,,,,,,,,,,,,,,,,,,,,,,,,,,,,,,,,,,,,,,,,,,,,,,,,,,,,,,,,,,,,,,-1.7789997826698440,-7.7378009188563066,15.7500000000000000,45.0000000000000000,185.5000000000000000,-15.7681940700808632,0.0000000000000000,0.7873584905660378,,,,,-21.4153281893816434,0.0612937500000000,,0.0397557284764318,,,,,,,,,,,,,
"2001Q2",,,,,,,,,,,,,,,,,,,,,,,,,,,,,,,,,,,,,,,,,,,,,,,,,,,,,,,,,,,,,,,,,,,,,,,,,,,,,,,,,,,,,,,,,,,,,,,,,,,,,,,,,,,,,,,,,,,,,,,,,,,,,,,,,,,,,,,,,,,,,,,,,,,,,,,,,,,,,,,,,,1.0658978488926469,,-5.4631354395065870,,,4.0470252666341588,3.1826646426913685,444.3653543520799190,,,,,,3.2495677712961424,,,,56.7269888618282394,,,,,,26.8117009145120520,,,,,,,,,,,,,,,,,,,,,,,,,,,,,,,,,,,,,,,,,,,,,,,,,,,,,,,,,,,,,,,,,,,,,,,,,,,,,,,,,,,,,,,,,,,,,,,,,,,,,,,,,,,,,,,,,,,,,,,,,,,,,,,,,,,,,,,,,,,,,,,,,,,,,,,,,,,,,,,,,,,,,,,,,,,,,,,,-1.7735422576058721,-6.4740271873301118,15.7500000000000000,45.0000000000000000,185.5000000000000000,-15.7681940700808632,0.0000000000000000,0.7873584905660378,,,,,-21.4153281893816434,0.0612937500000000,,0.0391899069009050,,,,,,,,,,,,,
"2001Q3",,,,,,,,,,,,,,,,,,,,,,,,,,,,,,,,,,,,,,,,,,,,,,,,,,,,,,,,,,,,,,,,,,,,,,,,,,,,,,,,,,,,,,,,,,,,,,,,,,,,,,,,,,,,,,,,,,,,,,,,,,,,,,,,,,,,,,,,,,,,,,,,,,,,,,,,,,,,,,,,,,0.6748587508366738,,-2.1052926292358620,,,3.3961072126526348,3.1295819958649322,446.3944185766803230,,,,,,5.5735673287236409,,,,52.4787899553061123,,,,,,20.5346825252146132,,,,,,,,,,,,,,,,,,,,,,,,,,,,,,,,,,,,,,,,,,,,,,,,,,,,,,,,,,,,,,,,,,,,,,,,,,,,,,,,,,,,,,,,,,,,,,,,,,,,,,,,,,,,,,,,,,,,,,,,,,,,,,,,,,,,,,,,,,,,,,,,,,,,,,,,,,,,,,,,,,,,,,,,,,,,,,,,-1.7680847325418747,-5.2102534558039180,15.7500000000000000,45.0000000000000000,185.5000000000000000,-15.7681940700808632,0.0000000000000000,0.7873584905660378,,,,,-21.4153281893816434,0.0612937500000000,,0.0387545183058826,,,,,,,,,,,,,
"2001Q4",,,,,,,,,,,,,,,,,,,,,,,,,,,,,,,,,,,,,,,,,,,,,,,,,,,,,,,,,,,,,,,,,,,,,,,,,,,,,,,,,,,,,,,,,,,,,,,,,,,,,,,,,,,,,,,,,,,,,,,,,,,,,,,,,,,,,,,,,,,,,,,,,,,,,,,,,,,,,,,,,,0.3250809936608173,,1.0861668289855260,,,2.1231018424379822,3.0494167777274623,440.6445139358383472,,,,,,-0.6890419502116742,,,,41.7452716895652216,,,,,,7.0520427338191638,,,,,,,,,,,,,,,,,,,,,,,,,,,,,,,,,,,,,,,,,,,,,,,,,,,,,,,,,,,,,,,,,,,,,,,,,,,,,,,,,,,,,,,,,,,,,,,,,,,,,,,,,,,,,,,,,,,,,,,,,,,,,,,,,,,,,,,,,,,,,,,,,,,,,,,,,,,,,,,,,,,,,,,,,,,,,,,,-1.7626272074778904,-3.9464797242777259,15.7500000000000000,45.0000000000000000,185.5000000000000000,-15.7681940700808632,0.0000000000000000,0.7873584905660378,,,,,-21.4153281893816434,0.0612937500000000,,0.0377644546143022,,,,,,,,,,,,,
"2002Q1",,,,,,,,,,,,,,,,,,,,,,,,,,,,,,,,,,,,,,,,,,,,,,,,,,,,,,,,,,,,,,,,,,,,,,,,,,,,,,,,,,,,,,,,,,,,,,,,,,,,,,,,,,,,,,,,,,,,,,,,,,,,,,,,,,,,,,,,,,,,,,,,,,,,,,,,,,,,,,,,,,0.0533976359754190,,-3.5519894259331934,,,2.0472664209212046,3.0691213227299103,444.3472324490919618,,,,,,3.6581520537832262,,,,36.2472650824632296,,,,,,0.0128376002013226,,,,,,,,,,,,,,,,,,,,,,,,,,,,,,,,,,,,,,,,,,,,,,,,,,,,,,,,,,,,,,,,,,,,,,,,,,,,,,,,,,,,,,,,,,,,,,,,,,,,,,,,,,,,,,,,,,,,,,,,,,,,,,,,,,,,,,,,,,,,,,,,,,,,,,,,,,,,,,,,,,,,,,,,,,,,,,,,-5.4375525071531730,-4.3422323054863865,14.0000000000000000,47.2500000000000000,199.2500000000000000,-16.6875784190715173,0.0000000000000000,0.9357904642409033,,,,,-10.9095706393863185,0.2217393750000000,,0.0382470482775144,,,,,,,,,,,,,
"2002Q2",,,,,,,,,,,,,,,,,,,,,,,,,,,,,,,,,,,,,,,,,,,,,,,,,,,,,,,,,,,,,,,,,,,,,,,,,,,,,,,,,,,,,,,,,,,,,,,,,,,,,,,,,,,,,,,,,,,,,,,,,,,,,,,,,,,,,,,,,,,,,,,,,,,,,,,,,,,,,,,,,,-0.2119622066162313,,4.6403300905134586,,,2.0812901111414406,3.1107165762873095,446.7486797410126655,,,,,,4.6614828451274093,,,,34.7801261413586715,,,,,,-5.0287822240973981,,,,,,,,,,,,,,,,,,,,,,,,,,,,,,,,,,,,,,,,,,,,,,,,,,,,,,,,,,,,,,,,,,,,,,,,,,,,,,,,,,,,,,,,,,,,,,,,,,,,,,,,,,,,,,,,,,,,,,,,,,,,,,,,,,,,,,,,,,,,,,,,,,,,,,,,,,,,,,,,,,,,,,,,,,,,,,,,-2.9856265183117561,-1.9953040222396745,14.0000000000000000,47.2500000000000000,199.2500000000000000,-16.6875784190715173,0.0000000000000000,0.9357904642409033,,,,,-10.9095706393863185,0.2217393750000000,,0.0377460334475696,,,,,,,,,,,,,
"2002Q3",,,,,,,,,,,,,,,,,,,,,,,,,,,,,,,,,,,,,,,,,,,,,,,,,,,,,,,,,,,,,,,,,,,,,,,,,,,,,,,,,,,,,,,,,,,,,,,,,,,,,,,,,,,,,,,,,,,,,,,,,,,,,,,,,,,,,,,,,,,,,,,,,,,,,,,,,,,,,,,,,,-0.4748288731187739,,8.9196124553726790,,,1.8000350575973842,2.8892073711671449,449.0497757933645744,,,,,,4.5056901711373030,,,,36.4330130527361575,,,,,,-8.0389937011713428,,,,,,,,,,,,,,,,,,,,,,,,,,,,,,,,,,,,,,,,,,,,,,,,,,,,,,,,,,,,,,,,,,,,,,,,,,,,,,,,,,,,,,,,,,,,,,,,,,,,,,,,,,,,,,,,,,,,,,,,,,,,,,,,,,,,,,,,,,,,,,,,,,,,,,,,,,,,,,,,,,,,,,,,,,,,,,,,-0.5337005294703714,0.3516242610070818,14.0000000000000000,47.2500000000000000,199.2500000000000000,-16.6875784190715173,0.0000000000000000,0.9357904642409033,,,,,-10.9095706393863185,0.2217393750000000,,0.0365623346130804,,,,,,,,,,,,,
"2002Q4",,,,,,,,,,,,,,,,,,,,,,,,,,,,,,,,,,,,,,,,,,,,,,,,,,,,,,,,,,,,,,,,,,,,,,,,,,,,,,,,,,,,,,,,,,,,,,,,,,,,,,,,,,,,,,,,,,,,,,,,,,,,,,,,,,,,,,,,,,,,,,,,,,,,,,,,,,,,,,,,,,-0.7389002261576988,,9.4602510082901787,,,1.5284593196343284,2.6259812686124326,452.5856554872022457,,,,,,5.4632169167301754,,,,44.5640181286768780,,,,,,-4.7554950135396155,,,,,,,,,,,,,,,,,,,,,,,,,,,,,,,,,,,,,,,,,,,,,,,,,,,,,,,,,,,,,,,,,,,,,,,,,,,,,,,,,,,,,,,,,,,,,,,,,,,,,,,,,,,,,,,,,,,,,,,,,,,,,,,,,,,,,,,,,,,,,,,,,,,,,,,,,,,,,,,,,,,,,,,,,,,,,,,,1.9182254593710466,2.6985525442538143,14.0000000000000000,47.2500000000000000,199.2500000000000000,-16.6875784190715173,0.0000000000000000,0.9357904642409033,,,,,-10.9095706393863185,0.2217393750000000,,0.0351061293693562,,,,,,,,,,,,,
"2003Q1",,,,,,,,,,,,,,,,,,,,,,,,,,,,,,,,,,,,,,,,,,,,,,,,,,,,,,,,,,,,,,,,,,,,,,,,,,,,,,,,,,,,,,,,,,,,,,,,,,,,,,,,,,,,,,,,,,,,,,,,,,,,,,,,,,,,,,,,,,,,,,,,,,,,,,,,,,,,,,,,,,-1.2337354488140162,,16.5583855503505291,,,1.3181408924232756,2.3578552351471216,453.4742979026647163,,,,,,2.0124991592795141,,,,54.6514194629766266,,,,,,-1.3648091412146499,,,,,,,,,,,,,,,,,,,,,,,,,,,,,,,,,,,,,,,,,,,,,,,,,,,,,,,,,,,,,,,,,,,,,,,,,,,,,,,,,,,,,,,,,,,,,,,,,,,,,,,,,,,,,,,,,,,,,,,,,,,,,,,,,,,,,,,,,,,,,,,,,,,,,,,,,,,,,,,,,,,,,,,,,,,,,,,,8.2689642731212576,8.3465720249411639,21.0000000000000000,58.5000000000000000,248.2500000000000000,-15.1057401812688816,0.0000000000000000,0.9855307150050352,,,,,7.6352001904896341,0.4686725000000000,,0.0428078371946825,,,,,,,,,,,,,
"2003Q2",,,,,,,,,,,,,,,,,,,,,,,,,,,,,,,,,,,,,,,,,,,,,,,,,,,,,,,,,,,,,,,,,,,,,,,,,,,,,,,,,,,,,,,,,,,,,,,,,,,,,,,,,,,,,,,,,,,,,,,,,,,,,,,,,,,,,,,,,,,,,,,,,,,,,,,,,,,,,,,,,,-1.5861947097760538,,16.2776934242997129,,,1.1909137211355860,2.0709294981758042,455.9013802788692828,,,,,,0.1803372888779222,,,,55.9418524832294182,,,,,,-6.7980488817136404,,,,,,,,,,,,,,,,,,,,,,,,,,,,,,,,,,,,,,,,,,,,,,,,,,,,,,,,,,,,,,,,,,,,,,,,,,,,,,,,,,,,,,,,,,,,,,,,,,,,,,,,,,,,,,,,,,,,,,,,,,,,,,,,,,,,,,,,,,,,,,,,,,,,,,,,,,,,,,,,,,,,,,,,,,,,,,,,8.1298278334080578,8.5177627404940566,21.0000000000000000,58.5000000000000000,248.2500000000000000,-15.1057401812688816,0.0000000000000000,0.9855307150050352,,,,,7.6352001904896341,0.4686725000000000,,0.0415654867925598,,,,,,,,,,,,,
"2003Q3",,,,,,,,,,,,,,,,,,,,,,,,,,,,,,,,,,,,,,,,,,,,,,,,,,,,,,,,,,,,,,,,,,,,,,,,,,,,,,,,,,,,,,,,,,,,,,,,,,,,,,,,,,,,,,,,,,,,,,,,,,,,,,,,,,,,,,,,,,,,,,,,,,,,,,,,,,,,,,,,,,-1.7984462063267426,,10.1693386220509261,,,1.1612974297847163,1.9422319480918113,455.0059683459349458,,,,,,-3.4421286233329056,,,,57.2626679489393240,,,,,,-10.7925496929087501,,,,,,,,,,,,,,,,,,,,,,,,,,,,,,,,,,,,,,,,,,,,,,,,,,,,,,,,,,,,,,,,,,,,,,,,,,,,,,,,,,,,,,,,,,,,,,,,,,,,,,,,,,,,,,,,,,,,,,,,,,,,,,,,,,,,,,,,,,,,,,,,,,,,,,,,,,,,,,,,,,,,,,,,,,,,,,,,7.9906913936948891,8.6889534560469546,21.0000000000000000,58.5000000000000000,248.2500000000000000,-15.1057401812688816,0.0000000000000000,0.9855307150050352,,,,,7.6352001904896341,0.4686725000000000,,0.0399189778697785,,,,,,,,,,,,,
"2003Q4",,,,,,,,,,,,,,,,,,,,,,,,,,,,,,,,,,,,,,,,,,,,,,,,,,,,,,,,,,,,,,,,,,,,,,,,,,,,,,,,,,,,,,,,,,,,,,,,,,,,,,,,,,,,,,,,,,,,,,,,,,,,,,,,,,,,,,,,,,,,,,,,,,,,,,,,,,,,,,,,,,-1.8716667640553963,,14.4005501044207911,,,1.2198297331669485,1.8744702823744492,463.5753613878545707,,,,,,1.3425550966528590,,,,59.5970053616081046,,,,,,-14.9674167503276010,,,,,,,,,,,,,,,,,,,,,,,,,,,,,,,,,,,,,,,,,,,,,,,,,,,,,,,,,,,,,,,,,,,,,,,,,,,,,,,,,,,,,,,,,,,,,,,,,,,,,,,,,,,,,,,,,,,,,,,,,,,,,,,,,,,,,,,,,,,,,,,,,,,,,,,,,,,,,,,,,,,,,,,,,,,,,,,,7.8515549539817053,8.8601441715998384,21.0000000000000000,58.5000000000000000,248.2500000000000000,-15.1057401812688816,0.0000000000000000,0.9855307150050352,,,,,7.6352001904896341,0.4686725000000000,,0.0385703863460242,,,,,,,,,,,,,
"2004Q1",,,,,,,,,,,,,,,,,,,,,,,,,,,,,,,,,,,,,,,,,,,,,,,,,,,,,,,,,,,,,,,,,,,,,,,,,,,,,,,,,,,,,,,,,,,,,,,,,,,,,,,,,,,,,,,,,,,,,,,,,,,,,,,,,,,,,,,,,,,,,,,,,,,,,,,,,,,,,,,,,,-1.5226015913259339,,12.8388383482806390,,,1.1710497023025708,1.7590692229003326,466.5850630231570904,,,,,,0.9553201685488943,,,,60.2091674287564800,,,,,,-20.6207242991386579,,,,,,,,,,,,,,,,,,,,,,,,,,,,,,,,,,,,,,,,,,,,,,,,,,,,,,,,,,,,,,,,,,,,,,,,,,,,,,,,,,,,,,,,,,,,,,,,,,,,,,,,,,,,,,,,,,,,,,,,,,,,,,,,,,,,,,,,,,,,,,,,,,,,,,,,,,,,,,,,,,,,,,,,,,,,,,,,9.3335217163372555,10.6247002835753879,33.5000000000000000,74.7500000000000000,301.5000000000000000,-13.6815920398009947,0.0000000000000000,0.9411579365257048,,,,,-68.7358684637989796,0.2413331250000001,,0.0534333402645921,,,,,,,,,,,,,
"2004Q2",,,,,,,,,,,,,,,,,,,,,,,,,,,,,,,,,,,,,,,,,,,,,,,,,,,,,,,,,,,,,,,,,,,,,,,,,,,,,,,,,,,,,,,,,,,,,,,,,,,,,,,,,,,,,,,,,,,,,,,,,,,,,,,,,,,,,,,,,,,,,,,,,,,,,,,,,,,,,,,,,,-1.2208730347936958,,6.7105175174050018,,,1.5243229412693733,1.8110820849501765,472.1996284882608279,,,,,,4.6987322920791144,,,,67.5446293117772711,,,,,,-18.1665980361128945,,,,,,,,,,,,,,,,,,,,,,,,,,,,,,,,,,,,,,,,,,,,,,,,,,,,,,,,,,,,,,,,,,,,,,,,,,,,,,,,,,,,,,,,,,,,,,,,,,,,,,,,,,,,,,,,,,,,,,,,,,,,,,,,,,,,,,,,,,,,,,,,,,,,,,,,,,,,,,,,,,,,,,,,,,,,,,,,8.1073156275849776,9.7869651748608284,33.5000000000000000,74.7500000000000000,301.5000000000000000,-13.6815920398009947,0.0000000000000000,0.9411579365257048,,,,,-68.7358684637989796,0.2413331250000001,,0.0536978522298796,,,,,,,,,,,,,
"2004Q3",,,,,,,,,,,,,,,,,,,,,,,,,,,,,,,,,,,,,,,,,,,,,,,,,,,,,,,,,,,,,,,,,,,,,,,,,,,,,,,,,,,,,,,,,,,,,,,,,,,,,,,,,,,,,,,,,,,,,,,,,,,,,,,,,,,,,,,,,,,,,,,,,,,,,,,,,,,,,,,,,,-0.9644124734469184,,8.3620168295425330,,,1.9546712199763443,1.7506144496048799,463.0197285687161752,,,,,,-6.7757316634430254,,,,76.4192771129659150,,,,,,-14.7224720688689317,,,,,,,,,,,,,,,,,,,,,,,,,,,,,,,,,,,,,,,,,,,,,,,,,,,,,,,,,,,,,,,,,,,,,,,,,,,,,,,,,,,,,,,,,,,,,,,,,,,,,,,,,,,,,,,,,,,,,,,,,,,,,,,,,,,,,,,,,,,,,,,,,,,,,,,,,,,,,,,,,,,,,,,,,,,,,,,,6.8811095388327024,8.9492300661462796,33.5000000000000000,74.7500000000000000,301.5000000000000000,-13.6815920398009947,0.0000000000000000,0.9411579365257048,,,,,-68.7358684637989796,0.2413331250000001,,0.0540236282188105,,,,,,,,,,,,,
"2004Q4",,,,,,,,,,,,,,,,,,,,,,,,,,,,,,,,,,,,,,,,,,,,,,,,,,,,,,,,,,,,,,,,,,,,,,,,,,,,,,,,,,,,,,,,,,,,,,,,,,,,,,,,,,,,,,,,,,,,,,,,,,,,,,,,,,,,,,,,,,,,,,,,,,,,,,,,,,,,,,,,,,-0.7503882406271201,,8.3322099090991344,,,2.4489014629940975,1.6137360843226871,464.4511451894326797,,,,,,-7.6491388031290057,,,,85.7763999191718796,,,,,,-10.9017418028002027,,,,,,,,,,,,,,,,,,,,,,,,,,,,,,,,,,,,,,,,,,,,,,,,,,,,,,,,,,,,,,,,,,,,,,,,,,,,,,,,,,,,,,,,,,,,,,,,,,,,,,,,,,,,,,,,,,,,,,,,,,,,,,,,,,,,,,,,,,,,,,,,,,,,,,,,,,,,,,,,,,,,,,,,,,,,,,,,5.6549034500804165,8.1114949574316952,33.5000000000000000,74.7500000000000000,301.5000000000000000,-13.6815920398009947,0.0000000000000000,0.9411579365257048,,,,,-68.7358684637989796,0.2413331250000001,,0.0547260726207809,,,,,,,,,,,,,
"2005Q1",,,,,,,,,,,,,,,,,,,,,,,,,,,,,,,,,,,,,,,,,,,,,,,642.0291554137514822,,,650.4310028794201344,,,,,,436.0066931335143181,,,448.1002932981712661,,,,489.0639008078470056,,,493.5515713387827645,,,,,,441.9856600663834456,,,446.7429861767302555,,,,518.1758730685529599,,,525.9308059851595090,,,,,657.8747948002978774,,,665.3173925255746326,,,396.5057419997066290,,,,405.8498533640695882,,,,9.3441113643763991,,,,7.2067674411979592,,,,352.0830852010278136,,,,-44.4226567986630556,,,,-34.6159308854222303,,,393.0526340135324403,,,,-3.4531079861762630,,,,-1.8365449570377050,,,,,,,,,,,,,,633.4460306816832826,,,,,,239.4207434431397985,,,,233.4162617768761550,,,,,,134.2252876285668322,,,,-0.6746462647865770,11.8245661255176238,6.0476344975146787,,,3.0282165146972098,1.4989841033043887,471.0985911020453045,,,451.7192446999841309,,,-2.7560250084349605,453.1933196662395744,,,94.8264878329952552,,,86.4248492011246014,,,-6.8980345178664493,84.6193291720268519,,,,,,,,,,,,,,,,,,,,,,,,,,,,,,,,,,,,,,,,,,,,,,,,,,,,,,,,,,,,,,,,,,,,,,,,,,,,,,,,,,,,,,,,,,,,,,,,,,,,,,,,,,,,,,,,,,,,,,,,,,,,,,,,,,,,,,,,,,,,,,,,,,,,,,,,,,,,,,,,,,,,,,,,,,,,,,,1.4573050364312530,5.6557599312315761,41.2500000000000000,90.7500000000000000,360.0000000000000000,-13.7500000000000000,0.0000000000000000,0.8015013492361110,,,,,-61.0427998288643323,-1.0055937499999998,,0.0695831688823687,,,,,,,,,,,,,
"2005Q2",,,,,,,,,,,,,,,,,,,,,,,,,,,,,,,,,,,,,,,,,,,,,,,642.8546836016200814,,,652.0931560225106978,,,,,,434.2406979288214757,,,450.8042881927577241,,,,492.2840305141999124,,,496.6109326440791847,,,,,,444.3588581908530273,,,449.3624527293484334,,,,517.9138576619358219,,,527.2216387474562680,,,,,659.6198342406795518,,,667.7673409229225854,,,397.9226975120431575,,,,406.3714610453064893,,,,8.4487635332667459,,,,7.0659608826057640,,,,356.5550831589140444,,,,-41.3676143531370002,,,,-33.9277487949945851,,,397.6034026740690024,,,,-0.3192948379645443,,,,-1.8283123683039493,,,,,,,,,,,,,,633.3105023434407030,,,,,,241.1343482605966528,,,,233.4144769678873672,,,,,,136.1921122470685361,,,,-0.5686916383610741,14.1953069624554509,5.6605980768521107,,,3.4345708578954457,1.3590104044259528,470.0362752941177860,,,451.7117345805535820,,,-5.4947260836521536,453.3596134039073604,,,103.7252888947477913,,,90.1644097699003453,,,-2.9909828382047152,86.7914685031865218,,,,,,,,,,,,,,,,,,,,,,,,,,,,,,,,,,,,,,,,,,,,,,,,,,,,,,,,,,,,,,,,,,,,,,,,,,,,,,,,,,,,,,,,,,,,,,,,,,,,,,,,,,,,,,,,,,,,,,,,,,,,,,,,,,,,,,,,,,,,,,,,,,,,,,,,,,,,,,,,,,,,,,,,,,,,,,,2.2005480575799092,5.8766021496438317,41.2500000000000000,90.7500000000000000,360.0000000000000000,-13.7500000000000000,0.0000000000000000,0.8015013492361110,,,,,-61.0427998288643323,-1.0055937499999998,,0.0701952729191863,,,,,,,,,,,,,
"2005Q3",,,,,,,,,,,,,,,,,,,,,,,,,,,,,,,,,,,,,,,,,,,,,,,644.4038314181827900,,,653.7699390831456867,,,,,,430.9084535819445136,,,453.5806316951806139,,,,496.0639119390660312,,,499.6960055303276249,,,,,,446.9636571989905178,,,452.0346181245647017,,,,517.5108206846049370,,,528.5200961604404029,,,,,661.9524212335333004,,,670.2524177678297974,,,399.7633410468495754,,,,407.0090272847892265,,,,7.2456862379391715,,,,6.9206579933884784,,,,362.8796641586941973,,,,-36.8836768881569412,,,,-33.2177175746198969,,,402.7710733999277295,,,,3.0077323530558160,,,,-1.8195221245984401,,,,,,,,,,,,,,632.9534297683546811,,,,,,242.5185603459308368,,,,233.4117453004228935,,,,,,138.5400892044384875,,,,-0.4281992903303389,16.5741578623397139,1.9371696232674651,,,3.8904316951435356,1.2238656189989836,465.5591638542490500,,,451.4572726372398392,,,-10.7326154604455724,453.5443842329871131,,,113.5472607172104205,,,94.7468566821558795,,,2.7712842120517394,89.2049565898685870,,,,,,,,,,,,,,,,,,,,,,,,,,,,,,,,,,,,,,,,,,,,,,,,,,,,,,,,,,,,,,,,,,,,,,,,,,,,,,,,,,,,,,,,,,,,,,,,,,,,,,,,,,,,,,,,,,,,,,,,,,,,,,,,,,,,,,,,,,,,,,,,,,,,,,,,,,,,,,,,,,,,,,,,,,,,,,,2.9437910787285455,6.0974443680560739,41.2500000000000000,90.7500000000000000,360.0000000000000000,-13.7500000000000000,0.0000000000000000,0.8015013492361110,,,,,-61.0427998288643323,-1.0055937499999998,,0.0706476285497231,,,,,,,,,,,,,
"2005Q4",,,,,,,,,,,,,,,,,,,,,,,,,,,,,,,,,,,,,,,11.4454024441206013,10.0005348405254715,,-0.8892652552583288,,-8.5750605704328340,,,646.8843579153227665,,,655.4594184857648997,6.7579176104694190,,-31.3797002857991245,,,425.0516292847377713,,,456.4313295705377413,11.4027915014320449,,-2.3337617474996351,500.4703510718246093,,,502.8041128193207783,12.4324291559925424,,-5.0508143563208225,,,449.7048900076781024,,,454.7557043639947096,10.8843449577134219,,,516.7280386870700113,,,529.8277933543364497,5.2307887755892120,,-7.7804428628333779,,664.9889583317212782,,,672.7694011945545753,,,402.0874975035912939,,,,407.8513944079082307,3.3694684924755269,,,5.7638969043169528,,,,6.7699661894636103,,,,371.0066186342377250,32.5078179021713893,,,-31.0808788693537288,,,,-32.4815187073227918,2.9447954691881799,,408.5396224724095191,23.0741962899255597,,,6.4521249688184366,,,,-1.8100195985681218,0.0380101041212473,,4.7856974600113666,7.2650101516843293,,,,,,,,5.8644547540572542,-2.6355452459418562,632.3912202858230103,,,,-6.9143250919537707,2.8946404985738790,243.2665233037613461,,,,233.4074087478470574,-0.0173462103034578,,,,543.5715146915529203,141.4840171879633601,11.7757119341013183,,-2.0483782278322846,-0.2484887174001360,18.7266974258464565,-5.2631393911169653,,,4.4253221123654622,1.2017048011898965,464.5838167042443274,,,450.6488382590138144,,,-10.6769164015021261,453.7496851815799346,0.8212037943713733,,120.5804778477119470,,,100.3775178157784467,,,7.5912460395608576,91.8866098483013900,10.7266130337328232,,,,,,,,,,,,,,,,,,,,,,,,,,,,,,,,,,,,,,,,,,,,,,,,,,,,,,,,,,,,,,,,,,,,,,,,,,,,,,,,,,,,,,,,,,,,,,,,,,,,,,,,,,,,,,,,,,,,,,,,,,,,,,,,,,,,,,,,,,,,,,,,,,,,,,,,,,,,,,,,,,,,,,,,,,,,,,3.6870340998772142,6.3182865864683135,41.2500000000000000,90.7500000000000000,360.0000000000000000,-13.7500000000000000,0.0000000000000000,0.8015013492361110,,,,,-61.0427998288643323,-1.0055937499999998,,0.0707380566963604,,,,,,,,,,,,,
"2006Q1",10.2634386301056999,668.4191553939630239,649.9538151662200107,505.4049280905309729,414.7775973903089834,452.2550900105289884,513.1516464874920302,404.7405631018758072,408.8417126138053277,380.2729676588820098,414.8201435301079982,8.7766647256778434,5.5929574666621011,631.6914775859102065,549.8828292722090509,0.0330032734977448,20.2625951640475996,4.7863385636498688,1.2090962236992362,469.0176598421109020,127.5621611045896486,-5.2227326893109876,12.4333417886894750,675.3129077897420984,657.1585259011164908,459.3578046563445696,505.9306592868343841,457.5192313789296463,531.1468943003391132,4.7659729309720591,-31.7115336407458948,-1.7995132661057276,233.4002676681865580,2.8725126233258766,-6.7659618143478095,9.9555412122374136,-1.7602281593599900,-6.8937517249399667,10.2634386439093621,9.9555412122374136,2.0681256332640978,-1.7602281593599900,-0.9026108895871867,-7.2047103945853062,-5.8135282606496634,-3.6608853328487179,649.9538154930597784,12.2778297247658550,7.9246599296527798,657.1585259011164908,6.7964297978202719,6.7275230565757909,-44.5802075735293428,-30.1035224894406070,-3.6608853340679621,414.7775970917761583,-41.0961288971454834,-21.2290960705163272,459.3578046563445696,11.7059003823926808,11.2575113670660816,-0.5257309497466275,505.4049283803348089,19.7383092225133794,16.3410275701907395,505.9306592868343841,12.5061858744649861,12.3790879696427005,-5.2641421735207770,-2.4424514059501421,-9.7120923308600613,452.2550891973667717,10.2007963816187903,10.2694292153728846,457.5192313789296463,11.0541080642755105,10.7762452000247944,-17.9952475156996883,513.1516467592524577,-14.3055680757831514,-5.0242263210579390,531.1468943003391132,5.2764037447548784,5.2160883054045994,-6.8937517249399667,-5.1597316793352537,668.4191560630991944,13.7207905915622419,10.5443611831824562,675.3129077897420984,10.1740264228318154,9.9955152581378179,404.7405631018758072,10.6122623490690611,8.3070441009736360,8.2348209441684155,408.8417126606972261,3.9612729196521941,3.5416118941657162,2.9918593920706389,4.1011495572498173,-6.6509894321690881,-5.2429618503170570,-2.5111602403246489,6.6123097534625472,-0.6306256995188797,-0.5944576766349026,-3.5725828995698352,380.2729678090437915,37.0653967158027839,26.4547065519584805,28.1898826207434254,-24.4675952942324599,26.4531344237260306,19.9550615889701533,7.2439384629642332,-31.7115336407458948,3.0799401744666701,2.9043972216845395,414.8201434437600028,25.1220839827880056,20.5835562538453587,21.7675094601432129,10.0795803403655118,14.5098217375545708,13.5326882662578587,11.8790937565536314,-1.7995132661057276,0.0420250989127274,0.0370316331937052,4.7659729309720591,8.7766656815611857,2.1187430494624526,8.1898199231445279,5.2350537871750031,1.1805811028594051,-0.7538428092307549,-3.6608853253977500,4.0544726875287633,5.5929574834567291,-2.9070425137254805,631.6914774157816055,-2.7989715171770095,-1.7545532748936665,632.9970978617808441,-6.7659618143478095,2.8725126233258766,243.1123600579145432,-0.6166528996346820,3.6916166261673284,-0.3263243652843517,233.4002676681865580,-0.0285643761885930,-0.0159941230879640,-0.0271361574000767,9.7120922736031048,549.8828292760273371,145.1422661759398807,14.6329958848804669,10.9169785314294696,-2.0415793224496608,0.0330032734977448,20.2625953026107268,-5.1985110436330331,8.4380291733272337,5.3109257303255255,4.7863385636498688,1.2090962236992362,469.0176598421109020,-1.4315027246611502,5.4738491562674172,448.7550647090608322,-7.5750942157988588,-2.9641799941713396,-5.2227326893109876,453.9777974011469723,0.9124488724740037,0.7844777334516093,127.5621611045896486,33.8317843829399720,29.3127460153118662,107.2995660464156629,27.6881929027366525,20.8747168325063974,12.4333417886894750,94.8662242385212977,11.9184575957751324,10.2468950752248329,-1.7076550805941224,-0.0242978177557234,0.5224213115870953,-22.2105821222066879,0.9912142530083656,-2.9688237830996513,-1.6440037116990425,-0.5505992934087708,1.2028490304946899,8.9464633669704199,3.2233357657678425,-0.0000004151693926,2.2430029376409948,-0.5350518015911803,-0.0172096051683184,-0.0015804739368832,1.5732597298774635,0.0039881557755734,0.1324572505800461,0.6292976359836757,0.1492908421496395,0.4700295355214621,0.0632035864164209,-0.0290564187093878,0.2315979792037979,0.0078160051702980,-0.0120854764236356,-0.0326638260420395,-0.0032640088465996,-1.1405876707285643,0.9876182951993542,-3.3002076006960124,6.2349789785221219,0.0758105889399303,0.1733654575514265,2.2645058653870365,,,,,,,,,,,,,,,,,,,,,,,,,,,,,,,,,,,,,,,,,,,,,,,,,,,,,,,,,,,,,,,,,,,,,,,,,,,,,,,,,,,,,,,,,,,,,,,,,,,,-56.0000000000000000,,,,,,,,,,,,,,,,,,,,,,,,,,,,,,,,,,,,,4.9917446721065826,6.0488810514217262,41.0000000000000000,90.0000000000000000,401.0000000000000000,-12.2194513715710720,0.0000000000000000,0.7551371393079799,,,,,-50.4758838111333716,0.2900562500000002,,0.0725742819837747,,,,,,,,,,,,,
"2006Q2",10.5021012232339004,677.7377148094319637,655.5624903932259713,521.6919780078210351,441.6373402423749894,469.6354880148099937,529.7503133683489978,408.0758911134517462,410.5994847144776827,389.9682355458489837,421.3976154589749967,8.0934617495999248,6.3886967042740608,631.3628779733037391,559.2825338301030342,0.3256523550357937,20.5646766536145584,5.1914484742198654,1.3939952462750522,478.6138962374429298,134.9724714538376702,3.8179641148394694,16.2308883995494284,677.8744341472381620,658.8625712420663376,462.3605813431709635,509.0682047914294230,460.3148394023273795,532.4803323553434211,4.7379387570818210,-30.8938350407872591,-1.7874590073753678,233.3880987507828877,2.8393764361559719,-5.8648864402817100,9.9349668398532796,0.5261185646073020,-0.1367191933725875,10.5021011963485442,9.9349668398532796,0.0410157895843113,0.5261185646073020,0.2527720986496126,-3.3000811938221841,-1.2379052706384710,-4.8704644486952198,655.5624899989337564,22.4346977337768365,12.7078060280841818,658.8625712420663376,6.8161818925752264,6.7694155477089417,-20.7232413788585035,-12.6442018382518118,-4.8704644560180981,441.6373399576923475,107.4389721621053297,7.3966418859243195,462.3605813431709635,12.0111067981226061,11.5562932010602974,12.6237730335951159,521.6919778370469203,65.1481992388657432,29.4079478171587070,509.0682047914294230,12.5501818173105395,12.4572719339737539,9.3206485487235611,6.8222871312104214,-7.9399711014608991,469.6354879812205354,69.5215940165542605,25.2766298103509968,460.3148394023273795,11.1824325296906810,10.9523867214407904,-2.7300189922594642,529.7503134085018246,66.3946663169761422,11.8364555079166696,532.4803323553434211,5.3337522761197960,5.2586936727030054,-0.1367191933725875,0.9212720353720172,677.7377149520253852,37.2742343259668871,18.1178805235847911,677.8744341472381620,10.2461051018931961,10.1070933375578633,408.0758911134517462,13.3413121423317982,11.0639899113109603,10.1531929870312343,410.5994846710615320,7.0310881778360015,7.4890860932401404,4.2280241397785234,2.5235935567997347,-6.3102239918079306,-5.9251700699256471,-3.9212099203394333,6.4448034477985487,-0.6700250255233081,-0.6211574224837507,1.4786188992469462,389.9682355463638714,38.7810713904038451,24.4082643978038760,33.4131521611435147,-18.1076555671892088,25.4397589440948266,23.2599585511558864,12.7861794941595868,-30.8938350407872591,3.2707938418633531,3.0339136459262850,421.3976155359104609,26.3098884288722914,20.9025851293843026,23.7942127761367637,13.3217244221944338,12.9685762666834634,13.6410194257150508,15.1091837244414258,-1.7874590073753678,0.0482165044969841,0.0408533519048996,4.7379387570818210,8.0934619871943276,3.8706173502244190,8.2550433676408268,0.6043760061415420,-3.5827536720962212,-2.7591611785682066,-4.8704644629399372,4.1871296341286959,6.3886967113222086,-2.1113032831813663,631.3628780014694257,-1.3143979470792746,-1.9476243950032761,632.3789780330893109,-5.8648864402817100,2.8393764361559719,241.3280699426750857,-7.1371608430587834,0.1937215730305208,-7.3737660694618246,233.3880987507828877,-0.0486758360769175,-0.0263782078486447,-0.0462420497029314,7.9399710759257163,559.2825337998621080,151.2066426708668132,24.2575070025014945,15.0145302979676725,-2.0297729795877881,0.3256523550357937,20.5646766109103041,1.2083259582678352,6.3693695425811381,1.3627128081782511,5.1914484742198654,1.3939952462750522,478.6138962374429298,38.3849450093896465,12.7068545617662565,458.0492196381330245,37.1766197541666230,6.3374850848121405,3.8179641148394694,454.2312554919739682,1.0138324208827245,0.8716421046256424,134.9724714538376702,29.6412416048451632,30.6127544972643548,114.4077950299489430,28.4329163387320634,24.2433850824650463,16.2308883995494284,98.1769063042651879,13.2427284270257939,11.3854377924874584,-0.7362587656825781,0.0006800382107031,0.8105637207627296,7.7320314496755600,12.9654985070228577,11.7855174541473389,-0.9102635979652405,-0.6849451173161822,0.8583371955901384,8.0700479000806808,3.2966648107394576,0.0000007835366075,-1.3558668987825513,0.5050350693054497,0.0685906850267202,0.0062991446629894,2.2474443456158042,0.0096754833134582,0.1156227891187882,0.6465506263484713,0.1202675626263954,0.4370789874810725,0.0772179029008839,-0.0393385162942650,0.3008214063593186,0.0103939158198045,-0.0215396796866116,-0.0458849259503040,0.2946292726264801,-4.1026002969592810,0.9663250771991443,7.0560584110207856,7.1545492736622691,0.3058086485834792,0.1926284359115016,2.5161166382022202,,,,,,,,,,,,,,,,,,,,,,,,,,,,,,,,,,,,,,,,,,,,,,,,,,,,,,,,,,,,,,,,,,,,,,,,,,,,,,,,,,,,,,,,,,,,,,,,,,,,-55.0000000000000000,,,,,,,,,,,,,,,,,,,,,,,,,,,,,,,,,,,,,5.3721911271707796,6.6338513621997039,57.0000000000000000,107.0000000000000000,451.0000000000000000,-11.0864745011086470,0.0000000000000000,0.6714190529101994,,,,,-50.4758838111333716,0.2900562500000002,,0.0728131530429733,,,,,,,,,,,,,
"2006Q3",8.4100955789562608,686.0998262957159568,666.4418023443779475,520.9154697312460485,450.4842154977980044,456.2070454993079807,532.3776811312479822,409.5372327120378486,411.6690578334125235,394.6363303888380187,419.8678269317389891,7.6961041136128392,7.3439759531396929,631.2260986486811589,565.5240470954989860,0.6345413334671590,21.7566656446508340,5.3448503588170588,1.5443766290276255,476.7054198943936854,138.4044719104518890,0.5135116047611064,15.3196879352465061,680.4707817890572414,660.5704870174039343,465.4599156736927057,512.2372490484335685,463.1527415909041565,533.8048464456616102,4.7144258247659074,-30.0357361147307529,-1.7742429756254492,233.3726717924392631,2.8147583431145975,-5.6709759594011908,9.9415030498537948,0.1573059286133189,5.6290445297448075,8.4100956186302103,9.9415030498537948,-1.6887134169706925,0.1573059286133189,0.0819210450518579,5.8713162706563526,5.5415994955463628,-5.1679374947605528,666.4418033108405552,43.5172547737480642,22.0379720919013060,660.5704870174039343,6.8316633680174634,6.8005480378728747,-14.9757003582364749,-8.0644376540838518,-5.1679375143507942,450.4842153769405400,35.3875007681270475,19.5757625788681828,465.4599156736927057,12.3973372447358479,11.8792841168165246,8.6782204046464155,520.9154694717177563,-3.1060340661320271,24.8515578156544734,512.2372490484335685,12.6761770147314223,12.5412434824766432,-6.9456964080208889,-3.5730884993968468,-7.9410339785743655,456.2070451558346349,-53.7137724497920317,9.2433874190120235,463.1527415909041565,11.3516087022136070,11.1181235036482207,-1.4271637608721841,532.3776825318801684,10.5094758480435910,14.8668619655128538,533.8048464456616102,5.2980561113494797,5.2847501290407219,5.6290445297448075,3.8269247959890369,686.0998263115874352,33.4484443744212854,24.1474050968093543,680.4707817890572414,10.3853901441047149,10.2183637471559550,409.5372327120378486,5.8453665905200216,7.8222158771959940,9.7738911858476865,411.6690580815812268,4.2782937506477019,8.3869919150449554,4.6600309417666468,2.1318253709395552,-1.5670726789548048,-5.1138607901966102,-4.1371501942757476,6.2689756008735502,-0.7033113962146569,-0.6516824815711488,6.0914426772494199,394.6363304256019546,18.6723797058928334,10.6044368140535887,31.7566661682649141,-14.9009022853636228,12.8270128842985773,21.9827744101320270,15.1348337604456660,-30.0357361147307529,3.4323959189140139,3.1819815454432465,419.8678268444764967,-6.1191544991274700,-5.1406864094477989,17.0967533458339176,10.3305941321787529,-11.9645210905858708,7.3228616686455092,12.1048369495220651,-1.7742429756254492,0.0528636195944733,0.0452791200572796,4.7144258247659074,7.6961045730513620,3.0231168077646955,8.3116272540111016,-0.6908871872670459,-4.9914000161635812,-4.0119134149088929,-5.1679375087289907,4.3005128343313341,7.3439759529056410,-1.1560240487206443,631.2260985075117787,-0.5471182752125546,-1.7273313170146771,632.0276302833717637,-5.6709759594011908,2.8147583431145975,241.3137059630191175,-0.0574566707325115,-1.2048547254238013,-6.0875645631179891,233.3726717924392631,-0.0617075128682931,-0.0390733678606576,-0.0586221394154290,7.9410339835742505,565.5240466717956451,155.9868139640098832,19.1206858889017290,17.4467249083260896,-2.0105807383425276,0.6345413334671590,21.7566655357680112,4.7679559641451021,5.1825076581202794,4.2104169840668790,5.3448503588170588,1.5443766290276255,476.7054198943936854,-7.6339056041206206,8.6739894507081541,454.9487543251365196,-12.4018611357300941,3.4914816698093940,0.5135116047611064,454.4352427155122882,0.8159489512546590,0.8908584847649792,138.4044719104518890,13.7280015338659513,27.0834571652529235,116.6478063223878223,8.9600460267893602,21.9009494704870029,15.3196879352465061,101.3281183189733099,12.6048478235584547,12.1231621019794957,-0.7105161175131798,0.0280908550485037,5.7699014842510223,-3.7356769442558289,0.4727678969502449,-14.1154923439025879,0.2241717900615185,1.9593570659254085,-4.6471979198977351,-4.4765108022838831,-16.8392889257520437,-0.0000009878614928,-2.6694801959674805,0.7441489142365754,0.1817782749421895,0.0166939231203287,-8.4049478271044791,0.0182420182009082,0.1123397316841874,0.7428349898109445,0.2027069014147855,0.4843470184132457,-0.0129593801102601,-0.0376207086410432,0.2906551910564303,0.0094687656765018,-0.0154654689467861,-0.0406804484064196,0.3284281209344044,3.4052426367998123,0.7956390334147727,-1.8536261536646634,3.4711393564939499,0.2897809054993559,-0.0965002071679919,0.6863919993047602,,,,,,,,,,,,,,,,,,,,,,,,,,,,,,,,,,,,,,,,,,,,,,,,,,,,,,,,,,,,,,,,,,,,,,,,,,,,,,,,,,,,,,,,,,,,,,,,,,,,-54.0000000000000000,,,,,,,,,,,,,,,,,,,,,,,,,,,,,,,,,,,,,5.7526375822349740,7.2188216729776595,50.0000000000000000,107.0000000000000000,479.0000000000000000,-11.8997912317327774,0.0037995087986087,0.6321711750782880,,,,,-50.4758838111333716,0.2900562500000002,,0.0729128145245549,,,,,,,,,,,,,
"2006Q4",9.1167573294107704,687.6129254426780335,668.7086390396790421,515.4785573183579572,466.9501510606419856,461.7997339794890195,538.0479290816340381,411.3030899578322988,413.1638761773374426,397.2448030969039792,422.7740720230900138,7.1669286690359684,7.8444685154639124,630.9936581089320953,571.6716562583089853,0.9645494823231071,23.7478775764051022,5.2328974552316634,1.5700427979104308,477.6174261893382891,139.4654833126255369,-0.6989546693390594,11.4185387885795961,683.1436559427860402,662.2831697657596806,468.6995596384995793,515.4840798755648166,466.0865000083737186,535.0820815951997247,4.6837037273702231,-29.1282420332682115,-1.7589893414974211,233.3524517687621938,2.7868207004500443,-6.3556746617677167,9.9577841566129308,0.4997538223528626,4.4692683554140444,9.1167574526802664,9.9577841566129308,-1.3407805238370780,0.4997538223528626,0.2580174848080764,6.4254683499119301,5.7465599411846240,-5.5464936903993918,668.7086381275870508,9.0673419388420289,21.8242801218936506,662.2831697657596806,6.8507305947823811,6.8237517327264321,-1.7494106067065316,0.4337939377452021,-5.5464936701483154,466.9501490393968766,65.8637334633488081,41.8985195107100452,468.6995596384995793,12.9585767522787343,12.2682303135183375,-0.0055219455212204,515.4785580380417969,-21.7476452598200503,15.0082070674640704,515.4840798755648166,12.9873224293976239,12.6799673735826470,-4.2867672992256001,-1.6445697559862289,-8.2252076246942032,461.7997327649014778,22.3707470451558024,12.0948427250688724,466.0865000083737186,11.7350329437527794,11.3307953381925621,2.9658470677398929,538.0479285175143787,22.6809856999673478,21.3198899033874767,535.0820815951997247,5.1089407339575921,5.2542883764715578,4.4692683554140444,3.7706032198814610,687.6129242974338922,6.0523947994721450,22.6239656706314882,683.1436559427860402,10.6914966522855313,10.3742545795078840,411.3030899578322988,7.0634297251004536,9.0115018414223051,9.2155920917983121,413.1638763143407118,5.9792738629065170,9.6491485981421583,5.3124820219951463,1.8607863579951964,-1.0841558796954889,-3.9031104448073437,-4.2221220871048830,6.0829084323461817,-0.7442687580319469,-0.6870577298774893,5.2204560787246503,397.2448030776360497,10.4338910292489686,5.6784916468395492,26.2381845274616801,-14.0582868790198834,3.3704613560894385,17.0225917491848016,15.0699551412300305,-29.1282420332682115,3.6299762994824927,3.3532764844143870,422.7740716832340127,11.6249786224582987,9.4795478651310834,14.2344489864141188,11.4709817251973032,4.5615490049218543,5.0188563125225860,13.2299710318944204,-1.7589893414974211,0.0610156735547625,0.0510302694795726,4.6837037273702231,7.1669288964757394,4.1929060230876285,8.2194637138360793,-2.4822197262487737,-6.7622484876269180,-4.8909621817243263,-5.5464936795418582,4.2800287410983824,7.8444685182774627,-0.6555314787465438,630.9936580771094441,-0.9297621594355645,-1.3975622661572897,631.8030868300103293,-6.3556746617677167,2.7868207004500443,241.5776592453123612,1.0558114684451141,-1.6888639781682275,-5.4380403490629554,233.3524517687621938,-0.0808786969808698,-0.0549568508745286,-0.0768347609205537,8.2252076465750772,571.6716560168040360,160.3685660550762861,17.5270084665028882,18.8845497600310281,-2.0192973219165133,0.9645494823231071,23.7478774771624153,7.9648477270170730,5.0211799622061459,6.7679304969402025,5.2328974552316634,1.5700427979104308,477.6174261893382891,3.6480251301542053,8.2418905052683655,453.8695487071825596,-4.3168223300317532,3.2207104800643265,-0.6989546693390594,454.5685033244513988,0.5330425537791165,0.8188181619063354,139.4654833126255369,4.2440461262121332,20.3612681994028364,115.7176059104697288,-3.7208012986526260,15.3400881651290568,11.4185387885795961,104.2990667850814503,11.8837938614202265,12.4124571589696604,0.5003060661256313,0.0376586822676472,0.5846744254231453,6.0119588971138000,-5.6463645696640015,-1.0768601447343826,2.6825284665683284,1.6243640263919086,-2.7075074762105942,-0.5938175916671753,10.0944943148642778,0.0000022847119900,-2.9563988246954978,0.3848901614546776,0.1669260485796258,0.0153299432640779,1.8789008327294141,-0.0077475836815211,0.1166995826206403,0.9371555430407170,0.3891170075512491,0.7070537679828703,-0.1681634093401954,-0.0471811396164412,0.3427937011001632,0.0134384144912474,-0.0222565581025265,-0.0464618103924295,0.3680806280463003,3.7544305287301540,0.5609646230295766,-1.0173318153247237,0.2351668961346149,0.1801038337289356,-0.2013115067993567,0.5394306501839310,,,,,,,,,,,,,,,,,,,,,,,,,,,,,,,,,,,,,,,,,,,,,,,,,,,,,,,,,,,,,,,,,,,,,,,,,,,,,,,,,,,,,,,,,,,,,,,,,,,,-53.0000000000000000,,,,,,,,,,,,,,,,,,,,,,,,,,,,,,,,,,,,,6.1330840372991471,7.8037919837556480,51.0000000000000000,105.0000000000000000,499.0000000000000000,-10.8216432865731456,0.0280088677995795,0.6068336530310620,,,,,-50.4758838111333716,0.2900562500000002,,0.0730824905857636,,,,,,,,,,,,,
"2007Q1",11.1303558546097996,681.7452040226449981,658.6426683136379552,521.5423301298250180,458.4979341776789852,492.3252077571299878,534.3718795912890300,415.9240526594365974,417.5858474424268820,406.0655471500330123,419.8781681219040252,7.6312682849163513,7.1992373133975383,630.6039301684759266,573.8179790612690567,1.6232250237357138,25.5018422071968445,5.2241661212206409,1.6288037306672116,481.8590438423923388,137.9366805986445854,1.7470989226631559,5.3563043284099621,685.9356951620961809,664.0078078248876636,472.1170846216036239,518.8550516435161626,469.1590212440332834,536.2763954858336319,4.6616179457416163,-28.1869548666103960,-1.7427680412341422,233.3306523574987068,2.7742463552466301,-3.9936777335415132,9.9295055849860230,-0.0562977965846118,-4.1904929687155485,11.1303557399965527,9.9295055849860230,1.2571479081921504,-0.0562977965846118,-0.0422881258070023,-5.3651450133132519,-2.6767695237275104,-7.5520257679144676,658.6426627657825748,-40.2639053469059505,8.6888466801747697,664.0078078248876636,6.8985529790239157,6.8492826199073757,-13.6191535508330830,-8.0589552747445534,-7.5520257610385801,458.4979312968875433,-33.8088724948841701,43.7203354047152288,472.1170846216036239,13.6700980570128010,12.7592797966217013,2.6872793076395718,521.5423308471406472,24.2550907565757186,16.1374029105493442,518.8550516435161626,13.4838866352009710,12.9243924411286759,23.1661875373011199,16.1560566416440246,-5.1892739341787673,492.3252088077331905,122.1019042750529309,40.0701198446483673,469.1590212440332834,12.2900820531639230,11.6397890377207371,-1.9045182876509532,534.3718769225853293,-14.7042082442700881,21.2202311265550669,536.2763954858336319,4.7772555562708359,5.1295011211624013,-4.1904929687155485,0.6850127559735584,681.7452022263150866,-23.4708915989841032,13.3260460901248941,685.9356951620961809,11.1681558398400806,10.6227875221177310,415.9240526594365974,18.4838509251603043,13.0461586739995532,11.1834906589605207,417.5858465612889177,17.6878812208408966,13.4055191891990368,8.7441342947457414,1.6617939018071406,-0.7959697650314845,-2.4393556300581558,-4.2280957677295081,5.8898896612156726,-0.7720751326209858,-0.7224200256558517,-2.3145397193000505,406.0655470934627829,35.2829763869908390,20.6344103757913437,25.7925795434697882,-9.8585055680512887,16.7991256570944643,14.6090899626913533,18.3284494865012171,-28.1869548666103960,3.7651479528738392,3.5245784398631432,419.8781682142927707,-11.5836149894880638,-8.7745288073356313,5.0580247021704210,3.9541155549281064,-30.0674659202954651,-6.1254650298340829,5.6968833261442269,-1.7427680412341422,0.0648874287511344,0.0567452874269744,4.6616179457416163,7.6312684849844974,4.6030604371084873,8.2097556161151282,-5.7742508081904464,-10.0944636813581052,-6.2512632020760384,-7.5520257886418003,4.3202128117592009,7.1992373170437265,-1.3007626734201294,630.6039305095488317,-1.5589097388325799,-1.0875468566892739,631.6426247981853521,-3.9936777335415132,2.7742463552466301,238.5199263222630179,-12.2309315186802294,-4.5924339357819584,-7.4351979669162329,233.3306523574987068,-0.0871971321443941,-0.0696152536311180,-0.0828372755209822,5.1892740119318344,573.8179791030131582,157.8939265190398089,-9.8985586417210172,12.7516605394564770,-2.0217400816111564,1.6232250237357138,25.5018423684448585,7.0158585231669690,5.2392470705104968,6.0087401243257759,5.2241661212206409,1.6288037306672116,481.8590438423923388,16.9664707820946461,12.8413838700373297,456.3572014640711245,9.9506112388557018,7.6021367727283407,1.7470989226631559,454.6101026113125840,0.1663971683166638,0.6323052278898190,137.9366805986445854,-6.1152116595560351,10.3745191099458847,112.4348379596897587,-13.1310710570515816,5.1352720864740062,5.3563043284099621,107.0785338543320790,11.1178679163915142,12.2123098804808752,-0.3250256925821304,-0.0080774115631357,-9.0186107158660889,-11.9674043357372284,2.6908684819936752,24.6220465898513794,-0.8667835718952119,-4.3847450438323419,7.7375241387635469,21.3339079171419144,-12.9241128824651241,-0.0000036191964253,-0.1602156672161072,-0.7107843458652496,-0.2608941151411273,-0.0239596635365160,-15.6459457576274872,-0.0023454235997633,0.1464080972946249,1.1154992036172189,0.5776471858262084,0.8978500505909324,-0.3201889803167433,-0.0416170485768816,0.3001430095755495,0.0099733210936392,-0.0103623736213194,-0.0338922800310684,0.7165484901051968,0.2479290030896664,0.6417956115910783,2.1804507551714778,-2.9792293757200241,0.2157652119058184,-0.3133411351154791,0.4224530506180599,,,,,,,,,,,,,,,,,,,,,,,,,,,,,,,,,,,,,,,,,,,,,,,,,,,,,,,,,,,,,,,,,,,,,,,,,,,,,,,,,,,,,,,,,,,,,,,,,,,,-52.0000000000000000,,,,,,,,,,,,,,,,,,,,,,,,,,,,,,,,,,,,,5.8088305549279395,8.4835089869776770,68.0000000000000000,106.0000000000000000,506.0000000000000000,-7.5098814229249014,0.0635329799801176,0.1511411861660079,,,,,-56.7303100432509950,5.2325300000000006,,0.0442041248314354,,,,,,,,,,,,,
"2007Q2",8.5869332698551908,685.7966957677970186,662.7667466604229958,519.4107518946110531,458.2531299154779845,495.2533538984779966,538.4750939992809435,416.4332131824558019,419.2028626912269829,401.4323547077290186,419.6874417639430135,7.1669286690359684,7.5888277667255011,630.3292680378898467,582.7525890090239500,2.1115204279714583,26.9383100237435826,5.2328974552316634,1.7955093625870644,486.1568225361336886,137.1283944978152078,4.6798430916241500,0.5276463994781722,688.8408181583436090,665.7502125775095010,475.7047888063098071,522.3416155218106951,472.3453240442369179,537.3946454794935335,4.6162040010386001,-27.1835853994146461,-1.7239029024954131,233.3041496455994377,2.7374994009292974,-2.5790556200507537,9.9120113687674003,-2.2383155023448804,-3.0441245803524843,8.5869332904552529,9.9120113687674003,0.9132374734335648,-2.2383155023448804,-1.1279048251301638,-2.9834665447043109,-1.2738062978674991,-4.4984269589309847,662.7667459765984859,16.4963277245487490,7.2042564033718861,665.7502125775095010,6.9696167772686346,6.8876409141152806,-17.4516575024543314,-10.6590176341978093,-4.4984269371874941,458.2531313810590632,-0.9792016382153488,16.6157918798095565,475.7047888063098071,14.3508191079743312,13.3442076633782953,-2.9308629429573378,519.4107524500661839,-8.5263109819375593,-2.2812244174618406,522.3416155218106951,13.9462523980991548,13.2734101409209941,22.9080307067830979,16.2910170660618547,-4.7605665174294627,495.2533548154322034,11.7125877628879600,25.6178678917351803,472.3453240442369179,12.7452107235419554,12.0304841679711423,1.0804482299877831,538.4750937155760084,16.4128655036113074,8.7247810004327775,537.3946454794935335,4.4729996459294181,4.9143129765515763,-3.0441245803524843,1.1824388793964729,685.7966935861039701,16.2059608184397987,8.0589762903936837,688.8408181583436090,11.6204899654510143,10.9663835358365525,416.4332131824558019,2.0366406454088501,3.9217403471477699,8.3573236959132835,419.2028620783490283,6.4680602259375668,7.6681261261022078,8.6033783614972723,2.7696488934828842,4.4314196109952615,0.2460553452826619,-2.9143379672804528,5.6839868902270787,-0.8236111633431173,-0.7608165949530361,-1.4831861645555970,401.4323540568406088,-18.5327726918257483,-12.8171301833616393,11.4641187760767895,-15.0008591268473293,-20.5694132693964775,3.1067963627380291,12.1827262716611013,-27.1835853994146461,4.0134782967708960,3.7102495200283503,419.6874421383685672,-0.7629039043512765,0.0372058231556318,-1.7101733684115406,3.2542289531686457,-2.7995445090200022,-10.0674953023354590,4.9781315199080929,-1.7239029024954131,0.0754602227826147,0.0635564268198655,4.6162040010386001,7.1669284836273208,0.6851104221192004,8.2248867584954706,-0.5011974287613912,-4.9334914835172743,-3.5872547701462363,-4.4984269665881111,4.4322939220603237,7.5888277890905309,-0.9111722071659478,630.3292681546446374,-1.0986478211602031,-1.0336099168818955,631.2249084851266616,-2.5790556200507537,2.7374994009292974,238.0647161890892676,-1.8208362875438544,-3.2633531522480377,-2.8076766625854006,233.3041496455994377,-0.1060156189856644,-0.0839492461663224,-0.1007148442768658,4.7605663777035696,582.7525889403018482,166.3193757328525635,33.7017963841263040,15.1127326221945673,-2.0763523244788122,2.1115204279714583,26.9383101092300095,5.7458712661869527,6.3736334389512201,4.9927499544333660,5.2328974552316634,1.7955093625870644,486.1568225361336886,17.1911144166385341,7.5429262222388163,459.2185123307490926,11.4452429752565443,1.1692927091158447,4.6798430916241500,454.5386693563955873,-0.2857332865755196,0.3074138857700055,137.1283944978152078,-3.2331485439189045,2.1559219031549435,110.1900831598546802,-8.9790200091810348,-4.2177115518631210,0.5276463994781722,109.6624371357615928,10.3356125875070752,11.4855308720745199,-1.9452292174100876,0.0002899133833125,1.5312243700027466,-7.7974420785903931,-4.6775943040847778,6.3181925117969513,4.5161729103419930,-2.2067362568542874,-4.2645987868309021,-30.2241839766502380,5.1733386032283306,0.0000026092304213,-0.1713956510648131,0.2595141669735312,-0.3632027569692582,-0.0333553550808574,35.3047884944826365,-0.0547591786707926,0.1720405966625549,1.1202751854434609,0.5484143549692817,0.8256820235401392,-0.3093439259100705,-0.0671537869093299,0.4268188500427641,0.0170615383831318,-0.0231783259660006,-0.0593223172691069,0.5856888956623152,-0.2628685086965561,0.6575120110064745,3.5966416541486979,-3.3824560008943081,0.3295859978534281,-0.4354907417691720,0.3295312873087823,,,,,,,,,,,,,,,,,,,,,,,,,,,,,,,,,,,,,,,,,,,,,,,,,,,,,,,,,,,,,,,,,,,,,,,,,,,,,,,,,,,,,,,,,,,,,,,,,,,,-51.0000000000000000,,,,,,,,,,,,,,,,,,,,,,,,,,,,,,,,,,,,,6.6565458696631898,8.9531479102490383,76.0000000000000000,118.0000000000000000,547.0000000000000000,-7.6782449725776969,0.0912706889059408,0.1401224862888482,,,,,-56.7303100432509950,-7.5663999999999998,,0.1930565460865538,,,,,,,,,,,,,
"2007Q3",13.1635115827057003,689.4638214009070225,664.6512815498249438,533.8023915395390304,454.9846666666389865,497.5899979330769725,542.5425777307809767,417.3774615821558314,420.5605371968580926,399.6516673161769972,422.2507038695100050,5.9086184125836718,8.9793485445485395,630.6147602397663832,589.0774898488690496,2.4323010211618703,28.6926311285610929,5.2288482357023600,2.0010628936140433,488.9575589326564113,138.7571803752973949,5.9310039752916737,-1.9854958236249303,691.8702327365149358,667.5119434203361379,479.4699459045539243,525.9581127924797102,475.6597476379046725,538.4290169811778242,4.6427049204024060,-26.2026038998067996,-1.7060527528500042,233.2889891526924941,2.7621807313044990,-3.6348773744497369,9.9069869171228184,2.5346012355395837,-2.4064108266203883,13.1635114137918610,9.9069869171228184,0.7219232664536848,2.5346012355395837,1.2647884092102728,-2.8606615306216772,-0.7931709697049879,-3.9636934154909307,664.6512817488987821,7.5381392073266413,-1.7905240941851819,667.5119434203361379,7.0469224922791378,6.9414561139930093,-24.4852789800040149,-14.9004982897522247,-3.9636935021136441,454.9846666874302628,-13.0738541934236085,4.5004526178558120,479.4699459045539243,15.0606330579194445,14.0100324929752684,7.8442782703550469,533.8023910351049608,57.5665570996360856,12.8869224290019346,525.9581127924797102,14.4659902424677469,13.7208630670593799,21.9302494942448511,15.8745331355012986,-5.4578662212409466,497.5899974351074206,9.3465694633178167,41.3829514771162579,475.6597476379046725,13.2576957991297988,12.5070058387350240,4.1135619128286312,542.5425794312700418,16.2699393726830799,10.1648966090703148,538.4290169811778242,4.1374863026519355,4.6241705481736961,-2.4064108266203883,2.2154849510111889,689.4638219223272699,14.6685070304868184,3.3639948577877421,691.8702327365149358,12.1176554576781790,11.3994505830386448,417.3774615821558314,3.7769921368888473,6.2946270702546654,7.8402292258654480,420.5605367281285680,5.4306974780275441,8.0351544158584929,8.8914790266434718,3.1830751410790357,1.6537048795175311,1.0512497630308757,-2.2996685482262182,5.4827436370992109,-0.8049728227547812,-0.7862320123328859,-0.8335553112118199,399.6516668981003022,-7.1227507778202215,-3.4418267062720620,5.0153369438900608,-17.7257946857002295,-10.8997425321324446,-2.8248919750781054,8.4768095076129448,-26.2026038998067996,3.9239264618873722,3.8331321773801106,422.2507042201843888,10.2530497655100934,9.0615699154213107,2.3828774139273063,4.8732426337367967,6.4760572935770817,-5.4573515533785386,6.5792956037149413,-1.7060527528500042,0.0713972957175934,0.0681907300587274,4.6427049204024060,5.9086184118523102,2.6758693501100659,8.5433641308283619,-2.1265356130163986,-6.8321679518065501,-4.4430419706939670,-3.9636934195402778,4.7056320558400824,8.9793485355593745,0.4793485572027126,630.6147603170892353,1.1419681258048648,-0.6113384311731057,631.0652865194970218,-3.6348773744497369,2.7621807313044990,238.7468548131736554,2.7285553975925434,-2.5668509809664242,-2.8214792404918878,233.2889891526924941,-0.0606437487429509,-0.0836825441722849,-0.0576115715607442,5.4578662068577311,589.0774902876895567,171.7000285825911021,21.5226145331504242,15.7132150433798845,-2.0139050741117273,2.4323010211618703,28.6926312293514663,7.0172844192700410,6.9359655694511062,6.0098804381684223,5.2288482357023600,2.0010628936140433,488.9575589326564113,11.2029462383662768,12.2521392069333945,460.2649278234920303,4.1856614054857717,5.3161735431044663,5.9310039752916737,454.3339237955626118,-0.8189823716435349,-0.1013188459828938,138.7571803752973949,6.5151481331919028,0.3527095942473681,110.0645493449082721,-0.5021367544870152,-6.5832560581438759,-1.9854958236249303,112.0500460061380892,9.5504335106362959,10.7219285378105109,1.7501733005046844,0.0096276586409658,-1.2282489538192749,-13.1955844163894653,9.7493394613265991,5.2780915498733521,6.5201385533437133,-1.9617980606567325,-1.8985000699758530,3.1614513695240021,6.2579616159200668,-0.0000016918711891,-2.0138921570032835,1.2994035370647907,0.1115412707440555,0.0102435854350915,-6.6781550012528896,0.0568390965781873,0.1818357758456841,1.1834040531539358,0.6104101387318224,0.9057948179543018,-0.3558142036199570,0.0002196865461883,0.1137697283411399,0.0034830963340937,0.0400710763715324,-0.0015687241320848,0.4474718106212094,2.0245348513126373,0.6464777260553092,3.0295013114809990,-2.3706784024834633,0.3851044750772417,-0.5618224634781654,0.2483805939555168,,,,,,,,,,,,,,,,,,,,,,,,,,,,,,,,,,,,,,,,,,,,,,,,,,,,,,,,,,,,,,,,,,,,,,,,,,,,,,,,,,,,,,,,,,,,,,,,,,,,-50.0000000000000000,,,,,,,,,,,,,,,,,,,,,,,,,,,,,,,,,,,,,7.5042611843984588,9.4227868335203873,81.0000000000000000,132.0000000000000000,573.0000000000000000,-8.9005235602094235,0.1088923150177206,0.2840541012216405,,,,,-56.7303100432509950,-5.4873399999999997,,0.0564546264434857,,,,,,,,,,,,,
"2007Q4",9.3116731011593004,693.0406200873160287,666.0309591743109650,532.9190141088910195,479.7444010691290259,501.6943784806300073,545.9567143269799772,418.7001022251483846,422.0000041230726424,400.1323694198429735,424.1985774374169864,7.1421032228262380,7.6596593095543763,630.1010478899972895,598.9766812639450109,2.5871124291710235,31.3678601553074969,4.7864974408582821,2.0920223049585736,496.9127842452502932,148.6679394896526958,11.5664128295346700,3.0591284169510260,694.9449541456493762,669.2800091604287900,483.3295172049413395,529.6285807938863854,479.0192308879240954,539.4456268167436974,4.6608644158829851,-25.2376229275968456,-1.6892093092379923,233.2842355091876527,2.7834138584641548,-4.6870466623914133,9.8859665378764898,-1.1455936525006132,-1.9043327306795175,9.3116728695570874,9.8859665378764898,0.5712999176610968,-1.1455936525006132,-0.5833070615240759,-3.2490523717781477,-0.9804993192179530,-5.5584409180137699,666.0309566776173824,5.5186992051412957,-2.6776840932619841,669.2800091604287900,7.0722657616879872,6.9968385462249092,-3.5851163490108755,-1.2211663495173699,-5.5584409497290270,479.7444005703235916,99.0389347741718353,12.7942519280704250,483.3295172049413395,15.4382809340888869,14.6299567947684466,3.2904316057086231,532.9190123310343097,-3.5335177942012157,17.4404536416959566,529.6285807938863854,14.6818757354787461,14.1445014875453907,22.6751485919338798,16.5177988446946102,-6.1846683021809765,501.6943799347151867,16.4175298273917392,39.8946468497192654,479.0192308879240954,13.4379327636197932,12.9327305015117400,6.5110851470936009,545.9567125152073004,13.6565240648646338,7.9087813892404286,539.4456268167436974,4.0664357452735569,4.3635443182319822,-1.9043327306795175,2.1280705518391430,693.0406214008570487,14.3071968340660138,5.4276968558179357,694.9449541456493762,12.2988885306046587,11.8012979826979567,418.7001022251483846,5.2905615530396011,8.0537059727396336,7.3970126185946201,422.0000040428038801,5.7578681039527932,8.9439485357054380,8.8361271443199794,3.2999018121139483,0.4673062505401844,1.4391153191163459,-1.9849349796428490,5.2848366977251926,-0.7916271511028187,-0.7980716102165675,-0.2865324340286826,400.1323688538620331,1.9228069061217874,4.0669586062731815,2.8875660423093006,-18.5677333746784612,-3.3677542452304383,-4.5094459333609267,6.6698899529447093,-25.2376229275968456,3.8599229659366414,3.8906187482167711,424.1985774316432298,7.7914952700953330,7.1519660903311166,1.4245060914682195,5.4984751982017013,2.5009333286552566,-5.9725060085728483,7.1876851728186155,-1.6892093092379923,0.0673690856879612,0.0697793358573941,4.6608644158829851,7.1421032552588075,4.2576348641014778,8.7266096025085851,-1.8018450177710053,-6.6592176807465577,-4.7181003528962666,-5.5584410180214636,4.8573723206088433,7.6596593262812078,-0.8403406641992431,630.1010480143808081,-2.0548496312635924,-0.8926095564256329,631.1475425519823830,-4.6870466623914133,2.7834138584641548,239.4689040796615132,2.8881973723419989,-2.1087555296648426,-2.2363502142007365,233.2842355091876527,-0.0190145396494696,-0.0682173008519031,-0.0180638123396208,6.1846681439608107,598.9766810118819649,180.2765787622752498,34.3062029620637290,19.9080126005437172,-1.9736476146627464,2.5871124291710235,31.3678601035165237,10.7009161069856162,7.6199827678827736,8.9567849431638322,4.7864974408582821,2.0920223049585736,496.9127842452502932,31.8209003184615256,19.2953580370901818,465.5449239878655021,21.1199849319783155,11.6753754134521657,11.5664128295346700,453.9785113278140898,-1.4216498080203439,-0.5899920398986109,148.6679394896526958,39.6430349014270647,9.2024558738558468,117.3000795415374995,28.9421196274356234,1.5824732565449628,3.0591284169510260,114.2409504758223306,8.7636201123050199,9.9418826547356627,-1.4746368378400803,-0.0100847287103534,-1.0825133025646210,12.5207632780075073,-1.8083507418632507,6.5084625482559204,3.8630549171939492,-2.1437071815640039,-1.8851928263902664,1.5873379707336426,-1.1372303515672684,0.0000006958322064,-0.7638362720608711,-1.2717543747276068,-0.2476987484842539,-0.0227478452434298,14.5937930960208178,0.0408940352499485,0.1337385885417461,0.8867290163761936,0.3117552318144590,0.5991710312664509,-0.1081270612776279,-0.0054716244194424,0.1303628693567589,0.0031115169113036,0.0385970236529829,-0.0025488093961030,0.3007494742050767,4.6910351216793060,0.2073663047049195,7.8891902081668377,4.5085414722561836,0.2910657031461596,-0.6845656656441861,0.1682318220846355,,,,,,,,,,,,,,,,,,,,,,,,,,,,,,,,,,,,,,,,,,,,,,,,,,,,,,,,,,,,,,,,,,,,,,,,,,,,,,,,,,,,,,,,,,,,,,,,,,,,-49.0000000000000000,,,,,,,,,,,,,,,,,,,,,,,,,,,,,,,,,,,,,8.3519764991337091,9.8924257567917362,78.0000000000000000,140.0000000000000000,599.0000000000000000,-10.3505843071786305,0.1234237283061015,0.9274447151919865,,,,,-56.7303100432509950,-4.4863799999999996,,0.0855981663832849,,,,,,,,,,,,,
"2008Q1",8.8795255982251700,691.3246689580470274,666.1184437549469521,523.0505050765409578,481.4686211724369969,486.8841282481229769,523.1113918596789745,422.5444058159674228,426.6740076159547357,398.7295598670669960,430.7751333868549750,7.3838888334870472,7.5069503250441247,629.8489888916257087,606.0995459961879988,2.6079776655489995,35.1220457536146853,3.1056708945153497,2.1008769181255378,508.0335192814720244,161.3495066261350246,19.4526896110306211,9.9939503246648655,697.8577356046549767,671.0201005339387166,487.0609315127946957,533.1583485066003050,482.2021059222036570,540.6165513838619745,4.7136586922774493,-24.3333089667769684,-1.6750049394660873,233.2981197645095790,2.8337858193930106,-3.7971712961845174,9.8849898577540429,-2.9653831556807386,-6.5330620869815048,8.8795257129423479,9.8849898577540429,1.9599190682402852,-2.9653831556807386,-1.4831799947382993,-4.9016616033139346,-3.7184928908991282,-6.7354425648232441,666.1184385366041170,0.3499174065901141,7.4757702763061094,671.0201005339387166,6.9603701392093962,7.0122937263890854,-5.5923143008571046,-4.1031908396719494,-6.7354424062596969,481.4686171864821063,6.8968551216547027,22.9706850874965305,487.0609315127946957,14.9256506411850047,14.9438463360862173,-10.1078382012411581,523.0505099142077370,-39.4740100999535741,1.5081796428453469,533.1583485066003050,14.1190724627429898,14.3032975056899918,4.6820224179849239,4.7193048919417482,-4.9989076965977093,486.8841287483069209,-59.2409971431887286,-5.4410764566530210,482.2021059222036570,12.7314974186884928,13.0430842638245252,-17.5051633644136508,523.1113911526523452,-91.3812988250750493,-11.2604890892498659,540.6165513838619745,4.6836977956346697,4.3401546854066577,-6.5330620869815048,-2.7582519923151945,691.3246735857054546,-6.8637962082886936,9.5794698601974346,697.8577356046549767,11.6511302607884630,11.9220407502940784,422.5444058159674228,15.3772126843497023,11.7269472823079148,6.6203523188655176,426.6740080090135621,18.6960146623122014,12.7228908594493575,9.0881603981196513,4.1296021857211951,3.3188015237590092,2.4678082141782647,-0.9699098509617167,5.0995120265443505,-0.7412984973563522,-0.7903774849901418,-4.2266683123979254,398.7295598607985312,-5.6112373575828629,2.3249279039617683,-7.3359872995088988,-23.8148459648335127,-20.9884507432336065,-13.9563398780716028,0.5184634070492669,-24.3333089667769684,3.6172549896360611,3.8536457086252272,430.7751336616511253,26.3062251143645192,22.2468601503568024,10.8969658704614840,8.2307278397038868,10.9290118708709816,4.2766128341638874,9.9057328950749799,-1.6750049394660873,0.0568173672894461,0.0677618733906857,4.7136586922774493,7.3838911950051118,5.3372644095468846,8.9597804801028200,-5.3389997350397334,-10.3264205703831280,-5.7423928155089801,-6.7354427140222715,4.9874202905408902,7.5069502980748908,-0.9930496628783915,629.8489889158743154,-1.0082359726051757,-0.7549410731877597,630.7886998448976783,-3.7971712961845174,2.8337858193930106,238.2970266859065021,-4.6875072029232472,-0.2228985561694309,-1.9332201788057937,233.2981197645095790,0.0555342377636640,-0.0325347679264943,0.0527575156719788,4.9989073079078850,606.0995450639790079,183.5551395291365395,13.1142420533583586,25.6612126139776748,-1.8842261344387836,2.6079776655489995,35.1220457811987004,15.0167423932287534,9.6202038604304771,12.4094471829199513,3.1056708945153497,2.1008769181255378,508.0335192814720244,44.4829409323099298,26.1744758642855082,472.9114736685234561,29.4661978209372002,16.5542721057669411,19.4526896110306211,453.4587840251106741,-2.0789094843634652,-1.1513187128185383,161.3495066261350246,50.7262734941759277,23.4128275573879705,126.2274618096423211,35.7095300719512423,13.7926238590965191,9.9939503246648655,116.2335099125955793,7.9702365813196767,9.1549763803858948,-1.9545992314815521,0.0004122001118958,-0.7618147730827332,-1.5306599140167236,-12.2466213703155518,-11.8607032299041748,-12.2635026397183537,-6.7679931541902132,9.1947109699249268,-11.4573789834976196,11.0434398055076599,0.0000011922289734,-0.3681018576025963,-0.2367430347949266,0.0593155845999718,0.0054473489290103,-9.1698462553322315,0.0940837941379868,-0.0022331832442433,0.0153331264154986,-0.4647746291011572,-0.2784895747900009,0.5766330640763044,0.0309791015024530,-0.0547019902151078,-0.0038148138410179,0.0735980492900126,0.0287133904785151,0.1760919722728431,6.0599581301212311,-1.1195795999374241,12.2815136983990669,7.7607878297567368,0.2180568287149072,-0.7994246557063889,0.0829774839803576,,,,,,,,,,,,,,,,,,,,,,,,,,,,,,,,,,,,,,,,,,,,,,,,,,,,,,,,,,,,,,,,,,,,,,,,,,,,,,,,,,,,,,,,,,,,,,,,,,,,-48.0000000000000000,,,,,,,,,,,,,,,,,,,,,,,,,,,,,,,,,,,,,17.2835131701688027,17.3215963919461018,70.0000000000000000,151.0000000000000000,607.0000000000000000,-13.3443163097199342,0.1387814191093825,0.2723064250411861,,,,,-22.8836150366952253,-6.8168299999999995,,0.1262593754055554,,,,,,,,,,,,,
"2008Q2",8.5513100378753606,698.6955106191289815,670.6735830683379618,525.4588423273370381,505.9562233187820084,489.4057559227010188,537.8117246225109511,428.6290817815304308,433.3785048462087843,401.5351396116869864,437.4062755274860024,6.2348625064535295,7.8653183503535464,629.7754783768856441,610.0654421406200072,2.4377312945879694,38.8822548192414246,2.8903895280153589,2.2278985534009492,514.9725884243457585,176.4417173825819134,23.3220105977793537,19.5314717141715164,700.3277823411265217,672.6848070379758155,490.3703473257592691,536.2770328444080405,484.9175842146360083,542.1771134698005881,4.7426813569781210,-23.4592849174741183,-1.6627053527697844,233.3272245237800178,2.8679679355458498,-1.9844652962791602,9.9327850143275196,-1.8711565848227139,-1.6322748191892205,8.5513100215498703,9.9327850143275196,0.4896828597825163,-1.8711565848227139,-0.9116808524465027,-2.0112329411891365,-1.2449541086501625,-8.6254521332658385,670.6735744022023482,18.2205411843025367,7.9068273693625208,672.6848070379758155,6.6588272795467383,6.9345949050840057,15.5858652963079543,10.2615479012911628,-8.6254522255192452,505.9562121641459385,97.9503887355512290,47.7030914918452922,490.3703473257592691,13.2376761955544069,14.6655585484263433,-10.8181891186361696,525.4588420047807631,9.6333378945671626,6.0480878797043136,536.2770328444080405,12.4747284420107185,13.9354153146007818,4.4881744472096008,4.1310796082939838,-1.9520036267867082,489.4057585000674067,10.0865056885957927,-5.8476006220253032,484.9175842146360083,10.8619052351560104,12.5722582332652504,-4.3653917833813045,537.8117212286003905,58.8013219907320774,-0.6633717974931215,542.1771134698005881,6.2422566010044571,4.7824689224796213,-1.6322748191892205,-0.8565581390305317,698.6955074828377974,29.4833186613705749,12.8988094930521022,700.3277823411265217,9.8801815260098156,11.4869629003561862,428.6290817815304308,24.3387061392134321,17.2733506548259257,12.1958683202600575,433.3785037917181739,26.8179835865246652,17.3437949938912865,14.1756418997517688,4.7494220088824601,2.4792790674540055,1.9797730128811655,-0.1711006138536517,4.9205224239631891,-0.7159573312243674,-0.7634641392869245,-0.9154173360090461,401.5351384477904162,11.2223169799437770,14.7637281531601197,0.1027845487441796,-27.0939433370400700,-13.1163890979308011,-12.0930838449870617,-3.6346578409351147,-23.4592849174741183,3.4960922937360017,3.7242995931172551,437.4062748925848609,26.5245684394728976,22.3205679509868702,17.7188345518416419,8.7771930986631528,2.1858623129446055,5.5229653350774548,10.4399001678935761,-1.6627053527697844,0.0491960420990860,0.0611954225402654,4.7426813569781210,6.2348604110235346,8.2357793215178958,9.2331926017760715,-11.1089341021645929,-16.3154031945461426,-7.9907705601070322,-8.6254523527892371,5.2064684339825877,7.8653183503535464,-0.6346816146286509,629.7754786838016798,-0.2940439893733757,-0.5537898205924723,630.6963939554213994,-1.9844652962791602,2.8679679355458498,235.2792298492645102,-12.0711931884656405,-2.7854866758593109,-4.9760092477668625,233.3272245237800178,0.1164230869774524,0.0230748223687884,0.1106019494931064,1.9520032469097925,610.0654404502672605,181.4363584869202555,-8.4751261771707256,15.1169808762271742,-1.8238591999161098,2.4377312945879694,38.8822549363137142,15.0408362625069572,11.9439447142442940,12.4287214500593759,2.8903895280153589,2.2278985534009492,514.9725884243457585,27.7562750923632073,28.8157659794974776,476.0903332826877659,12.7154389354619788,16.8718209833922259,23.3220105977793537,452.7683228169039467,-2.7618446054905732,-1.7703464561810667,176.4417173825819134,60.3688296181826161,39.3133199660368149,137.5594588089849140,45.3279937757501870,27.3693750553067900,19.5314717141715164,118.0279874278120644,7.1779098260531411,8.3655502268301234,-0.7893379926681519,0.0364747995045036,1.2578241825103760,19.1215090751647949,-4.2480936050415039,0.0307903289794922,-6.0587265882641077,-2.0718957094070993,9.3196680545806885,3.1856344938278198,1.7901978194713593,-0.0000006194833297,-3.7245561853051186,0.2590630203485489,-0.1895924620330334,-0.0174115541740321,-26.5975012406706810,0.0739713953080354,-0.1974747092463076,-1.1856426938902587,-1.5519428350962698,-1.4769673570990562,1.5487930318340659,0.0124869841092732,0.0425365497358143,-0.0019395860290388,0.0636655520793283,0.0175607166238478,-0.0137677143793553,2.6313891112804413,0.0098002585582435,11.2613429352641106,12.2358874827623367,0.3371093217283487,-0.8908261727774516,0.0046963598579168,,,,,,,,,,,,,,,,,,,,,,,,,,,,,,,,,,,,,,,,,,,,,,,,,,,,,,,,,,,,,,,,,,,,,,,,,,,,,,,,,,,,,,,,,,,,,,,,,,,,-47.0000000000000000,,,,,,,,,,,,,,,,,,,,,,,,,,,,,,,,,,,,,12.8422993334955500,13.1901673362142287,84.0000000000000000,187.0000000000000000,686.0000000000000000,-15.0145772594752192,0.1337289496719496,0.3331934106413994,,,,,-22.8836150366952253,3.9406431620000006,,0.1629215728555375,,,,,,,,,,,,,
"2008Q3",10.7497038484832004,700.7142480624679592,672.5256656176719616,538.1229763090419738,508.5035197277910015,478.2012673590350005,542.7438204170910012,435.2086778401924789,439.1120387931030677,412.0816458547760135,444.4276041260919783,6.7970126439267213,8.3176044367692406,630.7096604075961750,613.3943503536520439,2.0731518227046108,41.2105275080773481,3.1377212655659772,2.3642153797285248,509.1714898801503750,187.8232834689289916,16.0480946998974900,26.9818510331403019,702.3170191141352916,674.2694968921892951,493.2039223366884357,538.9462663845905581,487.1352888420249201,544.1623368801003835,4.7414738723739784,-22.5851483996039768,-1.6511531624007239,233.3676567111113798,2.8786167299703549,0.6247063558969308,10.0014381307627804,0.2674353030860630,-1.6027700873259543,10.7497046489569055,10.0014381307627804,0.4808313733669293,0.2674353030860630,0.1680442163747246,-1.7438312648148020,-1.2606338026809492,-6.1261802343679044,672.5256652297806568,7.4083379853401610,7.8743877605144457,674.2694968921892951,6.3387669690656665,6.7575563529667138,15.2996008244147017,9.8207206866757577,-6.1261806130795735,508.5035229553519116,10.1892347509807415,53.5188602296931677,493.2039223366884357,11.3343165706808477,13.7339795425445832,-0.8232805883751503,538.1229855540376548,50.6565717870475893,4.3205865573005813,538.9462663845905581,10.6769253329667038,12.9881504730260708,-8.9340263817236671,-4.9970895574147853,0.5595063943632601,478.2012624620363113,-44.8179804480352999,-19.3887373488150878,487.1352888420249201,8.8708171848431423,11.4755390126065073,-1.4185149785152347,542.7438228281430384,19.7283882645664121,0.2012449722512804,544.1623368801003835,7.9408977354537198,5.7333224141998773,-1.6027700873259543,-1.5081590849924746,700.7142489941853682,8.0749461228720154,11.2504253296566858,702.3170191141352916,7.9569497384576806,10.4467888335828274,435.2086778401924789,26.3183817889287894,17.4615177343954358,17.8312137389490921,439.1120392363598057,22.9341379502508467,13.9579721239331409,18.5515022448457430,3.9033613910636453,-3.3842422796376477,0.7202862849045304,-0.8382108863304036,4.7415724146968907,-0.7158008213665217,-0.7411711340326052,-1.3941155407965216,412.0816444329856267,42.1860191264858102,32.2912904468403212,12.4299767404185815,-23.1270334164137523,15.8676387674676693,-5.4012387216951989,-0.5418854418256256,-22.5851483996039768,3.4965498295464288,3.6174555134673350,444.4276037938954573,28.0853140110173136,23.0168716711048660,22.1769005246755100,9.2189259297699451,1.7669316506175909,4.3456840359937035,10.8700792962105588,-1.6511531624007239,0.0462085155374576,0.0548977551171629,4.7414738723739784,6.7970137462069360,6.9734603298574367,9.4221356182088662,-7.1609565372588362,-12.5574192881969768,-5.9437849687892221,-6.1261806586955423,5.3964626338344619,8.3176044430804197,-0.1823954843888801,630.7096603203663108,3.7367270473092891,0.0948997327464294,630.9416163019041051,0.6247063558969308,2.8786167299703549,232.8081484415992861,-9.8843195206556906,-5.9387054864990843,-4.1824261815625920,233.3676567111113798,0.1617162611329165,0.0786647495012966,0.1536303316484295,-0.5595059150977675,613.3943501125078228,178.1856719428938334,-13.0027394466538873,6.4856471888474099,-1.8499682573160849,2.0731518227046108,41.2105273645828518,9.3130907553436941,12.5178968188710424,7.8465264716597041,3.1377212655659772,2.3642153797285248,509.1714898801503750,-23.2043947964425357,20.2139307411563216,467.9609618946940941,-32.5174871977150275,7.6960340278413071,16.0480946998974900,451.9128677791129007,-3.4218212626430717,-2.4210562408794392,187.8232834689289916,45.5262896800028116,49.0661099650349470,146.6127589020104267,36.2131972004880538,36.5482131014875762,26.9818510331403019,119.6309069446233480,6.4116697236190960,7.5808644689855962,0.3497635126113892,0.0471796337515116,-0.6523433923721313,4.9865825176239014,6.2085423469543457,-12.8319664001464844,-4.0958772171288729,-0.6625092714048852,4.8074796199798584,20.2385836839675903,2.9631055444478989,-0.0000002933671784,-2.3741571754217148,0.3888180069625378,0.3706092815846205,0.0340355444932356,-9.6538612321019173,-0.0064678978087613,-0.2310694465413690,-1.4854259768035263,-1.7218459681607783,-1.6919442638754845,1.7668028511106968,-0.0148410337278619,0.1520404771436006,0.0019320838619024,0.0511142245377414,-0.0025543334268150,-0.2183156174141914,-3.1156296730041504,0.4293570914305747,1.5884476006031036,12.7238778024911880,0.3591067427769303,-0.9361610852756712,-0.0484551377594471,,,,,,,,,,,,,,,,,,,,,,,,,,,,,,,,,,,,,,,,,,,,,,,,,,,,,,,,,,,,,,,,,,,,,,,,,,,,,,,,,,,,,,,,,,,,,,,,,,,,-46.0000000000000000,,,,,,,,,,,,,,,,,,,,,,,,,,,,,,,,,,,,,8.4010854968222883,9.0587382804823378,83.0000000000000000,205.0000000000000000,749.0000000000000000,-16.2883845126835780,0.1272999231230758,0.3008224299065420,,,,,-22.8836150366952253,-3.1806999999999999,,0.0764239957503288,,,,,,,,,,,,,
"2008Q4",9.2998280358010899,701.8673971548670352,673.3802138208490078,547.2814359144040282,495.2909619577139892,481.7419215170560278,545.6736982168999930,438.6772326110539666,442.1726803495111540,419.3248119062189971,443.7652709402950109,7.1514134873996467,8.0290939026430657,631.8744004551761009,613.1890847714220172,1.5094941742564705,40.0429678736523229,2.8632807297488454,2.3875144051169950,484.4113678815369326,176.5383680975053267,-6.5443333003898942,15.4344271641724617,703.9141640047990904,675.7931920235889720,495.6368151263305322,541.2429406618997518,488.9699207414998341,546.5083919388141567,4.7162954724768769,-21.6915154897389293,-1.6395089990355709,233.4157580148143438,2.8804477299035560,5.5227972635712357,10.0669924112429641,-1.3811936046578279,-2.0467634662249323,9.2998283266041941,10.0669924112429641,0.6140303121583254,-1.3811936046578279,-0.6578197682604991,-2.4129754401955865,-1.8653400200734318,-1.7474763559721365,673.3802163545085477,3.4181877559928271,7.3492545356218191,675.7931920235889720,6.0947821743570350,6.5131869867392789,-0.3458510033321873,-0.5631397117779464,-1.7474765170290771,495.2909635219598954,-52.8502524452049300,15.5465581414837377,495.6368151263305322,9.7315711368199622,12.3073036571421870,6.0384998908087129,547.2814398770464095,36.6338369367272918,14.3624190846521422,541.2429406618997518,9.1866991763385126,11.6143580363761316,-7.2279955493144730,-4.4550203231723939,3.6710704180452898,481.7419239775705364,14.1626530288337342,-19.9524528395153418,488.9699207414998341,7.3385311463633069,9.9506873858963907,-0.8346904278069474,545.6737074979656654,11.7195342431949321,-0.2830055614426810,546.5083919388141567,9.3842205146464934,7.0627681579926440,-2.0467634662249323,-1.5324719706028460,701.8674005214468252,4.6125988093685120,8.8267739556508289,703.9141640047990904,6.3885894918447432,8.9692121375553810,438.6772326110539666,13.8742181435351934,7.3482309127227960,19.9771282891410920,442.1726811083743200,12.2425683565493522,5.8789941063183777,20.1726758728448132,3.4954484828882109,-1.6316511460206047,0.1955465947806369,-1.0631955946730662,4.5586439352729666,-0.7317134133533181,-0.7261925043455260,-2.3716252378871969,419.3248124050734873,28.9726697538011351,18.8022895948174202,19.1924446207384491,-19.3524202205513198,15.0984517460064698,-0.7846862777479687,2.3390960604981412,-21.6915154897389293,3.5745313453887562,3.5461068886195917,443.7652708353957678,-2.6493314459313275,-2.5346385637847781,19.5666932132063636,5.0880382043508865,-16.5235510129957639,-0.4104363725564575,6.7275480663891614,-1.6395089990355709,0.0465719892702538,0.0496988370122241,4.7162954724768769,7.1514136847179381,-0.6982019199267961,9.4353283216472779,1.2724200005088979,-4.1783268453126166,-1.2765700159898632,-1.7474763898104047,5.4507463163773808,8.0290937975207264,-0.4709061604846536,631.8744005417553353,4.6589609782034334,1.7733525492198359,632.0930409484778920,5.5227972635712357,2.8804477299035560,229.7446876120579873,-12.2538433227326422,-9.7242156029736986,-3.7842729498984689,233.4157580148143438,0.1924044503868896,0.1315197809317910,0.1827842111366766,-3.6710706022530899,613.1890864213046370,174.5118538675285436,-14.6952716503074505,-5.7647232654130391,-1.9063645941566043,1.5094941742564705,40.0429681598002603,-4.6702385377001008,8.6751087351455478,-3.3401370038500531,2.8632807297488454,2.3875144051169950,484.4113678815369326,-99.0404850386750297,-12.5014151355748400,444.3684003413224559,-94.3702483638855369,-21.1765237970209093,-6.5443333003898942,450.9127333045171895,-4.0005381644555200,-3.0657783486113672,176.5383680975053267,-45.1396703127792591,27.8704268901478116,136.4954002764305869,-40.4694338907207367,19.1953179820806845,15.4344271641724617,121.0609733291751837,5.7202693749864668,6.8200205675785748,-1.9850434660911560,0.0397003530524671,-0.5112960338592529,-9.6539669036865234,6.5736334323883057,-1.8085217475891113,-0.9174280613660812,-0.2827971302393433,1.1727315187454224,2.9923647642135620,-15.0335909277200699,0.0000013461078561,-0.2785148993134499,-0.3067501522600651,-0.0413389932364225,-0.0037964389775880,-7.2064612507820129,-0.0393660900881514,-0.1709970766678452,-1.2799806937109679,-1.4322466272860765,-1.3326963558793068,1.5964169846847653,-0.0389326108997921,0.2296101714018732,0.0049843207962113,0.0387739765865263,-0.0103072855927167,-0.4392685540951788,-12.5167635977268219,-0.0429488294757903,-16.4941516146063805,-4.2623250782489777,0.2597205219790339,-0.9208989960243343,-0.0502298658248037,,,,,,,,,,,,,,,,,,,,,,,,,,,,,,,,,,,,,,,,,,,,,,,,,,,,,,,,,,,,,,,,,,,,,,,,,,,,,,,,,,,,,,,,,,,,,,,,,,,,-45.0000000000000000,,,,,,,,,,,,,,,,,,,,,,,,,,,,,,,,,,,,,3.9598716601490627,4.9273092247504806,83.0000000000000000,203.0000000000000000,788.0000000000000000,-15.2284263959390866,0.1235727682813524,0.3379479695431472,,,,,-22.8836150366952253,-9.6381200000000007,,0.1454083117135737,,,,,,,,,,,,,
"2009Q1",11.7285861100864999,703.0824808229730252,677.5989823528229863,545.9471168204670448,510.4519625342160225,483.2907271828220246,555.5672868531310087,440.0557328962231622,443.2888808657938284,423.3958762647769731,441.8684630166440002,8.8956705832149527,6.0181432171564531,634.1264655090370752,609.0073011176849604,-0.2631804786227820,37.2154970202299182,1.7205466742888345,2.3342600971795746,480.7653927770491578,157.2875478518732564,-6.2483696148860304,-2.2817283465269611,705.2917887964700867,677.2912718203070881,497.8320398099497197,543.3254141670238369,490.6193992649151596,549.0844405805881934,4.6798978781087026,-20.7662170017704746,-1.6266097998168065,233.4694536479792362,2.8711372058459137,8.1991813627102825,10.1684019316743139,0.8973941784739116,-2.2092992500800563,11.7285865247504510,10.1684019316743139,0.6627909449110880,0.8973941784739116,0.4994017669380798,0.3077197200679419,0.1553151604761824,-0.1926980911636625,677.5989909807997265,16.8751068089293845,11.4805491192035358,677.2912718203070881,5.9923211437760804,6.2711734500681331,12.6199377555672037,8.1395983767906763,-0.1926978960294349,510.4519764707221157,60.6440796491781313,28.9833663161153225,497.8320398099497197,8.7809040578728794,10.7711161410227394,2.6217021318732554,545.9471165562936221,-5.3372893578678013,22.8966050482834369,543.3254141670238369,8.3298830599197107,10.1670588935674751,-7.3286695225530254,-5.5256852129140217,5.4163721665713211,483.2907301885170455,6.1952417929618981,-3.5933955499218806,490.6193992649151596,6.5979179823128327,8.4172939999636949,6.4828535433023857,555.5672949226182027,39.5743537894507114,32.4559033477545213,549.0844405805881934,10.3041875687309830,8.4678893499772006,-2.2092992500800563,-0.3642517528745033,703.0824894421186855,4.8603534258724927,11.7578046941612797,705.2917887964700867,5.5104982430468370,7.4340542212875267,440.0557328962231622,5.5139992905219559,1.6563762570436391,17.5113247457415220,443.2888819381925032,4.4648044711966168,1.0600549237530581,16.6148727503047873,3.2331490363241184,-1.0491973424760432,-0.8964530265661760,-1.1360170094764452,4.3691663115475032,-0.7579115907506468,-0.7303457799768330,-2.8507127834558168,423.3958771829999250,16.2842568693631300,8.1235993063598642,24.6663153689631649,-16.6598557100887632,10.7702543520551384,7.1549888289438126,4.1063596197126131,-20.7662170017704746,3.7011982025126242,3.5670927031639059,441.8684633380159426,-7.5872297568636471,-6.5968492881849379,11.0933302508660141,1.8127304331566714,-13.1012305809905278,-6.4179955020757857,3.4393420604367075,-1.6266097998168065,0.0515985513921336,0.0483934230619271,4.6798978781087026,8.8956722664019772,-4.5027645285805082,9.3314245164609346,7.8356182270593937,2.4261796843046071,2.2891586217255204,-0.1926979814283111,5.4094383293226205,6.0181431625165729,-2.4818568833381107,634.1264652431702871,9.0082591990269432,4.2774759056072229,633.4897803505874663,8.1991813627102825,2.8711372058459137,228.0530805001637020,-6.7664254989375578,-10.2439445267429399,-3.6645995307890988,233.4694536479792362,0.2147800100520220,0.1713326464371822,0.2040410138001590,-5.4163721146427362,609.0073029291459079,168.9515708744647782,-22.2411327377420491,-14.6035683952282955,-1.9855168572260473,-0.2631804786227820,37.2154972128397645,-11.3098834136896187,2.0934518984406942,-8.6518536359019862,1.7205466742888345,2.3342600971795746,480.7653927770491578,-14.5838988124283020,-27.2681258813007013,443.5498960841007943,-3.2740164390695163,-29.3615778569199577,-6.2483696148860304,449.7982653109842772,-4.4578722515706222,-3.6605189447997923,157.2875478518732564,-77.0032759140099188,-4.0619570480938343,120.0720523037513630,-65.6933933339573741,-6.1554086063532480,-2.2817283465269611,122.3537824302306660,5.1712366701256842,6.1202720512628543,0.6352240443229675,0.0767059088684618,2.2699732780456543,13.3384413719177246,-1.3033182621002197,-1.9572448730468750,2.8495951630175114,-0.8848841908657903,0.2398347854614258,-0.4232560396194458,-2.1816585659980774,-0.0000018899563623,2.3322701752185822,-2.0580413043498993,0.9574758950620890,0.0879314591293223,-13.9428452551364899,-0.0677616371685872,-0.0416727145202458,-0.7080382646527141,-0.8137393253855407,-0.6176379397511482,1.1452272953465581,-0.0526697480236180,0.2860938983503729,0.0096837697055889,0.0319957608298864,-0.0212657152296742,-1.6821050248108804,-7.9697450697422028,-0.9661304457113147,-2.1908826529979706,-13.5488620102405548,0.1854972122237086,-0.8573877943963453,0.0229947213083506,,,,,,,,,,,,,,,,,,,,,,,,,,,,,,,,,,,,,,,,,,,,,,,,,,,,,,,,,,,,,,,,,,,,,,,,,,,,,,,,,,,,,,,,,,,,,,,,,,,,-44.0000000000000000,,,,,,,,,,,,,,,,,,,,,,,,,,,,,,,,,,,,,-13.5843759517699976,-10.2500284283511487,81.0000000000000000,216.0000000000000000,786.0000000000000000,-17.1755725190839712,0.1258023395315735,0.1388435114503817,,,,,1.2689617533770381,-2.5000000000000000,,0.0680544956305597,,,,,,,,,,,,,
"2009Q2",8.6326506594357006,703.7582417041919598,678.5762967701580237,540.1751059553660070,515.3264615323320186,479.0999522059460105,556.8012744666659728,439.6442899059321121,442.5726430722392593,424.9385391848600193,440.3913529541829917,8.2040710336209397,7.3080926531090729,634.2024876502415509,608.8697849623180218,-1.5786565272733644,34.6589219042648082,1.3861155448042883,2.3145509094540095,491.4099284104702861,139.4342467375975048,8.1552873959669228,-18.7792288999191896,706.6401835684710022,678.8020396789115694,499.9628144241267478,545.3707693782847628,492.3035294094590313,551.7447269895807267,4.5758586890582595,-19.7239108419693352,-1.6090081813527837,233.5130824355318282,2.8124280348204960,10.2517341833174314,10.2685942798830094,-2.5005257338633875,-2.8819431941010007,8.6326515660505141,10.2685942798830094,0.8645842604806183,-2.5005257338633875,-1.2001672101564613,-0.2257414948029041,-1.2319319552260473,3.3240183759246036,678.5762978348362822,3.9092290674135910,7.9027144999687655,678.8020396789115694,6.0430668617760848,6.1172337532483754,15.3636493397937848,8.9341772505813299,3.3240182057412477,515.3264632885077390,19.4979787543439258,9.3702539676565806,499.9628144241267478,8.5230947311931100,9.5924678061242190,-5.1956588398162795,540.1751106214366018,-23.0880164329853095,14.7162670877601620,545.3707693782847628,8.1814250272748623,9.0937331195305422,-13.2035731835268866,-9.9688561732823189,7.2243133156416208,479.0999556063943601,-16.7630964441492303,-10.3058068667722402,492.3035294094590313,6.7365142161099776,7.3859451080975962,5.0565444591817981,556.8012751998162457,4.9359300926426108,18.9895501706462326,551.7447269895807267,10.6411437402536446,9.5676116773555506,-2.8819431941010007,-2.6318309471503389,703.7582403986248210,2.7030142242108486,5.0627238548980635,706.6401835684710022,5.3935894929570720,6.3124074284977851,439.6442899059321121,-1.6457704059381331,-3.3232996750304817,11.0152063498825896,442.5726434374052474,-2.8649516013716676,-4.1365411734711861,9.1941382250531536,2.9283535219616539,-1.2191823424221933,-1.8210685471445491,-1.2270999159584530,4.1554531889604585,-0.8548521802105230,-0.7650693967826530,-3.7504172049626208,424.9385382453197622,6.1706473615403814,1.3944071301722474,23.4033989456665843,-14.7057516608825889,7.8164169326232624,12.3881912621655221,5.0181599773758272,-19.7239108419693352,4.1692249917883339,3.7353752002365574,440.3913527321733454,-5.9084390001501008,-5.0091224982288134,2.9850775345274183,0.7470628187471080,-4.2626686892305283,-8.0301294422969498,2.3560727364789322,-1.6090081813527837,0.0704016429692965,0.0536963064549308,4.5758586890582595,8.2040708670661111,-7.7077116142915987,9.0137749674138412,12.3406114458784710,7.0478425551820756,4.5159255888954650,3.3240180875143568,5.2927686657983735,7.3080927348722229,-1.1919073348426417,634.2024877631715754,0.3040908571171785,4.4270099836256103,635.2542231139278783,10.2517341833174314,2.8124280348204960,226.2887666165829899,-7.0572563903544214,-8.9904609629123549,3.2805359604160511,233.5130824355318282,0.1745155979599578,0.1858538895888810,0.1657897987584041,-7.2243136665978573,608.8697853790129102,169.2254953461919058,1.0956953220087600,-12.2108640441965175,-2.1107591079363872,-1.5786565272733644,34.6589223002167444,-10.2263004638604400,-4.2233321699090212,-7.7849872338319361,1.3861155448042883,2.3145509094540095,491.4099284104702861,42.5781423228095974,-23.5626595337322513,456.7510063602816217,52.8044420887950210,-19.3393273437677991,8.1552873959669228,448.5957189482440981,-4.8101853491370319,-4.1726042360840072,139.4342467375975048,-71.4132226556326088,-37.0074730019877833,104.7753226184523356,-61.1869232052372780,-32.7841407776878810,-18.7792288999191896,123.5545538031243922,4.8030918752692671,5.5265611264027568,-1.9809603691101074,0.0837139245122671,1.3713108301162720,8.7177295684814453,-6.8997650146484375,-6.9281792640686035,4.0113489925861359,1.0344045574995642,-0.6907882094383240,-3.6716814041137695,1.3871284723281860,0.0000001173804628,1.8967611417174339,1.0417638644576073,-1.2686318475753069,-0.1165070080314763,15.3418088927865028,-0.1217668583849445,0.1064107366837561,-0.0627145110629499,-0.1139492746442556,0.2245410010218620,0.6082146577537060,-0.1239510118030012,0.6401202240958810,0.0239629485877231,-0.0295254595985170,-0.0715954888946726,-1.3312669070437551,-1.5744452178478241,-0.3863743431866169,12.0292764306068420,-17.1135688126087189,0.2137168217450380,-0.7981003820750630,0.1489847248885781,,,,,,,,,,,,,,,,,,,,,,,,,,,,,,,,,,,,,,,,,,,,,,,,,,,,,,,,,,,,,,,,,,,,,,,,,,,,,,,,,,,,,,,,,,,,,,,,,,,,-43.0000000000000000,,,,,,,,,,,,,,,,,,,,,,,,,,,,,,,,,,,,,-9.2590545055472777,-6.9854032036562081,78.0000000000000000,210.0000000000000000,774.0000000000000000,-17.0542635658914712,0.1298533651934178,0.1850426356589147,,,,,1.2689617533770381,-6.7661200000000008,,0.1846100068504266,,,,,,,,,,,,,
"2009Q3",11.7800923764753005,704.2556540594810031,680.5988420938730314,538.3793571170309633,496.2682576605030249,482.4352741070309776,550.2036646776219868,441.2515395913422367,443.6044927369115953,429.7377998852480232,441.1462549910939970,8.8804213342109168,7.1754462780479482,634.3204341538190647,613.1870839285239754,-2.4437537132866560,34.1035212802923056,0.8304092056905423,2.2796846034859066,486.8998083573620193,126.2055551053668125,5.4688425364338968,-32.6050672697055148,708.0878739445693100,680.3514066723297447,502.1465029818612607,547.4964629760490880,494.1739655325877152,554.3915735817278119,4.5295510450624237,-18.6339572574845000,-1.5893224635320244,233.5599910854152768,2.7813454755891143,10.5175159319601956,10.3845521732566901,0.2458762561222628,-3.8322156940532501,11.7800930120496492,10.3845521732566901,1.1496654288844024,0.2458762561222628,0.1809169663374779,0.2474380087702673,-0.9569066100797338,1.1834999590406070,680.5988444176024359,8.0901832588599252,8.0731741287119796,680.3514066723297447,6.1974679944948594,6.0819088233054472,-5.8782400705245639,-4.8789064273949840,1.1834999486789255,496.2682623756408020,-76.2328118422350514,-12.2352652863760731,502.1465029818612607,8.7347413162228715,8.9425782160392924,-9.1171019441645775,538.3793603234431657,-7.1829855369257096,0.2563781918769652,547.4964629760490880,8.5027839221008641,8.5501984493769676,-11.7386835248975103,-9.5396950421724700,8.7405310343647642,482.4352814289146067,13.3413147757185016,4.2340188310914844,494.1739655325877152,7.4817568241394206,7.0386793694118639,-4.1879029813471877,550.2036716425224085,-26.3904122328798074,7.4598488352405541,554.3915735817278119,10.5873820251601298,10.2292353025964005,-3.8322156940532501,-2.9924068675523152,704.2556582752725944,1.9896749430539509,3.5414088882513819,708.0878739445693100,5.7907669650606906,5.7708608092140725,441.2515395913422367,6.4290004374639960,1.9407763197565076,6.0428621681967023,443.6044935223782204,4.1274025738573448,0.2077112310160483,4.4924550215650747,2.3529539282877501,-2.3015976028952050,-1.5504070903357992,-1.5789069691618063,3.9318607171777096,-0.8943701727016663,-0.8097117644262999,-4.8138770916877931,429.7377988996934732,19.1970409171539060,10.0218432073638297,17.6561546132392806,-11.5137406942953007,12.7680409021262715,11.6132915083645720,7.1202171388904461,-18.6339572574845000,4.3598161729403957,3.9511921408565671,441.1462546135617799,3.0196099807387422,2.9500385083240044,-3.2813483717509677,-0.1052849878863012,-3.4093921023046354,-9.3242112671529966,1.4840390290580656,-1.5893224635320244,0.0787416083277161,0.0618290606034540,4.5295510450624237,8.8804227753095013,-4.4810129937603342,8.8744627710491653,8.6727138567787261,3.4334314279328706,2.5080535984403052,1.1834998065569153,5.2392818901741016,7.1754462442948119,-1.3245538416913609,634.3204340604588651,0.4717860264124631,3.6107739151611828,635.2775903485127174,10.5175159319601956,2.7813454755891143,224.8194614375807134,-5.8772241525674112,-7.9886876545257923,4.7009112692515398,233.5599910854152768,0.1876335511332968,0.1923337390514015,0.1782518599519244,-8.7405309796304014,613.1870863520617831,171.9355473942912909,10.8402043426107024,-6.2501268071874510,-2.1858674168253622,-2.4437537132866560,34.1035209398312844,-2.2216024958900107,-7.1070065252462395,-1.3812313533627405,0.8304092056905423,2.2796846034859066,486.8998083573620193,-18.0404811396133269,-22.2716816116583303,452.7962872434426913,-15.8188765735017398,-15.1646751772479451,5.4688425364338968,447.3274448570132336,-5.0730966940784059,-4.5854230552258857,126.2055551053668125,-52.9147768492580752,-61.6177328382925538,92.1020314346146876,-50.6931720080257975,-54.5107263561471385,-32.6050672697055148,124.7071019462699581,4.6101930809863072,5.0761954345509022,1.1575860977172852,0.1120710228569806,1.5717265605926514,-14.6508681774139404,-5.7399237155914307,-1.0604333877563477,2.1749000232666731,-0.1647546345187800,6.0651589930057526,12.8214027881622314,5.5350718498229980,0.0000007643126753,2.4194643273949623,-0.2518372163176537,-1.0757108721882105,-0.0987897746381350,8.8196546882390976,-0.0841571459604893,0.2126041320152581,0.3938502869568765,0.3543834793381393,0.8381170779466629,0.2343446798622608,-0.0766234898474067,0.4094874016009271,0.0153801383567043,0.0218437548173824,-0.0498397969422513,-0.9598165857605636,5.5633824765682220,-0.6745357704348862,0.4125642105937004,-18.8962328583002090,0.1965887723490596,-0.7439300148762413,0.2874110087286681,,,,,,,,,,,,,,,,,,,,,,,,,,,,,,,,,,,,,,,,,,,,,,,,,,,,,,,,,,,,,,,,,,,,,,,,,,,,,,,,,,,,,,,,,,,,,,,,,,,,-42.0000000000000000,,,,,,,,,,,,,,,,,,,,,,,,,,,,,,,,,,,,,-4.9337330593245587,-3.7207779789612552,90.0000000000000000,215.0000000000000000,808.0000000000000000,-15.4702970297029712,0.1273098306234603,0.3111955445544554,,,,,1.2689617533770381,-4.5237400000000001,,0.1636119929943278,,,,,,,,,,,,,
"2009Q4",14.0001444529828003,706.1177202457499789,683.9479076414220344,544.7699743800079659,478.4103097287870128,479.8213677630930079,553.1557118957130115,444.2102319202332410,445.0262887698074223,440.4244372775600027,443.6898459065669726,7.7824865463305306,7.5868566985158710,634.6250324361191133,619.0500699245129681,-2.8643051179245260,36.6726154891293419,0.5184537031520494,2.1720457623096245,490.5703763221433746,133.7509944430059932,7.8768720987330312,-28.7651096606703334,709.6758792202662107,681.9482068462937150,504.4268017976544343,549.7335439272193298,496.2802100365247497,556.9937882690916240,4.5161956760589881,-17.5360161116429758,-1.5691098855248871,233.6182574305969979,2.7613551186145542,7.9933905481932346,10.4816566142880134,2.4510372751464362,-3.5581684546826344,14.0001445171243120,10.4816566142880134,1.0674521610539909,2.4510372751464362,1.2740708348424705,1.9996990905013285,0.7295524772424935,-2.0190093037569210,683.9479054640603408,13.3962603763604520,10.5676917410490745,681.9482068462937150,6.3872110491112171,6.1550176779816965,-26.0164956803008742,-17.4468349394783360,-2.0190096440601688,478.4103056808372685,-71.4318460279623935,-16.8806507486345510,504.4268017976544343,9.1211946994499833,8.7899845798172915,-4.9635689058243386,544.7699746943354739,25.5624690846754596,-2.5114650279196926,549.7335439272193298,8.9483242600079365,8.4906034065458122,-16.4588497217895053,-12.5748691503614136,7.3468955137153049,479.8213610397032767,-10.4556593283024952,-1.9205548081670538,496.2802100365247497,8.4249718834507128,7.3102895006293185,-3.8380839889835663,553.1557072276850704,11.8081362624600050,7.4819953361006046,556.9937882690916240,10.4088467129222462,10.4853907358323397,-3.5581684546826344,-2.2372906464108011,706.1177108205017703,7.4482296658957816,4.2503125479270363,709.6758792202662107,6.3520421219370302,5.7617226766170191,444.2102319202332410,11.8347673045022574,7.7358874859315101,5.5329984363616749,445.0262888028376551,5.6871804668614221,4.0444955915905467,2.8536073914427438,0.8160568733043730,-6.1475874197032283,-2.6793915697181578,-2.8905431377323829,3.7065999948867985,-0.9010422372361545,-0.8520440868460830,-4.3159148744708107,440.4244379895208681,42.7465513346815982,25.1387785319737347,21.0996249009009986,-3.7857939331731965,30.9117835511187948,15.5666263746538256,13.7502225763588815,-17.5360161116429758,4.3917616906568613,4.1554996625348055,443.6898455343153955,10.1743629529507729,9.4412193918121172,-0.0754253462582994,-0.5203863998638368,-1.6604047003825730,-5.6084252735201829,1.0487235355624551,-1.5691098855248871,0.0808492485676266,0.0703987333902381,4.5161956760589881,7.7824855750082413,0.2048229793362140,8.7699619485219529,3.7379905645075806,-1.4168185443516808,-1.1058658281112137,-2.0190094509451009,5.1548086496583121,7.5868566961057997,-0.9131432924825412,634.6250328478482743,1.2183935611224066,2.7506324117815391,635.3195661345349663,7.9933905481932346,2.7613551186145542,226.2713594617692081,5.8075923325022263,-3.4733267267227630,8.3932877170499047,233.6182574305969979,0.2330608219378506,0.2024976381099097,0.2214077287648206,-7.3468953019937970,619.0500681097573761,174.8398365282905047,11.6171674924222508,0.3279810702002283,-2.2334168394210971,-2.8643051179245260,36.6726154090093743,10.2763768353481453,-3.3703520563584024,8.6171554925543461,0.5184537031520494,2.1720457623096245,490.5703763221433746,14.6822720380716003,6.1590085148867892,453.8977608399141559,4.4058930170705644,9.5293603767440267,7.8768720987330312,446.0208887790332142,-5.2262248317680902,-4.8918449014055634,133.7509944430059932,30.1817515359165895,-42.7873751194092193,97.0783773281567619,19.9053727070089579,-39.4170232670743061,-28.7651096606703334,125.8434876585414059,4.5455440223637105,4.7825135691183522,2.9473937749862671,0.1105889487080276,2.0673792958259583,-21.7123103141784668,0.9625481367111206,-6.6618590354919434,7.7649085409939289,1.5188617512868019,2.1159893870353699,22.1582828760147095,4.1628391593694687,-0.0000014355739855,-0.2043688371777534,0.2789550758898258,-0.6313062664121389,-0.0579771060147323,1.2726508304476738,-0.0641090905264718,0.2556659467518330,0.5792384333908558,0.4817778184078634,1.0733522996306419,0.1068830564618111,-0.0483019702660386,0.2699007668998092,0.0099817972950405,0.0548089418298332,-0.0418557321900153,-0.5671766581945121,11.6576094031333923,-0.5419262084178627,4.4861897155642509,-4.9634106308221817,0.1203296212479472,-0.6604375226488628,0.3963716607540846,,,,,,,,,,,,,,,,,,,,,,,,,,,,,,,,,,,,,,,,,,,,,,,,,,,,,,,,,,,,,,,,,,,,,,,,,,,,,,,,,,,,,,,,,,,,,,,,,,,,-41.0000000000000000,,,,,,,,,,,,,,,,,,,,,,,,,,,,,,,,,,,,,-0.6084116131018553,-0.4561527542663095,85.0000000000000000,211.0000000000000000,855.0000000000000000,-14.7368421052631575,0.1239725979598102,0.2703567251461989,,,,,1.2689617533770381,-5.1647400000000001,,0.1944325587180318,,,,,,,,,,,,,
"2010Q1",10.5866053087367007,708.1482334992549568,683.4463983184449489,546.2216714967910320,508.4522357408620223,481.7208914365190253,550.8622649308290420,443.1302705805048845,445.5895909566854698,430.5627647092729831,444.2642792243099734,6.8156966660282192,8.6850488886957855,635.0846856157467073,624.8387528892980072,-1.9882523407163899,38.7287061566310982,0.3984717125996480,2.1246809565542648,459.8878369255766643,147.7117787435156231,-23.5477860201976910,-17.9923328904169324,711.3927182884342528,683.5876301461333924,506.8008679626811954,552.0671342185499952,498.6134194996177484,559.5573256561276594,4.5212325289708035,-16.4562350891459310,-1.5493945665329891,233.6922181526106215,2.7493842002357818,8.0804714976855099,10.5441178898002104,-0.9308595186417705,-3.2444894234100370,10.5866050934641667,10.5441178898002104,0.9733476281423242,-0.9308595186417705,-0.4341992409306455,-0.1412411908468517,-1.2128544388676752,0.5094985835515891,683.4463884504748421,-2.0060853912291909,5.8473972977960811,683.5876301461333924,6.5576884543896403,6.2963574775659046,1.6513641560600694,-0.0063631181516981,0.5094986418659673,508.4522316462623053,120.1676856543612359,-1.9997522392379139,506.8008679626811954,9.4962737390554697,8.9688241954172057,-5.8454638262437015,546.2216703933465851,5.8067904337414413,0.2745583934301679,552.0671342185499952,9.3343636834753099,8.7417235249063321,-16.8925264195487763,-12.2256531353122853,5.4684150238466183,481.7208936577082454,7.5981212356925916,-1.5698392000456127,498.6134194996177484,9.3328424487248984,7.9940212210392225,-8.6950617445235565,550.8622634642568983,-9.1737793072769698,-4.7050316565280594,559.5573256561276594,10.2541576261851919,10.4728834421034129,-3.2444894234100370,-3.2220046420980704,708.1482288097940909,8.1220446363198420,5.0657404946260192,711.3927182884342528,6.8673584302024473,6.1009381399103262,443.1302705805048845,-4.3198451482139220,-3.0312109171296973,3.0745387707752672,445.5895904079137040,2.2532082153347011,1.2018564285735200,2.3007099253994276,2.4593198038022916,6.5730527095101623,-0.7738289667425384,-1.0257519057232583,3.4850722192676775,-0.8861121042710223,-0.8840941150416612,-3.6892737949188579,430.5627630858958810,-39.4467010578260613,-26.2860617105105732,7.1668851180336137,-12.5675074990094924,-35.1268575125495346,4.0923468287120599,3.8887259269952530,-16.4562350891459310,4.3191268791837931,4.3099821098772182,444.2642792613930851,2.2977325751860218,2.7075632119014275,2.3958161494154870,1.1340086676445349,6.6175758521034442,-0.6787223918257064,2.6834012017360624,-1.5493945665329891,0.0788668743000369,0.0772148720104729,4.5212325289708035,6.8156944927718719,-5.1305179797124385,8.7902361577623491,5.6138397559059099,0.4587227166155019,0.3244499607061171,0.5094986029558997,5.1551157340638829,8.6850489501653243,0.1850488889235994,635.0846864242632819,1.8386142750829446,0.9582213276774655,635.6942290982158283,8.0804714976855099,2.7493842002357818,228.2238022166445717,7.8097694267626014,0.1707212580883044,9.7133951202289186,233.6922181526106215,0.2958426787842259,0.2227643721070618,0.2810505533944804,-5.4684152960649293,624.8387505042253451,181.7084802475039567,27.4745800262150048,12.7569116586806786,-2.2790923743232541,-1.9882523407163899,38.7287061960561729,8.2243626700070251,1.5132094854388436,6.9755433225921948,0.3984717125996480,2.1246809565542648,459.8878369255766643,-122.7301582723317352,-20.8775560849526123,421.1591304957498778,-130.9545217817316995,-22.3907655719113095,-23.5477860201976910,444.7069167822758686,-5.2558881927348970,-5.0913487269106605,147.7117787435156231,55.8431328921265546,-9.5757709355627547,108.9830705618915374,47.6187687792984704,-11.0889802956239212,-17.9923328904169324,126.9754043514054018,4.5276648988496406,4.6216243113150801,-0.3463137745857239,0.0937286568805575,-0.1996525526046753,19.7166385650634766,-2.6191427707672119,-4.6533098220825195,-4.7731252685189247,-1.5003830926226271,-0.2089212238788605,-41.7506716251373291,-4.3826894611120224,0.0000018970830709,0.6230860054492950,1.0068778842687607,-0.6265234928578138,-0.0575378724606708,16.5183969661593437,-0.0669901530491188,0.2458874983713031,0.5871878201141953,0.4267319729551673,1.0851681530475616,0.1218024808913469,-0.0312452353391564,0.1685150740668178,0.0061025572940707,0.0744349148590118,-0.0358353729534429,0.7041944726370275,-0.3927917480468750,-0.4123437986709177,-28.4314469769597054,3.0061960667371750,0.1698397658765316,-0.5522857627074700,0.4366734842769802,,,,,,,,,,,,,,,,,,,,,,,,,,,,,,,,,,,,,,,,,,,,,,,,,,,,,,,,,,,,,,,,,,,,,,,,,,,,,,,,,,,,,,,,,,,,,,,,,,,,-40.0000000000000000,,,,,,,,,,,,,,,,,,,,,,,,,,,,,,,,,,,,,10.4514019952324837,6.8238953520322694,84.0000000000000000,230.0000000000000000,853.0000000000000000,-17.1160609613130141,0.1282694617614415,0.2842039859320047,,,,,4.3036209763891549,-7.5666300000000000,,0.0994289002044989,,,,,,,,,,,,,
"2010Q2",12.5326515813864994,710.1882208331879838,684.6331437986759738,552.8682830172240301,491.5658308183229792,490.3858308947229716,550.5475981680959876,443.5290022339187885,445.0537328476165726,435.1315600824519834,445.6454045984569916,6.1439975599688763,9.5535282775637320,636.6314192683474857,628.3781112880390083,-1.2425150042129018,38.7305987266391440,0.6270300513358975,2.0051238926891610,460.6290596942749858,154.6320038393880338,-21.5228558806173851,-12.1951575615053258,713.0654883334806300,685.2365637822443887,509.0932305831473172,554.3330652818216322,500.9841235862234612,562.2156591388492188,4.5695492162885571,-15.4385695601123860,-1.5319095884095839,233.7902439152042575,2.7659163249173018,6.3732319003182321,10.5981898540287087,1.0712814296773241,-2.8772678641596094,12.5326518588471405,10.5981898540287087,0.8631810490550744,1.0712814296773241,0.5626764575613957,-0.6034143792439433,-1.3734938195629778,2.4851623663397242,684.6331493519222704,4.7470209847162907,6.0568461825326096,685.2365637822443887,6.5957285542981730,6.4345225044848675,-17.5273894729068154,-12.3599990140373848,2.4851623848216846,491.5658406055077876,-67.5455540106140688,-23.7606168327471536,509.0932305831473172,9.1694443318688936,9.1304124262090660,-1.4647781634415797,552.8682867559093665,26.5864735579769871,12.6931854958086525,554.3330652818216322,9.0637309122730194,8.9623002912784351,-10.5982910616745496,-7.6802974142898135,3.4819600848329975,490.3858325265144913,34.6597585841245390,11.2858789836848388,500.9841235862234612,9.4828165744479467,8.6805973758154096,-11.6680575505347868,550.5476020068365415,-1.2586561362296855,-6.2536739320276915,562.2156591388492188,10.6333341779668373,10.4709295401007836,-2.8772678641596094,-2.5518670603311695,710.1882205140118458,8.1599467413385707,6.4299788920950363,713.0654883334806300,6.6910790752380764,6.4253099097961996,443.5290022339187885,1.5949249062767610,0.6895435070595223,3.8847130177808369,445.0537335201501037,-2.1434290185334341,-1.5243720952417363,2.4810902402483528,1.5247312913842179,-3.7383535414153419,-1.4036219330255628,-1.7516605264626162,3.2763919308178306,-0.8347212716700196,-0.8790612775925887,-2.9982036445027842,435.1315590265451760,18.2751800018941744,9.8186610115865847,10.1930203083200670,-8.3974432039619540,16.6802551220647857,6.3083080357954699,7.0411256230610171,-15.4385695601123860,4.0706627931816692,4.2853412715521033,445.6454043281968893,5.5244996977504339,4.7642913441245778,5.2540514877016351,2.1164021010380973,3.9295743962521739,1.3693387394326910,3.6483125351448997,-1.5319095884095839,0.0699394717778092,0.0770986395983236,4.5695492162885571,6.1439980481039695,-4.0980928672479866,8.8783637709760974,7.6683711989875141,2.5248359523291937,1.4316340337213040,2.4851625743958357,5.1435360517241273,9.5535282661206278,1.0535282633184915,636.6314191859268021,6.1869320153845297,2.4289318820156742,636.4565413017678566,6.3732319003182321,2.7659163249173018,230.3082847270847822,8.3379325702283626,4.0195189350066460,6.0033283762068201,233.7902439152042575,0.3921008265593444,0.2771600095043415,0.3724957804689404,-3.4819608486383551,628.3781119402376589,184.8491102857829560,12.5625154962021046,15.6236154169598187,-2.2725823889342052,-1.2425150042129018,38.7305990748794429,0.0075702800321835,4.0716775488899639,0.4021107043547962,0.6270300513358975,2.0051238926891610,460.6290596942749858,2.9648895885217001,-30.7808686781200862,421.8984599536237852,2.9573165059761806,-34.8525464507858374,-21.5228558806173851,443.4213166554271766,-5.1424007545659123,-5.1744024832018347,154.6320038393880338,27.6809046784600525,15.1977589741535262,115.9014043054769729,27.6733321311195724,11.1260813648315207,-12.1951575615053258,128.0965629919319042,4.4846323958037111,4.5420100996178219,1.2177592515945435,0.0978974364697933,0.3187487125396729,-17.6578805446624756,2.3347718715667725,1.3513021469116211,-4.0545575749129057,-1.6493238633740344,-1.7079085111618042,36.1992934942245483,1.9529448747634888,-0.0000013202433475,0.0408103018999100,0.8869843110442162,0.4080328587442636,0.0374724044231698,-9.3892984762787819,-0.0193721796385944,0.1219736514613032,-0.0959668927825987,-0.2260793023742735,0.3726660162210464,0.6479335762560368,0.0125381919788197,-0.0145776707213372,-0.0010407110676169,0.1110502838273533,-0.0085294486198109,0.6264421709347516,-6.9679709672927856,-0.0877998615615070,-6.9232293665409088,0.9392446428537369,0.0929110432043672,-0.4121014573611319,0.4097322653979063,,,,,,,,,,,,,,,,,,,,,,,,,,,,,,,,,,,,,,,,,,,,,,,,,,,,,,,,,,,,,,,,,,,,,,,,,,,,,,,,,,,,,,,,,,,,,,,,,,,,-39.0000000000000000,,,,,,,,,,,,,,,,,,,,,,,,,,,,,,,,,,,,,10.2337233390844595,7.4121367383700338,91.0000000000000000,224.0000000000000000,857.0000000000000000,-15.5192532088681450,0.1314080804239997,0.2666931155192532,,,,,4.3036209763891549,-2.7766799999999998,,0.2512485784445588,,,,,,,,,,,,,
"2010Q3",12.5613770347717999,711.9491615653889767,685.1244311546410017,555.8741845750799939,500.6586602912040007,493.3582407818939828,555.5026591241579581,443.3733123586978877,444.5489651834025722,436.5435877866099759,445.8329004219469880,6.8188103303443199,8.8616195417944752,637.7847012002545171,633.5888938879739953,-0.6283659951934639,38.3178878084336461,0.5900557420957171,1.7359063978552451,465.7760650083411633,157.1677494031013964,-14.7269824884716627,-10.3395643938917203,714.6167964942618482,686.8777621147695527,511.2379647334544757,556.4587970673175050,503.3012802732960722,565.0246941320924634,4.5851536324867910,-14.4488853151198455,-1.5151971414265768,233.9037291448460678,2.7593799000664530,5.7744760216278506,10.6313981113331479,1.1296886878696979,-2.6676341362405371,12.5613767187506742,10.6313981113331479,0.8002908853992932,1.1296886878696979,0.5814481599179638,-1.7533291887661449,-2.1371923388181711,2.2145977096092131,685.1244326918204024,1.9651327737025310,4.5255863187273668,686.8777621147695527,6.5647976753666244,6.5263557198468858,-10.5793092737945766,-7.8646803486697667,2.2145975357212651,500.6586533148531544,36.3712546926334070,4.3903940943242299,511.2379647334544757,8.5789581132856103,9.0914681871659315,-0.5846115978624865,555.8741853213191462,12.0236125209071041,17.4948306677314065,556.4587970673175050,8.5029418519669981,8.9623386614628284,-9.9430348176706893,-6.8890761905020561,2.3501059805371418,493.3582445479834746,11.8896633164481500,10.9229706956668569,503.3012802732960722,9.2686326730532400,9.1273163485864508,-9.5220387354212477,555.5026561317228015,19.8202189296457547,5.2989835720678080,565.0246941320924634,11.2361474488509430,10.6331216211131316,-2.6676341362405371,-2.7920646577000841,711.9491624583563407,7.0437606767935499,7.6935057562517422,714.6167964942618482,6.2052450310966094,6.5289300041738212,443.3733123586978877,-0.6227622001411470,-1.0107484147402606,2.1217727273463374,444.5489651269621731,-2.0190749087935309,-1.6589571484768957,0.9444701226579375,1.1756527721499643,-1.3963141206714584,-1.1773012782429237,-1.8978153832461930,3.0734680127722749,-0.8116954717495534,-0.8583927094750301,-2.6041275574150289,436.5435898641965196,5.6481190220650115,1.4204364737201707,6.8057898310130902,-6.8297224894081454,6.2708811070991874,4.6840182837822359,7.6191632180245108,-14.4488853151198455,3.9587363516069467,4.1850719780835721,445.8329005057457834,0.7499846278757973,0.7462492394782667,4.6866451755323411,2.4595881431491819,1.3727457392449018,2.5648740535276517,3.9747869030864775,-1.5151971414265768,0.0668491813336445,0.0741253104510931,4.5851536324867910,6.8188100633084057,-5.0368057553421250,8.6999884680031769,8.4777666357146568,3.5512361805357404,1.8529777109131773,2.2145973569216419,4.9265303194325591,8.8616195616394151,0.3616195223628131,637.7847011592807576,4.6131251661915087,3.4642667902954560,637.9542611732372279,5.7744760216278506,2.7593799000664530,231.5536241636394834,4.9813575842753881,6.7341630586170957,4.6009544487371805,233.9037291448460678,0.4539410429117156,0.3437372503522186,0.4312439445489349,-2.3501057122879390,633.5888947211392406,190.2155833256247490,21.4658931993422790,18.2800382394737682,-2.3001735242719419,-0.6283659951934639,38.3178881315274396,-1.6508436728219920,4.2143672968988035,-0.9246223536887573,0.5900557420957171,1.7359063978552451,465.7760650083411633,20.5880236485213146,-21.1237426055453597,427.4581774981481885,22.2388672970645018,-25.3381098571026477,-14.7269824884716627,442.1851597866374846,-4.9446274472109222,-5.1422851090286468,157.1677494031013964,10.1429841799009353,30.9621957267758141,118.8498619545856201,11.7938280407309506,26.7478284278428546,-10.3395643938917203,129.1894272616898434,4.3714581184605406,4.4823252914572125,1.1881492733955383,0.0872333203442395,-0.6300845146179199,1.6608073711395264,0.3674936294555664,-2.5049538612365723,-4.1526727899909019,-1.0349422062043141,0.1219061613082886,-2.5315394401550293,-2.3003977239131927,0.0000008758643597,1.3229270800948143,-0.5865559205412865,0.2037224955856800,0.0187092074775137,10.1511246040463448,-0.0528223051805981,0.0549050359986722,-0.3759646057151258,-0.5189415118657053,0.0160063952207565,0.8905295422300696,-0.0153423801239114,0.0971134679857641,0.0039036727976054,0.0814452141057700,-0.0299447214783868,0.5395980747416615,-2.0529532134532928,-0.3076208382844925,-1.3828115910291672,-1.4370997697114944,-0.0687050828710198,-0.3164667515811743,0.3352899183519185,,,,,,,,,,,,,,,,,,,,,,,,,,,,,,,,,,,,,,,,,,,,,,,,,,,,,,,,,,,,,,,,,,,,,,,,,,,,,,,,,,,,,,,,,,,,,,,,,,,,-38.0000000000000000,,,,,,,,,,,,,,,,,,,,,,,,,,,,,,,,,,,,,10.0160446829364211,8.0003781247077743,108.0000000000000000,238.0000000000000000,905.0000000000000000,-14.3646408839779003,0.1274063270618623,0.3097149171270718,,,,,4.3036209763891549,-1.2171900000000000,,0.1764338426204782,,,,,,,,,,,,,
"2010Q4",14.3083200074981001,715.2348448596329717,689.5043527143269557,562.1666722114430286,507.7366289014090057,491.1686206973379853,566.6278126541100164,444.3355649731329322,445.3519532939191095,438.2491195099020160,446.8863963335990093,6.8655036649410670,9.0596895352226738,638.5072075608711657,638.3709361625730025,-0.1463016285598084,38.2668798810255311,0.4521097751352620,1.5433298896793568,475.9464244679060698,160.2554510690003440,-3.3265197144832541,-8.2402680419206860,716.0549161255692070,688.5114659907078476,513.2430918611539710,558.4511572777522588,505.5728356300039081,567.9735679303042843,4.6021579340784600,-13.4850283479065212,-1.4991102102193499,234.0315415526816025,2.7572988114447829,5.3632897690296462,10.6543204700942784,3.4079786100836436,-0.8200699560492917,14.3083201791736752,10.6543204700942784,0.2460217703125115,3.4079786100836436,1.7154499643131842,0.9928950047736608,0.2855550807870786,0.7333867620317643,689.5043605301368643,17.5197088529035305,5.5564478461852653,688.5114659907078476,6.5348174683599760,6.5632581956813381,-5.5064449958345776,-3.9565167530540375,0.7333864993577512,507.7366467756854718,28.3119875440410240,29.3263412787901814,513.2430918611539710,8.0204992953887242,8.8162925031272579,3.7155155796738186,562.1666721276136514,25.1699425611199423,17.3966997940785184,558.4511572777522588,7.9694342901054194,8.7176165176349869,-14.4042071557312763,-9.6610998861697226,2.6094082110765000,491.1686296807088183,-8.7584348475738523,11.3472667131728020,505.5728356300039081,9.0862381797938596,9.2926318400651624,-1.3457493241466394,566.6278198247454156,44.5006457028590319,13.4721102896108800,567.9735679303042843,11.7954881852228066,10.9797824285801049,-0.8200699560492917,-1.1018277402195651,715.2348461205765489,13.1427275094877789,9.1171271810081702,716.0549161255692070,5.7524817909670896,6.3790397509856875,444.3355649731329322,3.8490112362251949,2.3459990026644792,0.1253343173200644,445.3519541297272895,3.2119562789864213,2.1244636946133122,0.3256645561641446,1.0163891518952013,-0.6370546224406948,0.2003326314306138,-1.8594711403658155,2.8758606155842976,-0.7904301450218357,-0.8307397430092974,-1.1779357285574648,438.2491192560996751,6.8221212163026133,2.8647911576722054,-2.1753211412795026,-6.0864457273422499,2.9731068059854309,-2.3006529806921359,7.3985817970147600,-13.4850283479065212,3.8554301405840441,4.0509884772180653,446.8863965860047642,4.2139846537829779,3.6745224611078111,3.1965499647450861,2.5508315986469330,0.3649724364265242,3.0712169676046512,4.0499416195660984,-1.4991102102193499,0.0643484131649717,0.0700014351081436,4.6021579340784600,6.8655049916385478,-2.7127619081092695,8.5980395324979728,4.7410413222221282,-0.0452709052242912,0.1736974319216823,0.7333867588835061,4.7863116146970173,9.0596894732627540,0.5596894445203364,638.5072073827714121,2.8900260624458860,3.8821749825553993,639.0478276117419227,5.3632897690296462,2.7572988114447829,231.4221332751451712,-0.5259614907585728,5.1507745812289105,1.7391856964571641,234.0315415526816025,0.5112451989147200,0.4132834095443780,0.4856828734219188,-2.6094082062590660,638.3709371454767734,194.0353720554915355,15.2791497258932907,19.1955330195543112,-2.2970376158036192,-0.1463016285598084,38.2668800277101582,-0.2040317096324600,1.5942648680904679,0.2328275851092640,0.4521097751352620,1.5433298896793568,475.9464244679060698,40.6814385573980815,-14.6239513251661855,437.6795449690652617,40.8854696124408719,-16.2182159647237469,-3.3265197144832541,441.0060645267610653,-4.7163815914972620,-5.0148243356326576,160.2554510690003440,12.3508016476640883,26.5044562677232918,121.9885705484987426,12.5548326151309873,24.9101912209786178,-8.2402680419206860,130.2288371796163915,4.1576416249500348,4.3853477718122775,3.0364268422126770,0.0866815308108926,1.5941931009292603,1.1748337745666504,4.0955129861831665,-7.6071419715881348,1.1922093182802200,0.8206128841763221,2.7708047032356262,2.5983347892761230,2.0918000340461731,-0.0000004014966215,0.0402885824441910,0.2342318817973137,-0.1224560979753733,-0.0112459703814238,-4.1190280765295029,-0.0248543677444104,0.0543092554435134,-0.3734617005102336,-0.4972688574343920,0.0370869562029839,0.8771968577057123,-0.0123820025473833,0.0945411631837487,0.0041841525235213,0.0800011702667689,-0.0261430530081270,0.4443623931147158,0.7205919325351715,-0.4159873556345701,5.8042094111442566,-0.6923840194940567,-0.0189859354868531,-0.2662169271497987,0.2233314695768058,,,,,,,,,,,,,,,,,,,,,,,,,,,,,,,,,,,,,,,,,,,,,,,,,,,,,,,,,,,,,,,,,,,,,,,,,,,,,,,,,,,,,,,,,,,,,,,,,,,,-37.0000000000000000,,,,,,,,,,,,,,,,,,,,,,,,,,,,,,,,,,,,,9.7983660267883934,8.5886195110455308,101.0000000000000000,256.0000000000000000,955.0000000000000000,-16.2303664921465973,0.1236788732547203,0.2725937172774869,,,,,4.3036209763891549,-2.4152300000000002,,0.2319308479114702,,,,,,,,,,,,,
"2011Q1",13.4430805926297996,716.5235565069740460,692.4653681898699915,564.9490149904850114,491.4128971309249891,510.2428242358719785,566.6426346376599668,445.7806701392381683,447.2359523035747770,437.6489851947400211,448.0729734757550204,6.5132094937782146,8.6501133050722760,639.4914793411359142,644.3733641155860141,0.1020851414476998,39.6841641790938695,0.4590447754375042,1.5921117754035174,485.1162177578572710,166.6889761547527655,5.5496082637688460,-4.1783720045356176,717.4709186035090625,690.1514761227836061,515.2001495103158959,560.3947033979344496,507.9012016614744880,570.9838276309501452,4.6112496987968949,-12.5356836795405187,-1.4833132936011724,234.1714607610106782,2.7465758494631549,4.1254797692829213,10.6353240644896054,2.5235496238353123,-0.9473552323169560,13.4430808483746755,10.6353240644896054,0.2842074965480086,2.5235496238353123,1.2522765818618493,2.3138962485184047,2.2145014122368902,-2.4507826935435770,692.4653720158077022,11.8440298073847181,9.0189741730467681,690.1514761227836061,6.5600417445450763,6.5638465238404597,-23.7872407062713087,-14.7732111784155862,-2.4507826304640883,491.4129079541979763,-65.2949350876289429,-17.0393330735968647,515.2001495103158959,7.8282414515780951,8.3992843387020990,4.5543172824983422,564.9490208059571614,11.1293883410101131,18.7273518745069474,560.3947033979344496,7.7741730450596842,8.3275698661509647,2.3416285146854618,1.3385626116060716,2.2317688059101597,510.2428299958844491,76.2968420363368409,28.5219455801272836,507.9012016614744880,9.3134670935889758,9.2877891869181664,-4.3411911161019239,566.6426425483122102,0.0592869009479049,15.7803778313486980,570.9838276309501452,12.0410339935953665,11.4265017841428058,-0.9473552323169560,1.7899819265776524,716.5235633580242620,5.1548786314611421,8.3753308459094846,717.4709186035090625,5.6640300613438841,6.0782085401852921,445.7806701392381683,5.7804165033220150,5.5745841022885880,2.6503975399883375,447.2359528623340452,7.5359939260080537,6.9569014587350688,1.6463606007686575,1.4552827083288002,1.7555739246296249,-1.0040370745292302,-1.2259480928269100,2.6812312057487468,-0.7785182689412232,-0.8038413271409635,-1.2042384992409756,437.6489853790446318,-2.4005365875264402,-0.7530677572269049,7.0862198448225246,-8.1316847762162663,-8.1809559719394915,4.4358225895288186,4.4039965177828853,-12.5356836795405187,3.7973835453258551,3.9205531607945669,448.0729731948844119,4.7463075896637683,4.4945381348910169,3.8086932564169498,2.2923030416012007,-1.0341115963937235,1.1582957395099744,3.7756164268377939,-1.4833132936011724,0.0631825571034041,0.0660812695763050,4.6112496987968949,6.5132106329985193,0.6873941453210413,8.7031102828119895,-0.4436901367386010,-5.3140695420158544,-2.6008962353082667,-2.4507827967295461,4.8703789532644510,8.6501132527595299,0.1501132815327000,639.4914790275762471,3.9370845297709023,4.4067924450470084,639.7801856296414371,4.1254797692829213,2.7465758494631549,231.9396905694790689,2.0702321309243512,3.7158892411271784,0.1997841485504015,234.1714607610106782,0.5596750466752707,0.4792394768323808,0.5316912881638617,-2.2317690023736088,644.3733662090172629,198.5926961741342609,18.2292876225256180,16.8842101275911958,-2.3107069743446251,0.1020851414476998,39.6841644015470720,5.6691371922733538,0.9554585022792896,4.9313635524281914,0.4590447754375042,1.5921117754035174,485.1162177578572710,36.6791723270019077,25.2283811636233111,445.4320532082156774,31.0100331689604616,24.2729222075761015,5.5496082637688460,439.8824449069290949,-4.4944787823712451,-4.8244721579367988,166.6889761547527655,25.7341162083148163,18.9772029907020112,127.0048146926194050,20.0649775213088475,18.0217441969016789,-4.1783720045356176,131.1831843180845567,3.8173838647017488,4.2077814801164921,2.0681172609329224,0.0565904444083571,1.0815020799636841,-20.5446054935455322,2.1392333507537842,11.8765001296997070,0.6824118942022324,-2.7185023848236751,2.0261872410774231,-6.7002538442611694,0.2897500693798065,-0.0000005105369592,-1.2061056271195412,-0.3536073490977287,0.2455460391938686,0.0225501458626240,5.6226888597011566,-0.0413460573472548,0.1080146543681622,-0.0351841442752630,-0.1643574349582195,0.4375898614525795,0.5913696298375726,-0.0185941255476791,0.1294702282175422,0.0052689906151500,0.0739920584892388,-0.0349930384982144,0.2396086598746479,5.4363119006156921,-0.2986955777741969,7.6120505481958389,1.8370251357555389,0.2031148886308074,-0.2497352826176211,0.0755027160048485,,,,,,,,,,,,,,,,,,,,,,,,,,,,,,,,,,,,,,,,,,,,,,,,,,,,,,,,,,,,,,,,,,,,,,,,,,,,,,,,,,,,,,,,,,,,,,,,,,,,-36.0000000000000000,,,,,,,,,,,,,,,,,,,,,,,,,,,,,,,,,,,,,13.1105903334851117,13.2825486169122158,117.0000000000000000,255.0000000000000000,963.0000000000000000,-14.3302180685358262,0.1252499368685916,0.1914184839044652,,,,,79.0195956552511660,-10.5430700000000002,,0.0538178065265702,,,,,,,,,,,,,
"2011Q2",11.7097865138422996,715.9119612605810516,693.8169618843539865,554.9486124189379552,497.3287778431100037,499.6006086590779773,568.4194917378670198,448.4351031140681130,449.5772108336424253,442.1294119439909878,450.0566258756779803,6.6973055253030767,8.7377604576893830,639.8299216938196423,651.9412217684949837,0.2769846090112771,43.4126464170294568,0.4171288068810547,1.6279733981406843,486.8685631099332909,175.2668820277989141,4.6452784106660943,-0.1614560430930680,718.9273759196233868,691.8058084571827067,517.1821631855584656,562.3539413028737499,510.3417660577840707,573.9973412858394113,4.6222764916063159,-11.6033508882939085,-1.4680140993792419,234.3237036602017724,2.7463723565325204,2.1446827351419344,10.5902846943814701,0.2148777641572566,-3.0154141860114856,11.7097867900277635,10.5902846943814701,0.9046256555367480,0.2148777641572566,0.0849187463506176,2.0111505551257194,1.0505254372335910,-3.6118303820580033,693.8169583373967271,5.4063571559276875,9.1838011145560330,691.8058084571827067,6.6173354429577147,6.5692473125155262,-19.8533704106687807,-13.1049512044660634,-3.6118303908259257,497.3287916337272918,23.6636002236605449,5.7629439898184893,517.1821631855584656,7.9280928719360819,8.0889468841027465,-7.4053219685777192,554.9486196819241286,-40.0015863068645956,2.0803350945450312,562.3539413028737499,7.8369476350145524,8.0208741698451611,-10.7411467627342621,-6.8100436933632107,0.6583483280700211,499.6006189589413111,-42.5687994682716919,9.2147938309784934,510.3417660577840707,9.7622935687410628,9.3576566703348369,-5.5778411254288187,568.4195046443148840,7.1074707853248320,17.8719019586238126,573.9973412858394113,12.0540720907118981,11.7816859804307121,-3.0154141860114856,-1.2099162526728722,715.9119617021700606,-2.4464178604183040,5.7237408060634802,718.9273759196233868,5.8258285469078217,5.8618950815005757,448.4351031140681130,10.6177329654031354,8.9938856082480321,4.9060992457497052,449.5772117322869121,9.3650398205585095,8.0723271922647317,4.5234771004779937,1.1421085944818063,-1.2526955033099294,-0.3826227428574351,-1.3479973948038304,2.4901062482784684,-0.7645005045825696,-0.7862860457268008,-2.5440019080292968,442.1294128898569511,17.9217095591519637,14.0997160485729900,6.9978524659700003,-6.3056902306176053,7.3039754361624265,2.0917521987498136,5.2976596157749567,-11.6033508882939085,3.7293336946499189,3.8352201668818662,450.0566259481954035,7.9346099850072722,7.6439931984267409,4.4112207995689063,1.6215228027033846,-2.6831229392370077,-0.4948779927803477,3.0895383496122415,-1.4680140993792419,0.0611982059676140,0.0638948096226906,4.6222764916063159,6.6973050401887075,2.9941123598366906,8.8106511406968782,-1.3750218984829461,-6.3278981978068298,-3.8495906773321709,-3.6118305306840144,4.9528749697339345,8.7377605532195943,0.2377605111758511,639.8299217911140886,1.3537715340258867,3.1985021362074062,640.5846611489291718,2.1446827351419344,2.7463723565325204,233.6653568976148847,6.9026632793354334,3.3570723403102445,4.8728008294340022,234.3237036602017724,0.6089781920755910,0.5334609792104756,0.5785292830302946,-0.6583487899306362,651.9412231125661492,203.5061203243261900,19.6536970772508468,18.6570042230365054,-2.3088611195475814,0.2769846090112771,43.4126468552109088,14.9139289517423492,4.6820474789312811,12.3271955857880329,0.4171288068810547,1.6279733981406843,486.8685631099332909,7.0093833774243270,26.2395035181016354,443.4559167506375843,-7.9045457551007221,21.5574560866092781,4.6452784106660943,438.8106382209411436,-4.2872263037136049,-4.6106782689725456,175.2668820277989141,34.3116135202508943,20.6348760834072706,131.8542338014408415,19.3976843365104301,15.9528284162380309,-0.1614560430930680,132.0156860657655500,3.3300085710828844,3.9191230138195161,0.9554092884063721,0.0394994113594294,1.0080997943878174,-3.8736948966979980,-10.3656246662139893,-12.3358664512634277,3.9978261888027191,0.0034487807427279,1.6099090576171875,12.2649248838424683,1.5429515838623047,0.0000008794973995,-0.9592997133731842,0.1026584729552269,-0.0345084257423878,-0.0031691424665041,7.2514574304223061,-0.0271977669908665,0.1413452848792076,0.2473134226165712,0.0917264120653272,0.6705506294965744,0.3711395282298326,-0.0157498682965524,0.1136622135527432,0.0043339114054106,0.0772868817730341,-0.0255459098261781,0.1810245816595852,9.9825658798217773,-0.3461595624685287,1.2045212537050247,2.8887588828802109,0.1950728064402938,-0.2421956434773165,-0.1056359473150223,,,,,,,,,,,,,,,,,,,,,,,,,,,,,,,,,,,,,,,,,,,,,,,,,,,,,,,,,,,,,,,,,,,,,,,,,,,,,,,,,,,,,,,,,,,,,,,,,,,,-35.0000000000000000,,,,,,,,,,,,,,,,,,,,,,,,,,,,,,,,,,,,,10.8093586248925515,10.7504361538645181,115.0000000000000000,265.0000000000000000,999.0000000000000000,-15.0150150150150150,0.1222946291009692,0.3693223223223223,,,,,79.0195956552511660,-5.4411100000000001,,0.1777394506728362,,,,,,,,,,,,,
"2011Q3",6.6221336244091598,721.6531953270340409,695.0835068829429702,562.5347147838530191,520.7988559220680145,514.0364838134750016,575.9259074551340518,450.2910021900040647,452.3626158282954179,439.0372317693780246,452.8034235000529861,6.6941880753768643,8.8836045817645957,639.6434254747817931,657.2262449649299469,0.3783208232805924,46.3945847582724795,0.4640217519452000,1.4742461500335935,482.6067798107665112,183.0867609365114106,-1.5782522087301345,4.0051939954362297,720.4795366419231186,693.4814746653736393,519.2410048898326522,564.3857293651209375,512.9581905210766308,576.9666840530452419,4.6463221673076749,-10.7077573066109455,-1.4539811503620532,234.4910455989566174,2.7610817980171394,2.4664035141015601,10.5376816215250759,-3.5634460996781163,1.1736689694510842,6.6221348205576556,10.5376816215250759,-0.3520997747000922,-3.5634460996781163,-1.8080246305853513,1.6020397570612659,1.4760055528963771,-3.4750573581671116,695.0835145481138397,5.0662176277627697,9.9590768330927606,693.4814746653736393,6.7026700034756530,6.6037149282589169,1.5578495958588403,1.4681632320981621,-3.4750571735718019,520.7988542448849785,93.8802577135615053,20.1401920296093522,519.2410048898326522,8.2353606884735058,8.0030449973249951,-1.8510055614776890,562.5347231038481368,30.3444332946446949,6.6605363344162800,564.3857293651209375,8.1271540956287662,7.9269280690637967,1.0783022269023390,0.8175254866354439,0.8156526691637191,514.0364916786917320,57.7435170083692100,20.6782586848613370,512.9581905210766308,10.4657035634425153,9.6569249147939598,-1.0407785264948350,575.9259117670624164,30.0256259792099272,20.4232506405248984,576.9666840530452419,11.8773704540557823,11.9419910131065699,1.1736689694510842,1.0453282810902191,721.6532056312889836,22.9649702070261483,9.7040380964290982,720.4795366419231186,6.2086432830598950,5.8627449656099380,450.2910021900040647,7.4235916669497923,7.3057607918102079,6.9176885614627732,452.3626172519141164,11.1416182750243955,9.4421836346529151,7.8136505311098103,2.0716150480259290,3.7180254825111736,0.8959620740152723,-0.2349586912385027,2.3065737536312514,-0.7341294738719147,-0.7668945225683597,0.7758050001049461,439.0372317104715307,-12.3687254846813470,-4.3123518890698405,2.4936406262091229,-11.2537705020935821,-19.7923203220831532,-4.4240476160527669,-0.5460139329148834,-10.7077573066109455,3.5823748392959911,3.7411298929407355,452.8034233275498650,10.9871898735707489,9.9254223679768891,6.9705220030010446,2.5124211198844715,3.5635973655836821,0.0528342808032483,3.9664059861973389,-1.4539811503620532,0.0561259939853939,0.0612138248377566,4.6463221673076749,6.6941896027975858,2.5810740898589404,8.7834201453826264,-2.7479940023460481,-7.6192223371037535,-3.8586615507811661,-3.4750571675439268,4.8712274749240807,8.8836044639074920,0.3836044591017562,639.6434252800875129,-0.7459889914135264,1.8587239248602163,640.8809057372941425,2.4664035141015601,2.7610817980171394,233.6753931281048153,0.0401467518297494,2.1217691062607837,1.4513493445547265,234.4910455989566174,0.6693678567790232,0.5873146519092285,0.6358993809704659,-0.8156531325725551,657.2262482274497870,206.9352462004147242,13.7165154846419739,16.7196639895662891,-2.2860503151898759,0.3783208232805924,46.3945850799413222,11.9277533649720908,8.0766971461258326,9.9382549168403784,0.4640217519452000,1.4742461500335935,482.6067798107665112,-17.0471345216490633,16.8307144240140509,436.2121948659419104,-28.9748876410624661,8.7540171298847440,-1.5782522087301345,437.7904470827714363,-4.0807646587152515,-4.3947128656174304,183.0867609365114106,31.2795283462022269,25.9190148577452071,136.6921761360503353,19.3517756113274366,17.8423176588344994,4.0051939954362297,132.6869822775445584,2.6851744899863519,3.4975603990380000,-3.3783457279205322,0.0389451803639531,0.4991964101791382,14.3053445816040039,2.9624555110931396,7.9524517059326172,-1.4861642383038998,-0.4434247924123715,1.5177627801895142,-18.7925331592559814,1.8868539333343506,-0.0000002377610773,-1.9848593547940254,0.1696200966835022,-0.5866539329290390,-0.0538763818331063,-7.3029946386814117,-0.0060482157568913,0.1722510121762753,0.4597225952893496,0.3197864005342126,0.9475739747285843,0.1820520013570786,-0.0016282757278532,0.0279482631012797,0.0010476192110218,0.0908385603106581,-0.0106532874342520,0.1179552641697228,-0.3994424343109131,-0.2657338446006179,-4.4583249390125275,4.1230548471212387,0.0090701039880514,-0.2222609897435177,-0.3118424932472408,,,,,,,,,,,,,,,,,,,,,,,,,,,,,,,,,,,,,,,,,,,,,,,,,,,,,,,,,,,,,,,,,,,,,,,,,,,,,,,,,,,,,,,,,,,,,,,,,,,,-34.0000000000000000,,,,,,,,,,,,,,,,,,,,,,,,,,,,,,,,,,,,,8.5081269163000179,8.2183236908167689,153.0000000000000000,302.0000000000000000,1074.0000000000000000,-13.8733705772811913,0.1132185520062904,0.3064153614525140,,,,,79.0195956552511660,-3.0570180000000002,,0.2281917481619369,,,,,,,,,,,,,
"2011Q4",13.4867947580573997,722.0314426564380028,695.7638740908729460,574.0380826395360145,505.3859279856259832,517.5842420755479907,578.7379680828829578,451.8261366509904065,453.2881962102329112,443.5882663347820198,454.2884926081720209,7.3622139870613710,8.1242570690301577,640.1731828524897310,662.0984143191319617,0.4058447180246838,47.2119940823278270,0.6828631733511060,1.2809185449714933,476.3261660411504295,187.8035423266355508,-7.7104076502689054,7.4339736554164517,722.0959688788309450,695.1713173739747162,521.3421476221268449,566.4644286966465643,515.7067694824919499,579.9098040090096902,4.6828849353386168,-9.8632265157182708,-1.4419575631808899,234.6762529224887430,2.7787373571168734,2.9507197616624938,10.5062894669357725,2.9611470715278569,-0.0645303196500097,13.4867951984824987,10.5062894669357725,0.0193609688884959,2.9611470715278569,1.4648767741231250,0.5925547121708936,0.9701350094958521,-1.5426414326050581,695.7638719357013315,2.7214469507996135,6.2595028705497047,695.1713173739747162,6.7593726172984914,6.6598559863083198,-15.9562259037201439,-9.8265022994868580,-1.5426415994018703,505.3859215669205014,-61.6517283427143639,-2.3507179303370860,521.3421476221268449,8.4045534612004591,8.0990620191986054,7.5736565198167840,574.0380843459136031,46.0134687519926828,11.8714114026378272,566.4644286966465643,8.3147979076418608,8.0132691980373156,1.8774711152119103,1.3372140085764239,0.5792668804242020,517.5842411731315451,14.1910431753742046,26.4156236313722665,515.7067694824919499,10.9943511302590906,10.1339539301083690,-1.1718395285325496,578.7379694671362813,11.2482247499419135,12.1101421391676141,579.9098040090096902,11.7724588519418862,11.9362350681321523,-0.0645303196500097,1.2700582636036386,722.0314385992065809,1.5129657598476047,6.7965928657214203,722.0959688788309450,6.4657593005280578,6.0410659808276597,451.8261366509904065,6.1405352225869940,6.1566800469256515,7.4905674402469860,453.2881958096328958,3.7023163364967675,4.7543326180876093,7.9362389093069918,1.4620591496945519,-2.4382235574229942,0.4456693366167377,-0.6715510902418471,2.1336099247235887,-0.6918542854347376,-0.7422508722662421,-0.1674794777553634,443.5882670839180264,18.2041413039650486,13.4386665219123369,5.3391478230795748,-8.2378695711778178,12.0636041719517024,-2.1514223163430728,1.6253575737220038,-9.8632265157182708,3.3781212496796593,3.6218035403820359,454.2884925763059982,5.9402789395359337,5.2399416157330725,7.4020955691632970,2.4623559085090232,-0.2002586392691275,-0.0884729551495784,3.9043163969671739,-1.4419575631808899,0.0480871377621901,0.0571502840342871,4.6828849353386168,7.3622098146649195,0.9775175653056540,8.7544714413846663,2.6078770781506018,-2.1555641104648862,-1.1668984408477969,-1.5426413667129362,4.7634407963347183,8.1242571360390414,-0.3757428537472416,640.1731829084467336,2.1190298325888239,1.6659753749448569,640.9404106603559512,2.9507197616624938,2.7787373571168734,234.0969809446700651,1.6863538350884171,2.6748511174709977,0.0653358761865408,234.6762529224887430,0.7408264174411852,0.6447115631003841,0.7037850558454419,-0.5792669699845110,662.0984116437794000,210.2722747904448397,13.3481164241589951,16.2369022653165302,-2.2905359319861840,0.4058447180246838,47.2119938740140341,3.2696372962213900,8.9451140949744428,3.0117617342336613,0.6828631733511060,1.2809185449714933,476.3261660411504295,-25.1224523614514332,0.3797420307299451,429.1141729108297795,-28.3920891949638303,-8.5653723376903077,-7.7104076502689054,436.8245798809901999,-3.8634698505874501,-4.1814850066831308,187.8035423266355508,18.8671026218758584,27.5480854988880708,140.5915433292505838,15.5974661979206495,18.6029711663319119,7.4339736554164517,133.1575732464849011,1.8823637590121001,2.9287345400362428,2.2037810683250427,0.0644727870821953,-1.3161112070083618,-17.5431947708129883,8.7768118381500244,1.0315771102905273,0.9818325936794281,-0.9987656233051299,-3.2487475574016571,19.6053116321563721,-2.3347054421901703,-0.0000004528727324,-0.5903652757406235,-0.7209869399666786,0.0000017695128918,0.0000001619337127,2.8143466114997864,-0.0310635545465630,0.1478851214051247,0.3370106548536569,0.2201246488839388,0.8079826086759567,0.2450060499832034,0.0132932747947052,-0.0440425872802734,-0.0024262546212412,0.1049269542854745,-0.0062362821045099,0.0502231223508716,-6.6686176657676697,-0.0844067865982652,-6.7318906635046005,4.5101780295372009,-0.0459030754864216,-0.1907816642196849,-0.5342929996550083,,,,,,,,,,,,,,,,,,,,,,,,,,,,,,,,,,,,,,,,,,,,,,,,,,,,,,,,,,,,,,,,,,,,,,,,,,,,,,,,,,,,,,,,,,,,,,,,,,,,-33.0000000000000000,,,,,,,,,,,,,,,,,,,,,,,,,,,,,,,,,,,,,6.2068952077074648,5.6862112277690162,139.0000000000000000,297.0000000000000000,1095.0000000000000000,-14.4292237442922371,0.1063975839809236,0.3315709350684931,,,,,79.0195956552511660,-1.3700646850000000,,0.3017123110485875,,,,,,,,,,,,,
"2012Q1",13.0883721051350008,724.8413998332720212,696.9809035206169483,580.9494547329950365,519.6125917992460472,520.3511968958090392,582.7064386919220169,453.4621359385258756,453.1346971398198207,454.3663226547179761,455.1053006331000006,7.0015765118190343,8.2762544868789050,640.6483262720546463,668.9134760294100488,0.2168001598076286,47.3095387273304553,0.7622871945547782,1.0955570751360755,479.1752814601376258,190.8194065029946387,-4.0490135425398535,10.1193766354125785,723.7805648735682098,696.8751891151168820,523.4933274049450347,568.5935405147904476,518.5865960890466795,582.8199039454822241,4.7263092346284354,-9.0830794867435518,-1.4322170630692335,234.8794311363040492,2.8024122472844541,2.7956196252624093,10.4444774251114936,2.9621430699876568,1.0608330318199086,13.0883710585996305,10.4444774251114936,-0.3182492799277795,2.9621430699876568,1.4501655458459646,0.1057092791891597,0.8749228843724139,-0.9641775886798719,696.9808979657560712,4.8680921128547840,4.5155282876678742,696.8751891151168820,6.8154919182300642,6.7237177188812804,-3.8807579416965434,-1.7869893897626810,-0.9641778231459920,519.6125709042395329,56.9065757129942540,28.1996634232032051,523.4933274049450347,8.6047189095355190,8.2931811434987477,12.3559124189022747,580.9494515848986111,27.6454710111789836,16.0004319367307595,568.5935405147904476,8.5164547879322541,8.1988379276652648,1.7646003527841336,1.2265134032713894,0.0562657305565746,520.3511970830418250,11.0678363643441049,10.1083794435936696,518.5865960890466795,11.5193205904016427,10.6854169955689109,-0.1134637852948064,582.7064408544496246,15.8738743199768120,16.0637997250082627,582.8199039454822241,11.6404056907229272,11.8360775876674040,1.0608330318199086,1.7457298083799877,724.8413979226496622,11.2398294485100649,8.3178395599355746,723.7805648735682098,6.7383972077565950,6.3096574581253080,453.4621359385258756,6.5440021195038662,6.4902989096587094,7.6814667042366729,453.1346962566502157,-0.6139938180289189,2.7899526772041936,5.8987446176716700,-0.3274396805571030,-7.1579944070151615,-1.7827216072117178,-2.3013902714363832,1.9739510996126115,-0.6386350220652210,-0.7072800908900135,0.8374157815297354,454.3663209598290109,43.1122219215019484,26.2311404947061924,16.7173356215671092,0.9041850159268019,36.5682160782039887,9.0358685800034415,9.9872635562190730,-9.0830794867435518,3.1205856265669829,3.4526034592966441,455.1053008336560879,3.2672343475337109,2.8442449725387799,7.0323261620619792,1.6431648770656928,-3.2767712359021779,-0.6491411597321963,3.0753794719517198,-1.4322170630692335,0.0389642854142244,0.0510965165880885,4.7263092346284354,7.0015751301111679,0.5343894349773975,8.7577255622842589,4.2116243549913825,-0.4584269865241535,-0.7404321047819993,-0.9641780571111832,4.6700513006422693,8.2762545258778299,-0.2237455249867104,640.6483263277988272,1.9005734049222260,1.1568470592396161,641.5454603882467381,2.7956196252624093,2.8024122472844541,234.8231686912346277,2.9047447707519862,2.8834746272309388,0.1021840874118141,234.8794311363040492,0.8127178896853050,0.7079714634934695,0.7720819360047843,-0.0562650493633341,668.9134740048302774,215.4513382020811889,20.7162416778695047,16.8586448763098176,-2.2886433107590740,0.2168001598076286,47.3095386363217330,0.3901785800105131,7.6253744851353797,0.7081953681649393,0.7622871945547782,1.0955570751360755,479.1752814601376258,11.3964582111719164,-5.9409370198981000,431.8657421439096424,11.0062793291498551,-13.5663116132828758,-4.0490135425398535,435.9147563085325601,-3.6392939172693510,-3.9676888415117038,190.8194065029946387,12.0634681017607495,24.1304326882412781,143.5098681107173206,11.6732896050070281,16.5050580083865022,10.1193766354125785,133.3904949934045590,0.9316841032737120,2.2073123557629173,1.7265510559082031,0.0395818189717829,-1.4192042350769043,5.6410737037658691,7.4330339431762695,0.4414663314819336,-3.0170732587575912,-1.7692591945438263,-3.8251594305038452,22.7244242429733276,-1.2724224627017975,-0.0000004044403353,-1.4571979790925980,0.1144231855869293,-0.1308385301381350,-0.0120157839264721,7.5774368420243263,-0.0251339047390502,0.1501371338963509,0.3764424538239837,0.2360154036432505,0.8307379856705666,0.2126195561140776,0.0238111176295206,-0.1177495857700706,-0.0043141261267010,0.1089327708759811,0.0015486047486775,-0.1646939106285572,-2.6215833425521851,-0.1800558855757117,0.7314384132623672,4.6925735771656036,-0.0572695359587669,-0.1621709770006419,-0.7624460314400494,,,,,,,,,,,,,,,,,,,,,,,,,,,,,,,,,,,,,,,,,,,,,,,,,,,,,,,,,,,,,,,,,,,,,,,,,,,,,,,,,,,,,,,,,,,,,,,,,,,,-32.0000000000000000,,,,,,,,,,,,,,,,,,,,,,,,,,,,,,,,,,,,,1.4122276555539459,-0.4258078076607695,136.0000000000000000,316.0000000000000000,1114.0000000000000000,-16.1579892280071817,0.0984455757238678,0.3534201077199282,,,,,64.1127323229010813,-8.3370899999999999,,0.0764079375829434,,,,,,,,,,,,,
"2012Q2",12.9375590925791997,725.7252792178869640,699.4593751307410230,584.9297677891410103,506.8156673533139838,512.0079933630389633,588.1064378587190049,455.2107530986676807,454.3397867178673550,458.3767155124079977,457.8063825420770172,8.1724369809889765,7.3597053001706705,641.3380484143074227,674.9306791645039993,0.0469228038843805,45.9356573052027599,0.7309222432408695,0.9139868763049636,477.4803220099915393,189.1200909140622173,-3.5132144999275852,9.8310332703177323,725.5205097024631868,698.5912935312395575,525.6739249991496763,570.7637182662754185,521.5807123075240952,585.7056224001861438,4.7931757123673560,-8.4022888039942156,-1.4259535717396408,235.1045846029585960,2.8464323152912820,5.5899954499493587,10.3548147730670905,2.6441707930815213,0.2047574903529493,12.9375584305659750,10.3548147730670905,-0.0614264995591920,2.6441707930815213,1.2772540948306865,0.8680747799419899,1.0050349283889548,-0.8420359806780295,699.4593674469222151,9.9138705270405616,5.6424052609018140,698.5912935312395575,6.8644241592627324,6.7854906355912998,-18.8582665578348880,-11.8995189380346531,-0.8420359229237365,506.8156576429890379,-51.1876843550109442,9.4868618567999157,525.6739249991496763,8.7223964584335167,8.4917593395028437,14.1660400143085727,584.9297579165946672,15.9212222120542286,29.9811423302792939,570.7637182662754185,8.6807237961461379,8.4097792809665979,-9.5727223242040704,-6.5074473890951348,2.1706604820194015,512.0079927374127919,-33.3728147817449567,12.4073875708715793,521.5807123075240952,11.9764686852372471,11.2389611582871218,2.4007960606614063,588.1064245231697214,21.5999131925493657,19.6869158133656441,585.7056224001861438,11.5428786282883458,11.7082794952365425,0.2047574903529493,0.5473374287550863,725.7252672777697171,3.5354557656439987,9.8133049996931341,725.5205097024631868,6.9597792930049618,6.5931457772565691,455.2107530986676807,6.9944678822468518,4.2543673671150781,6.7756487922654873,454.3397849388226177,4.8203536184706763,3.4582317433630139,4.7625725810696302,-0.8709681529478007,-2.1741133499436742,-2.0130768087118147,-2.7057854601743099,1.8348173217629278,-0.5565355538414920,-0.6552887599523282,-0.2703223960264598,458.3767141224467423,16.0415709921906284,6.3228012935011737,16.2473033104737823,3.1659610251239605,9.0471031091755005,9.4716535052191020,11.5682509345388702,-8.4022888039942156,2.7231628690145033,3.2010608412861861,457.8063824075282469,10.8043240419679183,8.5529616060432936,7.7497559780669274,2.5956292857426608,3.8098557625478255,0.9741047421613327,4.0215813195927135,-1.4259535717396408,0.0250580426807084,0.0420597194417506,4.7931757123673560,8.1724343999121221,-2.0371619729195363,8.8526411446179836,4.7142049684403311,0.0982031275285280,0.2982589073796569,-0.8420362445704775,4.6160011063514022,7.3597054280354710,-1.1402945355727852,641.3380489373315640,2.7588888559173506,1.5081267604230328,642.2844461369876399,5.5899954499493587,2.8464323152912820,232.9339208193789261,-7.5569934501557903,-0.7314347385315967,-2.7510264008608565,235.1045846029585960,0.9006125164588161,0.7808792667482677,0.8555818392156748,-2.1706608468860358,674.9306731351504141,219.7199207712298801,17.0743239753720566,16.2138007916165954,-2.2644745026246351,0.0469228038843805,45.9356568530095544,-5.4955256885107815,2.5230107963638462,-4.0003688646608477,0.7309222432408695,0.9139868763049636,477.4803220099915393,-6.7798377549003881,-9.3882411167049948,431.5446650673499676,-1.2843109680033380,-11.9112522548877049,-3.5132144999275852,435.0578795525577789,-3.4275075605260472,-3.7527591714560504,189.1200909140622173,-6.7972745997401418,13.8532065218931617,143.1844338978150404,-1.3017480113831130,11.3301952806884181,9.8310332703177323,133.3534003491367059,-0.1483709537447177,1.3377075332694930,1.2275674939155579,0.0143512920476496,0.0151039361953735,-16.8645811080932617,6.1346936225891113,-10.5261054039001465,5.1169661357998848,1.5715972545455088,3.1962407231330872,-6.5440375804901123,5.0125155150890350,0.0000024345016998,0.7034280300140381,-0.9389236047863960,-0.2527014203369617,-0.0232072734506801,0.9350008368492126,-0.0026684374606702,0.1457564868032932,0.3039601654745638,0.2006429173052311,0.7891630232334137,0.2405431065708399,0.0515957249735948,-0.2833903213031590,-0.0100098005787004,0.1285305136698298,0.0242613061709562,-0.1568693332374096,-6.2037225961685181,-0.2749600755050778,-1.0028259754180908,2.4438892900943756,-0.0720144547522068,-0.1521430269276607,-0.9868792628403753,,,,,,,,,,,,,,,,,,,,,,,,,,,,,,,,,,,,,,,,,,,,,,,,,,,,,,,,,,,,,,,,,,,,,,,,,,,,,,,,,,,,,,,,,,,,,,,,,,,,-31.0000000000000000,,,,,,,,,,,,,,,,,,,,,,,,,,,,,,,,,,,,,0.7251814468046026,-0.6703450077366792,124.0000000000000000,319.0000000000000000,1143.0000000000000000,-17.0603674540682420,0.0914934391607560,0.1766115485564305,,,,,64.1127323229010813,-10.1376900000000010,,0.1638288450185912,,,,,,,,,,,,,
"2012Q3",10.1051134906144000,728.6405008592820423,703.9151354360819823,570.7806994095559503,539.0302000239720428,519.3702333405899481,597.6991682563219683,455.8657702817664585,455.0475302125311146,458.7470970953240226,458.5212044380400016,9.3559101378150018,6.2703632206795508,642.4509531959325841,673.0701354940720194,-0.1046620195392312,44.3080192331535798,0.7040821805632425,0.6923566063184343,481.6983713462484502,189.0116230184118535,3.1420324046335395,11.6833084894415151,727.3726403620637484,700.3320290895652533,527.9338891451202471,573.0255922791084231,524.7570440935504621,588.5247693185981461,4.8642175176304470,-7.8222051882971195,-1.4234425251866949,235.3515360534521506,2.8893893286471495,7.5451725678187440,10.2698670096240416,0.2156033732573756,1.2678560663816469,10.1051137593138876,10.2698670096240416,-0.3803573384795721,0.2156033732573756,0.0653276736742184,3.5831009593859631,2.7562757490383585,-0.8035363508826923,703.9151294237283309,17.8230081236162086,8.8316233939644455,700.3320290895652533,6.9629515171598584,6.8505590468369046,11.0963156600753212,7.6643485848767732,-0.8035365118046953,539.0302039791145035,128.8581567428287258,18.2313524202263508,527.9338891451202471,9.0398578881734650,8.6928843269176088,-2.2448941045858959,570.7806975355499617,-56.5962793388479710,8.2459794357482057,573.0255922791084231,9.0474965317217784,8.6398653471771283,-5.3868093132682162,-3.9840225193874703,3.6400909012922211,519.3702347710689082,29.4489568152456407,5.3337583263530526,524.7570440935504621,12.7053268778498349,11.7988669449806167,9.1743994375129567,597.6991675518075908,38.3709315680877694,21.7732629946365499,588.5247693185981461,11.2765815107572731,11.5580831617080264,1.2678560663816469,1.2976556956423193,728.6404965680093255,11.6608740943256723,6.9873038062988737,727.3726403620637484,7.4085234871210588,6.8931153460011565,455.8657702817664585,2.6200659581653114,1.5838640449554631,5.5747672599724014,455.0475304404295684,2.8309775087410145,2.5568400257259389,2.6849147555173114,-0.8182398340640928,0.2109143452158559,-2.8898543187074597,-2.5347598971783851,1.7165205629064522,-0.4731873226531326,-0.5900530551730995,0.2862684310474666,458.7470958568428614,1.4815215561504316,-3.3469615465441933,19.7098640030017194,2.8813255766335955,-1.1385452080634615,14.1350944079141723,10.7035311784239155,-7.8222051882971195,2.3203354636811184,2.8855517570052256,458.5212044897829742,2.8592845103327957,1.9362429048376031,5.7177807862186469,2.6554342042408741,0.2392168056825041,0.1430111793665164,4.0788745737996699,-1.4234425251866949,0.0100443840099196,0.0305374405522692,4.8642175176304470,9.3559090384424355,-3.5203947195272249,8.9111952697176857,6.7990727584354982,2.2789073337032510,1.4261006788563708,-0.8035363995818530,4.5201651866052854,6.2703631897109835,-2.2296368338485109,642.4509536866718236,4.4516145228776374,2.8075272473734172,643.1966452008166470,7.5451725678187440,2.8893893286471495,231.7114427231886395,-4.8899173128495725,-1.9639520289885208,-1.8375473125519104,235.3515360534521506,0.9878098518604934,0.8604901499205481,0.9384193182421536,-3.6400911388438977,673.0701328848755338,217.2043643622138234,-10.0622209656183372,10.2691215638899109,-2.2399024016911286,-0.1046620195392312,44.3080195105983634,-6.5105522881967204,-2.0865648083063237,-4.8123873992406612,0.7040821805632425,0.6923566063184343,481.6983713462484502,16.8721965674510201,-0.9084084853700061,437.3903516371193518,23.3827462404924056,1.1781562097956417,3.1420324046335395,434.2483197755079800,-3.2382395658000198,-3.5421277611198878,189.0116230184118535,-0.4338738547844354,5.9248611723168905,144.7036017560441792,6.0766761068284669,8.0114259439130233,11.6833084894415151,133.0202968598441942,-1.3324147402330524,0.3333148430583096,0.4400923848152161,0.0227807485498488,2.5254724025726318,22.8738801479339600,-11.4528255462646484,1.2517986297607422,6.4527541324496269,1.8891112721700329,-0.2951653599739075,-4.3835906982421875,-3.5543887019157410,-0.0000019959814253,1.3772306144237518,-1.2033717781305313,-0.0392354354262352,-0.0036032552015968,-26.2511951848864555,0.0001517394848634,0.1977977687492967,0.5096309096552432,0.4047899907454848,1.0837306082248688,0.0668959412723780,0.0624576362315565,-0.3285373521503061,-0.0125078544369899,0.1322279483429156,0.0276002041937318,-0.1487694783136249,-2.5101813077926636,-0.2767081605270505,5.3202249556779861,4.5066514611244202,-0.1302316635847092,-0.1534828363437555,-1.1988817017991096,,,,,,,,,,,,,,,,,,,,,,,,,,,,,,,,,,,,,,,,,,,,,,,,,,,,,,,,,,,,,,,,,,,,,,,,,,,,,,,,,,,,,,,,,,,,,,,,,,,,-30.0000000000000000,,,,,,,,,,,,,,,,,,,,,,,,,,,,,,,,,,,,,0.0381352380552859,-0.9148822078126109,152.0000000000000000,373.0000000000000000,1209.0000000000000000,-18.2795698924731198,0.0938336268341289,0.2738875103391232,,,,,64.1127323229010813,17.5771000000000015,,0.1283257211596986,,,,,,,,,,,,,
"2012Q4",4.2523767526018901,730.2710837007219880,702.3876562646679531,550.6000987881729998,567.4049577256430439,524.0675611982510418,590.4064152946219792,456.2677019729714516,455.8592413027494672,456.7024623101920042,459.9344660612080133,10.7074046724566934,4.6362092164822517,644.3940141459753477,675.6359595810049541,-0.2388583070098260,44.2023133178169374,0.5403043901015757,0.5100927960906418,479.4977561285892875,188.7008197860111522,1.8171894719909005,12.1271929482682879,729.2828975029968888,702.0881006299729279,530.2049482349563050,575.3351629363559141,528.0531071586533471,591.3192966881341590,4.8872959068362354,-7.2771014428177621,-1.4220161579100210,235.6070565925068934,2.8796411305214558,7.1783332857728821,10.1908244959726471,-5.6419943458429618,0.9881832718190814,4.2523765203881165,10.1908244959726471,-0.2964545662727212,-5.6419943458429618,-2.8605186539126506,0.2995560650230608,-0.7068077834599547,-1.7183492083567127,702.3876560670414619,-6.1099209756274071,6.6237820165150385,702.0881006299729279,7.0242883056668406,6.9167879515482040,37.1999973964385333,23.4490725146299681,-1.7183491925296559,567.4049460455369172,113.4989459373592808,62.0190252698152804,530.2049482349563050,9.0842059591115429,8.8627942355596208,-24.7350643388672431,550.6000974919060127,-80.7224174140763182,-23.4379829000233393,575.3351629363559141,9.2382744966570449,8.8707341685816470,-3.9855433050597489,-2.9411399838026653,2.8699672983507676,524.0675639818196032,18.7893381060975742,6.4833229349468997,528.0531071586533471,13.1842699360703879,12.3463466755390670,-0.9128908041873807,590.4064104103125601,-29.1710382168941891,11.6684317335457131,591.3192966881341590,11.1780954809308710,11.4094898639505455,0.9881832718190814,-2.3968348527675643,730.2710808417452881,6.5223422717698947,8.2396430456323557,729.2828975029968888,7.6410585263050104,7.1869384370879033,456.2677019729714516,1.6077236742019341,0.5133182369750837,4.4415644562225776,455.8592408971690588,3.2468399051768491,1.8018888946175435,2.5710464143662302,-0.4084610714125511,1.6391162439244169,-1.8705199737105973,-2.0138912090532139,1.6054307263810070,-0.4443594920031864,-0.5281793396088903,0.2165536944047450,456.7024612737853317,-8.1785469366034693,-7.5170378530946635,13.1141940959461571,0.4347593097299463,-9.7862694156689845,8.6726286956373162,7.7118593220764886,-7.2771014428177621,2.1804156321763908,2.5861248742180440,459.9344658102281187,5.6530414629648904,4.4797636125308040,5.6459706649384245,3.6667638369617035,4.0453159514362316,1.2044066400462641,5.0887777405288208,-1.4220161579100210,0.0057058150821293,0.0199432991724887,4.8872959068362354,10.7074041209378343,-3.8899062433449378,8.8036418616391448,8.9055152483367230,4.5448101484246637,2.1454418255871373,-1.7183492279603474,4.3607054094157167,4.6362092990407859,-3.8637906978596432,644.3940147800905152,7.7722439091565230,4.2208303965032359,644.4666676650628006,7.1783332857728821,2.8796411305214558,232.7370871415901945,4.1025816562332338,-1.3598958430017052,2.9199500734232204,235.6070565925068934,1.0220751864510094,0.9308032468567424,0.9709714209904475,-2.8699677692382233,675.6359570894047692,219.3682557801829205,8.6555690414848332,9.0959794609247009,-2.3052746073919277,-0.2388583070098260,44.2023133073716110,-0.4228236613465697,-3.0096805853360182,0.0577942290434601,0.5403043901015757,0.5100927960906418,479.4977561285892875,-8.8024619123196413,3.1715893655465939,435.2954425566938994,-8.3796396138896423,6.1812697136576054,1.8171894719909005,433.4782533709217205,-3.0802664835593658,-3.3463267157132019,188.7008197860111522,-1.2432053127127460,0.8972819714491811,144.4985090493568975,-0.8203830362097211,3.9069621446737033,12.1271929482682879,132.3713178002040252,-2.5959133067868492,-0.7862579491132997,-3.1684882044792175,0.0286139748059213,-1.0674957036972046,30.3772606849670410,-23.2758855819702148,-0.0776934623718262,-4.2042172588407993,2.1250489668813106,0.8151849210262299,-4.4180316925048828,1.9212389290332794,0.0000000139477936,2.3530592396855354,-1.8571176789700985,0.9488448873162270,0.0871388174127787,12.7652707919478416,-0.0873353841016069,0.1655338406562805,0.2523894498590380,0.2324622594751418,0.8702596202492714,0.2213920876383781,0.0215984800888691,-0.1059125617612153,-0.0033341356611345,0.0836558184964815,-0.0208092735701939,-0.1404760209843516,4.3895658254623413,-0.4190139025449753,-0.1308709084987640,3.5983767211437225,-0.1130281472578645,-0.1658508161490317,-1.3967370882164687,,,,,,,,,,,,,,,,,,,,,,,,,,,,,,,,,,,,,,,,,,,,,,,,,,,,,,,,,,,,,,,,,,,,,,,,,,,,,,,,,,,,,,,,,,,,,,,,,,,,-29.0000000000000000,,,,,,,,,,,,,,,,,,,,,,,,,,,,,,,,,,,,,-0.6489109706940362,-1.1594194078885467,152.0000000000000000,335.0000000000000000,1234.0000000000000000,-14.8298217179902760,0.1447008731624401,0.0000000000000000,,,,,64.1127323229010813,0.0000000000000000,,0.1939409432903048,,,,,,,,,,,,,
"2013Q1",2.4517305306791002,729.7470038991949650,702.2462659829219547,546.6041860667110086,564.3795678274749434,523.4455819411169841,589.2573118252430504,457.9258111579083561,457.8626356941900895,457.0622895697259764,460.6642379723530212,9.9666745477837058,5.8475955618958704,645.2129813418313233,679.4910597880390242,-0.3567100858882344,44.3860323871684983,0.4653489038473853,0.3675685224389095,480.1370693092713964,187.0094971355510722,3.0092175039738436,11.2295701618582200,731.0624301488876426,703.8253340343735545,532.2881706534570867,577.5214738077505672,531.2551496894652701,594.2381778349174510,4.8892605431036111,-6.7365105249771915,-1.4205913659312535,235.8638306447725768,2.8650806063063148,8.1280623750281666,10.1607146786416944,-8.1036135385289416,-1.3154296570759496,2.4517300884217597,10.1607146786416944,0.3946292978113501,-8.1036135385289416,-4.0668621145079769,-1.5790673848362331,-2.8923701288784969,-0.8826135771438053,702.2462660795722513,-0.5655623212751522,5.2653696187574948,703.8253340343735545,6.9489455050254003,6.9501529373789035,32.0913957814231523,19.2039434068159593,-0.8826139770245116,564.3795660858692145,-12.1015426218370976,44.7669863303139337,532.2881706534570867,8.3328870614205055,8.7948355165457279,-30.9172897327678200,546.6041846414457268,-15.9836593096346249,-34.3452680299952178,577.5214738077505672,8.7452352262052706,8.9279306494877027,-7.8095731918215643,-5.5732503594860843,4.1274513830842974,523.4455762392971110,-2.4879572942476580,3.0943788608730332,531.2551496894652701,12.8081755236599442,12.6685590116892364,-4.9808675631011194,589.2573129660789846,-4.5964226266031218,6.5508613849791173,594.2381778349174510,11.6755140938402757,11.4182671079763214,-1.3154296570759496,-4.9222461040041141,729.7470004940630588,-2.0963350054583003,4.9055971148273461,731.0624301488876426,7.1181437161071415,7.2818725125888042,457.9258111579083561,6.6324322433342955,2.1796926735165258,4.4636711707479275,457.8626363542346667,8.0135788213413992,2.6438107704062670,4.7279392379311522,-0.0631747998722584,1.3811452477199686,0.2642654275563067,-1.5584353798168762,1.4952606460402216,-0.4406800428087316,-0.4786903189994108,-1.8778319825573591,457.0622890735079409,1.4393053618053804,-0.2142908970551467,2.6959654266080673,-0.8635220808128744,-5.1931269612823137,-1.7677076843262720,5.8729882134564315,-6.7365105249771915,2.1623618608704582,2.3465681687797946,460.6642383463521924,2.9190905140739036,2.4457544378568148,5.5589349089076787,2.7384271837953436,-3.7133438760701245,1.0952613837213565,4.1590188927041405,-1.4205913659312535,0.0056989784791637,0.0116267167454652,4.8892605431036111,9.9666731389545937,-3.8388688147661121,8.6569679047498784,7.3228624439922037,3.1144735484556203,1.7697911631801784,-0.8826136831289269,4.2083875329118063,5.8475955705782638,-2.6524044042333030,645.2129813512523242,3.2758667110200217,4.5646538901790343,646.2544932576514611,8.1280623750281666,2.8650806063063148,231.7363775640260428,-4.0028342405518496,-3.0867906536635950,4.3105646705478566,235.8638306447725768,1.0270930706770756,0.9843991651253201,0.9757384071510582,-4.1274517733335934,679.4910583408574212,221.5652482003811201,8.7879667732614646,6.1139148252297311,-2.3312626449243430,-0.3567100858882344,44.3860325666765334,0.7348762774062436,-2.9235059948410478,0.9839544508265328,0.4653489038473853,0.3675685224389095,480.1370693092713964,2.5572521699093045,0.9617875919687535,435.7510364951042448,1.8223743414063227,3.8852934734707922,3.0092175039738436,432.7418192789705813,-2.9457365773850097,-3.1729372686121895,187.0094971355510722,-6.7653025650801517,-3.8099131675824558,142.6234659640561233,-7.5001801793048859,-0.8864075405528051,11.2295701618582200,131.3938951699518611,-3.9096821350257436,-1.9966018584415837,-5.0118843317031860,0.0706064836122096,0.5660169124603271,9.4378190040588379,-14.8394976854324341,-4.6278724670410156,-3.7762554772198200,2.7520456967717677,5.5172814726829529,6.1736153364181519,-1.1180927157402039,0.0000012709032922,1.5730612725019455,0.8250072635710239,-0.2977499049156904,-0.0273443788755685,2.4621285945177078,-0.0544884125702083,0.0319210132583976,-0.5410597496666014,-0.4494475098326802,0.0391685962677002,0.8123721312731504,0.0027924883761443,0.0019615015480667,0.0005637549620587,0.0561216342321131,-0.0265963992424076,-0.1321832961402833,0.6770830750465393,-0.3629471533931792,1.8825597167015076,2.3767195343971252,-0.0915150167420506,-0.1734968045348069,-1.5733525517862290,,,,,,,,,,,,,,,,,,,,,,,,,,,,,,,,,,,,,,,,,,,,,,,,,,,,,,,,,,,,,,,,,,,,,,,,,,,,,,,,,,,,,,,,,,,,,,,,,,,,-28.0000000000000000,,,,,,,,,,,,,,,,,,,,,,,,,,,,,,,,,,,,,-2.4889022197038360,-1.8268987981239300,151.0000000000000000,339.0000000000000000,1213.0000000000000000,-15.4987633965375107,0.2288088644360771,0.0000000000000000,,,,,6.8160197952649924,0.0000000000000000,,0.0409431851924440,,,,,,,,,,,,,
"2013Q2",12.8113358249651998,732.7298267812210497,702.9248194670290104,560.2932020688280090,574.6539643929030490,547.2945646877050194,597.1453757965150544,458.8313919208611651,458.3295557850966588,460.2661052502419921,461.2355281740299802,10.3525782450029737,5.7685625947802244,646.2881448047980939,681.0602384897559887,-0.4584922612573650,44.5660477464262073,0.4229044970029333,0.2925109845030718,482.9002528555048457,186.1278843637227567,6.2999120967019167,11.4787790504367990,732.6033223645436010,705.5221645534168147,534.0790016899862849,579.4811566649497081,534.2423824305083144,597.3624273931584412,4.8954518500351938,-6.2023229278245084,-1.4191464160664842,236.1218070258573221,2.8473401526740187,7.3331915802009329,10.1958423165008227,2.6534464295882132,0.1265082189963788,12.8113363050189939,10.1958423165008227,-0.0379514069346010,2.6534464295882132,1.3442864551378784,-2.5973384179366170,-2.2361457421053395,-0.8295314633429223,702.9248252756750617,2.7142209872210175,3.4654477269390220,705.5221645534168147,6.7873292474167881,6.9308782072059447,40.5749697999254835,25.9601270239627766,-0.8295317961546409,574.6539710034031714,41.0976215954490840,67.8383061847510618,534.0790016899862849,7.1633090817788512,8.4050643793684152,-19.1879537007531518,560.2932033278707422,54.7560657962818595,-24.6365666396932497,579.4811566649497081,7.8387230511893176,8.7174314339743475,13.0521815846613425,7.9756991323015596,3.5971668580846718,547.2945645615149033,95.3959436265692062,35.2865696524010701,534.2423824305083144,11.9489190404537524,12.6616730748795554,-0.2170510311771974,597.1453765028113594,31.5522444454894142,9.0389394010427822,597.3624273931584412,12.4969954776364212,11.6567962341417797,0.1265082189963788,-1.2644767717227874,732.7298306344052889,11.9313083978567676,7.0045529001830058,732.6033223645436010,6.1635780611092921,7.0828247295975206,458.8313919208611651,3.6223198613907628,2.6618109443683751,3.6206362682588220,458.3295560249802634,1.8676776082110156,1.9263028203886479,3.9897689408480410,-0.5018358975088234,-1.7546444921280642,0.3691323765532024,-1.8882335232416367,1.3863976578264465,-0.4354520422648028,-0.4484196517746561,-0.6182280079280679,460.2661053469668104,12.8152626543400068,6.5978832663648523,1.8893882185921258,1.4347134229630942,9.1929423907100993,-1.7312473525909633,7.6370368665505408,-6.2023229278245084,2.1367503837358517,2.1999651587416111,461.2355280429090953,2.2851579234124677,1.9084581062713599,3.4291428046305330,2.4041361206884768,-1.3371630062179081,-0.1914929585560718,3.8232818326600984,-1.4191464160664842,0.0057796121925916,0.0068076196933228,4.8954518500351938,10.3525795332233024,-2.5102282712576254,8.5801543265441378,8.4262765977627012,4.3061220666207234,1.9019056347158656,-0.8295315807625294,4.1201545302410825,5.7685625328299022,-2.7314374300644562,646.2881445384560948,4.3006525000238511,4.9500951629730405,647.0633694934616642,7.3331915802009329,2.8473401526740187,232.5246362954006543,3.1530403020253135,-0.4092812688281453,3.6598223466173221,236.1218070258573221,1.0318982663432077,1.0172201995480250,0.9803033634082243,-3.5971668289026710,681.0602398141056710,222.2288489843051593,2.6543999678052437,2.5089309440942409,-2.3524990518385605,-0.4584922612573650,44.5660477615159252,0.7200614370308358,-1.3696088546077871,0.9721023768296606,0.4229044970029333,0.2925109845030718,482.9002528555048457,11.0527358649137746,5.4199311027720363,438.3342052342699731,10.3326733652005061,6.7895400075852477,6.2999120967019167,432.0342930185540240,-2.8301056337440329,-3.0235869466293259,186.1278843637227567,-3.5264506561294553,-2.9922048800311876,141.5618370308558838,-4.2465131568456087,-1.6225960815489113,11.4787790504367990,130.0830589712372216,-5.2433441543170911,-3.2703422228888863,4.5722414851188660,0.1295334612950683,-2.3639967441558838,19.1913738250732422,0.9082840681076050,18.7173652648925781,-8.2063126545399427,-1.5260101671115294,-2.1686534881591797,9.0851431488990784,-0.1855018287897110,-0.0000016391698454,1.6750953495502472,-0.3442733883857727,0.1186123657971621,0.0108929711277597,-8.0481894239783287,-0.0523355848708889,-0.0581196895800531,-0.9968853939790279,-0.8678500023670495,-0.4627979099750519,1.1613060245290399,0.0072157176473411,-0.0074014298152179,0.0006505375495180,0.0561598376953043,-0.0312323700200068,-0.1231847780290991,-0.2638913691043854,-0.3454271731898189,4.4341974109411240,3.2811919450759888,-0.0383006976917386,-0.1789426283357898,-1.7246292519848794,,,,,,,,,,,,,,,,,,,,,,,,,,,,,,,,,,,,,,,,,,,,,,,,,,,,,,,,,,,,,,,,,,,,,,,,,,,,,,,,,,,,,,,,,,,,,,,,,,,,-27.0000000000000000,,,,,,,,,,,,,,,,,,,,,,,,,,,,,,,,,,,,,-2.4295909801180349,-1.8046574489238396,191.0000000000000000,357.0000000000000000,1252.0000000000000000,-13.2587859424920129,0.3017502485400262,0.0000000000000000,,,,,6.8160197952649924,0.0000000000000000,,0.2049538769658500,,,,,,,,,,,,,
"2013Q3",8.7767862654337492,731.3041242797529549,703.5301841738670419,575.4222620558889503,541.4411417506170210,538.6002836309070290,598.3109923831509604,460.0442041429383835,458.6340890020277925,467.0382750113799943,459.8881457894149776,8.4472787666181048,7.6738620731650933,647.9610265179484259,686.8516764587290027,-0.5446711856560871,45.1508590918572423,0.3919973521438444,0.3742264407613343,478.0523594315198466,187.2145096147381196,1.5486703913256861,13.6228105093498186,733.8634882818308824,707.1681669667592587,535.5450820197836492,581.1736457279312162,536.9520479969695543,600.7127449957658882,4.8786790672749394,-5.6421067085843699,-1.4163750459335955,236.3733097812901462,2.8037199360419134,5.8880094901773763,10.1836599659675056,-2.1746847028493388,-2.5593697146121190,8.7767863432530699,10.1836599659675056,0.7678113726513280,-2.1746847028493388,-1.0934334712984568,-3.6379795393121972,-3.1326779647939134,-0.0280703794332098,703.5301869691313641,2.4214539235620922,-0.3849465254515849,707.1681669667592587,6.5840132453380704,6.8361435026314208,5.8960714199158115,3.1111357625789466,-0.0280705195484519,541.4411522116373590,-132.8512644439247197,2.4109347161339407,535.5450820197836492,5.8643222460559024,7.6111812043352591,-5.7513823368731281,575.4222632638360437,60.5162424574021571,4.6415623075995516,581.1736457279312162,6.7699580020361960,8.1480461164521785,1.6482345730938042,0.7280405265086980,1.8955128161968284,538.6002832075940887,-34.7771174505795386,19.2300462332544768,536.9520479969695543,10.8386602726732271,12.1950065705398938,-2.4017514696516411,598.3109943688737076,4.6624671509143099,0.6118177562606331,600.7127449957658882,13.4012674318726361,12.1879674087103282,-2.5593697146121190,-2.4646098748371896,731.3041185447293628,-5.7028552385004332,2.6636203414852946,733.8634882818308824,5.0406575037276387,6.4908583608598729,460.0442041429383835,4.8512507216550587,3.1884508132344282,4.1784328772909118,458.6340892603856787,1.2181355203004591,1.4930856519921449,3.5865581683604879,-1.4101148818339189,-3.6331150472869225,-0.5918748809829613,-2.6822286574208354,1.2721137442459471,-0.4571351348958135,-0.4444066529606814,-2.4265961612896554,467.0382744387146090,27.0886789858578432,14.6313350322800275,8.2911755104396931,6.9940702962280037,22.2374267871093956,4.1127437963105500,12.6361776409676256,-5.6421067085843699,2.2408599099817419,2.1800969819843341,459.8881456224787598,-5.3895288862266479,-4.0769366256198154,1.3669405246787361,-0.1560585335999370,-10.2407812146483188,-2.8114916216371428,1.2603171128126218,-1.4163750459335955,0.0110907373558589,0.0070688337847663,4.8786790672749394,8.4472785799889145,-2.5723115730608273,8.5551983738853021,6.9541941785850376,2.8205392471257476,0.7980675481195790,-0.0280705783770192,4.1336544833298250,7.6738621250192169,-0.8261378439286666,647.9610268397681239,6.6915301703775452,5.5100734147726467,648.2151754216432664,5.8880094901773763,2.8037199360419134,234.4777964709478795,7.8126376093647689,2.7663560873539179,5.0451301994554481,236.3733097812901462,1.0060085947772339,1.0217711132797380,0.9557081236283962,-1.8955129131386508,686.8516751755114456,226.8074713622272611,18.3144963702315060,9.6031080384158649,-2.4042541791343779,-0.5446711856560871,45.1508588993180524,2.3392453817241403,0.8428398808286235,2.2674484142603601,0.3919973521438444,0.3742264407613343,478.0523594315198466,-19.3915736808374888,-3.6460118531790626,432.9015005379420700,-21.7308185994837970,-4.4888518567155131,1.5486703913256861,431.3528299261474785,-2.7258523157781194,-2.8954901493718799,187.2145096147381196,4.3464848431091845,-1.7971169417545747,142.0636481117358016,2.0072402398442613,-2.6399568766412234,13.6228105093498186,128.4408395675170027,-6.5688749957764418,-4.5794579459811864,-1.5995466113090515,0.0785649726167321,-0.6379876136779785,-19.3846263885498047,6.7207859754562378,-6.3737959861755371,-1.8603103011846542,-0.3521586702890085,-0.2473205924034119,15.6193104982376099,-4.7829471826553345,0.0000006698011683,0.2763111963868141,1.6321557648479939,0.6298111546784639,0.0578397992067039,17.4621823951601982,-0.0849779474374373,-0.1079001165926456,-1.1847728244028986,-1.0391684253700078,-0.7567638233304024,1.2851710682734847,-0.0151292416558135,0.1197582546155900,0.0058890959044220,0.0257052183151245,-0.0588861656797235,-0.1136884926818311,1.3671424686908722,-0.3423787918873131,-2.3572749644517899,5.2432997077703476,0.1109665120020509,-0.1787572708708467,-1.8498630335088819,,,,,,,,,,,,,,,,,,,,,,,,,,,,,,,,,,,,,,,,,,,,,,,,,,,,,,,,,,,,,,,,,,,,,,,,,,,,,,,,,,,,,,,,,,,,,,,,,,,,-26.0000000000000000,,,,,,,,,,,,,,,,,,,,,,,,,,,,,,,,,,,,,-2.3702797405323062,-1.7824160997237282,179.0000000000000000,377.0000000000000000,1261.0000000000000000,-15.7018239492466289,0.3606209229979381,0.4264189515602712,,,,,6.8160197952649924,-14.7261327580000305,,0.2255421065498280,,,,,,,,,,,,,
"2013Q4",13.2737665786867005,734.4690116533109858,710.5762615796539876,594.5964866099740220,521.6437158949579498,534.8896715921509895,608.6167903909589540,460.5570709617299485,459.3050276230363806,466.8440727809539794,460.2389929856100252,5.9444152284137788,9.8897732161588578,650.1468783627811945,691.9304703103050542,-0.6154266539599496,45.6538946078876151,0.3521126883640460,0.4318326477188953,475.3815175791821730,187.8451850883210454,-0.9709005265879114,15.7148367643896165,734.9727352760572785,708.7809750794021966,536.8327293754073253,582.7185652807846736,539.5269952747530624,604.1762079271646826,4.8687438376783216,-5.0644140486220941,-1.4124343414624683,236.6182670552638569,2.7783499370359643,4.0798217403321644,10.1994866137384346,2.9231594889408203,-0.5037337371698646,13.2737662323068975,10.1994866137384346,0.1511200995200864,2.9231594889408203,1.4694926559037227,1.7952755670873568,1.7293846630738254,-0.0472368304592365,710.5762500377602464,28.1842427184130244,8.1885891052525306,708.7809750794021966,6.4512371938737472,6.6928803871373939,-15.1890369998973096,-9.3781951427033743,-0.0472370452996367,521.6436910136052347,-79.1898138512943319,-45.7612612331801074,536.8327293754073253,5.1505985430167538,6.6277789157826463,11.8779137598783215,594.5964790323782836,76.6968604268843279,43.9963785956160507,582.7185652807846736,6.1796757292181193,7.3833968483317003,-4.6373282880575362,-3.3100737388258321,0.1225214798423037,534.8896662535896667,-14.8424631399322902,10.8220981577464137,539.5269952747530624,10.2997909529449316,11.4738877466100462,4.4405683523256920,608.6167775719352449,41.2231122936250785,18.2103573256981512,604.1762079271646826,13.8538451803018301,12.8569056393466568,-0.5037337371698646,1.4274464796846411,734.4690015123503599,12.6595018649847706,4.1979073514371885,734.9727352760572785,4.4369788191637678,5.6898386298000343,460.5570709617299485,2.0514646100717853,2.9210866881232009,4.2893674515871929,459.3050262698082520,2.6837474131821737,4.2514172296612598,3.4457844260880823,-1.2520446849561531,0.6322810638413834,-0.8435833631570930,-2.4062171869968090,1.1541727067897321,-0.4717655507733859,-0.4512581583083867,-0.4274911652844900,466.8440717367271304,-0.7768141273933997,-3.0169667503523154,10.1416079677232887,6.2870007808502431,-2.8282794719764421,5.8522406187090095,11.3514144845755602,-5.0644140486220941,2.3107779207843535,2.2126878962366194,460.2389929724657804,1.4033881193861006,1.5280441796791524,0.3045269624324989,-0.3180779786311235,-0.6480780230454197,-3.9848408747377002,1.0943560251389952,-1.4124343414624683,0.0157614526798235,0.0095823772583042,4.8687438376783216,5.9444106908691330,-1.6106547065690942,8.5380030209332443,1.6929928844213959,-2.4480320617114284,-1.4370102376913616,-0.0472370610572741,4.1410247551512818,9.8897733598043445,1.3897733772402185,650.1468789276034386,8.7434076946275336,5.7528640071113468,649.9270275665370491,4.0798217403321644,2.7783499370359643,236.4957470857267765,8.0718024239591486,3.7586597915250155,1.1585644801711230,236.6182670552638569,0.9798338486308161,1.0112094007315355,0.9308421299684995,-0.1225214443329454,691.9304654072863059,231.3733948268298093,18.2636966969353907,12.0051407630185416,-2.4020685110030024,-0.6154266539599496,45.6538944296094797,2.0121420641214911,1.4515812233799239,2.0057655220346287,0.3521126883640460,0.4318326477188953,475.3815175791821730,-10.6833694415562679,-4.1162389739260750,429.7276225885742633,-12.6955109027867934,-5.5678204149645802,-0.9709005265879114,430.6985234213555032,-2.6172260044732720,-2.7797300427823930,187.8451850883210454,2.5227129600918339,-0.8556344501617437,142.1912922941434658,0.5105719957260959,-2.3072159087348716,15.7148367643896165,126.4764576286920601,-7.8575280468737905,-5.8948578525793662,1.7353671789169312,0.1046251612715423,3.5716096162796021,-19.3159341812133789,15.6163127422332764,-5.3887186050415039,5.7585179395973682,-0.1333555472427532,-0.6967391371726990,-11.4924746751785278,3.0421795547008514,0.0000010663480972,-2.0196335911750793,2.1332975439727306,1.0446169655770063,0.0959342107526027,1.3141118213534355,-0.0362126665422693,-0.0475261947140098,-0.6644578052219003,-0.5713723069056869,-0.2408868148922920,0.8786902297288179,-0.0099690487841144,0.0959777708631009,0.0057797878107522,0.0241256800800329,-0.0449979885306675,-0.1034357659518719,-0.2553074955940247,-0.3575377492234111,-1.9310764968395233,5.7701836675405502,0.0950288688763976,-0.1639589549922675,-1.9455411823000759,,,,,,,,,,,,,,,,,,,,,,,,,,,,,,,,,,,,,,,,,,,,,,,,,,,,,,,,,,,,,,,,,,,,,,,,,,,,,,,,,,,,,,,,,,,,,,,,,,,,-25.0000000000000000,,,,,,,,,,,,,,,,,,,,,,,,,,,,,,,,,,,,,-2.3109685009465433,-1.7601747505236107,162.0000000000000000,404.0000000000000000,1328.0000000000000000,-18.2228915662650586,0.4003008672746606,0.3400343286407495,,,,,6.8160197952649924,-21.7962146849999989,,0.2222850066987982,,,,,,,,,,,,,
"2014Q1",13.0520982448874996,735.4647129175169766,710.0604255501699527,594.0155721560779511,542.2920272199349938,535.2991774190910519,614.1130122021579609,460.9409239499661339,460.5129188625172674,462.8080075399290081,461.4903238511399763,5.5779561623765623,10.2277763034029547,651.5912267389135195,695.2494440040319432,-0.6016234933984177,46.2625437835993765,0.3327457866705891,0.4518760363081355,480.6510522814218689,187.5101152206576955,4.3150736459414816,17.0399467165865559,736.0971509284804597,710.3837989307055523,538.1225398920672660,584.2719460311016064,542.1503352171953338,607.6094796834831868,4.8343010045399222,-4.4383749704355164,-1.4064911523504742,236.8506529440144845,2.7517495833557688,3.5167118350106876,10.1941282292948365,2.6682383450221678,-0.6324350985631855,13.0520982029052313,10.1941282292948365,0.1897302092748998,2.6682383450221678,1.3314402427195211,-0.3233693717152930,-0.1838255841989400,0.4197780743922678,710.0604291167549036,-2.0633021458577421,7.8141642598182912,710.3837989307055523,6.4112975205362082,6.5584683422230103,4.1694875595366732,2.6828530788600613,0.4197777702695446,542.2920275544224751,82.5932874941491946,-22.0875291035624528,538.1225398920672660,5.1592375000906783,5.8343658273420989,9.7436252597309689,594.0155712837891997,-2.3236399368529987,47.4113893761922256,584.2719460311016064,6.2135183003065224,6.7504693305609864,-6.8511539153641143,-4.6779262226754765,-0.4901945355135744,535.2991819046760611,1.6380352624777288,11.8536049875171319,542.1503352171953338,10.4933682013431380,10.8951830585650242,6.5035337834997256,614.1130103583707296,21.9848877439837302,24.8556922368476734,607.6094796834831868,13.7330782552344175,13.3712963591380714,-0.6324350985631855,-0.0245441510020350,735.4647157988842991,3.9828061124720548,5.7177039611702769,736.0971509284804597,4.4976524044026913,5.0347156493296517,460.9409239499661339,1.5354113632838362,2.0141730537515365,3.0151159953841624,460.5129191247742142,4.8315681042411347,4.3742711382893020,2.6502841942185973,-0.4280048300743602,3.2961602513959281,-0.3648294103382069,-1.4542254454492669,1.0262211044707059,-0.5118078687872936,-0.4690400303102051,-0.4079043972506069,462.8080063453381285,-16.1442640758215745,-10.6354987380287191,5.7457170708231846,1.8670823877684679,-17.6796760982367793,2.7306023320553696,6.3054555567566348,-4.4383749704355164,2.5041619489247906,2.2981371294448993,461.4903233117629497,5.0053219299690364,4.4768055753520164,0.8260843429662039,0.5493993486556983,3.4699078053424257,-2.1890294348834889,1.9558890789268886,-1.4064911523504742,0.0237750582206374,0.0141022055421567,4.8343010045399222,5.5779554206651181,-2.0719472236667085,8.4091901939193061,1.2036879894078645,-2.8830097185064010,-1.3079981198151336,0.4197776998064002,4.0866971692305860,10.2277761959581444,1.7277762015578511,651.5912267184647817,5.7773890685648919,6.3782441176338462,651.9082773338172956,3.5167118350106876,2.7517495833557688,237.3408517479227839,3.3804130331846083,5.6044711641317413,1.2458072327907885,236.8506529440144845,0.9295490034898800,0.9868228074569488,0.8830715293766072,0.4901945927681953,695.2494449474980911,234.3085205090938246,11.7405028061842369,12.7432767484271565,-2.3997446688748298,-0.6016234933984177,46.2625441438315264,2.4345967028470454,1.8765115201019453,2.3437301226099061,0.3327457866705891,0.4518760363081355,480.6510522814218689,21.0781381501607754,0.5139827404093031,434.3885080435679811,18.6435411029660258,-1.3625286922081239,4.3150736459414816,430.0734348818809849,-2.5003538520399085,-2.6683845088046914,187.5101152206576955,-1.3402752550841512,0.5006189538070114,141.2475746902970286,-3.7748725248927570,-1.3758925473392933,17.0399467165865559,124.2076253965275043,-9.0753205868552662,-7.1862731057904812,1.6938757300376892,0.0869144587777555,-1.9243150949478149,13.8746342658996582,2.0229797363281250,-3.5851044654846191,3.3512202613055706,0.5517038714907345,0.9851547777652740,-11.4050014019012451,1.8376072049140930,-0.0000029467953984,-0.9227485880255699,0.4769802466034889,0.4357414413243532,0.0400170707143843,-2.5341794043779373,-0.0358559230517130,0.0386714101769030,0.0222174311056733,0.0468494975939393,0.4646173864603043,0.3279743473976851,-0.0354701646137983,0.2264357625972480,0.0095897665596567,-0.0012931491655763,-0.0487653329037130,-0.0231224615126848,0.4288313090801239,-0.3449968984350562,4.9170315563678741,5.5681197792291641,0.0632266709581017,-0.1448503968022123,-2.0035381179768592,,,,,,,,,,,,,,,,,,,,,,,,,,,,,,,,,,,,,,,,,,,,,,,,,,,,,,,,,,,,,,,,,,,,,,,,,,,,,,,,,,,,,,,,,,,,,,,,,,,,-24.0000000000000000,,,,,,,,,,,,,,,,,,,,,,,,,,,,,,,,,,,,,-0.1661537625124685,1.0175665629564792,174.0000000000000000,418.0000000000000000,1355.0000000000000000,-18.0073800738007392,0.4450081283760320,0.2869311925736854,,,,,57.7926742014569754,1.2588555680000031,,0.0797023677346043,,,,,,,,,,,,,
"2014Q2",14.3775816288274001,736.7039747147530306,705.7945685737189478,609.1398336537929481,516.6090092746060236,542.1381502230509568,609.3275798347790442,460.9190740747133646,460.5350846195379972,463.1538218858769937,460.1062569212450057,5.5258633433833761,10.5073776678788189,652.2451533816825986,705.3174458483449598,-0.6174125798149355,47.2981170088038994,0.3232104451826803,0.3610926868645657,483.7683975432343004,189.2210844279250352,6.9912621460592845,20.2610665732545669,737.2906489414408497,711.9842979563022709,539.4670843865955021,585.8857665157426027,544.8782197147411352,610.9629504156263238,4.7836567643846735,-3.7421640210533935,-1.3978992165758735,237.0669761664184421,2.7181313853431441,2.1358216488416240,10.1360429097185456,4.0655371747689566,-0.5866727721588807,14.3775822625362295,10.1360429097185456,0.1760026739887220,4.0655371747689566,2.0037258686928521,-6.1897214109638892,-4.3269946568225306,1.4993414302928179,705.7945762251242741,-17.0634070206357222,2.8697550238964897,711.9842979563022709,6.4020026037777553,6.4621375738066007,-22.8580582940956099,-15.3029555886420940,1.4993411315089600,516.6090254972658613,-102.7320461083155010,-58.0449397630688892,539.4670843865955021,5.3781729713512760,5.3880852117546008,23.2540667819032656,609.1398327863322493,60.4970447959045572,48.8466304308475685,585.8857665157426027,6.4552784305245421,6.4046080195962922,-2.7400697139812928,-1.7920785931545877,-1.9412121241528701,542.1381496968879219,27.3558843763633774,-5.1564159036624355,544.8782197147411352,10.9115315442754994,10.6358361956203424,-1.6353710373626669,609.3275819328368925,-19.1417309550895069,12.1821998403571623,610.9629504156263238,13.4138724182213362,13.6005171439416443,-0.5866727721588807,-1.7980823962180090,736.7039762111105574,4.9570452837958880,3.9741388920092309,737.2906489414408497,4.7740050814829829,4.6873233968392807,460.9190740747133646,-0.0874030054868586,1.3461362188035064,2.0876804427717399,460.5350855310679208,0.0886648743032548,1.7075484961101353,2.2055289473205004,-0.3839885404911366,0.1760655225931251,0.1178470899344964,-1.2677303084365199,0.8837416636661861,-0.5699179922932557,-0.5026565442545856,-0.0810952957974052,463.1538220326923465,1.3832576390044100,1.8429689937698672,2.8877166315503233,2.2347479586503081,1.4706596757543267,0.8000351239881898,5.9769122740633316,-3.7421640210533935,2.7848447119390141,2.4601606518739940,460.1062571049664029,-5.5362653498683665,-3.9545247895628037,-1.1292710557453352,-0.8128169785071249,-5.4488639003138246,-3.2169534419488981,0.5850838798194107,-1.3978992165758735,0.0343674742555279,0.0212488655607861,4.7836567643846735,5.5258647486203225,-2.3034894380403004,8.1149869486278057,3.8183167995898040,-0.0829320539854788,-0.5080361139316664,1.4993411493831812,3.9012482303476368,10.5073776239838956,2.0073777094398433,652.2451533389331644,2.6157067677521533,5.9570081770364158,653.0725600235987258,2.1358216488416240,2.7181313853431441,239.0081847373031110,6.6693375294598667,6.4835478225255132,4.2231748190537486,237.0669761664184421,0.8652886155970771,0.9451688105807654,0.8220241911841425,1.9412115487649022,705.3174469856030555,244.3983730898620763,40.3594121231934366,22.1695281029813565,-2.4100844495802618,-0.6174125798149355,47.2981169516677582,4.1422929008180915,2.7320691927078178,3.7098874200228877,0.3232104451826803,0.3610926868645657,483.7683975432343004,12.4693806055495848,0.8681443652854313,436.4702803120783301,8.3270869031578663,-1.8639248364443946,6.9912621460592845,429.4790182947530184,-2.3776668552803772,-2.5552747636040625,189.2210844279250352,6.8438573685924595,3.0931941765788125,141.9229633119940104,2.7015633761195765,0.3611248465057164,20.2610665732545669,121.6618971996559821,-10.1829113176265036,-8.4211619086947973,1.7401305437088013,0.0373787949793041,-6.6554580926895142,-25.8434092998504639,16.9207096099853516,1.8277659416198730,0.0927295126020908,1.8674580088245660,-2.9053296744823456,7.8218435049057007,-6.4985187351703644,0.0000025969183431,-0.5980659350752831,0.4523789919912815,-0.0431519653648138,-0.0039629375096411,30.3192820847034454,-0.0482871787389740,0.0673197521828115,0.2329463956411928,0.2551044262945652,0.6988812163472176,0.1234972104430199,-0.0551158017478883,0.3330727806314826,0.0129699234239524,-0.0177829227177426,-0.0584432430332527,-0.0518865087069571,1.7985644936561584,-0.3390387361869216,4.3159163743257523,7.8219048082828522,-0.0455957874655724,-0.1273484918820031,-2.0151211707852781,,,,,,,,,,,,,,,,,,,,,,,,,,,,,,,,,,,,,,,,,,,,,,,,,,,,,,,,,,,,,,,,,,,,,,,,,,,,,,,,,,,,,,,,,,,,,,,,,,,,-23.0000000000000000,,,,,,,,,,,,,,,,,,,,,,,,,,,,,,,,,,,,,-1.4730131899237682,-0.8054236550869400,187.0000000000000000,410.0000000000000000,1394.0000000000000000,-15.9971305595408904,0.4708115802321820,0.3057127738857535,,,,,57.7926742014569754,4.4860233849999993,,0.1898805998053882,,,,,,,,,,,,,
"2014Q3",13.3072953600853996,739.9126644007110372,714.9282286437610310,596.2462844014329448,523.7975279312539669,545.6912984305439522,611.7161989902930372,461.0456374828426078,461.0233509326845365,461.1396632748649722,461.0816975365839880,5.4034905841946399,10.5046455315520362,652.9573576168044156,709.2622233527899880,-0.6618726322519475,47.4487601482638439,0.3287922188325817,0.1956584260334173,474.7876630297007523,187.5454392925883838,-1.5805225249831665,21.2191992663468767,738.5404072381595597,713.5790102831548438,540.8651326263542387,587.5475698690216859,547.6857890436265279,614.2420125606120109,4.7887167685259531,-3.0470504541158392,-1.3891264152192988,237.2797247780570444,2.7367927792914895,1.7988262776242516,10.0739031325758503,3.6450699181071005,1.3722602753009552,13.3072952305444208,10.0739031325758503,-0.4116783966324266,3.6450699181071005,1.7914652004719795,1.3492200202773434,1.1337086226840705,1.3774825255793739,714.9282307228274931,36.5346358775728959,11.3980426952873870,713.5790102831548438,6.3788523549032226,6.4108465247696564,-17.0676135614529763,-10.8842215929863055,1.3774826612591307,523.7975170792539075,28.7540215810852935,-17.6436297009304894,540.8651326263542387,5.5922209040679549,5.3200548311173819,8.6987131660707888,596.2462826492904924,-51.5741931372111253,20.8240198718039586,587.5475698690216859,6.6472293415934969,6.3739253989629967,-1.9944886185443973,-1.4221217450850636,-2.1030394829423176,545.6913015323035552,14.2126308475831884,7.0910168876008495,547.6857890436265279,11.2302845087512093,10.7337435293569499,-2.5258170250969960,611.7161988051977914,9.5544799377942571,13.4051988878996564,614.2420125606120109,13.1162545937800061,13.5292630168315959,1.3722602753009552,1.0193992692148734,739.9126675572248359,12.8347679109365416,8.6085389658883518,738.5404072381595597,4.9990269938217535,4.6769162605585421,461.0456374828426078,0.5062543152674657,2.1302060740570550,1.0014326302093883,461.0233511273107752,1.9530631798907983,3.2716627778147584,2.3892613657403183,-0.0222863484626872,1.4468087345427045,1.3878285422641645,-0.7637672961864976,0.7414807718043467,-0.5690430172948129,-0.5306336304196633,1.5184196223599966,461.1396635941148361,-8.0566344269882162,-4.0792158587991958,-5.8986117669998439,0.0940261197551615,-8.5628870221400426,-6.9000440897660784,3.1410773469625721,-3.0470504541158392,2.7804521878389412,2.5950591431549763,461.0816974643651065,3.9017636666243791,3.5346159652943796,1.1935518081898846,0.0360599834207033,3.3955085963713767,0.1921188970151437,1.4251876894222884,-1.3891264152192988,0.0350889245620861,0.0272483518219527,4.7887167685259531,5.4034910291477418,-1.6425564349026907,7.9605801501015883,2.1318288496386693,-1.6090788643298912,-0.6271627923169660,1.3774827198164463,3.7409064412079998,10.5046455854743819,2.0046456205321532,652.9573580991758490,2.8488130827831095,4.9963286085458947,653.7340054802542682,1.7988262776242516,2.7367927792914895,239.3827674445068396,1.4983221825468473,4.9049689167352915,-0.1886618360940820,237.2797247780570444,0.8510054242932034,0.9064186217100720,0.8084551592760663,2.1030392632510480,709.2622233278225394,248.2165864738743721,15.2728493066892792,21.4091154253029572,-2.3236912295314873,-0.6618726322519475,47.4487604936742926,0.6025725578397783,2.2979005329809237,0.8781092080770088,0.3287922188325817,0.1956584260334173,474.7876630297007523,-35.9229378764798000,-3.2646962946294735,427.3389028274120847,-36.5255088504855934,-5.5625970335253045,-1.5805225249831665,428.9194251649862508,-2.2383709741222964,-2.4334042080651899,187.5454392925883838,-6.7025557418284478,0.3309369336583980,140.0966808865291000,-7.3051269656926721,-1.9669637354852210,21.2191992663468767,118.8774831989583163,-11.1376613288743282,-9.5633526316238218,2.7751986980438232,0.0337277026847005,4.2028796672821045,-3.0212414264678955,-6.4164314270019531,-0.0928101539611816,0.0447182171046734,0.0727621154071745,-0.4746704101562500,-5.6426788568496704,4.6562318205833435,-0.0000003403476252,-1.2721569836139679,0.1980056762695312,0.0351618882268667,0.0032291527604684,-17.1427179351449013,0.0474118532001739,0.0529990205541253,0.2390063167549670,0.2077135411091149,0.6203783974051476,0.1291250735521317,-0.0044759934244212,0.0760656800121069,0.0041582123085391,0.0289812346454710,-0.0095254798870883,-0.0815048362128437,-3.1073168516159058,-0.3258286779746413,-5.9151049181818962,6.4286200255155563,-0.1293249651789665,-0.0984709904005285,-1.9730473575182259,,,,,,,,,,,,,,,,,,,,,,,,,,,,,,,,,,,,,,,,,,,,,,,,,,,,,,,,,,,,,,,,,,,,,,,,,,,,,,,,,,,,,,,,,,,,,,,,,,,,-22.0000000000000000,,,,,,,,,,,,,,,,,,,,,,,,,,,,,,,,,,,,,-2.7798726173350161,-2.6284138731303459,212.0000000000000000,430.0000000000000000,1436.0000000000000000,-15.1810584958217270,0.4752688180248625,0.2911236601821464,,,,,57.7926742014569754,6.5550769017974444,,0.1272382911969230,,,,,,,,,,,,,
"2014Q4",11.3788858635523997,740.1843149622339979,713.4568057333899560,593.1232750022560367,545.8675994605649748,549.7946802510649604,613.4330361319449594,461.5416007841089368,462.0690756531270722,458.9235798267640121,461.6041304824669851,5.2434309848421217,10.6959742301828840,653.9203916368658156,711.3145599430349648,-0.7336964868894902,45.7541692629887677,0.3305862941977343,-0.0450044170476152,470.5518394950299808,179.0986241081524781,-3.6055065118951575,17.4392320760009767,739.8348632062287606,715.1620291803006921,542.3051170211667795,589.2556202764372983,550.5578252035131754,617.4519371308450673,4.7683222776302037,-2.3208205529271537,-1.3791924299460665,237.4836451083908457,2.7304179310942365,4.1231320076791524,9.9825229284912940,1.5011971856782518,0.3494502842283502,11.3788856315766758,9.9825229284912940,-0.1048343431748444,1.5011971856782518,0.7049083532004131,-1.7052209171803909,-1.7135059490742335,3.3923524304567811,713.4568078017663311,-5.8856902708290679,2.8805549159071866,715.1620291803006921,6.3320856154985989,6.3810596818617347,3.5624758124371341,1.6943411116693694,3.3923522007153326,545.8675925052990578,88.2802768236573598,24.2238915994765058,542.3051170211667795,5.7599227382509852,5.4723874451697387,3.8676544441021932,593.1232747515173287,-12.4920358819693540,-1.4732012682033995,589.2556202764372983,6.8322036471888028,6.5370559984418728,-0.7631444719700309,-0.8936603866072099,-0.1218407799307650,549.7946808381087749,16.4135371083529478,14.9050114779026401,550.5578252035131754,11.4881568144571755,11.0308361825667447,-4.0188988527278919,613.4330362379863573,6.8673292159813233,4.8162462340370435,617.4519371308450673,12.8396905397618077,13.2757228821968347,0.3494502842283502,-0.9924081300310403,740.1843135341274547,1.0865910627201001,5.7153043985097653,739.8348632062287606,5.1778449009593022,4.8621335714274041,461.5416007841089368,1.9838498901790365,0.5717360655146293,0.9845278914330050,462.0690759413428168,4.1828967521953251,1.5280325483118142,2.7640477706480167,0.5274751527708877,2.1990457351263997,1.7795199035161495,-0.0653051484855987,0.5927803410952853,-0.5948014245979776,-0.5613925958981902,0.3039302411646143,458.9235800157003382,-8.8643353539772534,-4.6178564533348458,-7.9204940709536489,-2.6180207689155326,-10.8481883346565837,-8.9050225765831410,-0.2972010673790670,-2.3208205529271537,2.9049222903349867,2.7435956784950353,461.6041302581692207,2.0897328856176296,1.7190175547670341,1.3651377737688479,0.0625294601398233,0.1058820048527658,0.3806098083997269,1.4417243553839625,-1.3791924299460665,0.0397263881001792,0.0332397581375045,4.7683222776302037,5.2434317807657811,-4.0885611457179829,7.6338289728652331,3.7153994911620796,0.2550913008937605,1.1963782861246712,3.3923521551663631,3.4603081478867699,10.6959742185089670,2.1959742822116612,653.9203918644924443,3.8521346867245061,3.7735119662853269,654.5900895681306793,4.1231320076791524,2.7304179310942365,237.6054853970144052,-7.1091254726917237,1.1097384153660967,-1.8236668639444704,237.4836451083908457,0.8156785865693634,0.8653789553976475,0.7748946567843048,0.1218406605421709,711.3145605076788343,249.7729598763510523,6.2254885336011245,18.3995641907158856,-2.2978117415110431,-0.7336964868894902,45.7541694726572459,-6.7783635411003047,0.1002745624601036,-5.0266384848201380,0.3305862941977343,-0.0450044170476152,470.5518394950299808,-16.9432928735804218,-4.8296776565825779,424.7976704958172718,-10.1649293073122955,-4.9299521353478060,-3.6055065118951575,428.4031767300185152,-2.0649942097833418,-2.2953464013739246,179.0986241081524781,-33.7872761024606163,-8.7465649383623827,133.3444534124097345,-27.0089125794391975,-8.8468394573404439,17.4392320760009767,115.9052185006861890,-11.8890521536423925,-10.5712403240852417,1.1144313216209412,0.0007641394622624,-2.7002699375152588,14.6793510913848877,-1.7865099906921387,0.8879375457763672,-5.7941747438162565,-0.9195144856301294,2.7088148891925812,-2.0901863574981689,-0.6817355453968048,-0.0000001172893911,-0.3404503390192986,0.3917932622134686,-0.0959202535450459,-0.0088090046192519,-5.1222704276442528,-0.0044625558657572,0.0282252342440188,0.2033614793326706,0.2026561717502773,0.5754352360963821,0.1352979009971023,-0.0294244590622839,0.2044890520628542,0.0081463494570926,0.0072234253020724,-0.0326955916971201,-0.1115362211130559,-7.6564725339412689,-0.3285000282339752,-2.6255823597311974,1.9492203742265701,-0.2210969924926758,-0.0504604564557667,-1.8651506982278079,,,,,,,,,,,,,,,,,,,,,,,,,,,,,,,,,,,,,,,,,,,,,,,,,,,,,,,,,,,,,,,,,,,,,,,,,,,,,,,,,,,,,,,,,,,,,,,,,,,,-21.0000000000000000,,,,,,,,,,,,,,,,,,,,,,,,,,,,,,,,,,,,,-4.0867320447463280,-4.4514040911737363,206.0000000000000000,430.0000000000000000,1435.0000000000000000,-15.6097560975609753,0.4855391983111306,0.2885054061324042,85.2724269704144433,23.5416736263066255,,,57.7926742014569754,9.3100810878449174,,0.2222636003731189,,,,,,,,,,,,,
"2015Q1",11.6112160572555005,742.8839704245730218,718.0414629042529668,604.3368351619540135,551.3380835974769525,548.2334775903909758,629.4640487168800291,461.9077027543052623,462.1658045619991526,461.0505364022120034,460.9494908794139860,3.9579623096375798,12.1149372091005176,655.6838824973706323,714.3588757517869681,-0.8289568667480651,42.2761261173580536,0.3772209596121341,-0.3707086056941068,462.1770774134864155,161.7145140904212042,-8.0368541161217308,6.6291355017422262,741.1648429050719642,716.7321977478712824,543.7693576996699676,591.0055200552834549,553.4798802739022676,620.5982666823238105,4.7411798240204801,-1.5540666272885946,-1.3677278116656517,237.6779282111542102,2.7154245293506079,6.0292398292678335,9.8967788835464816,2.2301758819984552,1.7191262229906705,11.6112162775774781,9.8967788835464816,-0.5157370948561302,2.2301758819984552,1.0722152401981087,1.3092634811827881,0.8153901435112343,5.8076822339075349,718.0414613207137791,18.3386047127541829,7.9810328576454594,716.7321977478712824,6.2806716712144368,6.3484030610637401,7.5687257592060302,4.8056559371534853,5.8076821204714948,551.3380830317970549,21.8819416962310598,9.0460570076771898,543.7693576996699676,5.8569638480308637,5.6468190106529681,13.3313154065525179,604.3368344211382919,44.8542416993281705,10.3212652614761780,591.0055200552834549,6.9995986031450199,6.7335757203363116,-5.2464110797400725,-4.0971627925159551,1.8837266662366323,548.2334693587910124,-6.2448463501339919,12.9342901169512352,553.4798802739022676,11.6882209954727436,11.3295491150319130,8.8657789459494403,629.4640476777150297,64.1240285269548735,15.3510354344617390,620.5982666823238105,12.5853098609928615,12.9887823292812836,1.7191262229906705,1.0974007164900681,742.8839691531718472,10.7985912796191439,7.4192568644016577,741.1648429050719642,5.3199049442573987,5.0676965495281951,461.9077027543052623,1.4644065719613748,0.1633807415709868,0.9667779700980599,462.1658042295121049,0.3869132531935692,-0.5806600272509013,1.6528853516556117,0.2581014818982024,-1.0774943074016654,0.6861068154761506,-0.1775968037779436,0.4356986531959833,-0.6283268120044219,-0.5905225180140357,0.9985562396234096,461.0505369048624402,8.5078261250613050,4.8852232895508765,-1.7574725299661353,-0.8571658521045130,7.0434181070646176,-2.7242503234209838,0.6968992872230173,-1.5540666272885946,3.0670154897992119,2.8843091785565256,460.9494909249957573,-2.6185561957623658,-2.3252552092059187,-0.5408323820963414,-0.9582118315708739,-4.0829644516174692,-1.5076096461111110,0.4095166126377212,-1.3677278116656517,0.0458598655825339,0.0387627474007265,4.7411798240204801,3.9579606219001189,-5.0010301300230102,7.1958478287583700,4.5386220201693677,1.4556272538616457,2.1927452124024365,5.8076822010469940,3.0829947151087067,12.1149372362103289,3.6149372285782126,655.6838825035933951,7.0539602443444807,4.0926540793066337,655.7635215240845810,6.0292398292678335,2.7154245293506079,235.7942043485205943,-7.2451262416117910,-1.5466478438867335,-3.6222006682776167,237.6779282111542102,0.7771355961674118,0.8272759208623993,0.7382788280688020,-1.8837264753056444,714.3588752598358269,252.4511724377163944,10.7128566028949326,18.1426515955628460,-2.2920902969282526,-0.8289568667480651,42.2761260839332280,-13.9121725825228566,-3.9864181475799718,-10.7336869885808639,0.3772209596121341,-0.3707086056941068,462.1770774134864155,-33.4990506004305644,-18.4739754132268246,419.9009510485998362,-19.5868764712612418,-14.4875573463369030,-8.0368541161217308,427.9378052865209838,-1.8614850183780254,-2.1356293861357591,161.7145140904212042,-69.5364242722825168,-25.7955975902429557,119.4383893382943427,-55.6242499919604967,-21.8091796369030675,6.6291355017422262,112.8092524655115909,-12.3838720941051328,-11.3983681991914505,0.8970441222190857,-0.0007027685642242,1.9465797543525696,4.9964826107025146,10.8173370361328125,-4.1475172042846680,2.9400021657347679,0.8525337217338995,-0.5466493070125580,12.3734083175659180,-2.0636158585548401,-0.0000010444789760,-1.4412019476294518,1.6385603733360767,0.1964344326406717,0.0180398953380063,2.9134861230850220,-0.0220326296985149,0.0212397319264710,0.1410863392520696,0.1869262037798762,0.5305214151740074,0.1436531301587820,-0.0382118732377421,0.2545592517126352,0.0101061233872315,0.0022409189259633,-0.0419516096662846,-0.1392821809276938,-8.8855361640453339,-0.2833006260916591,-5.8014402687549591,-6.1015035808086395,-0.3302046405151486,-0.0029901370107837,-1.6837325233500451,,,,,,,,,,,,,,,,,,,,,,,,,,,,,,,,,,,,,,,,,,,,,,,,,,,,,,,,,,,,,,,,,,,,,,,,,,,,,,,,,,,,,,,,,,,,,,,,,,,,-20.0000000000000000,,,,,,,,,,,,,,,,,,,,,,,,,,,,,,,,,,,,,-9.3198533935930783,-10.4556277745832169,199.0000000000000000,472.0000000000000000,1464.0000000000000000,-18.6475409836065573,0.4832244284299712,0.3155993055762398,,,0.6872222960142699,5.4707626271204841,159.2217118029292919,4.6708920582179720,,0.1189958285882680,,,,,,,,,,,,,
"2015Q2",11.0489237123537993,745.1908339590639798,720.1203846898489473,608.0695169688980286,547.9779448773530248,551.0886463423820487,632.8878736034720305,462.9303454928849533,462.6980570735150309,465.4908037451789937,459.6192255754319831,3.3960105516927319,12.7194560463095030,657.1967072892022088,720.9866090413139545,-0.3244801788966911,38.5044274086203941,0.4194192066704265,-0.5968549650967474,461.1654935823585220,147.5740823916986244,-4.8675248073832336,-0.5949364733206295,742.6383139421958504,718.3068074079301368,545.3624451977807439,592.9034773259128315,556.5713077730994200,623.5912655874068378,4.7168001314911994,-0.7544919186575284,-1.3549166432358526,237.8637661278347935,2.7076859732137373,8.3762122148053724,9.8062669604263473,2.0084120704398738,2.5525180562592755,11.0489236713313055,9.8062669604263473,-0.7657545298520618,2.0084120704398738,0.9589498048975827,1.8135730115110062,1.2392900379118585,6.0078080401134102,720.1203803570979289,8.3156701627464038,14.3258046718676173,718.3068074079301368,6.2984404642481238,6.3225126275984405,2.6154963233577391,1.6694245133319248,6.0078078045454992,547.9779401821865576,-13.4405777836214231,31.3689305884515264,545.3624451977807439,6.3723209897983732,5.8953569783348865,15.1660366622286311,608.0695146604141428,14.9307227111082277,-1.0703126901917157,592.9034773259128315,7.5918266977622144,7.0177125011797994,-5.4826596041471056,-4.3075959674002631,4.8606834563903139,551.0886483347790090,11.4207125896009494,8.9505023592563173,556.5713077730994200,12.3657069718030250,11.6930932932279568,9.2966045258944039,632.8878711011290079,13.6952634514821803,23.5602837622388535,623.5912655874068378,11.9719792324431396,12.6283088720004848,2.5525180562592755,1.4368434907338359,745.1908319550675515,9.2274631228946777,8.4868591417038779,742.6383139421958504,5.8939111268576703,5.3476735170281851,462.9303454928849533,4.0905684285564394,1.2874696159178929,2.0112701679067500,462.6980573104169707,2.1290093542280446,0.1291763010220923,2.1629709893042213,-0.2322881928342479,-1.9615593593198595,0.1517005740908753,-0.5041024694781800,0.2718144208094657,-0.6555365254596914,-0.6119270031125650,1.0698785616171809,465.4908036673981542,17.7610666916323225,9.3969130431042682,2.3369804280799333,2.5604581667510389,13.6704991718991451,0.3257097010412258,3.3149499709796224,-0.7544919186575284,3.1982983080575598,2.9876717993258755,459.6192256319129683,-5.3210611906531522,-4.3563795717949958,-0.4870312313523582,-3.3111198689601444,-9.4116301432414282,-2.4983025970823900,-1.9562023437738847,-1.3549166432358526,0.0512409300983139,0.0429809231447919,4.7168001314911994,3.3960089966816329,-4.8641189732680132,6.8782709581876720,3.2668341594724133,0.4498270038818715,1.7883520439378437,6.0078078150281620,2.8170073778577902,12.7194560878577381,4.2194561091975924,657.1967070977893854,6.0512969616772789,4.9515516370055268,657.5310340592515104,8.3762122148053724,2.7076859732137373,233.0030770064649346,-11.1645056934155402,-6.0051076550807645,-3.5055922391459209,237.8637661278347935,0.7433435790560298,0.7967894591572071,0.7061764000421247,-4.8606834333070958,720.9866076129021621,258.0562630254663645,22.4203639094365492,13.6578908221556716,-2.2796774394718269,-0.3244801788966911,38.5044272146163920,-15.0867948349506378,-8.7936896823092905,-11.6733818207059770,0.4194192066704265,-0.5968549650967474,461.1654935823585220,-4.0463351784964869,-22.6029042959657609,422.6610659552130187,11.0404575403954350,-13.8092146952810442,-4.8675248073832336,427.5285910844388582,-1.6368581331456689,-1.9504271469255035,147.5740823916986244,-56.5617172231093548,-41.6469964804297774,109.0696573256538073,-41.4749241805311613,-32.8533070062601809,-0.5949364733206295,109.6645933869781118,-12.5786364129001296,-11.9973053890962316,0.4918081760406494,-0.0115796928294003,0.3181009292602539,-2.7568354606628418,6.5006818771362305,-1.4241843223571777,4.2503340095281601,1.7148986599297578,2.1910503506660461,10.2427630424499512,-1.4574374854564667,0.0000011140436177,-1.4442058503627777,0.9660126045346260,-0.4241640940308571,-0.0389538470190018,11.9915522783994675,-0.0147690789162880,0.0878517227247357,0.5642548035830259,0.6134340972639620,1.0179456248879433,-0.2280161874368787,-0.0381633746146690,0.2399581831414253,0.0099670480994973,0.0050647525495151,-0.0361961132148281,0.4547392535023391,-4.3531063497066498,-0.2784101120196283,0.1153243556618690,-5.4342052042484283,-0.2632172163575888,0.0384783223016711,-1.4331514285877347,,,,,,,,,,,,,,,,,,,,,,,,,,,,,,,,,,,,,,,,,,,,,,,,,,,,,,,,,,,,,,,,,,,,,,,,,,,,,,,,,,,,,,,,,,,,,,,,,,,,-19.0000000000000000,,,,,,,,,,,,,,,,,,,,,,,,,,,,,,,,,,,,,-7.9256579718141511,-9.4018624395486903,199.0000000000000000,499.0000000000000000,1500.0000000000000000,-20.0000000000000000,0.4801058944074022,0.3538114622242583,,,,,159.2217118029292919,5.9987339849456980,,0.1275875435021579,,,,,,,,,,,,,
"2015Q3",10.1770224116455008,747.8824305837159727,723.6492380388340280,601.1759792600879564,563.4207339148590563,547.2050176787979581,630.6681232147629999,464.0376894012694038,463.7241696632156618,465.9873471766450166,463.0824110503530164,3.4269372910045259,12.5408858957369169,658.8591105392436020,725.1179001793700536,0.0496280389064130,35.2961677036156516,0.5048899495929510,-0.6931805586091068,458.3375372430525658,129.5474354559572703,-4.1344204470506156,-12.2991376536900958,744.3065380500628407,719.8947111926058824,547.1335995132825474,595.0017161469572784,559.8851831658508900,626.3886977968019210,4.7294311903954567,0.0285594596871074,-1.3425963420792220,238.0506846189192629,2.7296662992268885,10.6669006083623632,9.7288197142600996,1.5209712605300292,3.5758946986997628,10.1770222120596348,9.7288197142600996,-1.0727692290085395,1.5209712605300292,0.7217620037205119,3.7545286428889955,2.1885378989814095,5.6718467990361239,723.6492397214906305,14.1154410362886544,8.7210125483787699,719.8947111926058824,6.3516135621162393,6.3157030257865472,16.2871357997347381,10.3012124625788637,5.6718466734540147,563.4207345892189096,61.7711917895901053,39.6232119185149543,547.1335995132825474,7.0846303122969339,6.2684579037499493,6.1742639988289909,601.1759802952099108,-27.5741428846529573,4.9296953224746396,595.0017161469572784,8.3929553444310940,7.4541447459482715,-12.6801623370333498,-9.0302069045396980,7.6195794188533874,547.2050213084278312,-15.5345150607307190,1.5137167478551046,559.8851831658508900,13.2554967271730035,12.1993936911188072,4.2794257156603770,630.6681224078523655,-8.8790028528264493,18.9519190739985888,626.3886977968019210,11.1897279902631741,12.1466765090275999,3.5758946986997628,0.8408425759758358,747.8824327230233848,10.7663868514890844,7.9697702011170222,744.3065380500628407,6.6728898807261210,5.7661374749241219,464.0376894012694038,4.4293788454018355,1.3392588857746157,2.9920514322064440,463.7241698340206426,4.1044511430414632,0.8970806899162804,2.7008182706330381,-0.3135195730141338,-0.3249249358337077,-0.2912332763878934,-0.4248610472988207,0.1113415834297886,-0.6418916267423580,-0.6301389591719619,1.3368042642632516,465.9873475142874781,1.9861758820005704,-0.7695643717313572,4.8476837031102988,1.9496581047205179,-2.4432026758676813,1.8556319881949368,1.9210986861824288,0.0285594596871074,3.1322065913613613,3.0756101862536900,463.0824107903825393,13.8527424268631609,11.3261706104120989,2.0007136811948212,-0.9552786139955475,9.4233637018849912,-0.9913389123575032,0.3873171348747748,-1.3425963420792220,0.0492812607326730,0.0465278462127088,4.7294311903954567,3.4269361250620261,-4.6412849272036514,6.8343271253832665,2.5298565543024765,-0.2169313619818785,1.6309607467311522,5.6718464632071486,2.7467874619392045,12.5408858479758845,4.0408858454324585,658.8591106376965172,6.6496110454597890,5.9017514025966031,659.1461211755894283,10.6669006083623632,2.7296662992268885,230.4311088900284119,-10.2878820168933327,-8.9516609178513242,-1.2685013318449521,238.0506846189192629,0.7476860428758620,0.7709603572323195,0.7103017478755775,-7.6195791520225207,725.1179009249349292,261.0802122250177604,12.0957942094261384,12.8636270266636039,-2.2301750152701758,0.0496280389064130,35.2961680840305334,-12.8330388200189702,-12.1525926769465205,-9.8703786484471401,0.5048899495929510,-0.6931805586091068,458.3375372430525658,-11.3118246226231669,-16.4501256890079155,423.0413695783567505,1.5212142273481524,-4.2975331642861807,-4.1344204470506156,427.1757898218496621,-1.4112041179991546,-1.7436353700005436,129.5474354559572703,-72.1065914313373213,-57.9980051792066718,94.2512685749014736,-59.2735526181234036,-45.8454126234649806,-12.2991376536900958,106.5504081394134488,-12.4567363863357699,-12.3270749352147124,0.9035446047782898,-0.0052554011344910,1.7092422842979431,13.8649513721466064,-3.6836603879928589,-8.3792901039123535,-1.5474113002419472,1.2705865468000672,2.9002462625503540,-5.1159278750419617,11.7013260871171951,-0.0000006352860311,-1.4218845739960670,0.2433753982186317,-0.6216194499284029,-0.0570875007542782,-6.9863258749246597,0.0235617535072379,0.1241445085033774,0.7869744023773819,0.8282569283619523,1.2641245350241661,-0.4276029616594315,-0.0035905495315092,0.0557120090816170,0.0031644417031202,0.0415096385841025,-0.0072510703903390,0.3546393974684179,-1.1596564650535583,-0.2266979636624455,-1.1165548041462898,-11.8648360222578049,-0.1560110840946436,0.0619681827629393,-1.1359604592435062,,,,,,,,,,,,,,,,,,,,,,,,,,,,,,,,,,,,,,,,,,,,,,,,,,,,,,,,,,,,,,,,,,,,,,,,,,,,,,,,,,,,,,,,,,,,,,,,,,,,-18.0000000000000000,,,,,,,,,,,,,,,,,,,,,,,,,,,,,,,,,,,,,-6.5314625500352292,-8.3480971045141210,210.0000000000000000,497.0000000000000000,1567.0000000000000000,-18.3152520740268017,0.4728168679693583,0.3869125397096807,,,,,159.2217118029292919,-0.0173211235674801,,0.1305566403468567,,,,,,,,,,,,,
"2015Q4",9.0808478295451494,750.1295850179819809,728.1773974322760523,606.1202873023070197,560.6945373970199853,551.3914275395419509,637.8692527418199916,465.4199739624598919,464.2200541860330532,471.5886592485200026,464.7805622725829835,3.4803922194692096,12.3025696316899626,660.8978758758751155,729.6890552608230109,0.2962680793342165,33.1478286164534239,0.6308724748721495,-0.7713078327075686,454.3113615898132593,115.3311385002178042,-5.7130837879217893,-21.3621782827944884,746.1357663619621690,721.4891205223531188,549.0418939376534126,597.2735736280942547,563.3849730945227066,629.0171923401646836,4.7532199064112364,0.7807039834258521,-1.3318069057482538,238.2422191460330225,2.7518055561921839,10.7638008143104127,9.6640858818610020,0.6149072913971282,3.9938171283942943,9.0808480812166099,9.6640858818610020,-1.1981447425282143,0.6149072913971282,0.2750866021966980,6.6882772367198990,4.9426216462883312,4.1248320923403261,728.1773979281816764,18.1126404968321530,14.7205880447352229,721.4891205223531188,6.3776447039790707,6.3270926782390813,11.6526521069869133,8.1175550965105643,4.1248320459533563,560.6945450901600907,-10.9047486388841968,14.8269494175987333,549.0418939376534126,7.6331849229315836,6.7367738920511160,8.8467178586714343,606.1202909061383934,19.7772339712068472,12.9970126763001197,597.2735736280942547,9.0874303490122212,8.0179519308736058,-11.9935474698573117,-8.5101350937055678,8.4165692285649385,551.3914259655560954,16.7456342865520433,1.5967418473695627,563.3849730945227066,13.9991740070010113,12.8271481943613104,8.8520612151874634,637.8692560835299901,28.8045257964727419,24.4362102221932425,629.0171923401646836,10.5139758819562648,11.5652472778343203,3.9938171283942943,3.0115399434791601,750.1295835911307677,8.9886096345650977,9.9452670059804600,746.1357663619621690,7.3169210116320524,6.3009063672949424,465.4199739624598919,5.5291367427661626,3.8820674797284052,3.8783717253586047,464.2200541657515487,1.9835364456327895,2.1379037558458882,2.1509773398874974,-1.1999197888042319,-3.5456007074949460,-1.7273948768161123,-1.1572098484180731,-0.0427098174438299,-0.6162058160956567,-0.6354903244200969,1.5117412428672610,471.5886590316603133,22.4052457694591780,11.6094388346742470,12.6650774608348353,6.1686850680004062,16.8761078811081617,8.7867056429802108,5.3879809150248237,0.7807039834258521,3.0085780631307704,3.1015250085336667,464.7805626600674600,6.7926058566761567,5.8435898333124747,3.1764321008490657,-0.6394113079562947,1.2634685311944871,-0.7019406539101660,0.6923965055888763,-1.3318069057482538,0.0431595788623348,0.0473858177173171,4.7532199064112364,3.4803919071425415,-2.3826725679648795,6.8453468630127388,1.3424894388969237,-1.3658442373857316,0.3222624752361469,4.1248319874429100,2.7083327838721916,12.3025696362982355,3.8025696558518680,660.8978761845298777,8.1550589281357428,6.9774828812016647,660.8794043710671531,10.7638008143104127,2.7518055561921839,229.8256508303146575,-2.4218343035929708,-7.7798358855384562,0.2511267500728969,238.2422191460330225,0.7661421765613983,0.7585754857840381,0.7278350681398875,-8.4165693987898962,729.6890550158676660,264.2690806009704829,12.7554731146781286,14.4961241248623605,-2.2062926084619061,0.2962680793342165,33.1478288199361089,-8.5933563486489106,-12.6063409037299650,-6.4786335056299054,0.6308724748721495,-0.7713078327075686,454.3113615898132593,-16.1047028857775807,-16.2404783065470824,421.1635329987225305,-7.5113454252546434,-3.6341373786788491,-5.7130837879217893,426.8766166774497606,-1.1966922326485254,-1.5265599242226076,115.3311385002178042,-56.8651947682722323,-63.7674866261870008,82.1833104914982329,-48.2718371002207789,-51.1611457816427446,-21.3621782827944884,103.5454874482604453,-12.0196764232901341,-12.3597356215345524,-0.2697640359401703,-0.0014588488265872,3.3246290683746338,0.1978225708007812,4.8334442377090454,-3.0579180717468262,2.8462783992290497,0.8442385354055357,-0.9778904616832733,18.1400356888771057,-2.3128693103790283,0.0000004294953920,-2.0585350245237350,0.1657723262906075,-0.3046429315581918,-0.0279774130322039,1.4346897825598717,0.0028919735341333,0.0996614699251950,0.6588353839470074,0.7296140855178237,1.1625014394521713,-0.3602164569310844,0.0088301652722294,-0.0084340597968549,-0.0011935558286496,0.0558404254261404,-0.0048941210552584,0.2496177023276687,1.2770214676856995,-0.1690920344553888,-3.1497430577874184,-12.3838060498237610,-0.1474453136324883,0.0733914909760642,-0.8086084160022438,,,,,,,,,,,,,,,,,,,,,,,,,,,,,,,,,,,,,,,,,,,,,,,,,,,,,,,,,,,,,,,,,,,,,,,,,,,,,,,,,,,,,,,,,,,,,,,,,,,,-17.0000000000000000,,,,,,,,,,,,,,,,,,,,,,,,,,,,,,,,,,,,,-5.1372671282562576,-7.2943317694795882,206.0000000000000000,499.0000000000000000,1616.0000000000000000,-18.1311881188118811,0.4784771207588848,0.3956866331423949,95.0064326907950942,26.3762867821472788,,,159.2217118029292919,7.3787045901629345,,0.1412170835120276,,,,,,,,,,,,,
"2016Q1",9.9797259778845095,752.6832025144799445,729.3316691666940415,607.5794830751540303,556.5347422618159499,556.5221156109199683,636.2248117986770239,466.3055177646393190,465.1442087779672079,472.5509516801910195,465.0445720035439763,4.8508478742609089,10.9548845915186082,663.5538117081355267,731.7323984607429566,0.1764821561303198,32.6550593523615120,0.8717888539722805,-0.8789521475996775,454.6945181026509317,103.9148153741911642,-4.5862428753678728,-29.4611906014565221,748.1222235760914145,723.0879919887870528,551.0840503753936446,599.7211934495754804,567.0614483963793191,631.4776383406378955,4.7971267672458646,1.4713030762542330,-1.3235337418843811,238.4430208732718199,2.7884808414537594,9.8017588699486247,9.6108850661097183,1.7371345087092616,4.5609780184937350,9.9797260228101319,9.6108850661097183,-1.3682931313299340,1.7371345087092616,0.8419668565660016,6.2436760282815627,4.8293052164155412,1.8012554526615605,729.3316680720754448,4.6170715066417785,11.2902069730237926,723.0879919887870528,6.3954843051216361,6.3557968897894357,5.4506955237067913,4.2671959089076932,1.8012552835949505,556.5347443286458429,-16.6391805879406895,5.1966484436888027,551.0840503753936446,8.1686293824675200,7.3146903556975582,7.8582907106822528,607.5794833693302053,5.8367843902958239,3.2426477468744248,599.7211934495754804,9.7904867201058021,8.7156740724730390,-10.5393359413372938,-7.4763152760244616,7.3783599023939264,556.5221116157350707,20.5227475850466092,8.2886412474021292,567.0614483963793191,14.7059086790891769,13.5815716799863484,4.7471726551243956,636.2248107924723399,-6.5777893544973445,6.7607541211623454,631.4776383406378955,9.8417754271724522,10.8793648425369156,4.5609780184937350,2.9292687045954717,752.6832016402119052,10.2144670634841610,9.7992360911559828,748.1222235760914145,7.9458309386944759,6.9573897969114391,466.3055177646393190,3.5421752994558817,3.6070306704443005,4.3978148643572688,465.1442090590654743,3.6966201468357260,4.3462340362713885,2.9784045522182350,-1.1613087115005911,0.1544447662638624,-1.4194101237937260,-0.9772962108067271,-0.1840123079076894,-0.5652098225016776,-0.6197110186830908,2.1731122776684999,472.5509526049127658,3.8491734900811965,0.7799919840327409,11.5004148767999066,6.2454348300187625,0.3069984951454456,7.1026011157001099,4.7741314527219352,1.4713030762542330,2.7623966341695683,3.0253702517411338,465.0445720221688930,1.0560380923849793,1.7307947432463653,4.0950808596869459,-1.2609457502622816,-2.4861382929728628,-0.3027338143385369,0.0625876716071286,-1.3235337418843811,0.0330908144501719,0.0441932447639160,4.7971267672458646,4.8508475731665408,-1.4261802658743625,6.9044896072128168,0.5046151974146462,-2.1679580545591426,-0.6536290426843163,1.8012553292391269,2.6725726948275272,10.9548845442814446,2.4548845368821524,663.5538114315180565,10.6237413702160630,7.8699279312455888,663.0237965805587237,9.8017588699486247,2.7884808414537594,231.0646614994066397,4.9560435581120021,-4.7295426101357014,1.9287602544609457,238.4430208732718199,0.8032042503454936,0.7650923567300050,0.7630440188749796,-7.3783599440617396,731.7323983096671327,265.4268807241333548,4.6312059605791136,12.9757106915585059,-2.1796948136494736,0.1764821561303198,32.6550591218521902,-1.9710770563676476,-9.6210667711430311,-1.1808094815210821,0.8717888539722805,-0.8789521475996775,454.6945181026509317,1.5326268119765341,-7.4825590459661946,422.0394590744212451,3.5037042609966260,2.1385075048623094,-4.5862428753678728,426.6257016373826900,-1.0036606890167072,-1.3121038820825270,103.9148153741911642,-45.6652838062217086,-57.7996963702053961,71.2597583109557462,-43.6942064389511344,-48.1786299787456471,-29.4611906014565221,100.7209479925796956,-11.2981593598059469,-12.0883036259828192,0.9513052701950073,-0.0005768085829914,0.2871440649032593,-3.5642857551574707,2.1079242229461670,-2.0939373970031738,0.8326885905116796,1.0496846535523194,-0.4324524253606796,-6.4189748167991638,-2.5700773298740387,0.0000007189275603,-1.1252916231751442,-0.9674281496554613,0.5165774347260594,0.0474407853325829,-7.7078302539885044,0.0079956034605857,0.0927708013914526,0.6731528708478436,0.7451405352912843,1.1627423837780952,-0.3904523663222790,0.0313271991471993,-0.1433498458936810,-0.0057527986646164,0.0753691668069223,0.0118558231188217,-0.1020098438020796,4.5075560510158539,-0.0289616645313799,-1.0441306382417679,-13.8668001145124435,-0.1847751140594482,0.0733623495434585,-0.4804517208831385,,,,,,,,,,,,,,,,,,,,,,,,,,,,,,,,,,,,,,,,,,,,,,,,,,,,,,,,,,,,,,,,,,,,,,,,,,,,,,,,,,,,,,,,,,,,,,,,,,,,-16.0000000000000000,,,,,,,,,,,,,,,,,,,,,,,,,,,,,,,,,,,,,-3.4918123597333586,-8.1764772984410854,241.0000000000000000,545.0000000000000000,1660.0000000000000000,-18.3132530120481931,0.4889599548773523,0.3788010613253012,,,1.0088971237728674,5.9009815115034669,268.8374395485968762,14.1967538799999851,,0.0524460948406439,,,,,,,,,,,,,
"2016Q2",7.2284846690840796,753.3048527580519931,730.3393718968719668,599.7506015033440008,584.6836777581989963,553.6563244690399870,642.0511641953360140,467.8387007426745186,466.7488153926988161,474.2604693453599793,465.3479012653099858,5.6500215891963839,10.1927020702554678,665.7175927894352299,731.1690182324880425,0.0941860307734910,33.1161207274053808,0.9197572354042052,-1.0154879655071971,462.1990105873238690,96.4455060836332763,2.6687856375177716,-34.8051509438648097,750.2083955077264363,724.6822355048892632,553.2014736245483846,602.2949123501830400,570.8431174478351977,633.8168048947777606,4.8149483367263262,2.1327401984516472,-1.3164929033427082,238.6468137794300617,2.8102488632960529,8.8811365904307067,9.5741098062856711,-1.4166878901219555,3.0964575185946313,7.2284843093078646,9.5741098062856711,-0.9289371672016116,-1.4166878901219555,-0.7267316764325242,5.6571384018359039,3.8466502929253590,0.7267113133020506,730.3393743950442740,4.0308288993246695,10.2189944268401920,724.6822355048892632,6.3769728417959266,6.3754284373060299,31.4821995002342021,20.6525407008038187,0.7267111956282328,584.6836725407054018,112.5957062348627318,36.7057292581342836,553.2014736245483846,8.4697005215869154,7.8390352854638774,-2.5443141831991598,599.7505976623831430,-31.3155382122330224,-8.3189166083501398,602.2949123501830400,10.2948775416149232,9.3914353452916526,-17.1867929789303489,-11.7219398405295028,6.5619155713397905,553.6563253107975697,-11.4631550650940497,2.5676767955495317,570.8431174478351977,15.1266652845089151,14.2718115748140448,8.2343573408564534,642.0511636973365057,23.3054086915916834,9.1632872114026664,633.8168048947777606,9.3566656732933495,10.2255351378574719,3.0964575185946313,1.1177078637468392,753.3048530238598914,2.4866021247280869,8.1140185489500922,750.2083955077264363,8.3446886946773517,7.5700823939553707,467.8387007426745186,6.1327311015073374,5.0004026360153642,4.9083558567237109,466.7488152976590641,6.4184254306603732,5.4325179257846044,4.0507580616275956,-1.0898854430370526,0.2856929982516982,-0.8575971031573352,-0.7706165297612648,-0.3192688250857832,-0.5410259814318034,-0.5910832688451058,1.1647836096460957,474.2604695992518486,6.8380688281047215,4.0379146411970384,8.7696646676705701,6.4217688583670398,0.7053365887981613,3.8613097053326313,4.2890281888385324,2.1327401984516472,2.6457496847497750,2.8872325383110642,465.3479011685289493,1.2133163339507593,2.2936328137027604,5.7286754069648040,-2.4907995737949000,-4.9194155365076755,0.8203211628639010,-1.1743061745866787,-1.3164929033427082,0.0281589434578962,0.0384229606697908,4.8149483367263262,5.6500205086639630,-0.5614453037052849,6.8431011831591428,0.2175030488697429,-2.3516758000940881,-0.9659906671412477,0.7267112123450814,2.5691788546899947,10.1927020584978241,1.6927020280588476,665.7175928200877024,8.6551221634904074,8.5208837044514745,665.5696764297259733,8.8811365904307067,2.8102488632960529,232.0848981903477579,4.0809425994517845,-0.9181799309260361,3.2304055450446181,238.6468137794300617,0.8151767866738640,0.7830516230732004,0.7744179531436678,-6.5619153255555274,731.1690174422075188,263.3303161163760251,-8.3862581382888326,5.2740527246780182,-2.1805611702063250,0.0941860307734910,33.1161206894356823,1.8442455001754752,-5.3883072763203392,1.8714482641966437,0.9197572354042052,-1.0154879655071971,462.1990105873238690,30.0179689633212519,1.0335165390074916,429.0828898057331457,28.1737241934451994,6.4218236500367141,2.6687856375177716,426.4141041408635147,-0.8463895558889897,-1.1144867118537463,96.4455060836332763,-29.8772436365645220,-51.1285789952537471,63.3293852261673607,-31.7214883634843900,-45.7402719465422649,-34.8051509438648097,98.1345369690970983,-10.3456411413886080,-11.5300562186862923,-1.1622564196586609,0.0026351246051490,1.1058495640754700,27.3009997606277466,-7.6522033214569092,-9.7271263599395752,0.6690229699015617,1.6676481396093765,1.1479305326938629,2.6542091965675354,0.0822755694389343,-0.0000006450011270,-0.8307063728570938,-0.5166940689086914,0.2857080940157175,0.0262384984525852,-12.8492910973727703,-0.0168087633064715,0.0573121001943946,0.4655522408429533,0.5535055506043136,0.9121014438569546,-0.2369718807749450,0.0096325948252343,-0.0384334969567135,-0.0016227909654845,0.0521327535025193,0.0006161072087707,-0.0717071967665106,3.0250542461872101,-0.1737263957038522,5.5122561156749725,-13.2984827160835266,-0.2244310537353158,0.0569050722915563,-0.1772956019267440,,,,,,,,,,,,,,,,,,,,,,,,,,,,,,,,,,,,,,,,,,,,,,,,,,,,,,,,,,,,,,,,,,,,,,,,,,,,,,,,,,,,,,,,,,,,,,,,,,,,-15.0000000000000000,,,,,,,,,,,,,,,,,,,,,,,,,,,,,,,,,,,,,-2.3484467799738078,-5.8884474949616488,232.0000000000000000,575.0000000000000000,1709.0000000000000000,-20.0702165008777058,0.4973301146117191,0.3865453942683058,,,,,268.8374395485968762,26.1592220528949930,,0.1723804726415908,,,,,,,,,,,,,
"2016Q3",7.6039162524860400,751.2134705598029996,727.1288259072080109,602.1510260190440249,572.2822837309089437,569.5039469647659871,644.6789206059210073,470.2389858981684938,468.4183990487827600,480.6322101651670096,466.8572936577680252,5.9873022431300891,10.1622049770095408,668.9055858705831952,732.7673981128050400,0.0519535095151902,33.6113733286052465,1.1414604815253988,-1.1545806150183853,463.0558836028772021,94.2496884054885129,3.2144924817707761,-35.1872843998484299,752.3229552455194380,726.2613743606469825,555.3102236525564877,604.9321658772026922,574.6488943616431015,636.0941950386154531,4.8034634801079097,2.7996150244603357,-1.3093454260418507,238.8470868062957493,2.8092667714603752,7.2263947286683914,9.5573196034236201,-2.2862492203918920,-1.1094856455026632,7.6039165593260325,9.5573196034236201,0.3328457848645750,-2.2862492203918920,-1.1515196339238603,0.8674499818218045,0.3167101750915267,0.8724783333454132,727.1288243465953656,-12.8421961708585890,3.4795888148410947,726.2613743606469825,6.3165597004235172,6.3666660153046797,16.9720649921803535,10.8043569674456172,0.8724782153299073,572.2822874371416901,-49.6055521629272036,8.8615508968984713,555.3102236525564877,8.4349975616998183,8.1766272262393542,-2.7811382304962038,602.1510271899164763,9.6017060480734067,0.9750463652503112,604.9321658772026922,10.5490110482476336,9.9304508388444237,-5.1449486716543271,-3.7384032450975000,4.7485252621269556,569.5039456495853756,63.3904851934521076,22.2989290758472585,574.6488943616431015,15.2231099439715578,14.7637138442861122,8.5847246720280417,644.6789206642149566,10.5110143365529876,14.0107965391686697,636.0941950386154531,9.1095565000634622,9.7054936377735164,-1.1094856455026632,-0.3423921536333396,751.2134696394376761,-8.3655320333267937,3.3310385421478128,752.3229552455194380,8.4582471962201247,8.0164226618919781,470.2389858981684938,9.6011403692563100,6.7976107081142114,6.2012975491997340,468.4183989112126483,6.6783338353424258,5.0592461593740188,4.6942295306645940,-1.8205869850063487,-2.9228060938725280,-1.5070672156566927,-1.3649429529567612,-0.4556439080599970,-0.5454999975104458,-0.5669854753374236,-1.8372922254100443,480.6322092995275739,25.4869583958524437,15.5331660692234816,14.6448608067959238,10.3932234014607783,15.8858177494454260,8.4435645648958584,7.5936079522845894,2.7996150244603357,2.6674988741274785,2.7710557203858208,466.8572937416253694,6.0375707406402706,6.3407069035013848,3.7748825614180697,-3.3816921614786408,-3.5635701557847246,-2.4264130751194379,-2.0723466003672710,-1.3093454260418507,0.0285869533988616,0.0332499085102203,4.8034634801079097,5.9873010627365648,0.0734458135680498,6.6736847589419135,0.9280554629868510,-1.4876656392912180,-0.7897266239616711,0.8724782517791961,2.4157212519706528,10.1622050240424642,1.6622050125640355,668.9055859121681351,12.7519719127663453,10.0464744121967460,667.8911756986508408,7.2263947286683914,2.8092667714603752,234.0985603153727652,8.0546481116798692,3.6674511245394399,3.0109756558004230,238.8470868062957493,0.8010895970705699,0.7964023912357583,0.7610351088722347,-4.7485251232641454,732.7673974131885188,262.5284119897917776,-3.2076198237833680,1.4482005411614540,-2.2260395041554921,0.0519535095151902,33.6113733240878503,1.9810104047994628,-1.6847947891889012,1.9808614571448537,1.1414604815253988,-1.1545806150183853,463.0558836028772021,3.4274927945506146,4.7183462156280633,429.4445102248066064,1.4464817519220601,6.4031406214233657,3.2144924817707761,426.2300178497711727,-0.7363450333903806,-0.9457719333929900,94.2496884054885129,-8.7832667158899795,-35.2977469535488808,60.6383161491911338,-10.7642778743818184,-33.6129524014759582,-35.1872843998484299,95.8255993357077074,-9.2357491825943363,-10.7248077979264824,-2.0081353187561035,0.0067240849602968,-1.8138372302055359,-2.7258176803588867,-1.1273358464241028,6.4753417968750000,4.8096370678395033,0.7322901739132157,1.0672012269496918,15.2367634177207947,2.5864759236574173,-0.0000002030047849,0.0844582840800285,0.1387731190770864,1.4524741852656007,0.1333904867933597,4.6075631901621819,-0.0615073738008505,0.0144847885239869,0.1448311946587637,0.3082922617904842,0.6088271886110306,-0.0232264725491405,-0.0178916673758067,0.0882978810695931,0.0032439014030388,0.0266716425467166,-0.0199572158308001,-0.0365813677199185,0.1095627844333649,0.0096021508798003,1.5598452612757683,-9.7795225977897644,-0.2406414491124451,0.0254056227568071,0.0753289659041911,,,,,,,,,,,,,,,,,,,,,,,,,,,,,,,,,,,,,,,,,,,,,,,,,,,,,,,,,,,,,,,,,,,,,,,,,,,,,,,,,,,,,,,,,,,,,,,,,,,,-14.0000000000000000,,,,,,,,,,,,,,,,,,,,,,,,,,,,,,,,,,,,,-1.2050812002142881,-3.6004176914821926,303.0000000000000000,633.0000000000000000,1695.0000000000000000,-19.4690265486725664,0.5207449814482851,0.5568193258244225,,,,,268.8374395485968762,29.4285592491340999,,0.0674976698181076,,,,,,,,,,,,,
"2016Q4",7.2719242571889904,751.9932974142350304,718.4547618031209595,598.2177406393909678,598.9160293863790230,565.0599775560409626,636.7344701956729978,472.0453925309361125,469.5678976410341079,486.5213971817880179,466.6674250595249873,6.4027849899002174,9.5962886409938974,670.4297531964095924,735.5603871241139586,0.0522995323376296,33.6157483896305038,1.2700670611500062,-1.0707429852851016,461.8961148692212078,98.0076828685546673,2.2170629116193368,-29.4197907346922705,754.3789429730373968,727.8131137385179272,557.3255341140343262,607.5546821775185435,578.3663733785489285,638.3805099807636907,4.7482175754878080,3.5211651087800524,-1.3002158760340501,239.0342005318986764,2.7963214475642024,8.1804102660262146,9.5607512838418103,-3.0045218841133208,-2.3856484121802195,7.2719243716131228,9.5607512838418103,0.7156948724845020,-3.0045218841133208,-1.5005450177826594,-9.3583522590574617,-8.6978812431889985,2.9960554580196090,718.4547611137775220,-34.6962526422737625,-9.7226371009451000,727.8131137385179272,6.2069601555246106,6.3239949520212795,41.5904973317048814,24.4794965798445503,2.9960552800355083,598.9160309852625232,106.5349868566953120,38.2214873376787452,557.3255341140343262,8.0612558779289234,8.2836452272045999,-9.3369422038755250,598.2177399527708985,-15.7331477507959914,-7.9025479910314278,607.5546821775185435,10.4900642620793700,10.2811095106662762,-13.3063972130191477,-8.8906841926134099,4.5565951605601640,565.0599766078511266,-17.7758807441378366,13.6685482719341742,578.3663733785489285,14.8699160109328652,14.9813999816537553,-1.6460419303865379,636.7344688814478104,-31.7778000719479579,-1.1347852300826515,638.3805099807636907,9.1452700512889091,9.3633173070838982,-2.3856484121802195,-7.6663459440386639,751.9932945394052695,3.1192831836582489,1.8637095282000093,754.3789429730373968,8.2239449070028385,8.2431788358229241,472.0453925309361125,7.2256243940073190,1.8301360424301492,6.6254192146750555,469.5678976016728257,4.5979926931091404,-0.3109005422294135,5.3478436274263093,-2.4774949319378115,-2.6276317705963237,-1.2775752210219604,-1.8741732461354963,-0.6033215869216751,-0.5907105743069254,-0.5606116414820337,-2.8198370897222129,486.5213968044217268,23.5567472590373619,12.8369607027221377,14.9327372176931910,14.4760042727589315,16.3311227544651807,8.3073194857932222,10.9548388897290518,3.5211651087800524,2.8862000293030587,2.7404614285534428,466.6674244213497218,-0.7594775638559377,0.6893832385280678,1.8868616290001068,-5.3779681108681192,-7.9851021531695849,-4.7385565216230274,-4.0777522106934923,-1.3002158760340501,0.0365167712964323,0.0315888077360674,4.7482175754878080,6.4027841486335575,-4.6461275321718780,6.5941155967256950,6.7136855020197803,4.2770768774223420,1.8997667297558447,2.9960553716157619,2.4366086100255751,9.5962886748655833,1.0962886718766292,670.4297528322694006,6.0966662739182595,9.5318760684147694,670.7593090957626600,8.1804102660262146,2.7963214475642024,234.4776035544545323,1.5161737659465035,4.6519526086524099,8.2931716115461356,239.0342005318986764,0.7484528022790738,0.7919796200077742,0.7110301466593451,-4.5565952865611745,735.5603867473968194,263.5149939392429133,3.9463280315758489,-0.7540864231381605,-2.2584456144790375,0.0522995323376296,33.6157483232722214,0.0175002441010292,0.4679197670555543,0.4100527190344485,1.2700670611500062,-1.0707429852851016,461.8961148692212078,-4.6390745634207349,7.5847533743991891,428.2803665874463377,-4.6565749728660641,7.1168335740670772,2.2170629116193368,426.0633036057548679,-0.6668569894708914,-0.8133131688398735,98.0076828685546673,15.0319767862936580,-17.3234564076721256,64.3919343228315029,15.0144763405252224,-17.7913761753323669,-29.4197907346922705,93.8117252101986878,-8.0554969929252493,-9.7337625329547102,-2.0708274245262146,0.0085707060061395,-8.1566234827041626,32.0241175889968872,-7.5292022824287415,-9.5326719284057617,-7.3634537346661091,3.8728275919427109,2.7427980601787567,6.1511626541614532,-4.0889618620276451,0.0000000946448924,1.8700201287865639,-0.3996957950294018,-0.1331965709105134,-0.0122323389514349,4.6070388182997704,-0.0529829823208274,-0.0377224152907729,-0.1959426322719082,-0.0022466948721558,0.1640108153223991,0.2472405000589788,-0.0628012138768099,0.2874247907893732,0.0107885210236418,-0.0125823251055408,-0.0320186620519962,0.0034632359165698,-1.9633609056472778,-0.0391538720577955,0.2240776531398296,-3.7330734580755234,-0.0316204256378114,-0.0041464238984190,0.2566771295969374,,,,,,,,,,,,,,,,,,,,,,,,,,,,,,,,,,,,,,,,,,,,,,,,,,,,,,,,,,,,,,,,,,,,,,,,,,,,,,,,,,,,,,,,,,,,,,,,,,,,-13.0000000000000000,,,,,,,,,,,,,,,,,,,,,,,,,,,,,,,,,,,,,-0.0617156204547630,-1.3123878880027056,281.0000000000000000,578.0000000000000000,1777.0000000000000000,-16.7135621834552630,0.5134331408787387,0.5449126422733083,122.0488835861196151,27.4365276481148008,,,268.8374395485968762,10.0921270101631357,,0.0829474531054694,,,,,,,,,,,,,
"2017Q1",6.8378537166829503,752.9256051172640127,716.9837759143639460,597.3908977757149614,597.8878033463739712,590.8685554990430546,639.1644912454009955,473.7438291217608821,471.0166119462836036,489.0336148791980122,469.3292779368430274,6.2174613844038173,9.5170956879739403,671.4040499611238602,739.0618742781880428,0.1146661985452102,33.4121128328792238,1.3631665230946550,-0.9000000000060424,466.0272934305366448,110.0094393700247650,6.7093487590324798,-15.4911839812647116,756.1947818145439442,729.3104120624755069,559.0549191463608167,609.9892220559867155,581.7893491582309480,640.8252052450451401,4.6944352540744330,4.2980382663853032,-1.2888317144593380,239.2091546574565655,2.7799277666221767,8.7289091607278344,9.5997089026042399,-3.7426089582443467,-3.2691787653741793,6.8378537231896672,9.5997089026042399,0.9807535323280498,-3.7426089582443467,-1.8518257512419658,-12.3266389089965642,-10.4651455773622502,2.7317643859329150,716.9837732072397785,-5.8839548841777418,-12.3478915136438729,729.3104120624755069,5.9891926584581103,6.2224217596383982,38.8328837440141612,22.8688135287023435,2.7317643165269487,597.8878027568699736,-4.1129238635028571,41.3530590296302663,559.0549191463608167,6.9175423446928823,7.9708727215321602,-12.5983250470379708,597.3908969471441424,-3.3073723052103681,-10.1885877824165512,609.9892220559867155,9.7381621648251944,10.2680279677068960,9.0792077674440375,5.5807866677711839,5.4096050568383465,590.8685567836055270,103.2343236673627018,34.3464425925381391,581.7893491582309480,13.6919067650379489,14.7278993505477676,-1.6607144523628268,639.1644909609285605,9.7200790883013255,2.9396822430902820,640.8252052450451401,9.7787758684896939,9.3475665228581111,-3.2691787653741793,-6.9375065865413585,752.9256030620929323,3.7292288928483543,0.2424020947395800,756.1947818145439442,7.2633570640778320,8.0725595255347571,473.7438291217608821,6.7937441744093796,1.4873772593753603,7.4383119819055246,471.0166119019718849,5.7948551712891980,0.3195984792733522,5.8724028313656085,-2.7272172182473491,-0.9988888263325438,-1.5659085737842673,-1.9647603622862608,-0.7624567840649767,-0.6365413546579383,-0.5784443913621322,-3.6972632969217778,489.0336146076116961,10.0488681993804043,3.7240809354634901,16.4826611492239223,15.2897854860538835,3.2551232758131858,9.0443506106165135,10.9917464881503228,4.2980382663853032,3.1074951062336931,2.8267355098804936,469.3292780304143434,10.6474128146803064,9.6523029947611523,4.2847058573449743,-4.4145510921518403,3.8536683578058479,-3.1536051019300686,-3.1257182880180738,-1.2888317144593380,0.0455371501905521,0.0346998572086651,4.6944352540744330,6.2174605618375258,-4.7276733666704267,6.6026462184989638,5.8978626522606232,3.3531101909828296,1.7146686133464681,2.7317643370297517,2.5447523096852671,9.5170956940574545,1.0170956861628599,671.4040497576867210,3.8971863608001103,7.8502372357108889,672.1303289172349196,8.7289091607278344,2.7799277666221767,233.7995504838033014,-2.7122116625117716,2.7348887323503717,7.3195809370231268,239.2091546574565655,0.6998153108097518,0.7661346484028781,0.6648245459947287,-5.4096049902495951,739.0618731570179989,265.3180440676608214,7.2122002734072019,-0.1088374010004802,-2.2781413121355709,0.1146661985452102,33.4121126334630176,-0.8145422270051199,0.7570532852378147,-0.2555817456874868,1.3631665230946550,-0.9000000000060424,466.0272934305366448,16.5247130456100457,11.3327748717103418,432.6151805315410002,17.3392558974341569,10.5757216504624978,6.7093487590324798,425.9058319002196527,-0.6298868703483418,-0.7198695809832735,110.0094393700247650,48.0070281568110886,6.0946237102958216,76.5973272769669222,48.8215710391547404,5.3375703274376898,-15.4911839812647116,92.0885113825118395,-6.8928553272386353,-8.6324359644067226,-2.4827764928340912,0.0233996130991727,-4.0638673901557922,13.6085351705551147,-6.5293128490447998,18.2119928598403931,-8.2850782331079245,1.7070558923325545,4.6141095459461212,-3.0370277762413025,5.9071279540657997,-0.0000003384955572,1.7139585223048925,0.0304359057918191,-0.7078092927113175,-0.0650028945528902,2.7053350135684013,-0.0435131842168630,-0.1513702992815524,-0.9846017457894050,-0.6957917835097760,-0.6784642077982426,0.8468185188248754,-0.0668621966615319,0.3118888379540294,0.0126720569933241,-0.0112148587759293,-0.0367615298018791,0.0655046438332647,-1.2245955690741539,-0.0489396728808060,5.3347696028649807,5.9852630794048309,0.0636686829384416,-0.0297155473672319,0.3570919557823800,,,,,,,,,,,,,,,,,,,,,,,,,,,,,,,,,,,,,,,,,,,,,,,,,,,,,,,,,,,,,,,,,,,,,,,,,,,,,,,,,,,,,,,,,,,,,,,,,,,,-12.0000000000000000,,,,,,,,,,,,,,,,,,,,,,,,,,,,,,,,,,,,,2.8983302880718478,5.0733490000628105,349.0000000000000000,579.0000000000000000,1845.0000000000000000,-12.4661246612466119,0.5101666485898272,0.5740250115506983,,,1.0598122257426730,8.6890161326622390,100.3077624890396180,7.0250792614622597,,0.0514603777267517,,,,,,,,,,,,,
"2017Q2",10.2600997035722994,755.0749047768580340,726.2202636418769544,604.4393693501259577,565.5251223376490088,599.9409771652069594,645.1382744545700234,474.0739140482845073,471.8534575767603201,486.6904080477580123,470.0882101587479838,6.1282446627272043,9.6661031438682521,671.9579767984041609,742.9402112760050159,0.2128227561860263,33.1408915673338100,1.4144493341220790,-0.8023050153774376,464.6122021381272589,112.4616998517760322,5.7204520121982227,-11.3123567451251006,757.7297955931996967,730.7483212161341726,560.4639762581024343,612.1997094417487233,584.8519708986833621,643.4574781296279298,4.6568993880356997,5.1145077169946660,-1.2759912407655658,239.3766127930273058,2.7642031345146854,8.9558517107135795,9.7003576735578392,-0.2367252422631489,-2.6548901806067491,10.2600997940771439,9.7003576735578392,0.7964669727335377,-0.2367252422631489,-0.0680381968378896,-4.5280568863958877,-3.7428379262078852,2.1523432828202278,726.2202642524607654,36.9459590377955678,-4.1191087502543509,730.7483212161341726,5.7516360913137277,6.0660875448358453,5.0611512942279742,2.5375909161403616,2.1523432579613520,565.5251272975523307,-129.4507058752918738,-19.1585435653133764,560.4639762581024343,5.6362300511015171,7.2625059061387782,-7.7603396301141574,604.4393696777502782,28.1938920590939688,4.6887722339421138,612.1997094417487233,8.8419491246835840,9.9047964599527738,15.0890066403467760,9.4005990634497323,6.1312023098693711,599.9409775607775828,36.2896834885634618,46.2846520438457816,584.8519708986833621,12.2504883741786763,14.0088547959952532,1.6807975045750232,645.1382759881607853,23.8951333414794149,3.0871117283523120,643.4574781296279298,10.5290879849813237,9.6406724603609106,-2.6548901806067491,-1.7095069555284317,755.0749054208761208,8.5972041470793101,1.7700527146452261,757.7297955931996967,6.1400560413950309,7.5214014912624148,474.0739140482845073,1.3203402171091771,0.3556855372775820,6.2352127642544124,471.8534577159431365,3.3473832347240320,1.8127697827647613,5.1046425916668854,-2.2204563360760443,2.0270437686810405,-1.1305708968689379,-1.2906759156230334,-0.9297803894237852,-0.6692941902309053,-0.6105113695211742,-3.3501517487065033,486.6904079892115647,-9.3728270284571966,-8.0817614407934588,12.4299381052939424,12.6164939379486736,-10.6931674462780020,6.1947251199342785,7.5019862837388764,5.1145077169946660,3.2658771446550894,2.9817672233668677,470.0882102131762394,3.0357294266732153,3.3406393081125945,4.7403090313994305,-3.9857038386054255,1.7153890361642601,-1.4949040198697903,-2.7097126003208571,-1.2759912407655658,0.0513609081685630,0.0405005317002894,4.6568993880356997,6.1282446162353965,-3.8913210070220021,6.5858465010622753,4.3154758310451591,1.7172343520378288,0.9862401438858112,2.1523433006010135,2.5982413160427327,9.6661031289492207,1.1661031246284386,671.9579767256207106,2.2157076413987911,6.2403834789353496,672.9434314639094055,8.9558517107135795,2.7642031345146854,233.2454105224819898,-2.2165614239101021,1.1605121809313061,4.8698794910606580,239.3766127930273058,0.6698349530489530,0.7297983828425391,0.6363432039762639,-6.1312024600160093,742.9402116679466417,268.8662976847317054,14.1930120540360036,5.5359808696408415,-2.2916844535722469,0.2128227561860263,33.1408915133781790,-1.0848850621816553,0.0247709460615503,-0.4718553401494859,1.4144493341220790,-0.8023050153774376,464.6122021381272589,-5.6603647755552489,2.4131918505655561,431.4713106341453681,-4.5754799253025729,2.3884209211947303,5.7204520121982227,425.7508585985195282,-0.6198930808872477,-0.6632454963450002,112.4616998517760322,9.8090399648895161,16.0161935837466167,79.3208084844763448,10.8939247816225961,15.9914225359527542,-11.3123567451251006,90.6331653845124947,-5.8213821803820416,-7.5013720431688231,0.5393087118864059,0.0643299807561561,4.5299782454967499,-19.1481112241744995,0.4285717606544495,9.6942298412322998,1.2348681194707751,-0.5764894338331243,0.8785038068890572,-9.6917095482349396,-3.9436144270002842,0.0000000092351427,1.3631440736353397,0.2507170233875513,-1.0915462556295097,-0.1002440439333441,5.9464430995285511,-0.0393301990079635,-0.1820477611618116,-1.1793863554485142,-0.8476215206319466,-1.0007737707346678,0.9953001954127103,-0.0559939671802567,0.2711052686208859,0.0103774750241428,0.0050104060283047,-0.0377318607643247,0.1050365295959637,-0.8293031901121140,-0.0721364297205582,1.5606558136641979,-0.0037925280630589,0.0076949817594141,-0.0529948992088976,0.3821891764528118,,,,,,,,,,,,,,,,,,,,,,,,,,,,,,,,,,,,,,,,,,,,,,,,,,,,,,,,,,,,,,,,,,,,,,,,,,,,,,,,,,,,,,,,,,,,,,,,,,,,-11.0000000000000000,,,,,,,,,,,,,,,,,,,,,,,,,,,,,,,,,,,,,2.8130781053555869,4.6264322901735291,385.0000000000000000,613.0000000000000000,1917.0000000000000000,-11.8935837245696394,0.5064498477224638,0.5673505665122918,,,,,85.6839662229646137,-5.3559257306814025,,0.0933774757658496,,,,,,,,,,,,,
"2017Q3",12.5314446213264006,757.8897040242329695,726.8384393856380257,613.1995240122679434,579.3100699349779461,594.4003677327040123,648.0325444223819886,473.8354044374161731,471.7445319215869404,485.5392386776700278,470.4937410697639848,5.7680286620444994,10.2821610033584037,672.7240450670891505,746.6559451520380435,0.3491473207170692,34.0974595720843325,1.4507587532006228,-0.7854103587028751,463.7295531693466160,115.3444817656622803,4.0362605722721696,-8.1661942019755998,759.1078153756367328,732.1453600130898849,561.6958447255597093,614.3037117668233122,587.6812684617370905,646.1714424977216140,4.6579781213166793,5.9290995133929947,-1.2631432386289485,239.5450634085175352,2.7608894879015660,7.3122946716506085,9.8134714125149287,2.3525398463080198,-1.2181107860134872,12.5314446468232124,9.8134714125149287,0.3654335497685477,2.3525398463080198,1.2328267588875017,-5.3069200481633318,-4.2680648366950393,2.4608119046970964,726.8384398382394238,2.4727040830875451,-0.2903869827473025,732.1453600130898849,5.5881558862798295,5.8839871847635914,17.6142276815006049,10.6336382930306126,2.4608118733672151,579.3100723440306865,55.1397933659069537,7.0277904487912561,561.6958447255597093,4.9274776703785079,6.3856258971672162,-1.1041867549077169,613.1995251252847083,35.0406235635948917,11.0484972602032663,614.3037117668233122,8.4160067975810779,9.3715443957798392,6.7191008874078157,4.2730920770053533,4.4680914123848243,594.4003691593413805,-22.1624303225004056,24.8964248977668561,587.6812684617370905,11.3171958647185278,13.0323763684492953,1.8611015384526746,648.0325448084756772,11.5770772127869535,3.3536246426645078,646.1714424977216140,10.8558573906273015,10.0772480423083604,-1.2181107860134872,-2.1676734524609387,757.8897046168166298,11.2591926566263520,6.6762291298165382,759.1078153756367328,5.5120762788451581,6.7848587934823090,473.8354044374161731,-0.9540378826630362,0.3143446299460665,3.5964177349846862,471.7445320244285654,-0.4357014095181496,0.8593811894564358,3.3261327387317001,-2.0908724180350911,0.5183358910316656,-0.2702853824672971,-0.9941494911629596,-1.0967228309200336,-0.6677695870839875,-0.6410789626227074,-1.8681066666723252,485.5392385859524325,-4.6046775569090901,-3.2529028209322384,4.9070278939624066,11.7038341454066739,-3.6506403710458226,1.3106101829749859,5.7747343505504185,5.9290995133929947,3.2583668202086913,3.1294846005967218,470.4937409412669354,1.6221243315421512,2.3900503625950584,3.6364467989381830,-3.3416634991443144,2.5761614821612606,0.0400290559150200,-2.0785200051770940,-1.2631432386289485,0.0513904445536593,0.0462019554167546,4.6579781213166793,5.7680285938247975,-2.9850806217407735,6.6058026588953442,4.9086472780848345,2.2930529297104254,0.6786509456706756,2.4608118556895291,2.6155941017115802,10.2821610208894825,1.7821610118164724,672.7240451119490672,3.0642734846431265,3.8184588954421104,673.4635863362416330,7.3122946716506085,2.7608894879015660,235.0769727662481898,7.3262470741579975,0.9784122126693735,8.1755979827701637,239.5450634085175352,0.6738052388526511,0.6979761626115653,0.6401149783218866,-4.4680914907814913,746.6559452427765109,272.8205409824101935,15.8169702569844723,10.2921281556457700,-2.2884218199360111,0.3491473207170692,34.0974596815294220,3.8262720190020900,0.4860863781607895,3.4570702263591095,1.4507587532006228,-0.7854103587028751,463.7295531693466160,-3.5305956004896206,0.6736697417642977,429.6320936088969233,-7.3568677506220608,0.1875833281674143,4.0362605722721696,425.5958330263456446,-0.6201019800581615,-0.6341847753795982,115.3444817656622803,11.5311287015277859,21.0947935372961659,81.2470227238613774,7.7048566307602764,20.6087071334698599,-8.1661942019755998,89.4132161661331111,-4.8797959444181558,-6.4123835893809531,2.4629585444927216,0.0616235395427793,-2.3685817420482635,14.5661468505859375,3.9400346577167511,-2.8165186643600464,-3.0279441131278872,0.1257748986513090,-2.0601301416754723,2.2284879982471466,-1.1465715989470482,0.0000006700002250,0.4518028218299150,0.7326682051643729,-0.7062258347868919,-0.0648574752267450,1.9432419426739216,-0.0238787440175656,-0.1198491451796144,-0.6708918320946395,-0.3863128806697205,-0.5647189430892467,0.6092729931697249,-0.0211329746380216,0.1210511339595541,0.0051656291943800,0.0374620360853442,-0.0268933325387479,0.1490939190844074,4.2981275245547295,-0.0768532590009272,0.4895803257822990,0.0918269753456116,-0.0633358517661691,-0.0621982128704985,0.3594486115616746,,,,,,,,,,,,,,,,,,,,,,,,,,,,,,,,,,,,,,,,,,,,,,,,,,,,,,,,,,,,,,,,,,,,,,,,,,,,,,,,,,,,,,,,,,,,,,,,,,,,-10.0000000000000000,,,,,,,,,,,,,,,,,,,,,,,,,,,,,,,,,,,,,2.7278259226393149,4.1795155802842103,408.0000000000000000,679.0000000000000000,1943.0000000000000000,-13.9475038600102934,0.5157960155449814,0.6376783492438555,,,,,66.0915497588922278,-22.6866655768528815,,0.0954096925924480,,,,,,,,,,,,,
"2017Q4",7.3635242401591796,758.6573205372990287,733.1669922632189582,611.9531370989139987,555.3219101403600462,604.3983555938269774,649.3808191224719621,473.7229240559616414,471.3945075790700798,485.5741336130860191,472.7597552158829899,5.5902409969927920,10.2154914687867251,673.6804980866869528,748.4366479920979600,0.5258849933727161,35.8025620233001902,1.6321083553953186,-0.8334663107489281,462.5706145415471156,119.8265312204006818,1.3262727008220168,-4.3651528447686161,760.4262385690939254,733.5162397542328563,562.8536859414138007,616.3936519467962398,590.3805307856149511,648.8826220645885314,4.6832239705178536,6.7144651257353756,-1.2512814621159227,239.7189590857232133,2.7640491817774029,4.1358219300389232,9.9267441418295341,-3.0938949782997156,-1.7689165726660323,7.3635242871054789,9.9267441418295341,0.5306754972651131,-3.0938949782997156,-1.4903112571601724,-0.3492480923590476,-0.0473140498235392,0.9096340310332851,733.1669912378794152,25.3141986626431468,14.7122270103793493,733.5162397542328563,5.4835194395770195,5.7031262267286875,-7.5317735978269953,-4.6924589482870704,0.9096340103448314,555.3219121884035303,-95.9526439974533218,-43.5941221365436107,562.8536859414138007,4.6313598610438858,5.5281516548305385,-4.4405144828769876,611.9531376122045003,-4.9855463496889456,13.7353968934080370,616.3936519467962398,8.3597617452674697,8.8389699573918179,14.0178254099507278,9.3296181449432094,1.6304056108519589,604.3983563054567867,39.9919532534864999,39.3383801819879437,590.3805307856149511,10.7970501508708310,12.0141596794080847,0.4981956508333076,649.3808185180419059,5.3930896533085164,12.6463444254746342,648.8826220645885314,10.8447155089173108,10.5021095895235703,-1.7689165726660323,0.9660735323955554,758.6573219723823058,3.0704683305539602,6.6640262437848552,760.4262385690939254,5.2736971835054876,6.0472969474083449,473.7229240559616414,-0.4499226068163806,3.0382587698367307,1.6775304398378701,471.3945075446095530,-1.4000979891396648,2.9949539442697133,1.8266093551107025,-2.3284165198766060,-0.9501764117301514,0.1490784299741876,-1.0707898376974898,-1.2576266255159252,-0.6436151163077775,-0.6543051101513060,-1.7412146519851539,485.5741331891113077,0.1395778778658003,0.9254869446270795,-0.9472647417124946,11.8512091280370768,0.5894995356971862,-2.6247954224752839,5.1367437860621399,6.7144651257353756,3.1414622810326591,3.1933004133735752,472.7597550636090205,9.0640563743791507,8.4632295349164917,6.0923304554029531,-0.9631690017222951,9.5139779746794737,4.4147991754837879,0.2881128804577557,-1.2512814621159227,0.0474468701023266,0.0489342843523064,4.6832239705178536,5.5902407495276414,-0.0254055062130731,6.6309925671004990,2.5952868415579746,0.0039028734038873,-0.8058575526068568,0.9096339636508205,2.5913837226767082,10.2154914485813837,1.7154914639499024,673.6804980003440733,3.8258122810184725,3.2507447207968960,674.1752885226245553,4.1358219300389232,2.7640491817774029,238.0885524948633361,12.0463213807520155,3.6109494673703688,6.0170754983284294,239.7189590857232133,0.6955798391899256,0.6847582871318516,0.6608008463181216,-1.6304056512521989,748.4366479183764795,274.7137240756821370,7.5727330937344863,11.1987294759045142,-2.2816611747692392,0.5258849933727161,35.8025620348358160,6.8204098048634307,2.1868136946233223,5.8523809288082358,1.6321083553953186,-0.8334663107489281,462.5706145415471156,-4.6357549710534514,0.6744994655001777,426.7680523203877101,-11.4561655098902655,-1.5123143231163194,1.3262727008220168,425.4417798398748118,-0.6162131293804346,-0.6215237693704282,119.8265312204006818,17.9281991570805062,21.8188486390412031,84.0239694560776371,11.1077885882970406,19.6320348542568013,-4.3651528447686161,88.3891213362274755,-4.0963800533075210,-5.4226036357912824,-2.6498437076807022,0.0492248814553022,4.4670423567295074,-17.9122887849807739,-3.7227928638458252,9.5505081415176392,2.1059848447330296,-2.2654286400155996,-3.1938642188906670,2.5712310373783112,3.9210975170135498,-0.0000011770455162,-0.1606891863048077,0.1115465424954891,-0.1368859182111919,-0.0125711559812771,-4.9486727602779865,-0.0200544645631453,-0.0691793867154047,-0.2936951387673616,-0.0208751234458759,-0.1982367634773254,0.2877002395689487,0.0031420251543750,0.0109058675589040,0.0011954713409068,0.0554648557226756,-0.0207513510868012,0.1976865029428154,3.3633405119180679,0.0754488063976169,-1.1762090735137463,1.5961696356534958,-0.1265969933010638,-0.0581213596451562,0.2954358832212165,,,,,,,,,,,,,,,,,,,,,,,,,,,,,,,,,,,,,,,,,,,,,,,,,,,,,,,,,,,,,,,,,,,,,,,,,,,,,,,,,,,,,,,,,,,,,,,,,,,,-9.0000000000000000,,,,,,,,,,,,,,,,,,,,,,,,,,,,,,,,,,,,,2.6425737399230274,3.7325988703948911,437.0000000000000000,680.0000000000000000,1989.0000000000000000,-12.2171945701357458,0.5196826047996801,0.6163391580900123,131.3359601274161150,27.4761811665547313,,,212.8897550923276754,-1.9351619319999891,,0.1366006707227250,,,,,,,,,,,,,
"2018Q1",10.9425787425156997,762.2848102638420187,740.9884059857799912,613.4233640083620003,504.2757885798250186,601.4886003804630263,652.6241788835369562,474.3593296430191231,472.3083025439285620,483.5621349390739852,476.3955095744320261,5.3775803784337608,10.3655204164490868,674.5342475617491118,752.9675475221989700,0.8358582276808524,38.6973430001633147,2.0917365222048132,-0.8604530107042919,466.5375630409050132,124.7905682192903924,2.5479738623693606,-1.4230103035109067,761.8421446365864540,734.8832772342157114,564.1135087362707736,618.6254634282366851,593.1115434441759362,651.4568757562263954,4.7050773967225794,7.4762600846758813,-1.2403541580603195,239.8961645180488347,2.7589033872176087,0.9354131927758821,10.0814354535921016,0.9939432954174670,0.4426666170055166,10.9425787945687514,10.0814354535921016,-0.1327995974501561,0.9939432954174670,0.5743172742105696,6.1051303076129182,4.9079482777498615,-1.4852193444618429,740.9884075002462396,31.2856673675118202,24.0046325503166535,734.8832772342157114,5.4681481337344895,5.5728645308706612,-59.8377183958252843,-37.9275453375496099,-1.4852193374271099,504.2757904760272254,-204.1844963759870666,-93.6120153801138315,564.1135087362707736,5.0392884004289256,5.0585890203828923,-5.2021010103954266,613.4233623264422022,5.8809017187624972,16.0324637250612554,618.6254634282366851,8.9272485121674681,8.6362411332992295,8.3770555024602817,5.9992996427277259,-1.0271238660104935,601.4885990866999919,-11.6390303184336226,10.6200422624611672,593.1115434441759362,10.9240468907660482,11.3221951924761495,1.1673036844265829,652.6241796263632295,12.9734420004614002,13.4596858123327046,651.4568757562263954,10.2970122257333720,10.6316684962851600,0.4426666170055166,3.1089592858437953,762.2848112447820768,14.5099591116631963,9.3592077289608682,761.8421446365864540,5.6636257272777017,5.6473634194291966,474.3593296430191231,2.5456220259938158,6.5887592366981451,0.6155009746851724,472.3083029110994744,3.6551813537712730,7.7326713720592988,1.2916908990282345,-2.0510267307508854,1.1095591572596590,0.6761903225499799,-0.6373692897388952,-1.4136575585640785,-0.6241235563653338,-0.6512006011146942,0.5595582569545867,483.5621350061289832,-8.0479936895657964,-1.8093741320733476,-5.4714791558256319,9.2028053639782410,-10.5936147973189367,-6.0869798713622716,1.7265457769512347,7.4762600846758813,3.0471794570636792,3.1782212867247930,476.3955096274887637,14.5430185312444546,13.0710980648004167,7.0662320742311735,2.0361799847485682,11.9973965374534188,6.4507314153794209,3.2765346146510304,-1.2403541580603195,0.0437082231331905,0.0484767355219918,4.7050773967225794,5.3775806585085775,3.3760287225707901,6.6527846471651122,-2.3550907272639297,-4.9269215835872373,-3.3507397027928167,-1.4852192791892782,2.5718308132896297,10.3655204184939009,1.8655204102515506,674.5342475889925709,3.4149975183676249,3.1301975633510333,675.0296855739147759,0.9354131927758821,2.7589033872176087,240.9232876296634345,11.3389404593046059,7.1237365956020593,3.0193304089711903,239.8961645180488347,0.7088215305088613,0.6870106928927124,0.6733804527627658,1.0271240082172115,752.9675474631811767,278.6082176079654573,15.5779752075494482,13.2901724424083163,-2.2943004402734464,0.8358582276808524,38.6973429437102254,11.5791239074524981,5.2852302220342544,9.6593517061090388,2.0917365222048132,-0.8604530107042919,466.5375630409050132,15.8677936241385620,0.5102696382034293,427.8402198858347560,4.2886695410679572,-4.7749606766542705,2.5479738623693606,425.2922460977296737,-0.5981349943969302,-0.6135857500895229,124.7905682192903924,19.8561471809991410,14.7811284560871048,86.0932246806540036,8.2770230343182050,9.4958981152064279,-1.4230103035109067,87.5162351242735070,-3.4915463215253992,-4.5722750626265505,1.5141532719135284,0.0785512556321919,5.7636615037918091,-55.3956822156906128,-2.3157665133476257,-1.2551720142364502,18.4819020545110106,3.3054263194036393,-1.3205638751387596,-8.0737974941730499,3.3820332735776901,0.0000022357072267,-1.6986060235649347,0.3215780761092901,0.1280966694466770,0.0117639790842077,5.4270630404353142,-0.0387783140904503,0.0148538853973150,0.3955457910778932,0.6022942434065044,0.4228985533118248,-0.2494181899819523,0.0022741715365555,0.0218371448572725,0.0010060404238175,0.0480206850188551,-0.0287408905533084,0.3415263302158564,5.7267431691288948,0.3899972913786769,1.7256847582757473,1.7635507583618164,-0.1103333292994648,-0.0435432295489591,0.1951944077154621,,,,,,,,,,,,,,,,,,,,,,,,,,,,,,,,,,,,,,,,,,,,,,,,,,,,,,,,,,,,,,,,,,,,,,,,,,,,,,,,,,,,,,,,,,,,,,,,,,,,-8.0000000000000000,,,,,,,,,,,,,,,,,,,,,,,,,,,,,,,,,,,,,3.4964241240174325,3.9180644729144620,396.0000000000000000,692.0000000000000000,2027.0000000000000000,-14.6028613714849538,0.5261604181224512,0.6687372585134811,,,0.9463393121256557,9.9215175765504693,72.2217433640183657,5.5559222999999136,,0.1183450866355732,,,,,,,,,,,,,
"2018Q2",4.7631965216297401,762.8724870673280520,731.7279900638619665,612.7712335316459757,580.2550167495339792,607.2925813132339954,648.1687450511050201,477.3653056692970722,474.4483994117655357,489.7026816527330197,482.0121224707580154,5.4882181384351840,10.1409062942017449,675.3831877547410159,754.3274033662629563,1.1298309596089129,40.3098753370954128,2.4657815236983174,-0.8430024886792139,466.7085031265556267,133.9788114259755787,1.2470195187169679,6.9217539174239988,763.4739172827663651,736.2620155135851974,565.6174082891540138,621.1135754856691165,596.0004566837736775,653.7942715652873176,4.7376020704020352,8.2011129453904221,-1.2311034325805568,240.0784576153371290,2.7685118873459604,1.0926641974684608,10.2254518741381073,-5.6426839723488031,-0.6014284341047169,4.7631966116596880,10.2254518741381073,0.1804287242791196,-5.6426839723488031,-2.7493338231816979,-4.5340257547781126,-3.5335819923643434,-0.7789539954806084,731.7279897465614340,-37.0416755435015261,5.5077268555161751,736.2620155135851974,5.5149559511213058,5.5136944001127466,14.6376110894367208,8.9746194029075639,-0.7789540720557850,580.2550191618847748,303.9169163368480895,14.7298930313820122,565.6174082891540138,6.0155988089377121,5.1534313339171405,-8.3423408283151499,612.7712347788537954,-2.6085085767026168,8.3318651383538764,621.1135754856691165,9.9524468731276095,8.9138661589874175,11.2921225858155196,8.0141938117413023,-1.1662051720020139,607.2925795073869040,23.2159153097781186,7.3516010306506523,596.0004566837736775,11.5556519719721482,11.1484865556129051,-5.6255269351810275,648.1687452168687287,-17.8217405600011425,3.0304672163728368,653.7942715652873176,9.3495820658446558,10.3367919599544198,-0.6014284341047169,-1.6823551259458633,762.8724888326830751,2.3507021876551786,7.7975822747704333,763.4739172827663651,6.5270895174611674,5.7441219084309374,477.3653056692970722,12.0239052439717629,9.3536949370959039,3.2913916949624031,474.4483997975598868,8.5603890219069942,6.7249620179398732,2.5949424279375486,-2.9169058753614561,-3.4635162435550271,-0.6964495344192836,-1.3548934732102080,-1.5620122908918532,-0.5934188616047059,-0.6322318391489145,-0.2479013240790575,489.7026814715951559,24.5621860323644938,18.1538059490155987,3.0122734933621937,12.3373757991712569,12.5382804733863882,-0.2791181731581842,4.1362624810042048,8.2011129453904221,2.8994114976092917,3.0866050666688274,482.0121224531665121,22.4664522497640711,18.9497669027782401,11.9239126482485602,4.6468167803371481,10.4425465128612203,8.6325208425827906,5.8779199315803163,-1.2311034325805568,0.0370021898507712,0.0448871624431958,4.7376020704020352,5.4882179450284800,2.6994457074089633,6.7624090466070630,-1.2367436247772630,-3.8549695612381516,-2.4198602573216723,-0.7789540123126670,2.6182258418083686,10.1409062997776438,1.6409062968882506,675.3831877553379854,3.3957603588069873,3.4252107688779225,676.0076982394269862,1.0926641974684608,2.7685118873459604,241.2446632864259755,1.2855001516654481,7.9992518755994846,1.7596804933209915,240.0784576153371290,0.7291751953143327,0.7018456305667319,0.6927164329462190,1.1662050848355074,754.3274034499737581,276.9620977323775151,-6.5844792346244105,8.0958000446045180,-2.2918942707986627,1.1298309596089129,40.3098753319819778,6.4501293477283923,7.1689836389887169,5.5561557831669486,2.4657815236983174,-0.8430024886792139,466.7085031265556267,0.6837600584878549,2.0963009209167049,426.3986276895321907,-5.7663689137993437,-5.0726828796091379,1.2470195187169679,425.1516082639872707,-0.5625511568096223,-0.5992502607836839,133.9788114259755787,36.7529738949206504,21.5171116986659570,93.6689361036564634,30.3028448134603465,14.3481280029565532,6.9217539174239988,86.7471815440793961,-3.0762148031327410,-3.8859832646897585,-4.8084499537944794,0.0594374338397756,-7.0251613855361938,54.4594618082046509,-4.9609743356704712,5.1655001640319824,-8.2534686243161559,-1.3893193887773845,2.8398431390523911,20.1395152211189270,5.4697434827685356,-0.0000019964974523,-1.1062807831913233,-0.0380620909854770,0.0073722731322050,0.0006770453182980,-18.6907133907079697,-0.0249968054777128,0.0762645052745938,0.9843240735353902,1.0656806561164558,0.9338565878570080,-0.6765303576830775,0.0151308001077268,-0.0410762924002483,-0.0023352104326477,0.0557947390916524,-0.0145011632794194,0.3441242177505046,-3.2092226073145866,0.3963397605111822,-0.3327243588864803,7.9605519548058510,-0.0685947751626372,-0.0242296694814286,0.0661762356758118,,,,,,,,,,,,,,,,,,,,,,,,,,,,,,,,,,,,,,,,,,,,,,,,,,,,,,,,,,,,,,,,,,,,,,,,,,,,,,,,,,,,,,,,,,,,,,,,,,,,-7.0000000000000000,,,,,,,,,,,,,,,,,,,,,,,,,,,,,,,,,,,,,2.7922436115502851,3.0725954139409382,422.0000000000000000,660.0000000000000000,2057.0000000000000000,-11.5702479338842981,0.5360585339403814,0.6403323030490216,,,,,63.1910445562250160,43.5535842620000082,,0.0740844391454328,,,,,,,,,,,,,
"2018Q3",7.1878851109806501,764.9008574172779618,729.6900774947119999,619.4363039013919661,586.1256452477880430,612.9061827079669911,653.9161850311129456,475.7283772705629303,473.2979935055738565,485.2696024638049721,481.3225711750130245,5.4771290338609218,10.3599045632832123,676.3842002715125545,757.2513744763920158,1.4089789838027000,40.3232332810842067,2.5044745706179139,-0.7685539914947183,459.6190543257863510,143.3685010922368406,-5.7300136964101398,17.0115698706726590,765.0639319311371764,737.6080309446932688,567.0943084830158796,623.6155468858265749,598.7559849330865518,656.0970985455074924,4.7391938374745850,8.9240438248322373,-1.2222849572522732,240.2588492169551273,2.7501174394417491,1.4595122718113593,10.4281471866949573,-3.2891849489280220,-0.1630759548295807,7.1878850445086098,10.4281471866949573,0.0489228734786679,-3.2891849489280220,-1.5432449702926334,-7.9179541188270335,-6.2428905420812724,3.3070291278602988,729.6900767572336690,-8.1516465071850224,2.8516349030492147,737.6080309446932688,5.3840632160103086,5.4626713404476526,19.0313347887444131,11.2926068614389266,3.3070290598792238,586.1256430201513012,23.4824951311010075,6.8155666547163865,567.0943084830158796,5.9075919531373486,5.3984601130415717,-4.1792440213466788,619.4363026156300975,26.6602744408060062,6.2367781305408485,623.6155468858265749,10.0078883784948793,9.3118369562068395,14.1501978943591755,10.2788706833461418,-3.1505898153626246,612.9061831427104607,22.4544222183455631,18.5058183039396802,598.7559849330865518,11.0221183600624855,11.0747164587271438,-2.1809154215562581,653.9161837508429471,22.9897523678143614,5.8836364511228307,656.0970985455074924,9.2113045732865384,9.9256532996219846,-0.1630759548295807,-2.8404738210735863,764.9008559822581219,8.1134700208419801,7.0111504141426977,765.0639319311371764,6.3600588918428587,5.9561167713758714,475.7283772705629303,-6.5477133160863215,-2.6929478641903142,1.8929730071005793,473.2979936267735752,-4.6016239410039432,-1.3742414060935690,1.5534617354667239,-2.4303836440005409,1.9460892666040031,-0.3395111945086593,-0.7204381210936208,-1.7099454610137985,-0.5917325947820562,-0.6132225551526798,0.4996573522755856,485.2696024286443048,-17.7323169840612138,-9.3579869332478225,-0.2696361238705798,9.5412251569823496,-11.1846038721478358,-2.1626091332963311,0.6171811010848263,8.9240438248322373,2.8917229355109009,2.9949439746287534,481.3225710344469235,-2.7582058141874901,-2.2569621902875259,10.8288301088511894,5.5941937624185814,3.7895071976743191,8.9358569314663310,6.8164789006350146,-1.2222849572522732,0.0352740246442469,0.0408579056711453,4.7391938374745850,5.4771286743112979,-4.1340955044288679,6.8145148533983670,6.8513698983203621,4.1843161879634438,1.4471245035681526,3.3070291354228281,2.6670535866912406,10.3599045686570008,1.8599045637190561,676.3842004907260161,4.0040498529112210,3.6601554754126879,676.8904461132610777,1.4595122718113593,2.7501174394417491,243.4094401844458559,8.6591053324253089,8.3324671083413371,4.8440192311791650,240.2588492169551273,0.7215685701333202,0.7137854894935367,0.6854901422608977,3.1505897576511672,757.2513738753973485,281.5229965924513067,18.2435969041816612,8.7024558950917896,-2.3548085215676045,1.4089789838027000,40.3232333265626082,0.0534317759551755,6.2257738329102139,0.4387978385531959,2.5044745706179139,-0.7685539914947183,459.6190543257863510,-28.3577954248814379,-4.1104988965365150,419.2958209356613111,-28.4112271860579177,-10.3362726661559989,-5.7300136964101398,425.0258346667088745,-0.5030942792203222,-0.5699984699949783,143.3685010922368406,37.5587597716766339,28.0240195791779314,103.0452676725566050,37.5053281420515390,21.7982456754635052,17.0115698706726590,86.0336976739719148,-2.8539365295839567,-3.3795180633101749,-2.8712606281042099,0.1030698816757649,-3.8195886909961700,10.3594884872436523,1.2432771921157837,5.7907698154449463,-7.1005222294479609,0.7652191381058364,-7.0399424880743027,-24.5907897502183914,-13.4549947604537010,-0.0000004969055693,0.4000551290810108,0.3830888848751783,0.0927611961960793,0.0085188849916449,19.9128557816147804,-0.0900766061531613,-0.0990955960005522,-0.0511778279906139,0.1061759263975546,-0.1997020300477743,0.0852508435491472,-0.0125496612454299,0.0842263291124254,0.0019720542186406,0.0288521333568497,-0.0415432568297547,0.3469378801528364,-5.5027241036295891,0.1357968047959730,-6.5031658113002777,11.9586894698441029,-0.0098517476581037,0.0032017556623032,-0.0853442944353446,,,,,,,,,,,,,,,,,,,,,,,,,,,,,,,,,,,,,,,,,,,,,,,,,,,,,,,,,,,,,,,,,,,,,,,,,,,,,,,,,,,,,,,,,,,,,,,,,,,,-6.0000000000000000,,,,,,,,,,,,,,,,,,,,,,,,,,,,,,,,,,,,,2.0880630990831386,2.2271263549674112,494.0000000000000000,753.0000000000000000,2079.0000000000000000,-12.4579124579124585,0.5502246682256450,0.6172242846057772,,,,,-21.4940083059486113,12.9075554329999420,,0.1028861106827448,,,,,,,,,,,,,
"2018Q4",11.7512837947242996,767.2271891878989436,742.7607275282000501,631.3059912618880389,553.2506543840009954,606.4278381426570377,658.2038221007779839,473.3061444990455016,471.9489115967314774,477.0311216983359941,480.1703090481440199,5.3531981191025109,10.0847243946335574,677.4550035831758805,761.9380341475730347,1.6737719505582227,40.0634252473344930,2.7746157156375655,-0.6699934060355571,458.8249599806194396,145.6480338787076221,-6.1601388899687208,20.2527637533090541,766.5240423968573396,738.9045720195434797,568.4616953978961646,626.0474234218916081,601.2746076099159609,658.4319404985768642,4.7732984040993438,9.6117405409380812,-1.2147950832933583,240.4421082035627251,2.7594224201144351,-0.8829816915463001,10.6991916041947519,1.2630358922845275,0.7031458669801608,11.7512837341163081,10.6991916041947519,-0.2109436931873215,1.2630358922845275,0.7670401838904100,3.8561549412747396,3.4999678740849847,1.6312706444821496,742.7607270032790439,52.2825954340389458,9.5937350752930026,738.9045720195434797,5.1861655693012434,5.3883331452268397,-15.2110369705842743,-8.9374235519204710,1.6312706101904508,553.2506579906672641,-131.4999437901571184,-2.0712534264992009,568.4616953978961646,5.4695497581781805,5.6080072782087971,5.2585711143724359,631.3059943010100596,47.4787643666867609,19.3528584000901134,626.0474234218916081,9.7275067897827174,9.6537726254203768,5.1532330289123376,4.6053795166122740,-5.1274088213459681,606.4278406311083245,-25.9133700750921996,2.0294845415950142,601.2746076099159609,10.0744903430440242,10.8940770996565064,-0.2281183623127041,658.2038220407479230,17.1505480243697583,8.8230022557717209,658.4319404985768642,9.3393688620534085,9.5493175042633354,0.7031458669801608,3.3851167143201546,767.2271882830978029,9.3053194082134691,8.5698647226551579,766.5240423968573396,5.8404408984324068,6.0978042964695254,473.3061444990455016,-9.6889307223298484,-1.6233309507048255,-0.4167790252412316,471.9489119641965544,-5.3963262272933470,1.6449058178019789,0.5544052006452020,-1.3572325398739276,4.2926047708126749,0.9711841090026621,0.4933587068382641,-1.8505911374442907,-0.5625827261272401,-0.5929644274859218,1.5879991710019348,477.0311217560722525,-32.9539229732856285,-16.7323754127870856,-8.5430117299839310,3.7249772504774068,-23.2649926000770577,-8.1262322880367126,-5.8867636040349227,9.6117405409380812,2.7507869834030338,2.8972751075523879,480.1703089584054283,-4.6090484928194950,-3.8304330981234438,7.4105541791814344,6.8641644556206716,5.0798816641693723,7.8273331755635542,8.0789594030719503,-1.2147950832933583,0.0299594110493268,0.0364860266877027,4.7732984040993438,5.3531992771804147,-1.5735365989327863,6.9965286574362722,3.7082944691196711,0.9224812315718889,0.0465462735126127,1.6312705707078130,2.7858129784598140,10.0847243976520300,1.5847243985202308,677.4550038628314041,4.2832141392318785,3.7745054055852796,677.8353164285332468,-0.8829816915463001,2.7594224201144351,245.5695174700630901,8.6403091002524768,7.4809645272664955,-1.0490389961887034,240.4421082035627251,0.7330357745674023,0.7231500800753571,0.6963839814957332,5.1274086828615868,761.9380345316196781,288.6318901047717986,28.4355731552001423,13.9181665811188662,-2.3550636781011329,1.6737719505582227,40.0634255775511576,-1.0392321349988549,4.2608635112369484,-0.4353321085926264,2.7746157156375655,-0.6699934060355571,458.8249599806194396,-3.1763765672208315,-3.7456543169672027,418.7615345127013029,-2.1371459072726040,-8.0065179910662234,-6.1601388899687208,424.9216735060209658,-0.4166447044422542,-0.5201063059487715,145.6480338787076221,9.1181342479175669,25.8215032135821829,105.5846089282342604,10.1573649105828778,21.5606396494250951,20.2527637533090541,85.3318459815810684,-2.8074072768482123,-3.0572754775217095,0.7371786534786224,0.1576303075999022,8.5714876353740692,-27.8593341112136841,7.9750788211822510,-5.3940232992172241,1.1514920443296432,-2.6987118139991471,-5.2158481031656265,-16.8814021050930023,-1.6916616410017014,0.0000016189301134,-0.6660314258188009,-0.0891897277906537,0.4330133018083870,0.0397665275522741,12.4134385753422976,-0.0337089319000370,-0.1726453616283834,-0.3866134169511497,-0.2290928368456662,-0.6404729150235653,0.3446786617860198,0.0201223008261877,-0.0497899019392207,-0.0017872096432257,0.0475456272106385,-0.0156832792199566,0.3493316927924752,-1.4780287146568298,0.3749835124472156,-2.6075304970145226,7.8343168422579765,0.0217051729559898,0.0361401486807154,-0.2388647828483954,,,,,,,,,,,,,,,,,,,,,,,,,,,,,,,,,,,,,,,,,,,,,,,,,,,,,,,,,,,,,,,,,,,,,,,,,,,,,,,,,,,,,,,,,,,,,,,,,,,,-5.0000000000000000,,,,,,,,,,,,,,,,,,,,,,,,,,,,,,,,,,,,,1.3838825866159983,1.3816572959939160,440.0000000000000000,772.0000000000000000,2139.0000000000000000,-15.5212716222533889,0.5568454416441908,0.6839388268498874,145.9395249330957824,30.1166670254919850,,,243.6282594661944074,33.1931998820000445,,0.1661819492530717,,,,,,,,,,,,,
"2019Q1",11.9647549001163007,768.5298840114389805,735.4232260272859776,628.0882126345429697,572.2019792648950443,611.3107375183609520,656.7928417201150069,474.9424612684825320,473.6066167803711551,480.3370535510300101,477.6665856607090177,5.3762576164713751,10.1159234835890466,678.6350414289115633,764.3935414663089887,2.4922518694677098,38.9186803763186475,2.7155593222018317,-0.7383209162244652,459.6135685608021504,143.9861413780425892,-4.1474035078979341,20.4591437379915533,767.9142970624790223,740.1582821151977214,569.7946303596434063,628.4612627837191212,603.6295493380296193,660.7480534473412490,4.8186010214311628,10.2518232342770936,-1.2091765550795222,240.6291175446652630,2.7854042675597022,0.4611602089256289,10.9507114880116898,1.1987197533879221,0.6155884631152287,11.9647548301869957,10.9507114880116898,-0.1846760143442725,1.1987197533879221,0.7251197543548293,-4.7350536432828720,-3.6641471342861869,1.1422892675662131,735.4232285068407009,-29.3499924565478167,-5.5651794727641315,740.1582821151977214,5.0148392468800438,5.2750056363528133,2.4073472743026367,0.9706141047280066,1.1422893194616557,572.2019772016267325,75.8052774067980693,67.9261869393488666,569.7946303596434063,5.3317276723621916,5.6811169867180915,-0.3730487008732993,628.0882135900257026,-12.8711074281119089,14.6648510563655137,628.4612627837191212,9.6553645895749085,9.8358015212858021,7.6811902912480532,6.3872388134431111,-3.3179869911400925,611.3107396165963792,19.5316051354746705,9.8221408434224884,603.6295493380296193,9.4197660543878605,10.5180059751566297,-3.9552118272100345,656.7928425285205094,-5.6439203896365839,4.1686587499645649,660.7480534473412490,9.2644443027784664,9.2911748559100058,0.6155884631152287,-1.5726981728317924,768.5298855453925171,5.2107956567940690,6.2450744663335653,767.9142970624790223,5.5610285916520716,6.0721538913583961,474.9424612684825320,6.5452676437888639,4.6840954527559120,0.5831305170398555,473.6066172346958183,6.6308221931155282,4.0915847548010698,1.2983148747677975,-1.3358440292912246,0.0855542440446535,0.7151827354545685,0.6455327269974405,-1.9813767690131385,-0.5231425634412987,-0.5677191591672369,1.1560684839134350,480.3370534038292021,13.2237267924573203,13.0335428836473106,-3.2250810306881430,5.3945921378324950,6.6784593844504627,-3.8082131132348191,-4.8572306161647969,10.2518232342770936,2.5603299725235664,2.7755627635335927,477.6665854559429931,-10.0148945443779542,-8.0035952312040219,1.2710757569625148,2.7241241848086029,-16.5601627881221027,0.6879438118707846,3.9333007486059461,-1.2091765550795222,0.0224761621725889,0.0311777574414756,4.8186010214311628,5.3762577959111644,-0.6407336069267626,7.0531737482493027,1.2846730302871197,-1.4730422583620657,-0.4736341148583082,1.1422893489553851,2.7577153079766830,10.1159234719063136,1.6159234612465205,678.6350415272227110,4.7201510596138725,4.1007937331523632,679.1023886266326599,0.4611602089256289,2.7854042675597022,243.9471048111800542,-6.4896502697298786,3.0238170020716479,-3.6370018775696447,240.6291175446652630,0.7480336516080469,0.7329533548790920,0.7106319692492461,3.3179871749930552,764.3935420902764690,289.4510808594426976,3.2767642621806909,10.8428630569637150,-2.3176606226567240,2.4922518694677098,38.9186805189009348,-4.5789794840633817,0.2213374875817939,-3.2671307093461390,2.7155593222018317,-0.7383209162244652,459.6135685608021504,3.1544346833220729,-6.9239943263442933,420.6948881030907046,7.7334136222002599,-7.1453318325111201,-4.1474035078979341,424.8422916773205884,-0.3175277713353837,-0.4499543907982272,143.9861413780425892,-6.6475697553966562,19.1955734082612750,105.0674618419325412,-2.0685906631165167,18.9742358074177879,20.4591437379915533,84.6083175177611508,-2.8941118353817590,-2.9079188786408325,1.2360245138406754,0.1309308602940291,-7.6745622754096985,12.0065399408340454,-3.7911196947097778,2.7536647319793701,-4.6701656561344862,1.0844026660653019,5.8637153133749962,22.7917614281177521,-4.0011456161737442,0.0000003943607774,-0.8206418938934803,0.1896715024486184,0.2831119745969772,0.0260000788111938,-18.6351391822099686,0.0039237599849002,-0.1559686614200473,-0.1082956873578951,-0.0236571156419814,-0.3949508517980576,0.1480930156540126,0.0347307990014087,-0.1134045654907823,-0.0044873092629132,0.0516496580639796,0.0019240925757913,0.9189062288496643,-4.1436465829610825,0.0998142070602626,-0.3281174413859844,5.6746270731091499,-0.1353268576785922,0.0574524102048599,-0.3674431708641350,,,,,,,,,,,,,,,,,,,,,,,,,,,,,,,,,,,,,,,,,,,,,,,,,,,,,,,,,,,,,,,,,,,,,,,,,,,,,,,,,,,,,,,,,,,,,,,,,,,,-4.0000000000000000,,,,,,,,,,,,,,,,,,,,,,,,,,,,,,,,,,,,,-0.8188549082080289,-1.8756919175343338,426.0000000000000000,722.0000000000000000,2153.0000000000000000,-13.7482582443102643,0.5776282383445244,0.6399498806781236,,,1.1157612234445435,8.5552418586223880,63.6277248230440122,14.3265999999999849,,0.1044210095860316,,,,,,,,,,,,,
"2019Q2",12.2176985539099991,774.7149345387299491,742.9134523246159461,654.9090834794239981,554.4985836674050006,620.5705814359019996,669.5619895281449772,478.6210627599584768,476.7478307244570033,487.6070579346609861,479.1255385760370018,5.2355261053878710,10.0566092032230276,679.6650956238760273,767.3680144150839624,2.9149797102993258,38.1613275410915804,2.4700742638623350,-0.8331486991395393,460.4757873550702243,141.6696140711551948,-2.4725458229247010,19.6658191757089611,769.2781356632154939,741.3825407411344486,571.1292634231178909,630.8906310117635030,605.8650058364019060,663.0131559788561617,4.8221784637124907,10.8916517785723457,-1.2033753315269962,240.8112113465159609,2.7792894579492411,1.2756426999493113,11.2008274716170462,2.6479114755898734,5.4368012613761048,12.2176987248984403,11.2008274716170462,-1.6310402957238050,2.6479114755898734,1.4490135543043565,1.5309129325305171,3.1287881369119144,-2.4075896388204443,742.9134536414302374,29.9609031765014997,11.1854635000193454,741.3825407411344486,4.8970332930535809,5.1205250969691098,-16.6306788734919380,-8.8429538402809627,-2.4075896710126927,554.4985848010506970,-70.8135699751575913,-25.7564302330253234,571.1292634231178909,5.3385418500599933,5.5118521055169278,24.0184545989522711,654.9090854334640426,107.2834871701398498,42.1378518208746584,630.8906310117635030,9.7174710135083995,9.7770573550037163,14.7055746754265186,10.6928705407060960,-0.2673821779215086,620.5705810353546212,37.0393702812860397,13.2779978653987918,605.8650058364019060,8.9418227392019478,9.8645494424227245,6.5488338788126006,669.5619907826326198,51.0765932452731519,21.3932424085293889,663.0131559788561617,9.0604095032088328,9.2188814835213346,5.4368012613761048,5.5696795228787019,774.7149369333561708,24.7402064317233830,11.8424474857478579,769.2781356632154939,5.4553541317752074,5.8042193461231939,478.6210627599584768,14.7144042582991776,12.5220832339764669,1.2557567310117397,476.7478309547427102,12.5648534667540179,11.2571309666620412,2.2994311303267332,-1.8732318077070624,-2.1495512970808375,1.0436740808513254,0.2388941223428613,-2.1121259750685235,-0.5229968205255197,-0.5501136455346862,4.4029182564004845,487.6070578866578558,29.0800166131245277,21.8746577785087126,-2.0956238395978604,8.9859951237035940,14.3656122105325004,-3.3513807794746802,-1.9056563247335683,10.8916517785723457,2.5593142813660612,2.6905386473469957,479.1255386515406940,5.8358119728165603,5.2003734410704849,-2.8865840561538305,0.5044758893829179,-8.8785925049053844,-4.1423404615423189,1.7078520100397272,-1.2033753315269962,0.0232045872585483,0.0277283681714621,4.8221784637124907,5.2355264331073856,5.1691970816533210,6.9372755502648742,-6.0216050715655758,-8.6596988860211273,-3.9641988612098080,-2.4075896574158366,2.6380938541236549,10.0566092031230703,1.5566092034576740,679.6650955946898875,4.1202165922824161,4.2819075611234858,680.2337333597826046,1.2756426999493113,2.7792894579492411,241.0785920612654820,-11.4740481023358676,-0.1660706182552412,-9.8093127407702418,240.8112113465159609,0.7283717052409051,0.7327531750041371,0.6919531172246416,0.2673821077744325,767.3680145670195998,288.7469518267714648,-2.8165142477551224,11.7848540763162895,-2.3456790296706647,2.9149797102993258,38.1613274315744277,-3.0294113409082684,-2.1485478617193055,-2.0274766308129459,2.4700742638623350,-0.8331486991395393,460.4757873550702243,3.4488747968260349,-6.2327157648717293,422.3144597898686357,6.4782863020750732,-4.0841680009183721,-2.4725458229247010,424.7870056421874096,-0.2211443996025092,-0.3646026555040259,141.6696140711551948,-9.2661081831514274,7.6908031615602575,103.5082871781396392,-6.2366969072441343,9.8393509031196249,19.6658191757089611,83.8424676847727142,-3.0633991882434533,-2.9047143751829800,0.2460658997297287,0.1253248867578804,2.0123924612998962,-20.5019582509994507,24.2609358429908752,8.2285736799240112,1.6599894119426608,0.0843544011657456,2.5910817831754684,11.8887999057769775,8.1330807954072952,-0.0000013196721446,-3.5727399103343487,0.1022780854254961,0.0695233130827546,0.0063847940909909,-12.9807533975690603,-0.0577573972041137,-0.1110148311126977,0.0294495723792352,0.1098696556873620,-0.2509055323898792,0.0152366738766432,-0.0024640712654218,0.0569910198682919,0.0029760407196591,0.0177397381485207,-0.0275743929887540,0.5722629533847794,0.2377195656299591,-0.0984257389791310,0.0988443307578564,4.7306445017457008,-0.1686598891392350,0.0646305853479134,-0.4586982458131388,,,,,,,,,,,,,,,,,,,,,,,,,,,,,,,,,,,,,,,,,,,,,,,,,,,,,,,,,,,,,,,,,,,,,,,,,,,,,,,,,,,,,,,,,,,,,,,,,,,,-3.0000000000000000,,,,,,,,,,,,,,,,,,,,,,,,,,,,,,,,,,,,,-0.5353645268682999,-1.1395576850284490,459.0000000000000000,798.0000000000000000,2347.0000000000000000,-14.4439710268427781,0.5542753999845670,0.5770594639965915,,,,,145.1341947667840202,6.4793197760000165,,0.0756983583784373,,,,,,,,,,,,,
"2019Q3",10.6773712545993007,775.3325903111649495,747.3003858357719764,631.2192235553000046,560.4800690251670403,631.1565392308090168,674.2779274606749595,478.2803843405741873,476.0822533907425509,488.4844957856100223,479.6665403139800219,5.3282443582218297,9.6286326739928363,680.9007541741589193,770.3321882047609961,2.9389407465966411,37.7337816332573155,2.0823348013565162,-0.7224392874546799,458.6956864117046280,136.6232131922322708,-3.7906352395878571,15.8629971873380669,770.7500782428463708,742.6021537861574870,572.6080732483812881,633.4549289402569912,608.1280948338380767,665.1178320538990647,4.8136031770097318,11.5383561521029474,-1.1974713167083015,240.9869500678770180,2.7682351254822750,1.3198187558341503,11.4580430751086038,0.5940813672792375,4.5825103523765423,10.6773712258061018,11.4580430751086038,-1.3747528059148635,0.5940813672792375,0.4256483791127283,4.6982329352558176,4.6763349564014156,0.0355128529846692,747.3003866902140544,17.5477329991229283,17.6103072863650496,742.6021537861574870,4.8784508496591688,4.9941221277561274,-12.1280050967204325,-6.2566737587242853,0.0355128170390374,560.4800681583076312,23.9259297809050295,-25.6455799775596915,572.6080732483812881,5.9152324042537083,5.5137626818440477,-2.2357064323262059,631.2192224315148223,-94.7594478073388018,11.7829188873665345,633.4549289402569912,10.2571926379944447,9.8393827747394838,23.0284436695793815,16.4171313652741944,-1.5653328163668399,631.1565384526722937,42.3438271998224991,18.2503536643371902,608.1280948338380767,9.0523553076411005,9.3721084329266784,9.1600950749612906,674.2779278589175647,18.8637464476806969,20.3617417482252101,665.1178320538990647,8.4187012296796073,9.0207306670440577,4.5825103523765423,5.5161247686451311,775.3325885831030746,2.4706095388562375,10.4317310744897593,770.7500782428463708,5.8877753715598935,5.6861494664795531,478.2803843405741873,-1.3627132950557979,4.0158246962957964,2.5520070335787808,476.0822531411742489,-2.6623102796158080,4.0249945272329732,2.7842592512352273,-2.1981311994924400,-1.2995972152632893,0.2322525539638143,0.0461562315396815,-2.2442874133226693,-0.5286457228740825,-0.5343419374848795,3.9790752994633856,488.4844956572636647,3.5097504562307549,4.7934154479567450,3.2148932516120503,10.2041113157470953,4.8724629635818264,0.6628858221484126,-1.3342451786345508,11.5383561521029474,2.5868174528758954,2.6143121843787580,479.6665401119537933,2.1640061062978879,2.0967307018877812,-1.6560308716522663,1.3861557686755019,3.5267193628040410,-4.2080378760988539,2.5836275115937761,-1.1974713167083015,0.0236156836883754,0.0248139312712124,4.8136031770097318,5.3282437318118099,1.2990130472131247,6.9985602350853524,1.3032496431589644,-1.4103532693349456,-1.0931198026054807,0.0355128046779661,2.7136027606652497,9.6286326803244879,1.1286326752287652,680.9007541766721943,4.9426348004062284,4.5165541918971197,681.2201470179589933,1.3198187558341503,2.7682351254822750,242.5522825632095589,5.8947617165876913,-0.8571576814051394,-2.8998901925378808,240.9869500678770180,0.7029546607382755,0.7280995449270281,0.6678069255351419,1.5653327803546007,770.3321876992375792,292.0518038019820892,13.2194053411896295,10.5288064665833492,-2.4205822656105811,2.9389407465966411,37.7337815285809484,-1.7101836313370598,-2.5894514630961227,-0.9720942186527533,2.0823348013565162,-0.7224392874546799,458.6956864117046280,-7.1204033804859632,-0.9233676122052372,420.9619048824869196,-5.4102199372718989,1.6660838784910115,-3.7906352395878571,424.7525400669864553,-0.1378624846820703,-0.2732947344471490,136.6232131922322708,-20.1856065948576919,-6.7452884515529004,98.8894311847411558,-18.4754232226702442,-4.1558370527645518,15.8629971873380669,83.0264338751223931,-3.2641347553094131,-3.0072643591278081,0.8176518082618713,0.1342002315213904,2.1191135942935944,-2.8169598579406738,-17.8477014005184174,11.8438159227371216,8.9526541614905000,1.3788021310988878,-10.3972954377532005,-13.2098516523838043,-1.8089110851287842,-0.0000002443761635,-2.2591800019145012,-0.2723156036809087,0.3528648768551648,0.0324059578269953,13.9741540811955929,-0.1074440636366489,-0.0176815669983625,0.5996668726438656,0.5881062638945878,0.3136730883270502,-0.4326386246830225,-0.0142590770265087,0.0854083391604945,0.0027315538900439,0.0110015425525489,-0.0331253895201371,0.1988598154857755,0.3172928839921951,-0.2897771541029215,-2.2576567828655243,1.5069492384791374,0.0273945427034050,0.0611674619594851,-0.5070749231381342,,,,,,,,,,,,,,,,,,,,,,,,,,,,,,,,,,,,,,,,,,,,,,,,,,,,,,,,,,,,,,,,,,,,,,,,,,,,,,,,,,,,,,,,,,,,,,,,,,,,-2.0000000000000000,,,,,,,,,,,,,,,,,,,,,,,,,,,,,,,,,,,,,-0.2518741455285828,-0.4034234525225426,567.0000000000000000,921.0000000000000000,2357.0000000000000000,-15.0190920661858289,0.5781356538180858,0.6515235822231650,,,,,82.0614253990288205,114.4096897785000806,,0.1031455967414203,,,,,,,,,,,,,
"2019Q4",13.0844724864280995,774.8769020640819463,740.9564119114729692,633.7245956031149490,600.4847373587169841,635.1898650457219446,677.5241961499699528,478.4420138332579313,474.8571545063248323,495.4064149839219908,479.9494543493580068,5.3350670168353442,9.9770908887732670,682.2536418474480797,775.2386182445700342,2.5592983895842969,37.5621482553402330,1.9056270409786153,-0.7645871722854498,460.7430719827296457,135.0471798586612238,-1.5531503284636869,15.3203829290510356,772.4390308797367197,743.8385952631012970,574.3331976515333963,636.2642428459807888,610.5347478447713456,666.9786244174243848,4.8318194147333751,12.1559403495753511,-1.1928750827435248,241.1609632946387762,2.7868685581267680,-0.2705389438802714,11.6918582093638523,2.1239759373885949,2.4378724185161338,13.0844725149315178,11.6918582093638523,-0.7313614546286960,2.1239759373885949,1.1788954164536973,-2.8821825639510625,-1.3228649984404521,1.1127418099368254,740.9564125296891461,-25.3758990339715247,-1.8043157632492894,743.8385952631012970,4.9457668819130527,4.9340227657146780,26.1515424253571069,17.5548812170312907,1.1127417484021218,600.4847400764480199,160.0186892576734010,47.2340801289829813,574.3331976515333963,6.9005020994574213,5.8715004351440339,-2.5396462921534653,633.7245963227785523,10.0214921635295031,2.4186057113243806,636.2642428459807888,11.2372559841326964,10.2168205338147935,24.6551187360165791,17.5874172046378661,-3.7976726456376948,635.1898668483866004,16.1333127925778328,28.7620298471375797,610.5347478447713456,9.6266126005477961,9.2601394582652379,10.5455722157857537,677.5241969039052492,12.9850724773430350,19.3203728457079364,666.9786244174243848,7.4431700844063293,8.5466813594196829,2.4378724185161338,2.0110620329100399,774.8769033067576402,-1.8227460209855462,7.6497173872713846,772.4390308797367197,6.7558114912116487,5.9149922174087139,478.4420138332579313,0.6465167469701329,4.2560897951432430,5.1358697734682757,474.8571549149183966,-4.9003939462210120,1.5157921330930755,2.9082430763071150,-3.5848589174435226,-5.5469109377128731,-2.2276263520822885,-1.2144515478428644,-2.3704074097853738,-0.5044800133548359,-0.5198162399106669,2.7098325035476778,495.4064148556479950,27.6876759107554875,19.0009088795739842,18.3752927719889634,16.9644010222073973,27.0411589482552230,13.2394238650301368,4.8084608634057187,12.1559403495753511,2.4703371988911895,2.5441994120956646,479.9494543363649086,1.1316565848879623,1.2628267777986677,-0.2208550583502138,1.5074405021114778,0.4851394916345725,-5.3567241589844983,2.7003159560571248,-1.1928750827435248,0.0183842818084673,0.0219202164888738,4.8318194147333751,5.3350670962526729,0.4954605980935516,7.0108706304241277,3.8192755436862633,1.1357441799004306,-0.3643491312538666,1.1127417360259726,2.6835312325094280,9.9770908892691867,1.4770908783402905,682.2536417357289338,5.4115500328233779,4.7986383501053878,682.4629997921621225,-0.2705389438802714,2.7868685581267680,244.9586350570840807,9.6254109212623131,-0.6108821032882807,-0.1806392280743117,241.1609632946387762,0.6960524662250653,0.7188530545706394,0.6612498427114678,3.7976726339437721,775.2386184178866415,296.7966047376241363,18.9792034419469609,8.1647149124590062,-2.4533528854170061,2.5592983895842969,37.5621482409835821,-0.6865335116683298,-2.5012768242462444,-0.1531740398132223,1.9056270409786153,-0.7645871722854498,460.7430719827296457,8.1895422306801962,1.9181120997576193,423.1809237120629064,8.8760754067500010,4.4193889365971506,-1.5531503284636869,424.7340740901789218,-0.0738639558401599,-0.1875996040025831,135.0471798586612238,-6.3041301953150199,-10.6008534187151113,97.4850318903524169,-5.6175970419458352,-8.0995764849145928,15.3203829290510356,82.1646489833669591,-3.4471406822740778,-3.1671960764353200,2.3779405504465103,0.1124576721340418,-7.1455701589584351,33.0609896779060364,-1.0864381790161133,8.0272138118743896,0.1523976037278771,0.3837684267148597,-5.6214756369590759,16.9016009271144867,-0.7449782490730286,0.0000011840504862,-1.5678233616054058,0.4613214647397399,0.6859036651439965,0.0629911526048090,9.7878075353801250,-0.0728017792389437,0.0672878507757559,1.0370806443388574,1.0338450680719689,0.7829239871352911,-0.7985468427650630,0.0116749200351478,-0.0558247746666893,-0.0028698345886369,0.0282455407577800,-0.0045430528571160,-0.2033059188397601,0.2855610847473145,-0.1562933446839452,0.7970434501767159,3.7403949312865734,-0.1143918128218502,0.0502122792522641,-0.5094203533371910,,,,,,,,,,,,,,,,,,,,,,,,,,,,,,,,,,,,,,,,,,,,,,,,,,,,,,,,,,,,,,,,,,,,,,,,,,,,,,,,,,,,,,,,,,,,,,,,,,,,-1.0000000000000000,,,,,,,,,,,,,,,,,,,,,,,,,,,,,,,,,,,,,0.0316162358111456,0.3327107799833305,579.0000000000000000,924.0000000000000000,2458.0000000000000000,-14.0358014646053704,0.5822434291696679,0.9651717452807159,156.9869714530805709,34.3387603586248957,,,164.8959289316133550,-52.9506728994999207,,0.1383221906411359,,,,,,,,,,,,,
"2020Q1",15.0979472004601991,772.2123738665039809,739.2935741572789539,631.8969422292329909,604.1638337134450012,624.3390043515870502,677.8725874803950546,482.3738419688459658,477.9737142288852283,502.6491850721980086,485.5004300865080040,5.3879943501381540,10.1983554329551573,683.3738453905164079,779.7048700060420288,0.4132112981291347,37.1503685753853503,1.4830154299061040,-0.8869768291037756,461.7474250129077973,129.8444720723617820,-0.1273613858863882,11.4226485027896700,774.2808230512420096,745.0896661978183602,576.2174548496357147,639.2523111229326105,613.0171217901686305,668.6573417878103101,4.8523566558739990,12.7336302815300435,-1.1898845290995508,241.3334740875210116,2.8205276162871766,1.8304609233478049,11.8901950043946076,2.5872173267243173,-2.0684497876370362,15.0979471798219400,11.8901950043946076,0.6205350924754327,2.5872173267243173,1.3927769173620146,-5.7960930094599235,-4.6066728529772911,0.1071570518656485,739.2935731169770861,-6.6513567877667512,3.8703449056474275,745.0896661978183602,5.0042852187333322,4.9313841369902551,27.9463766569610215,17.3628444595433464,0.1071570606966161,604.1638310415737578,14.7163737661239722,31.9618553774763186,576.2174548496357147,7.5370324822760857,6.4228267908860079,-7.3553695263141039,631.8969415108723524,-7.3106174727436182,3.8087282750508691,639.2523111229326105,11.9522737930435117,10.7910476959967312,11.3218852681072395,7.5780845712223108,-1.2170252164765447,624.3390067750797243,-43.4034328527669828,13.0282689443665696,613.0171217901686305,9.9294979135634893,9.3875724866614636,9.2152449145117146,677.8725871962404881,1.3935595076699840,21.0797418829178369,668.6573417878103101,6.7148677903756040,7.9092870128254233,-2.0684497876370362,-2.2352075768279147,772.2123732637001012,-10.6581193832931191,3.6824880580491128,774.2808230512420096,7.3671705242602368,6.3665275734865396,482.3738419688459658,15.7273119510027932,9.3115901785776227,7.4313804713873157,477.9737144751590563,12.4662386610313476,6.6751426059417964,4.3670967089507222,-4.4001274932396841,-3.2610740712110573,-3.0642834705246389,-1.9118647473018506,-2.4882626743153744,-0.4714210580117608,-0.5068858653006191,-1.4113550822470975,502.6491850288267074,28.9710794284594293,18.3907245888701709,22.3121311469994481,20.2753430605530731,13.2437671795638057,14.8807508693362855,7.5417124307910530,12.7336302815300435,2.3107597615783155,2.4818068943470544,485.5004303534362293,22.2039037035274980,18.3452535236072265,7.8338445804118972,3.1265883834224915,6.4765915007813248,0.4024643418377813,4.3164730418587371,-1.1898845290995508,0.0119621507333329,0.0192915808118021,4.8523566558739990,5.3879942860223036,0.8100183479412655,6.9700269214527912,-1.2871483676906745,-3.8762395296336938,-1.5911983846534414,0.1071570504041955,2.5890913209265149,10.1983554442697848,1.6983554391409443,683.3738453045313008,4.4808141496020388,4.7388039935588129,683.9324812079404410,1.8304609233478049,2.8205276162871766,242.5504992629110461,-9.6325434734107418,-1.3966047780829931,-3.2265343627137293,241.3334740875210116,0.6900426595526497,0.7043554720208020,0.6555405256809130,1.2170251603914348,779.7048695469550239,297.3310278988874416,2.1376965552072180,7.8799474499585340,-2.4583095111463296,0.4132112981291347,37.1503684425530238,-1.6471187198195310,-1.7683118783743674,-0.9216427460019241,1.4830154299061040,-0.8869768291037756,461.7474250129077973,4.0174116853753299,2.1338564035921164,424.5970564648005166,5.6645307770238391,3.9021682530369963,-0.1273613858863882,424.7244178531299781,-0.0386249597290227,-0.1178739414649710,129.8444720723617820,-20.8108308612314765,-14.1416693881184745,92.6941039990932296,-19.1637117870736517,-12.3733575424318953,11.4226485027896700,81.2714553897575485,-3.5727740038584144,-3.3368622978559017,3.3227541744709015,0.0783043187111616,-3.9878122210502625,11.1612920761108398,-5.7045992612838745,-5.0322504043579102,2.4752824679017067,1.3589488229508333,10.3513788431882858,7.0011221170425415,12.7144268304109573,-0.0000002062949370,-0.4499447196722031,0.3689736411906779,0.1875325767323375,0.0172223791305441,-8.4504982437938452,-0.0482648405995860,0.0618558888090774,0.7376048067817464,0.7786001819185913,0.5402652919292450,-0.6000946329440922,0.0158175424221554,-0.1105700086627621,-0.0045837030083931,0.0287928167799691,0.0123459179558267,-1.9925291900290176,-1.4939449727535248,-0.4375387500040233,0.8355918172746897,0.2387690655887127,-0.1988483716268092,0.0278526025613246,-0.4703469518281054,,,,,,,,,,,,,,,,,,,,,,,,,,,,,,,,,,,,,,,,,,,,,,,,,,,,,,,,,,,,,,,,,,,,,,,,,,,,,,,,,,,,,,,,,,,,,,,,,,,,0.0000000000000000,,,,,,,,,,,,,,,,,,,,,,,,,,,,,,,,,,,,,-0.4533846200541202,1.2696807397968433,461.0000000000000000,906.0000000000000000,2410.0000000000000000,-18.4647302904564299,0.6249342834671127,0.8187776627800830,,,1.2418411420081794,9.3513977274697684,193.7704406023041770,-2.5347459259999567,,0.0892578049739771,,,,,,,,,,,,,
"2020Q2",16.5373765504092987,761.6236671154080113,723.4124851062730386,633.4823442007609628,596.8380666866900128,593.2074195075609850,649.6992798606370343,487.9867147163894856,484.3619143415181725,504.3881095643590129,491.2653216887629810,5.2162565732449853,9.4243919361377380,683.9395341435947557,783.5816039216009585,-1.2457597045795077,36.9538583298852501,0.7046779691324399,-0.8740491591831354,456.8699831931310200,110.7628466558894900,-4.7992858115529771,-6.5617849766466634,776.2179964030851806,746.3552188135071219,578.1855020504762024,642.3496710686765709,615.5284826339925530,670.2161487743820771,4.8467164783069938,13.3003206970186874,-1.1878120534127679,241.5009725844464299,2.8379689780099748,8.9083304905442446,12.0029311983202174,0.1561466243357950,-14.5943293698654415,16.5373765932625787,12.0029311983202174,4.3782987511968798,0.1561466243357950,0.1344413848523297,-22.9427338675089807,-20.3953297057088534,1.7078252255772206,723.4124849655214575,-63.5243541647136993,-19.5009689962064208,746.3552188135071219,5.0622098764707468,4.9726779956289970,18.6525651514480124,6.6882554238231036,1.7078252009107606,596.8380672130388120,-29.3030565925006634,42.3394830456085103,578.1855020504762024,7.8721902810776925,7.0562399077465878,-8.8673262687282719,633.4823446646338425,6.3416115944805291,-21.4267400491494016,642.3496710686765709,12.3894409517592816,11.4590399887806988,-22.3210638050529120,-15.4459244810289142,4.9694945886794981,593.2074187922660258,-124.5263486362454586,-27.3631634103427288,615.5284826339925530,10.0454440609811613,9.6634774780566914,-20.5168688584392953,649.6992800035469600,-112.6932305066197557,-19.8627122441921635,670.2161487743820771,6.2352284262946300,7.2029916473120732,-14.5943293698654415,-17.2287351705847165,761.6236670445348409,-42.3548282374324288,-13.0912680242929085,776.2179964030851806,7.7486931612205616,6.9398625720958620,487.9867147163894856,22.4514911581886629,5.0896175424064909,9.3656519597865238,484.3619143679512149,25.5527995604026863,3.9049626088924407,7.6140836285500750,-3.6248003488745342,3.1013085660954971,-1.7515685234070213,-1.0210008215523665,-2.6037995432326353,-0.4621473537265153,-0.4916735259345094,-12.6693620931342732,504.3881096103039567,6.9556980909050461,4.8418043521319065,16.7810512726452323,16.4013948933330269,-15.4957930903119045,7.4153996337686374,3.1010743449232958,13.3003206970186874,2.2667616793571002,2.4086688204282272,491.2653216468236792,23.0595662138086261,19.2438861137633239,12.1397830594564056,3.2786069283764436,0.6080749897475144,2.7741311508282291,4.4664190170518472,-1.1878120534127679,0.0082884709531136,0.0155629252248677,4.8467164783069938,5.2162563816533369,-5.7567284154183707,6.9849850369943498,1.3112942955606206,-1.2891216624467363,0.7834333012997312,1.7078252216997556,2.6004159230332928,9.4243919319859728,0.9243919346698557,683.9395341758145150,2.2627544885552231,4.2744383335215312,685.2458633682778100,8.9083304905442446,2.8379689780099748,236.5314781304347775,-24.0760861423521533,-4.5471146996085086,6.4454433086555518,241.5009725844464299,0.6699959060411139,0.6897611971024694,0.6364961094510784,-4.9694946051043072,783.5816038415333651,295.5948891355590717,-6.9445545485479157,6.8479379367509239,-2.4963015617221695,-1.2457597045795077,36.9538583246996879,-0.7860409820004008,-1.2074691228570877,-0.2327802339699223,0.7046779691324399,-0.8740491591831354,456.8699831931310200,-19.5097671448396106,-3.6058041208646281,419.9161248944770364,-18.7237261255393150,-2.3983349904691988,-4.7992858115529771,424.7154106824273754,-0.0360285278151484,-0.0715949925566966,110.7628466558894900,-76.3265041606983914,-30.9067682613686401,73.8089880027615521,-75.5404632900127666,-29.6992991514079421,-6.5617849766466634,80.3707729310818735,-3.6027289392525583,-3.4716949375265469,1.0428791567683220,-0.0029438601923175,-14.6934128254652023,4.9961688220500946,-4.0863364636898041,-28.5604599714279175,-14.7992246081121266,0.4221739731244993,21.3401752263307571,-7.9618419408798218,3.4049031995236874,-0.0000009728572748,4.1175314132124186,-0.6041279449127614,-1.2746604664716870,-0.1170606549130753,3.7819249862805009,-0.0817959281012008,0.0641881411429495,0.4680585699388757,0.5078996901283972,0.3684703717008233,-0.3878467914182693,-0.0083061611330777,-0.0109483862470370,-0.0024774645717116,0.0144553764257580,-0.0005058779770479,-1.6341783293755725,0.1356016024947166,-0.8777869201730937,-4.7203217279165983,-14.9003183320164680,-0.0757700178073719,-0.0012660501424762,-0.3872317002678756,,,,,,,,,,,,,,,,,,,,,,,,,,,,,,,,,,,,,,,,,,,,,,,,,,,,,,,,,,,,,,,,,,,,,,,,,,,,,,,,,,,,,,,,,,,,,,,,,,,,1.0000000000000000,,,,,,,,,,,,,,,,,,,,,,,,,,,,,,,,,,,,,0.3483398705537652,1.9000200871690287,333.0000000000000000,684.0000000000000000,2177.0000000000000000,-16.1231051906293068,0.7288645694291770,0.8952189434542948,,,,,284.7693789596750662,-34.2303869010000028,,0.1436934856268108,,,,,,,,,,,,,
"2020Q3",17.9944040828031007,771.7046923858149512,740.6109263717960403,639.2545867625819938,533.0273616355140121,636.8248877587540164,674.0542393569320438,486.8172646954165543,483.2347639970019486,505.2316124838089877,484.9151949788879961,5.1386790016697930,10.1048133027057272,685.6603131825829678,789.3052727040859509,-2.4261458638384803,38.1082942260461834,0.3101518648046056,-1.0000000000001290,459.2621952022875007,101.9963291642782508,-3.5449113870118367,-15.6056277880081922,778.1452844269888374,747.6281502095170026,580.1158732493958041,645.4305258507343979,617.9774229685117461,671.7573509435718506,4.8600566073325151,13.8413011843986613,-1.1872106294983695,241.6700760482109160,2.8517784181582191,5.6073788930440811,12.1206147015738814,3.9416129695885571,-6.4405891212602722,17.9944043173520782,12.1206147015738814,1.9321766705110046,3.9416129695885571,2.0296481826725508,-7.0172207660239794,-5.8809685317182865,3.1352882228101508,740.6109294303340675,68.7937791069931848,-6.6894576682310358,747.6281502095170026,5.0917254508757690,5.0259969074930408,-47.0885116824680168,-31.8973013677045927,3.1352882065643115,533.0273615031453573,-255.2428197326212285,-27.4527060953274713,580.1158732493958041,7.7214858850394554,7.5078028708270548,-6.1759391427315906,639.2545864887866855,23.0889681082489133,8.0353629949450180,645.4305258507343979,12.3234192466130033,11.9755968995797986,18.8474652616471374,11.2385453827108108,1.1362322860706764,636.8248883495072050,174.4698747412068087,5.6683486204044407,617.9774229685117461,9.7957601806513246,9.8493282785322673,2.2968876369195907,674.0542387072413248,97.4198356816963553,-0.2236900884169231,671.7573509435718506,6.1648089464255200,6.6395187351275098,-6.4405891212602722,-3.5597545678925631,771.7046952913608493,40.3241122583295777,-3.6278947377821087,778.1452844269888374,7.7091519767874717,7.3952066750889589,486.8172646954165543,-4.6778004986638742,-2.1991632715646374,8.5368801103298448,483.2347641322147069,-4.5086012699260829,-1.7044687982091145,7.1525105986209088,-3.5825005612478451,0.1691991814369510,-1.3843693865638675,-0.8685231122024917,-2.7139774344255612,-0.4407115684056808,-0.4696899664154434,-5.3797172777892648,505.2316120288177217,3.3740092452469685,2.8218506211119214,16.7471158396096520,18.4143473326328966,8.0518094840530505,8.2102359924973172,4.5730460302597340,13.8413011843986613,2.1639222281760633,2.3029449281772285,484.9151944521214546,-25.4005089300128049,-19.5815824132137877,5.2486542208353857,-1.9020702435538976,-20.7227084042847451,-3.2882257019464234,-0.7148594127995889,-1.1872106294983695,0.0024050783837270,0.0102602456542672,4.8600566073325151,5.1386782571977179,-4.9770612078947991,6.9137166358434614,6.8431471137564692,4.3487755056344852,1.5304749898138130,3.1352882025077964,2.4943715929414969,10.1048133126209780,1.6048132932007717,685.6603134018565697,6.8831166537166206,4.7595589600081283,685.7554915827470268,5.6073788930440811,2.8517784181582191,240.5338436901279522,16.0094625129895718,-2.0184386472605880,10.3067787579005739,241.6700760482109160,0.6764138627068762,0.6831261604835789,0.6425931707721440,-1.1362322780489533,789.3052718654253113,302.4880071630961424,27.5724712325001988,10.4362041928786553,-2.5269764284598013,-2.4261458638384803,38.1082944171342390,4.6177435846437334,0.3745127825942414,4.0902480909487906,0.3101518648046056,-1.0000000000001290,459.2621952022875007,9.5688484729984573,0.5665089159102059,421.1539008820570871,4.9511039968693416,0.1919960166015349,-3.5449113870118367,424.6988122817980411,-0.0663935997640869,-0.0537277646394678,101.9963291642782508,-35.0660680300424090,-34.6268832822581629,63.8880349086115231,-39.6838124734931768,-35.0013961586857505,-15.6056277880081922,79.4936627421378716,-3.5084415089244501,-3.5327709875106246,4.5592068582773209,0.0102883424842730,9.1264377832412720,-57.5758679807186127,-0.4121772646903992,34.6828527450561523,17.4056981783360243,3.4207585931172941,-11.8946788269095123,-0.9712357446551323,-26.9172832760959864,0.0000005588088633,1.9281042804941535,0.7728605680167675,0.3589716189890169,0.0329667807818623,19.8445879500359297,-0.0782779478868179,0.0386752820340917,-0.0010457464668434,0.0090825628722087,0.0086374785751104,-0.0026088992599398,0.0101101372565608,-0.0741895485552959,-0.0050545467420307,0.0399177537983633,-0.0023936654688441,-1.2551317428005859,4.8505247496068478,-0.6496430558909196,-0.5693542168010026,-10.8155248761177063,-0.2133557513589039,-0.0339679457465536,-0.2659861684078351,,,,,,,,,,,,,,,,,,,,,,,,,,,,,,,,,,,,,,,,,,,,,,,,,,,,,,,,,,,,,,,,,,,,,,,,,,,,,,,,,,,,,,,,,,,,,,,,,,,,2.0000000000000000,,,,,,,,,,,,,,,,,,,,,,,,,,,,,,,,,,,,,1.1500643611616799,2.5303594345412002,615.0000000000000000,1010.0000000000000000,2596.0000000000000000,-15.2157164869029273,0.6442043879821919,1.0471220848228042,,,,,57.1355574574419336,165.4223305819999155,,0.1317387408015012,,,,,,,,,,,,,
"2020Q4",11.1993486400636009,773.8710188063630540,741.6893687691959940,644.9595546872290015,590.3013959726230269,600.8412941967079632,660.8148044280919748,483.0067884533070810,478.7707869364822955,503.0403031418219939,484.8166264858700174,5.1123591736483185,10.1025085420102130,687.5288358764933037,792.8283061193010326,-3.1356998251292567,39.8130887713931827,0.2509847695556216,-1.1999999999974893,467.8999795402646100,93.9165184542087985,3.4235076805014160,-24.5636515931066413,780.2271842706213647,748.9317426488850060,582.2009254645248575,648.6607532170845616,620.5296057872465099,673.1426925465344766,4.8951354657825590,14.3335614713489345,-1.1878882934969213,241.8419462208763662,2.8827601759882926,-0.2416491710258243,12.1977988834194253,-2.9053001423073970,-6.3561664017127377,11.1993486592604441,12.1977988834194253,1.9068498852720368,-2.9053001423073970,-1.4140580028699699,-7.2423743308035595,-7.1983948519990175,5.9906168242208127,741.6893683141920519,4.3137561776399371,0.7329560148100942,748.9317426488850060,5.2143701611391213,5.0931476657199699,8.1004701746257766,2.7887760930168959,5.9906168295781566,590.3013956554150354,229.0961342159490073,-10.1833433508494622,582.2009254645248575,8.3402119886880133,7.8677299204487010,-3.7011986913501804,644.9595545397728529,22.8198709056920563,11.2349586099511889,648.6607532170845616,12.9209097836254152,12.3965103694016925,-19.6883121948034834,-13.2243023946521454,-6.7291918141670122,600.8412935448624239,-143.9343751594203695,-34.3485715878326090,620.5296057872465099,10.2087288382984660,9.9948581041103743,-12.3278885316066269,660.8148040914913963,-52.9577407637183910,-16.7093926722275512,673.1426925465344766,5.5413656430121625,6.1640676101351861,-6.3561664017127377,-7.3303989274162920,773.8710178688618271,8.6652910388573154,-1.0058851715106498,780.2271842706213647,8.3276005968909939,7.7881539412180878,483.0067884533070810,-15.2419061643179283,-7.6523153154661756,4.5647760023611159,478.7707869125841853,-17.8559100258593020,-9.1821916442661209,3.9136319305673055,-4.2360015411984655,-2.6140038347073027,-0.6511426441981099,-1.4218780578814636,-2.8141235167391208,-0.4005847321453991,-0.4437161283293879,-3.7390947898604132,503.0403031099704663,-8.7652372020499634,-3.7520252379942862,7.6338876265028910,20.0335146560513131,6.4766690989576645,3.0691134297109675,5.6999533008066159,14.3335614713489345,1.9690422810725592,2.1776212544576499,484.8166263116964387,-0.3942744066394392,0.7814105060685375,4.8671717795324154,1.8098378585196611,14.8476317693489577,0.3023975671619681,2.9977260748952546,-1.1878882934969213,-0.0027085696770126,0.0049867279939914,4.8951354657825590,5.1123591364841037,-7.1886866584876223,6.8304148412927681,14.2945507809933261,11.9586866335587612,4.3881082680526085,5.9906168166804896,2.3358641124769863,10.1025085450917640,1.6025085526546401,687.5288360162605841,7.4740908784141098,5.2751939922506068,687.3436206921445546,-0.2416491710258243,2.8827601759882926,248.5711379916029671,32.1491794322462994,3.6125026309162993,15.6115169342428324,241.8419462208763662,0.6874778290220476,0.6809826198666692,0.6531039366676084,6.7291918190493929,792.8283061277671777,309.8215176972120162,29.3340400814729350,13.0249139785366346,-2.4971327300774795,-3.1356998251292567,39.8130888890623851,6.8191781813879970,2.2509407612814458,5.8513953057327353,0.2509847695556216,-1.1999999999974893,467.8999795402646100,34.5511375088835280,7.1569076715152775,428.0868907078146322,27.7319590054502498,4.9059669336581013,3.4235076805014160,424.6633830259094111,-0.1417173035330302,-0.0706910848625564,93.9165184542087985,-32.3192427940692184,-41.1306615127130044,54.1034296521640385,-39.1384211969430140,-43.3816022775517567,-24.5636515931066413,78.6670812394307291,-3.3063259874235356,-3.4975677719072267,-2.5351802669465542,-0.0222310273093171,0.5317593365907669,41.6381305791437626,0.3131615445017815,-31.0442332029342651,-8.9812222167383879,-1.0891152515935767,-10.7010556273162365,-10.3073495402932167,12.3639139272272587,0.0000000934699414,2.5140254877042025,0.1581765920855105,1.3044019549270160,0.1197920163722301,6.9422903996892273,-0.0208268712085555,0.1332801835378632,0.7608495832682820,0.6719345419842284,0.6588057484477758,-0.5591536675347015,0.0331828896596562,-0.1765140132192755,-0.0048731362242052,0.0448846597337251,0.0161595978934201,-0.8551227158750407,2.7289304472506046,-0.3931892681866884,5.6213527477812022,-13.1715432368218899,-0.3000000007741619,-0.0819630586238418,-0.1487283747264883,,,,,,,,,,,,,,,,,,,,,,,,,,,,,,,,,,,,,,,,,,,,,,,,,,,,,,,,,,,,,,,,,,,,,,,,,,,,,,,,,,,,,,,,,,,,,,,,,,,,3.0000000000000000,,,,,,,,,,,,,,,,,,,,,,,,,,,,,,,,,,,,,1.9517888517695778,3.1606987819134078,446.0000000000000000,842.0000000000000000,2563.0000000000000000,-15.4506437768240339,0.6875542343531382,0.9317435440499413,195.3874174952236729,38.1978850452204384,,,36.2582382319446737,89.9384679160000076,,0.1377360791170080,,,,,,,,,,,,,
"2021Q1",14.2324301352080784,775.0249711155755676,743.0875177491928980,649.4650967801966317,587.0862588730609559,609.9918099212526386,671.0023295866851640,481.3672156506517013,476.6677683034547499,502.7942040441533891,485.2374196479644866,3.1768978829653918,9.9422576973891754,687.4811245042823202,796.7224953310889077,-2.6279074291256199,42.0718657132707321,0.2170686105322570,-1.3749999999999998,474.8166043429334309,98.1956768106672229,8.1490712672015775,-21.7844222302310584,782.2844734767434147,750.2311432673675426,584.2427135170491965,651.8708759295742539,623.0151665915543617,674.5197545919611457,4.8935235608986254,14.8261025528307062,-1.1884977216742507,242.0052222052691206,2.8944841583894649,-5.0256157381021893,12.2951573417954307,-0.2405779149377619,-7.2595023611684413,14.2324301352080784,12.2951573417954307,2.1778507083504679,-0.2405779149377619,-0.0716097282808790,-7.1436255181741535,-6.5359751696602491,2.2242663065988850,743.0875177491928980,5.5925977400048525,3.7939446322151738,750.2311432673675426,5.1976024739293214,5.1414770695486887,2.8435453560113411,-0.0380720576262340,2.2242663065989667,587.0862588730609559,-12.8605471294188849,-17.0775721685132744,584.2427135170491965,8.1671522101007703,8.0252586674137909,-2.4057791493776168,649.4650967801966317,18.0221689616944545,17.5681552693242153,651.8708759295742539,12.8404908499585950,12.6185648066413911,-13.0233566703017161,-8.1968438883324772,-10.8799997088290770,609.9918099212526386,36.6020655055609367,-14.3471968538276968,623.0151665915543617,9.9422432172307040,9.9980448013856034,-3.5174250052754932,671.0023295866851640,40.7501019807765630,-6.8702576095549581,674.5197545919611457,5.5082481817087148,5.8624128041503347,-7.2595023611684413,-6.0422323871630770,775.0249711155755676,4.6158129868551905,2.8125978518750339,782.2844734767434147,8.2291568244888502,8.0036504255000658,481.3672156506517013,-6.5582912106242937,-1.6399423156992197,-1.0066263181953499,476.6677683034547499,-8.4120744365203013,-3.0762390060047635,-1.3059461717040881,-4.6994473471970739,-1.8537832239938248,-0.2993198539573680,-1.7851141516421882,-2.9143331955547662,-0.4008387152611681,-0.4260705212394351,-3.6316019471680172,502.7942040441533891,-0.9843962632696011,3.0850697697399201,0.1450190153252987,21.4269883935012722,5.5738949497988077,1.1516453329480321,6.6008858406706237,14.8261025528307062,1.9701643259270996,2.0924722713006698,485.2374196479644866,1.6831733450674586,3.7974044314419215,-0.2630107054730353,3.8702039973126805,8.2414645551700971,0.7436156138899056,5.0587017189862342,-1.1884977216742507,-0.0024377127093110,0.0013868074253012,4.8935235608986254,3.1768978829653918,-3.5228598693737210,6.6326177447195347,6.2531368889705785,4.1132039898885582,0.7820086092113054,2.2242663065989308,2.1399328990818614,9.9422576973891754,1.4422576973891754,687.4811245042823202,-0.1908460479149807,4.1072791997515479,688.7061532053406836,-5.0256157381021893,2.8944841583894649,252.8852219140980537,17.2563356899812419,10.3347226511870165,11.0905930427642616,242.0052222052691206,0.6531039375709473,0.6717481177479594,0.6204487406923974,10.8799997088287945,796.7224953310889077,315.3552796804374907,22.1350479328979546,18.0242517815504684,-2.4494465302449262,-2.6279074291256199,42.0718657132707321,9.0351072968330737,4.9214972707175848,9.6013726359280867,0.2170686105322570,-1.3749999999999998,474.8166043429334309,27.6664992106760685,13.0691793300259747,432.7447386296631180,18.6313916873946077,8.1476821648628999,8.1490712672015775,424.5956673624614837,-0.2708626537934542,-0.1287504906684720,98.1956768106672229,17.1166334258347206,-31.6487952616945059,56.1238110973963700,8.0815257809294891,-36.5702929016968241,-21.7844222302310584,77.9082333276273005,-3.0353916472137525,-3.3632220621302564,0.0000000000000000,0.0000000000000000,0.0000000000000000,0.0000000000000000,0.0000000000000000,0.0000000000000000,0.0000000000000000,0.0000000000000000,0.0000000000000000,0.0000000000000000,0.0000000000000000,0.0000000000000000,0.0000000000000000,0.0000000000000000,0.0000000000000000,0.0000000000000000,0.0000000000000000,0.0000000000000000,0.0000000000000000,0.0000000000000000,0.0000000000000000,0.0000000000000000,0.0000000000000000,0.0000000000000000,0.0000000000000000,0.0000000000000000,0.0000000000000000,0.0000000000000000,0.3196504064958829,3.1837122057990901,-0.3797717510358339,6.0264965052906856,-3.8529565672632118,-0.2950000000022596,-0.1433170806137251,-0.0596982585325752,,,,,,,,,,,,,,,,,,,,,,,,,,,,,,,,,,,,,,,,,,,,,,,,,,,,,,,,,,,,,,,,,,,,,,,,,,,,,,,,,,,,,,,,,,,,,,,,,,,,4.0000000000000000,,,,,,,,,,,,,,,,,,,,,,,,,,,,,,,,,,,,,5.3302406842007599,6.3950844499859034,495.0568489681652409,946.8738415007665026,2548.5475763523240857,,,,,,,,,,,,249.0486306335270967,,,,41.7414601418467157,46.9543403828474837,-2.2619313535046457,-12.0279467589222442,5.1393946362857790,6.2042384020709225,-6.8777443403598362,2884.8406784530243385,967.5927104260649685
"2021Q2",14.0454066198181806,778.2759649318048787,744.9905863904776879,653.4973385088858322,586.2053278145336890,617.2405931725263599,672.6267260630571627,480.9572300717275084,475.8987085519538596,503.5654714865891037,486.1867707558259326,2.8419421289643600,9.7980319276502588,687.0843698544904328,801.2028612041593760,-2.1628312621419514,44.4722088722528142,0.2536578786270422,-1.4349999999999996,476.1106869370169647,115.2708011807490891,7.1541283216174625,-6.4203790195526267,784.3181973189670089,751.5265615601377931,586.2433998721589887,655.0610949559813889,625.4374370608585423,675.8889512403281969,4.8920728465030834,15.3188960944047476,-1.1890462070338426,242.1603343904422445,2.9050357425505196,-7.7282928170411767,12.3891125483789768,-0.1563756447095454,-6.0422323871629064,14.0454066198181806,12.3891125483789768,1.8126697161488039,-0.1563756447095454,-0.0312102190630013,-6.5359751696593467,-5.7033286241201182,0.6434375716479765,744.9905863904776879,7.6122745651414929,21.5781014249556975,751.5265615601377931,5.1816731710800115,5.1713427466301773,-0.0380720576259053,-1.4785675514326078,0.6434375716480691,586.2053278145336890,-3.5237242341121680,-10.6327393985056933,586.2433998721589887,8.0027454204428903,8.0578978216830937,-1.5637564470954508,653.4973385088858322,16.1289669147566670,20.0149938442520394,655.0610949559813889,12.7608761056284425,12.7114238873045657,-8.1968438883319479,-4.7865082344614187,-13.4975357843470896,617.2405931725263599,28.9951330050961431,24.0331743802598972,625.4374370608585423,9.6890818772163314,9.9089544268658614,-3.2622251772706123,672.6267260630571627,6.4975859054894682,22.9274460595104550,675.8889512403281969,5.4767865934704396,5.6728024659456162,-6.0422323871629064,-4.8926765990151724,778.2759649318048787,13.0039752649170754,16.6522978872693841,784.3181973189670089,8.1348953688953074,8.1002009158804800,480.9572300717275084,-1.6399423156989261,0.9797849446038064,-7.0294846446628636,475.8987085519538596,-3.0762390060052662,-0.1247541124233950,-8.4632058159971191,-5.0585215197736861,-1.4362966903057903,-1.4337211708991264,-2.0439218160273351,-3.0145997037462160,-0.4010660327643540,-0.4108001605136210,-2.1342787528599851,503.5654714865891037,3.0850697697402278,4.8336957298775767,-0.8226381237166800,22.6082414148607249,4.7250120854367914,6.2068465215275346,7.2893453204560448,15.3188960944047476,1.9711741662961866,2.0185753973860630,486.1867707558259326,3.7974044314418114,4.6473097470017244,-5.0785508909989412,5.2295406840984198,5.4373467471407420,1.9509337557216342,6.4185868911315120,-1.1890462070338426,-0.0021939414383797,-0.0012341536210754,4.8920728465030834,2.8419421289643600,-2.0447325828013607,6.5504688599472418,2.9666962413881759,0.9072341951797320,-0.6545943560006590,0.6434375716480263,2.0594620462082984,9.7980319276502588,1.2980319276502572,687.0843698544904328,-1.5870185991688990,3.1448356786765426,688.5405005359059487,-7.7282928170411767,2.9050357425505196,255.6578701747891103,11.0905930427649153,19.1263920443543896,3.1190023636657629,242.1603343904422445,0.6204487406924013,0.6593618059956651,0.5894263036577794,13.4975357843468604,801.2028612041593760,320.2456311324320950,19.5614058079749853,24.6507419968734460,-2.4065289503956282,-2.1628312621419514,44.4722088722528142,9.6013726359280707,7.5183505475530126,5.2692516180661713,0.2536578786270422,-1.4349999999999996,476.1106869370169647,5.1763303763348496,19.2407037438862893,431.6384780647646267,-4.4250422595936172,11.7223531702878230,7.1541283216174625,424.4843497431470496,-0.4452704772595739,-0.2310609392803044,115.2708011807490891,68.3004974803285023,4.5079545248596311,70.7985923084961399,58.6991248443991935,-3.0103956942653731,-6.4203790195526267,77.2189713280486103,-2.7570479983146354,-3.1518016030332525,0.0000000000000000,0.0000000000000000,0.0000000000000000,0.0000000000000000,0.0000000000000000,0.0000000000000000,0.0000000000000000,0.0000000000000000,0.0000000000000000,0.0000000000000000,0.0000000000000000,0.0000000000000000,0.0000000000000000,0.0000000000000000,0.0000000000000000,0.0000000000000000,0.0000000000000000,0.0000000000000000,0.0000000000000000,0.0000000000000000,0.0000000000000000,0.0000000000000000,0.0000000000000000,0.0000000000000000,0.0000000000000000,0.0000000000000000,0.0000000000000000,0.0000000000000000,0.3074017212361336,1.9772342525380200,-0.3160495557223575,2.1017041359524780,9.4822492085160288,-0.1974999999999997,-0.2014940888454640,-0.0251955158222576,,,,,,,,,,,,,,,,,,,,,,,,,,,,,,,,,,,,,,,,,,,,,,,,,,,,,,,,,,,,,,,,,,,,,,,,,,,,,,,,,,,,,,,,,,,,,,,,,,,,5.0000000000000000,,,,,,,,,,,,,,,,,,,,,,,,,,,,,,,,,,,,,4.4144396054169341,5.2651060648144812,536.0508293240216062,971.2705391879145509,2620.3180447369422836,,,,,,,,,,,,,,,,31.8225540113441774,10.1756733711350513,11.1088330113988860,-3.9190979362751439,2.8274210062480352,3.6780874656455822,-1.8951422535181901,3017.0312951489099760,963.7613469387206351
"2021Q3",13.8456750294339983,781.4366743525608854,747.1148680193615519,657.2151676425547748,586.7264720632931585,623.0130734774485290,674.4304419684536924,481.2021763078789718,475.8675200238484990,504.7738954190588743,487.3485981925775832,3.1709822330707769,9.6682287348852327,686.5156190127846685,805.8716839447857865,-1.7431053739609190,45.7895217767694049,0.2902337638729675,-1.4549999999999996,474.6419711413314531,123.5791212759690012,4.5292417599811765,1.2020673922221636,786.3293509515752930,752.8181966434813148,588.2050396147250240,658.2316093331668299,627.7995817119093545,677.2506757614886510,4.8907672035470950,15.8119168500618361,-1.1895398438574745,242.3076909663567164,2.9145321682954690,-8.5742056156444235,12.4795162187908293,-0.1016441690612046,-4.8926765990149823,13.8456750294339983,12.4795162187908293,1.4678029797044283,-0.1016441690612046,-0.0056202493246771,-5.7033286241192060,-4.8031225677647207,-0.1566834052717696,747.1148680193615519,8.4971265155369196,6.5039385890268377,752.8181966434813148,5.1665403333731676,5.1900464339638184,-1.4785675514322660,-2.0590939633846488,-0.1566834052716866,586.7264720632931585,2.0845769950353175,53.6991105601475027,588.2050396147250240,7.8465589702679042,8.0891663653295289,-1.0164416906120430,657.2151676425547748,14.8713165346751062,17.9605811537680253,658.2316093331668299,12.6820575087415914,12.8010834824321797,-4.7865082344608672,-2.4117643923533483,-14.1299297993490462,623.0130734774485290,23.0899212196887014,-13.8118148720591467,627.7995817119093545,9.4485786042026767,9.8221587433974804,-2.8202337930344035,674.4304419684536924,7.2148636215879920,0.3762032612127931,677.2506757614886510,5.4468980846440784,5.4933248179162968,-4.8926765990149823,-3.8618381226221392,781.4366743525608854,12.6428376830239877,9.7319790611997394,786.3293509515752930,8.0446145304336021,8.1840665245851039,481.2021763078789718,0.9797849446040513,2.5507923739427794,-5.6150883875382123,475.8675200238484990,-0.1247541124238816,1.7488658436124196,-7.3672441083659006,-5.3346562840307907,-1.1045390570277558,-1.7521557227829241,-2.2197390337272651,-3.1149172503033915,-0.4012701862272334,-0.4009398158778673,-1.0881553193412488,504.7738954190588743,4.8336957298777099,5.5209339388541743,-0.4577166097603516,23.5717191111792630,3.8539107852731869,5.1573717785462252,7.7598022611174970,15.8119168500618361,1.9720830226283657,1.9706156656631737,487.3485981925775832,4.6473097470016178,4.8120521115343884,2.4334037404548945,6.1464218846982570,3.6675248023973226,8.0484921282518567,7.3359617285550316,-1.1895398438574745,-0.0019745472945416,-0.0023292143591076,4.8907672035470950,3.1709822330707769,-1.1252470748079277,6.5089841740904326,1.4221163894587463,-0.5973707673117555,-1.3249121401553898,-0.1566834052717242,2.0194871567703605,9.6682287348852327,1.1682287348852312,686.5156190127846685,-2.2750033668241794,0.8553056109286860,688.0819736502161277,-8.5742056156444235,2.9145321682954690,256.4376207657055602,3.1190023636664210,15.9037770755775227,-0.5808849105408984,242.3076909663567164,0.5894263036577818,0.6376149181456504,0.5599549884748919,14.1299297993488207,805.8716839447857865,324.6695076369071558,17.6955060178961503,22.1815004738114609,-2.3679031285312599,-1.7431053739609190,45.7895217767694049,5.2692516180661642,7.6812273596350593,3.7301863825707104,0.2902337638729675,-1.4549999999999996,474.6419711413314531,-5.8748631827411746,15.3797759390443343,428.8524493645625171,-11.1441148008080031,7.6985484825056805,4.5292417599811765,424.3232076045812278,-0.6445685542650583,-0.3756046772167759,123.5791212759690012,33.2332803808807355,21.5827921116907788,77.7895994991993689,27.9640287628133528,13.9015645905879719,1.2020673922221636,76.5875321069771360,-2.5257568842858364,-2.9061306351607317,0.0000000000000000,0.0000000000000000,0.0000000000000000,0.0000000000000000,0.0000000000000000,0.0000000000000000,0.0000000000000000,0.0000000000000000,0.0000000000000000,0.0000000000000000,0.0000000000000000,0.0000000000000000,0.0000000000000000,0.0000000000000000,0.0000000000000000,0.0000000000000000,0.0000000000000000,0.0000000000000000,0.0000000000000000,0.0000000000000000,0.0000000000000000,0.0000000000000000,0.0000000000000000,0.0000000000000000,0.0000000000000000,0.0000000000000000,0.0000000000000000,0.0000000000000000,0.2899560124525172,-2.8078990365998915,-0.3087450849522604,0.0936822005783472,5.8889440764955658,-0.1634999999999995,-0.2438251247314407,-0.0444136858026654,,,,,,,,,,,,,,,,,,,,,,,,,,,,,,,,,,,,,,,,,,,,,,,,,,,,,,,,,,,,,,,,,,,,,,,,,,,,,,,,,,,,,,,,,,,,,,,,,,,,6.0000000000000000,,,,,,,,,,,,,,,,,,,,,,,,,,,,,,,,,,,,,3.4986385266330737,4.1351276796430181,569.6447257533606034,993.5580782018706714,2709.8001620481813916,,,,,,,,,,,,,,,,24.3135563794975944,9.0749879344068312,13.4316758817250559,0.6024966439405710,1.2236351598088944,1.8601243128188387,0.7888381987010680,3161.2311636331851332,958.2955044126269968
"2021Q4",13.6587285842499782,784.4570434796544305,749.3031151101047271,660.7219290087248282,588.0704911119905773,627.6928424432667271,676.2889924743323036,481.8398744013655914,476.3047364847520271,506.1541289037728575,488.5516112204623482,3.7187261968829026,9.5514058613967094,685.8750676504097328,810.5844625139155823,-1.3700120448263640,46.7220683724121386,0.3267962760562447,-1.4849999999999999,472.6352176306084516,130.3060621907698078,1.8026594894079726,7.5858539433713892,788.3188816022760648,754.1062376778694443,590.1295850753745071,661.3826161076227663,630.1046068356193928,678.6053017618028207,4.8895921248867058,16.3051420983936630,-1.1899841169987466,242.4476797134755088,2.9230789514659237,-8.5437102900741593,12.5662458573532891,-0.0660687098897831,-3.8618381226219460,13.6587285842499782,12.5662458573532891,1.1585514367865191,-0.0660687098897831,0.0103304643363372,-4.8031225677638112,-3.9232602084218904,-0.5742724253305722,749.3031151101047271,8.7529883629756089,7.6137467959120428,754.1062376778694443,5.1521641375516660,5.1744950289839453,-2.0590939633843077,-2.1436428161371883,-0.5742724253304841,588.0704911119905773,5.3760761947871769,-2.2309045434248929,590.1295850753745071,7.6981818426016675,7.9286596108499605,-0.6606870988978283,660.7219290087248282,14.0270454646800395,15.7623744689520233,661.3826161076227663,12.6040270978236091,12.7218628905379525,-2.4117643923528109,-0.7933010574363517,-13.8447198245948737,627.6928424432667271,18.7190758632727139,26.8515488984037738,630.1046068356193928,9.2201004948397038,9.5750010483727550,-2.3163092874704860,676.2889924743323036,7.4342020235147599,15.4741883828412981,678.6053017618028207,5.4185040012590351,5.4626092152677268,-3.8618381226219460,-2.9674856134262693,784.4570434796544305,12.0814765083752231,10.5860256107919888,788.3188816022760648,7.9581226028036260,8.0916973316533465,481.8398744013655914,2.5507923739439282,3.5920197632422934,-1.1669140519422931,476.3047364847520271,1.7488658436119331,3.0437229872773877,-2.4660504278320206,-5.5351379166136088,-0.8019265303305848,-1.2991363754151253,-2.3198571852237579,-3.2152807313897216,-0.4014539243438373,-0.4011572146506383,-0.3205265331777052,506.1541289037728575,5.5209339388544141,5.9786458468914576,3.1138257938009688,24.3142545024067402,2.9701415649089178,4.2807398463552628,8.0091124040131341,16.3051420983936630,1.9729009933273267,1.9715806270447336,488.5516112204623482,4.8120521115342658,4.3079159015457975,3.7349849087646350,6.7117368190966147,2.2612597375912031,4.9018989605766565,7.9017209360946712,-1.1899841169987466,-0.0017770925650874,-0.0020958235018279,4.8895921248867058,3.7187261968829026,-0.5215703381047595,6.4581743910601501,0.6750032096058715,-1.2950329809113503,-1.6256782867256563,-0.5742724253305234,1.9700361905170700,9.5514058613967094,1.0514058613967077,685.8750676504097328,-2.5622054494995234,-1.6537683658501519,687.4876566028949583,-8.5437102900741593,2.9230789514659237,256.2923995380700717,-0.5808849105416577,7.7212615464670833,-2.8740808200305312,242.4476797134755088,0.5599549884748931,0.6057334925989637,0.5319572390511479,13.8447198245945984,810.5844625139155823,328.7445881125503888,16.3003219025693831,18.9230704153388416,-2.3331398888533283,-1.3700120448263640,46.7220683724121386,3.7301863825707082,6.9089794833496407,2.7093285907037075,0.3267962760562447,-1.4849999999999999,472.6352176306084516,-8.0270140428911638,4.7352380903441205,425.9131492581966540,-11.7572004254625746,-2.1737414496176535,1.8026594894079726,424.1104897687886250,-0.8508713431721315,-0.5528932571207738,130.3060621907698078,26.9077636592043490,36.3895437365610306,83.5839938183574702,23.1775772766327570,29.4805641661935525,7.5858539433713892,75.9981398749859665,-2.3575689279645085,-2.6689413644447368,0.0000000000000000,0.0000000000000000,0.0000000000000000,0.0000000000000000,0.0000000000000000,0.0000000000000000,0.0000000000000000,0.0000000000000000,0.0000000000000000,0.0000000000000000,0.0000000000000000,0.0000000000000000,0.0000000000000000,0.0000000000000000,0.0000000000000000,0.0000000000000000,0.0000000000000000,0.0000000000000000,0.0000000000000000,0.0000000000000000,0.0000000000000000,0.0000000000000000,0.0000000000000000,0.0000000000000000,0.0000000000000000,0.0000000000000000,0.0000000000000000,0.0000000000000000,0.2685070066969016,-0.8812674578058189,-0.3014432809657235,-1.0054704017803566,6.7083447470491979,-0.1754999999999999,-0.2707596443335791,-0.0843877321072537,,,,,,,,,,,,,,,,,,,,,,,,,,,,,,,,,,,,,,,,,,,,,,,,,,,,,,,,,,,,,,,,,,,,,,,,,,,,,,,,,,,,,,,,,,,,,,,,,,,,7.0000000000000000,,,,,,,,,,,,,,,,,,,,,,,,,,,,,,,,,,,,,2.5828374478492195,3.0051492944715501,596.9671865659140622,1013.3180092169278623,2809.8717157676583156,,,,,,,,,,,,,,,,18.7397078616224100,7.8771458684867870,14.5055753283324513,3.4541560292176006,0.0206319983496961,0.4429438449720267,2.4240988199572291,3313.7793849274421518,952.1767473158508892
"2022Q1",13.4965035470089862,787.3202053367946291,751.4676041573280827,664.0848637410928177,589.8752481520666606,631.5620673509196195,678.1340502856353396,482.7378793421767114,477.0656672315717515,507.6487903654960974,489.6285901958499949,4.2859308647223928,9.4462652752570371,685.2401460445457815,815.2874070115250333,-1.0499504667787496,47.3994005200881219,0.3633454249523548,-1.5249999999999997,473.1628641979190206,129.3417582198011360,1.9161878439376210,6.5065875649442972,790.2876909502197122,755.3908643657499624,592.0188909682033227,664.5143103553765513,632.3553684083557300,679.9531841673131112,4.8885345540923559,16.7985513901327543,-1.1903839628258941,242.5806690232383573,2.9307710563193328,-7.9689185727224032,12.6492025244096364,-0.0429446614283592,-2.9674856134260876,13.4965035470089862,12.6492025244096364,0.8902456840277649,-0.0429446614283592,0.0200060028139937,-3.9232602084209880,-3.1108783496431225,-0.7901214324728781,751.4676041573280827,8.6579561888965433,8.3800864081344724,755.3908643657499624,5.1385067515212395,5.1597210983819268,-2.1436428161368530,-1.9592462654923131,-0.7901214324727812,589.8752481520666606,7.2190281603022646,2.7889892790050701,592.0188909682033227,7.5572235713187430,7.7761774511544361,-0.4294466142835885,664.0848637410928177,13.4517389294715830,14.6197669608962357,664.5143103553765513,12.5267769910148061,12.6434344258020452,-0.7933010574358677,0.2933517742314303,-12.9932103098239846,631.5620673509196195,15.4768996306127704,21.5702574296665048,632.3553684083557300,9.0030462909448801,9.3402018168012404,-1.8191338816774760,678.1340502856353396,7.3802312452131851,7.1317206989505042,679.9531841673131112,5.3915296220432438,5.4334295753513491,-2.9674856134260876,-2.2072611222631697,787.3202053367946291,11.4526474285587447,12.2952342212182710,790.2876909502197122,7.8752373917747018,8.0032174734749439,482.7378793421767114,3.5920197632423592,4.2667639730079978,1.3706636915242083,477.0656672315717515,3.0437229872769214,4.0080083022640407,0.3978989281170949,-5.6722121106050771,-0.5482967759652019,-0.9727647634079785,-2.3565265570526495,-3.3156855535522869,-0.4016192886487765,-0.4013523579975573,0.2246535712247828,507.6487903654960974,5.9786458468915615,5.7449277384122519,4.8545863213411637,24.9109110233187856,2.3866260836471986,3.4839226298173314,8.1123596331860881,16.7985513901327543,1.9736371669563919,1.9724488373020577,489.6285901958499949,4.3079159015456758,3.7837993623842250,4.3911705478843208,6.8907108536731032,0.7158961383037261,3.0205068563600679,8.0810948164982435,-1.1903839628258941,-0.0015993833085787,-0.0018862411516448,4.8885345540923559,4.2859308647223928,-0.1223347191699792,6.3980456988617185,0.2779225624587209,-1.6332078709593632,-1.7363867077283066,-0.7901214324728264,1.9111304334179233,9.4462652752570371,0.9462652752570370,685.2401460445457815,-2.5396864234569643,-2.2409784597360121,686.8454076777258024,-7.9689185727224032,2.9307710563193328,255.5738793330619671,-2.8740808200314718,2.6886574189638499,-3.6645958463435964,242.5806690232383573,0.5319572390511487,0.5754468179690571,0.5053593770985908,12.9932103098237004,815.2874070115250333,332.5495276693482651,15.2197582271882972,17.1942479889112576,-2.3018529731431903,-1.0499504667787496,47.3994005200881219,2.7093285907037057,5.3275348068172823,2.7058036851199487,0.3633454249523548,-1.5249999999999997,473.1628641979190206,2.1105862692429787,-1.6537401450141389,425.7634636778312256,-0.5987423214609238,-6.9812749518315673,1.9161878439376210,423.8472758338935478,-1.0528557395820237,-0.7483915285679015,129.3417582198011360,-3.8572158838735717,31.1460814091338953,81.9423576997128293,-6.5665444745782535,25.8185466023165766,6.5065875649442972,75.4357701347684042,-2.2494789608700945,-2.4724631928588514,0.0000000000000000,0.0000000000000000,0.0000000000000000,0.0000000000000000,0.0000000000000000,0.0000000000000000,0.0000000000000000,0.0000000000000000,0.0000000000000000,0.0000000000000000,0.0000000000000000,0.0000000000000000,0.0000000000000000,0.0000000000000000,0.0000000000000000,0.0000000000000000,0.0000000000000000,0.0000000000000000,0.0000000000000000,0.0000000000000000,0.0000000000000000,0.0000000000000000,0.0000000000000000,0.0000000000000000,0.0000000000000000,0.0000000000000000,0.0000000000000000,0.0000000000000000,0.2378608553580339,-0.6708730612764559,-0.2941441418162352,0.7985389605046761,0.9689141862831800,-0.1884999999999995,-0.2870715307271047,-0.1276669257020359,,,,,,,,,,,,,,,,,,,,,,,,,,,,,,,,,,,,,,,,,,,,,,,,,,,,,,,,,,,,,,,,,,,,,,,,,,,,,,,,,,,,,,,,,,,,,,,,,,,,8.0000000000000000,,,,,,,,,,,,,,,,,,,,,,,,,,,,,,,,,,,,,0.0890872519263717,-0.1362714778700845,616.7278860506264664,1025.3056748647913992,2918.0614726305093427,,,,,,,,,,,,,,,,13.0263004590821776,4.7042733438861362,15.1122748107400415,6.2782959052006770,-2.4505991715305924,-2.6759579013270489,3.6596273821812964,3473.3473777017106841,946.1503232005417203
"2022Q2",13.3625730694354399,790.0293762630354877,753.5613690748053841,667.3477449024107955,591.9154730061106875,634.8479313818992296,679.9331618685624790,483.8045703354291618,478.0676693071382033,509.0850223000995243,490.5745400364470470,4.8036409544573955,9.3516387477313341,684.6495482372458810,819.9427106150213831,-0.7721493776629909,48.0758514413681652,0.3998812203260869,-1.5499999999999998,473.6356749798174519,127.2198571327977845,2.0240514782481687,4.2538661436969951,792.2366373852983088,756.6722474244483010,593.8747192716024301,667.6268852016951314,634.5545796076670513,681.2946601577596084,4.8875827403774403,17.2921263209383795,-1.1907438240703283,242.7070088675130535,2.9376939506874007,-7.1900309805577729,12.7283087626851064,-0.0279140299284336,-2.2072611222629690,13.3625730694354399,12.7283087626851064,0.6621783366788278,-0.0279140299284336,0.0255961041735180,-3.1108783496422117,-2.3890728526010907,-0.8862107042452882,753.5613690748053841,8.3750596699115754,8.5707826843270798,756.6722474244483010,5.1255322347923347,5.1456858643100150,-1.9592462654919722,-1.6462173769252051,-0.8862107042451933,591.9154730061106875,8.1608994161739936,5.7101451915766894,593.8747192716024301,7.4233132135999647,7.6313193994436377,-0.2791402992843327,667.3477449024107955,13.0515246452711882,13.8504063935248993,667.6268852016951314,12.4502993852740911,12.5657902457134902,0.2933517742319587,1.0011997235217756,-11.9507215039631980,634.8479313818992296,13.1434561239179146,17.6073382093722692,634.5545796076670513,8.7968447972447983,9.1171425468083811,-1.3614982891968173,679.9331618685624790,7.1964463317097875,7.3064358055055374,681.2946601577596084,5.3659039617882422,5.4057089174307951,-2.2072611222629690,-1.5730870253856535,790.0293762630354877,10.8366837049649547,11.7534113312300814,792.2366373852983088,7.7957857403145834,7.9184400663299463,483.8045703354291618,4.2667639730083264,4.6525044047535351,2.8473402637009473,478.0676693071382033,4.0080083022636277,4.7098925369656461,2.1689607551844130,-5.7369010282913093,-0.2587556707442424,-0.6783795085176030,-2.3207734456077072,-3.4161275826834672,-0.4017681165232329,-0.4015278789372893,0.6243354029831403,509.0850223000995243,5.7449277384124491,4.9141918340519428,5.5195508135089186,25.2804519646695987,1.4781637654023310,2.6722105498087010,7.9883256437312795,17.2921263209383795,1.9742997232225508,1.9732302265336488,490.5745400364470470,3.7837993623841037,3.3843580493632901,4.3877692806200290,6.7699697010176276,-0.4829646106241426,1.5404290169188606,7.9607135250871979,-1.1907438240703283,-0.0014394449777208,-0.0016976170364853,4.8875827403774403,4.8036409544573955,0.1427632450803687,6.3535999827854885,0.0937484174921333,-1.7740369414390851,-1.7378494519750076,-0.8862107042452242,1.8677853589310618,9.3516387477313341,0.8516387477313337,684.6495482372458810,-2.3623912291997438,-2.4348216172439794,686.2229746209474115,-7.1900309805577729,2.9376939506874007,254.6577303714758784,-3.6645958463436923,-1.0001398033131903,-4.1961689908753428,242.7070088675130535,0.5053593770985915,0.5466744770706294,0.4800914082436614,11.9507215039629298,819.9427106150213831,336.1381402795925055,14.3544504409733733,15.8925091471609434,-2.2736947490040658,-0.7721493776629909,48.0758514413681652,2.7058036851199470,3.6036425691152409,2.5820509594959757,0.3998812203260869,-1.5499999999999998,473.6356749798174519,1.8912431275941564,-2.4750119571992446,425.5598235384496775,-0.8145605575258128,-6.0786545263147165,2.0240514782481687,423.5357720602013956,-1.2460150947704558,-0.9485776829456433,127.2198571327977845,-8.4876043480123951,11.9490559520487221,79.1440056914294132,-11.1934080331332897,8.3454133829333887,4.2538661436969951,74.8901395477323035,-2.1825223481442957,-2.3288317803162846,0.0000000000000000,0.0000000000000000,0.0000000000000000,0.0000000000000000,0.0000000000000000,0.0000000000000000,0.0000000000000000,0.0000000000000000,0.0000000000000000,0.0000000000000000,0.0000000000000000,0.0000000000000000,0.0000000000000000,0.0000000000000000,0.0000000000000000,0.0000000000000000,0.0000000000000000,0.0000000000000000,0.0000000000000000,0.0000000000000000,0.0000000000000000,0.0000000000000000,0.0000000000000000,0.0000000000000000,0.0000000000000000,0.0000000000000000,0.0000000000000000,0.0000000000000000,0.2148040611090345,0.1422882666333882,-0.2868476655593911,0.8360150150068427,-0.4959427787123410,-0.1774999999999999,-0.2984449291466331,-0.1579912833612101,,,,,,,,,,,,,,,,,,,,,,,,,,,,,,,,,,,,,,,,,,,,,,,,,,,,,,,,,,,,,,,,,,,,,,,,,,,,,,,,,,,,,,,,,,,,,,,,,,,,9.0000000000000000,,,,,,,,,,,,,,,,,,,,,,,,,,,,,,,,,,,,,0.2140703629760962,0.0496034887244663,633.9155459590812143,1037.9005116859418649,3030.7238516647457800,,,,,,,,,,,,,,,,10.9951352576942671,4.8836585912345098,15.1527877402487690,7.0865718502155852,-2.1483208662236475,-2.3127877404752777,4.3161040352838151,3638.8650266731733609,940.5788488353525736
"2022Q3",13.2572886605265143,792.5934511292769002,755.5614761828225028,670.5390906460579572,594.0525264881188150,637.7060176757471481,681.6703997926196053,484.9676964366184961,479.2451424413802101,510.3135702586128559,491.4206295487890088,5.2593021934824211,9.2664748729582023,684.1324663838944389,824.5153819325605582,-0.5352891402944832,48.7213641812422225,0.4364036719314648,-1.5499999999999998,471.8354619699209138,125.3526545901971616,-0.0652845367410464,2.2762590164410312,794.1665381546619074,757.9505490354234780,595.6987438650434115,670.7205318405927983,636.7048179522246301,682.6300500538955021,4.8867261080340167,17.7858503269038870,-1.1910676991903222,242.8270317195740233,2.9439245556186626,-6.2797581217025700,12.8035066723644650,-0.0181441194534820,-1.5730870253854690,13.2572886605265143,12.8035066723644650,0.4719261076155785,-0.0181441194534820,0.0285268951129379,-2.3890728526001852,-1.7664267150920723,-0.9066073472738466,755.5614761828225028,8.0004284320710450,8.4466081634606542,757.9505490354234780,5.1132064438998750,5.1323523919416703,-1.6462173769248669,-1.2895162334209924,-0.9066073472737591,594.0525264881188150,8.5482139280299823,7.3260544248253288,595.6987438650434115,7.2960983737671254,7.4937042503184683,-0.1814411945348163,670.5390906460579572,12.7653829745882685,13.3239230035032321,670.7205318405927983,12.3745865555907830,12.4889225074257162,1.0011997235223054,1.4398815143736854,-10.7816564041829430,637.7060176757471481,11.4323451753910952,14.6929441982983757,636.7048179522246301,8.6009533782297201,8.9052362403151477,-0.9596502612758018,681.6703997926196053,6.9489516962288089,7.2399578241659164,682.6300500538955021,5.3415595845459904,5.3793742924062347,-1.5730870253854690,-1.0534875806347888,792.5934511292769002,10.2562994649658670,11.1567767767156489,794.1665381546619074,7.7196030774546571,7.8371872030852572,484.9676964366184961,4.6525044047545387,4.9607990061138318,3.7655201287387392,479.2451424413802101,4.7098925369652340,5.2097261536253576,3.3776224175317764,-5.7225539952384974,0.0573881322119668,-0.3878977112076603,-2.2059508971519550,-3.5166030980863972,-0.4019020616102358,-0.4016858477830451,0.8978616605291264,510.3135702586128559,4.9141918340521533,4.5214800689879295,5.5396748395525677,25.3458738219939370,0.2616874292963719,1.7741547108145028,7.5600234950900900,17.7858503269038870,1.9748960238620938,1.9739334768420713,491.4206295487890088,3.3843580493631698,3.1329400594911379,4.0720313562101191,6.4529331121704692,-1.2681463553904124,0.3065112274719800,7.6440008113600921,-1.1910676991903222,-0.0012955004799487,-0.0015278553328445,4.8867261080340167,5.2593021934824211,0.3333430106556658,6.3348354398741353,0.0495760398574567,-1.8004353535928299,-1.6730822202304341,-0.9066073472737971,1.8500113934501394,9.2664748729582023,0.7664748729582014,684.1324663838944389,-2.0683274134058620,-2.3831526288894276,685.6550675524529197,-6.2797581217025700,2.9439245556186626,253.6086881237567354,-4.1961689908752327,-2.8289326419486898,-4.3551205329775149,242.8270317195740233,0.4800914082436621,0.5193407532171278,0.4560868378314785,10.7816564041827068,824.5153819325605582,339.5476854959424600,13.6381808653960235,14.8781778590357803,-2.2483523472788538,-0.5352891402944832,48.7213641812422225,2.5820509594959740,2.9318424044726901,2.5531137034599869,0.4364036719314648,-1.5499999999999998,471.8354619699209138,-7.2008520395856559,-2.8065091714102954,423.1140977886790893,-9.7829029990817986,-5.7383515758831960,-0.0652845367410464,423.1793823254200220,-1.4255589391273649,-1.1438252791611869,125.3526545901971616,-7.4688101704014116,1.7735333142281855,76.6312904089547402,-10.0508611298983563,-1.1583090902445226,2.2762590164410312,74.3550313925135953,-2.1404326208747464,-2.2325007144635167,0.0000000000000000,0.0000000000000000,0.0000000000000000,0.0000000000000000,0.0000000000000000,0.0000000000000000,0.0000000000000000,0.0000000000000000,0.0000000000000000,0.0000000000000000,0.0000000000000000,0.0000000000000000,0.0000000000000000,0.0000000000000000,0.0000000000000000,0.0000000000000000,0.0000000000000000,0.0000000000000000,0.0000000000000000,0.0000000000000000,0.0000000000000000,0.0000000000000000,0.0000000000000000,0.0000000000000000,0.0000000000000000,0.0000000000000000,0.0000000000000000,0.0000000000000000,0.1905312747087287,0.0213554654764221,-0.2795538502529990,-1.3201964532549091,-0.8290632684577737,-0.1549999999999998,-0.3041453538339541,-0.1761625075448797,,,,,,,,,,,,,,,,,,,,,,,,,,,,,,,,,,,,,,,,,,,,,,,,,,,,,,,,,,,,,,,,,,,,,,,,,,,,,,,,,,,,,,,,,,,,,,,,,,,,10.0000000000000000,,,,,,,,,,,,,,,,,,,,,,,,,,,,,,,,,,,,,0.3390534740258149,0.2354784553190888,649.4808915216069636,1051.2607843355203840,3146.0609456307206528,,,,,,,,,,,,,,,,9.7030712360110485,5.1161027381420361,14.9398763753324229,7.4319415602579584,-1.7292739393800471,-1.8328489580867733,4.6835769103665559,3809.1213294265598961,935.7278389460806238
"2022Q4",13.1790087217417167,795.0246838214536638,757.4594965559693946,673.6775027776961906,596.2030387006035426,640.2484135991402354,683.3404789945909670,486.2078961881477426,480.5475739797868755,511.4439402758602569,492.2038645636628758,5.6395173593891954,9.1898273856623831,683.7078393631915105,829.0131528409924613,-0.3375675241275370,49.3596426071072827,0.4729127895118948,-1.5499999999999998,471.5845473211296621,123.7994979405390268,-0.5578708254084861,0.6129677193432881,796.0781714020879463,759.2259232710616743,597.4925549340241560,673.7954395541438544,638.8085320847660569,683.9596581604364474,4.8859551389249356,18.2797085005132942,-1.1913591867983169,242.9410534290319390,2.9495321000567984,-5.3201072580371624,12.8747561251962122,-0.0117936776447634,-1.0534875806345980,13.1790087217417167,12.8747561251962122,0.3160462741903209,-0.0117936776447634,0.0297278875934903,-1.7664267150911659,-1.2432777286333279,-0.8765296949355161,757.4594965559693946,7.5920814925915385,8.1563814458643495,759.2259232710616743,5.1014969425520391,5.1196855931917371,-1.2895162334206587,-0.9392470248332103,-0.8765296949354452,596.2030387006035426,8.6020488499368142,8.1325475886126135,597.4925549340241560,7.1752442759259285,7.3629698586497296,-0.1179367764476306,673.6775027776961906,12.5536485265525233,12.9555737689714121,673.7954395541438544,12.2996308542043078,12.4128234465208358,1.4398815143742039,1.6707749600485429,-9.5788545614801031,640.2484135991402354,10.1695836935729655,12.5555711558729985,638.8085320847660569,8.4148565301653964,8.7039252491465362,-0.6191791658453069,683.3404789945909670,6.6803168078857667,7.0514865202587798,683.9596581604364474,5.3184324261658515,5.3543563986330094,-1.0534875806345980,-0.6387685138491295,795.0246838214536638,9.7249307687078392,10.5676403417990095,796.0781714020879463,7.6465329897046406,7.7592897998105244,486.2078961881477426,4.9607990061141232,5.1847319558041391,4.3680217867812550,480.5475739797868755,5.2097261536249109,5.5445694283146763,4.2428374950350314,-5.6603222083607800,0.2489271475115870,-0.1251842917471388,-2.0432134572267397,-3.6171087511339048,-0.4020226121885390,-0.4018280197442211,1.0729808477892846,511.4439402758602569,4.5214800689881498,4.3363230101138619,5.2898113720857927,25.2360440877120986,-0.4393189371285873,0.9217895853051240,6.9563355871988408,18.2797085005132942,1.9754326944376821,1.9745664021196474,492.2038645636628758,3.1329400594910024,3.0401757543570258,3.6522533431992699,5.9959683755151314,-1.8278589466233870,-0.7157684435817864,7.1873275623127419,-1.1913591867983169,-0.0011659504319539,-0.0013750697995675,4.8859551389249356,5.6395173593891954,0.4594583857635196,6.3167471227333083,0.0949479310749042,-1.7378666649219463,-1.5663570805962894,-0.8765296949354699,1.8328145959967017,9.1898273856623831,0.6898273856623822,683.7078393631915105,-1.6985080828122001,-2.1672282872176081,685.1675072744538966,-5.3201072580371624,2.9495321000567984,252.5199079905118538,-4.3551205329783693,-3.7724915475581269,-4.5146074863151799,242.9410534290319390,0.4560868378314793,0.4933737155562512,0.4332824959399048,9.5788545614798686,829.0131528409924613,342.8052566528448324,13.0302846276059547,14.0606685402949392,-2.2255441857261631,-0.3375675241275370,49.3596426071072827,2.5531137034599856,2.6375742346950224,2.3086891275578147,0.4729127895118948,-1.5499999999999998,471.5845473211296621,-1.0036585951642678,-1.0506703094785017,422.2249047140227844,-3.5567722986246744,-3.6882445441736009,-0.5578708254084861,422.7827755394312135,-1.5864271439571471,-1.3277142293574213,123.7994979405390268,-6.2126265986314735,-6.5065642502307481,74.4398553334315523,-8.7657403020923965,-9.1441384849258114,0.6129677193432881,73.8268876140881503,-2.1125751137016713,-2.1712522608977891,0.0000000000000000,0.0000000000000000,0.0000000000000000,0.0000000000000000,0.0000000000000000,0.0000000000000000,0.0000000000000000,0.0000000000000000,0.0000000000000000,0.0000000000000000,0.0000000000000000,0.0000000000000000,0.0000000000000000,0.0000000000000000,0.0000000000000000,0.0000000000000000,0.0000000000000000,0.0000000000000000,0.0000000000000000,0.0000000000000000,0.0000000000000000,0.0000000000000000,0.0000000000000000,0.0000000000000000,0.0000000000000000,0.0000000000000000,0.0000000000000000,0.0000000000000000,0.1656042677492773,0.0914203899396121,-0.2722626939568715,-0.5173944126290365,-1.0487013626586639,-0.1549999999999999,-0.3034240987425184,-0.1861857549143992,,,,,,,,,,,,,,,,,,,,,,,,,,,,,,,,,,,,,,,,,,,,,,,,,,,,,,,,,,,,,,,,,,,,,,,,,,,,,,,,,,,,,,,,,,,,,,,,,,,,11.0000000000000000,,,,,,,,,,,,,,,,,,,,,,,,,,,,,,,,,,,,,0.4640365850755654,0.4213534219136866,664.1521042290403329,1065.5574571944503077,3263.8174710452635736,,,,,,,,,,,,,,,,8.9351121958363304,5.4031621469872526,14.6985347237705266,7.6342077205481109,-1.2344714977366347,-1.2771546608985136,4.9736039550626874,3984.3582163697778924,931.7629097396301177
"2023Q1",13.1259977722161114,797.3335095917117314,759.2552387714962379,676.7751368269107388,598.3184161299350308,642.5388231759411610,684.9413191834861436,487.5040791770992428,481.9337163368659844,512.5280210283890483,492.9639085022533891,5.9435700496177031,9.1208446470961455,683.3881575668020787,833.4343187324807332,-0.1986724617724429,49.9368148889967856,0.4729127895118951,-1.5499999999999998,472.0380386789544787,123.7994979405390552,-0.2493560193228175,0.5591102322249382,797.9722781055602354,760.4985165001297673,599.2576631547675561,676.8517957316017828,640.8680482158922587,685.2837735668621235,4.8852612667267623,18.7736874250022083,-1.1916215256455129,243.0493740530169759,2.9545788900511201,-4.3150575766251595,12.9420331085306373,-0.0076658904690964,-0.6387685138489343,13.1259977722161114,12.9420331085306373,0.1916305541546218,-0.0076658904690964,0.0298055464326632,-1.2432777286324148,-0.8115825940351000,-0.8162741711615262,759.2552387714962379,7.1829688621115411,7.7876346141679686,760.4985165001297673,5.0903729162715949,5.1076521343793120,-0.9392470248328690,-0.6197938619070892,-0.8162741711614487,598.3184161299350308,8.4615097173230325,8.4431679778679243,599.2576631547675561,7.0604328829767908,7.2387721865643142,-0.0766589046909599,676.7751368269107388,12.3905361968576830,12.6902730858179726,676.8517957316017828,12.2254247098316977,12.3374853762249792,1.6707749600490840,1.7623964506640293,-8.3418820659161561,642.5388231759411610,9.1616383072048713,10.9767558250210904,640.8680482158922587,8.2380645245042885,8.5126798075364007,-0.3424543833757824,684.9413191834861436,6.4033607555809651,6.8072688978509124,685.2837735668621235,5.2964616257047190,5.3305893995483951,-0.6387685138489343,-0.3121990909909568,797.3335095917117314,9.2353030810322387,10.0133042549164202,797.9722781055602354,7.5764268138893707,7.6845871553391643,487.5040791770992428,5.1847319558036125,5.3233485751497511,4.7661998349217338,481.9337163368659844,5.5445694283142659,5.7664316363700294,4.8680491052943706,-5.5703628402333836,0.3598374725101919,0.1018492703717062,-1.8527213121717365,-3.7176415280615291,-0.4021311077090112,-0.4019559745092802,1.1573616021050004,512.5280210283890483,4.3363230101140884,4.1497114479229706,4.8792306628915556,25.0239418512893614,-0.8484089456919687,0.1130308279703821,6.2502544262871806,18.7736874250022083,1.9759156979557115,1.9751360348694698,492.9639085022533891,3.0401757543568952,2.9834983893077527,3.3353183064020544,5.4598293251538275,-2.1445562014472421,-1.4308815285195200,6.6514508507986347,-1.1916215256455129,-0.0010493553887585,-0.0012375628196155,4.8852612667267623,5.9435700496177031,0.5353591531209495,6.2993274202119940,0.1771384132480960,-1.6390588479460899,-1.4371188182560759,-0.8162741711614698,1.8161972611940291,9.1208446470961455,0.6208446470961451,683.3881575668020787,-1.2787271855585218,-1.8519884777429816,684.7762597570833805,-4.3150575766251595,2.9545788900511201,251.3912561189329153,-4.5146074863150716,-4.1826232141290713,-4.2986201320862643,243.0493740530169759,0.4332824959399055,0.4687050297784395,0.4116183711429098,8.3418820659158417,833.4343187324807332,345.9302395553815472,12.4999316101434221,13.3807118860337297,-2.2050168403287413,-0.1986724617724429,49.9368148889967856,2.3086891275578130,2.5374143689085558,2.3098758435665454,0.4729127895118951,-1.5499999999999998,472.0380386789544787,1.8139654313000786,-1.1248255189642220,422.1012237899581123,-0.4947236962581640,-3.6622398878728335,-0.2493560193228175,422.3505798092808732,-1.7287829206032721,-1.4966960246126688,123.7994979405390552,0.0000000000012017,-5.5422602792620452,73.8626830515420494,-2.3086891275576127,-8.0796746481706627,0.5591102322249382,73.3035728193169973,-2.0932591790844732,-2.1321973154513749,0.0000000000000000,0.0000000000000000,0.0000000000000000,0.0000000000000000,0.0000000000000000,0.0000000000000000,0.0000000000000000,0.0000000000000000,0.0000000000000000,0.0000000000000000,0.0000000000000000,0.0000000000000000,0.0000000000000000,0.0000000000000000,0.0000000000000000,0.0000000000000000,0.0000000000000000,0.0000000000000000,0.0000000000000000,0.0000000000000000,0.0000000000000000,0.0000000000000000,0.0000000000000000,0.0000000000000000,0.0000000000000000,0.0000000000000000,0.0000000000000000,0.0000000000000000,0.1186410109074419,-0.1298543811337698,-0.3014699880212151,0.0965238924304442,0.1116437971043374,-0.1549999999999997,-0.3009984910418390,-0.1919415767529686,,,,,,,,,,,,,,,,,,,,,,,,,,,,,,,,,,,,,,,,,,,,,,,,,,,,,,,,,,,,,,,,,,,,,,,,,,,,,,,,,,,,,,,,,,,,,,,,,,,,12.0000000000000000,,,,,,,,,,,,,,,,,,,,,,,,,,,,,,,,,,,,,0.4598482181571573,1.1118943894473510,678.1497231915593602,1082.3010928883843462,3381.9706313950987351,,,,,,,,,,,,,,,,8.3427593398035071,6.2365279594697940,14.2244211854487936,7.4782597066242351,-0.8188789674013646,-0.1668327961111709,4.9891181044165549,4164.4653846091878222,928.7889894053578246
"2023Q2",13.0940050892529332,799.5373648271539651,760.9568851789211976,679.8399576002783533,600.3757098077792307,644.6479726963385701,686.4804829481327033,488.8349163208873733,483.3753242459588932,513.5654488903699075,493.7097830995814434,6.1791931670989451,9.0587601823865320,683.1776414819815955,837.7739146465902422,-0.0800790347573536,50.5142838498884714,0.4729127895118951,-1.5499999999999996,472.0380386789544787,123.7994979405390410,-0.3633197436830072,0.5018793707644844,799.8495639181443266,761.7684677729563418,600.9955036696856041,679.8897858883275376,642.8855762456739740,686.6026709081781974,4.8846367817484069,19.2677750252826776,-1.1918576306079911,243.1522786458027667,2.9591210010460096,-3.3489200135209281,13.0053281907607268,-0.0049828288049128,-0.3121990909907493,13.0940050892529332,13.0053281907607268,0.0936597272971680,-0.0049828288049128,0.0291561267125871,-0.8115825940341866,-0.4623308220494541,-0.7562959351877933,760.9568851789211976,6.8065856297028340,7.3955161041155479,761.7684677729563418,5.0798050913051727,5.0962203485075488,-0.6197938619067496,-0.3432759532337183,-0.7562959351877170,600.3757098077792307,8.2291747113733429,8.4602368016681293,600.9955036696856041,6.9513620596751107,7.1207843980832548,-0.0498282880491239,679.8399576002783533,12.2592830934697581,12.4922126978676094,679.8897858883275376,12.1519606269028131,12.2629006866321539,1.7623964506645537,1.7627187922669343,-7.1643224401085259,644.6479726963385701,8.4365980815893682,9.8000413144387419,642.8855762456739740,8.0701121191262359,8.3309966380067948,-0.1221879600452094,686.4804829481327033,6.1566550585872521,6.5473210795703896,686.6026709081781974,5.2755893652666437,5.3080107504179717,-0.3121990909907493,-0.0596396604818625,799.5373648271539651,8.8154209417692595,9.5079885641180404,799.8495639181443266,7.5091432503366340,7.6129265328446580,488.8349163208873733,5.3233485751499616,5.4113969376808830,5.0303459854574317,483.3753242459588932,5.7664316363695738,5.8940027279282710,5.3076549388208001,-5.4595920749285476,0.4430830612199879,0.2773089533627739,-1.6413933584471712,-3.8181987164812630,-0.4022287536774395,-0.4020711337978344,1.1831052152300066,513.5654488903699075,4.1497114479232655,4.0904196633459522,4.4804265902690759,24.7305325694823033,-1.1736371272292465,-0.5499193951874700,5.4627575441997109,19.2677750252826776,1.9763504011219382,1.9756487043443138,493.7097830995814434,2.9834983893076279,2.9623349622180637,3.1352430631331614,4.8748667786939759,-2.3398501858416827,-1.8951029223239551,6.0667244093012060,-1.1918576306079911,-0.0009444198498827,-0.0011138065376578,4.8846367817484069,6.1791931670989451,0.5766986967488487,6.2825664817029514,0.2851904391710713,-1.5149680144608382,-1.3150561175727127,-0.7562959351877323,1.8001584536317730,9.0587601823865320,0.5587601823865316,683.1776414819815955,-0.8420643392830724,-1.4719067552636806,684.4911452446773410,-3.3489200135209281,2.9591210010460096,250.3166010859111452,-4.2986201320864055,-4.3411292855647794,-3.9935021977921688,243.1522786458027667,0.4116183711429104,0.4452697782895343,0.3910374525857645,7.1643224401082382,837.7739146465902422,348.9389983257030394,12.0350350812819862,12.8008580461109354,-2.1865422294710619,-0.0800790347573536,50.5142838498884714,2.3098758435665445,2.4384324085202023,2.3087919900784200,0.4729127895118951,-1.5499999999999996,472.0380386789544787,0.0000000000006741,-1.5976363008626535,421.5237548290664336,-2.3098758435662310,-4.0360687093829970,-0.3633197436830072,421.8870745727493272,-1.8540209461279238,-1.6486974874520430,123.7994979405390410,0.0000000000009795,-3.4203591922587173,73.2852140906503422,-2.3098758435664366,-5.8587916007789538,0.5018793707644844,72.7833347198857581,-2.0809523977248614,-2.1068048278465210,0.0000000000000000,0.0000000000000000,0.0000000000000000,0.0000000000000000,0.0000000000000000,0.0000000000000000,0.0000000000000000,0.0000000000000000,0.0000000000000000,0.0000000000000000,0.0000000000000000,0.0000000000000000,0.0000000000000000,0.0000000000000000,0.0000000000000000,0.0000000000000000,0.0000000000000000,0.0000000000000000,0.0000000000000000,0.0000000000000000,0.0000000000000000,0.0000000000000000,0.0000000000000000,0.0000000000000000,0.0000000000000000,0.0000000000000000,0.0000000000000000,0.0000000000000000,0.1066730793087426,0.0668719955966998,-0.3014699880212153,-0.2087190117028597,0.0937289012402793,-0.1549999999999996,-0.2981163175849785,-0.1970191365488350,,,,,,,,,,,,,,,,,,,,,,,,,,,,,,,,,,,,,,,,,,,,,,,,,,,,,,,,,,,,,,,,,,,,,,,,,,,,,,,,,,,,,,,,,,,,,,,,,,,,13.0000000000000000,,,,,,,,,,,,,,,,,,,,,,,,,,,,,,,,,,,,,0.6690017306582610,0.9646802667682888,692.3052235792106330,1099.4253053156335227,3502.8738498378220356,,,,,,,,,,,,,,,,8.2635354729645574,6.2792709860724685,14.0500659560862129,7.5522339955777102,-0.1730626086248115,0.1226159274852163,5.2346450143169534,4349.1649775221785603,926.8357958032994475
"2023Q3",13.0792981595843489,801.6510612565125484,762.5735783653038879,682.8772052972963138,602.3641639108361687,646.6259343714457373,687.9655178381427731,490.1877655553082604,484.8488249279413367,514.5880538062067444,494.4503668401370646,6.3563152623374819,9.0028841641478792,683.0755686169962928,842.0331174301920782,0.0206846931673040,51.0914818474081258,0.4729127895118955,-1.5499999999999998,472.0380386789544787,123.7994979405390410,-0.4498265885578690,0.4432456217553379,801.7107009169939147,763.0359091873533544,602.7074398640695563,682.9095936845283177,644.8632155791783589,687.9166110876402627,4.8840747452678865,19.7619604337755526,-1.1920701250742221,243.2500380089492751,2.9632089009414107,-2.4435093232209444,13.0646451001631583,-0.0032388387231934,-0.0596396604816678,13.0792981595843489,13.0646451001631583,0.0178918981444443,-0.0032388387231934,0.0280390353396168,-0.4623308220485349,-0.1856815800469136,-0.6907024454934014,762.5735783653038879,6.4667727455340280,7.0121021824809464,763.0359091873533544,5.0697656575870713,5.0853601519293843,-0.3432759532333782,-0.1136208217462575,-0.6907024454933247,602.3641639108361687,7.9538164122258115,8.3116374227171068,602.7074398640695563,6.8477447775385141,7.0086959990261120,-0.0323883872319305,682.8772052972963138,12.1489907880714441,12.3381146512384081,682.9095936845283177,12.0792311848032181,12.1890618439352671,1.7627187922674765,1.7054304450757301,-6.0681875275137926,646.6259343714457373,7.9118467004291491,8.9199166956978235,644.8632155791783589,7.9105573340170867,8.1583976269536009,0.0489067505028688,687.9655178381427731,5.9401395600415787,6.2951180455233366,687.9166110876402627,5.2557607178504719,5.2865610337441433,-0.0596396604816678,0.1313657541820423,801.6510612565125484,8.4547857174348096,9.0576101272352965,801.7107009169939147,7.4445479953985885,7.5441627623306458,490.1877655553082604,5.4113969376809381,5.4621766301090435,5.2200691186889214,484.8488249279413367,5.8940027279278429,5.9451555764962523,5.6036824865612003,-5.3389406273669051,0.4826057902472716,0.3836133678716366,-1.4201627521228615,-3.9187778752438907,-0.4023166350490183,-0.4021747771575340,1.1659257771183231,514.5880538062067444,4.0904196633462870,4.1559618795759237,4.2744835475923200,24.4002882508981429,-1.3209772743375967,-0.9455855710959614,4.6383278171226276,19.7619604337755526,1.9767416339715420,1.9761101068716773,494.4503668401370646,2.9623349622179269,2.9743996536834487,3.0297372913468714,4.2626012848287917,-2.4490619754630307,-2.1903318273421002,5.4546714099021907,-1.1920701250742221,-0.0008499778648944,-0.0010024258838943,4.8840747452678865,6.3563152623374819,0.5936091934033596,6.2664525911169688,0.4111596858416538,-1.3735347950563785,-1.1935866096396690,-0.6907024454933559,1.7846944808978855,9.0028841641478792,0.5028841641478795,683.0755686169962928,-0.4082914599426618,-1.0568977668975466,684.3144214757876398,-2.4435093232209444,2.9632089009414107,249.3182255364628759,-3.9935021977925702,-4.2904625872939333,-3.6375494789761729,243.2500380089492751,0.3910374525857651,0.4230062893750728,0.3714855799564765,6.0681875275135502,842.0331174301920782,351.8453518748842157,11.6254141967208326,12.2976663789421252,-2.1699150796991504,0.0206846931673040,51.0914818474081258,2.3087919900784186,2.3701176661657999,2.3039774269091438,0.4729127895118955,-1.5499999999999998,472.0380386789544787,0.0000000000008160,0.2025767090338423,420.9465568315467294,-2.3087919900780771,-2.1675409571320716,-0.4498265885578690,421.3963834201044847,-1.9627646105809848,-1.7829989053155024,123.7994979405390410,0.0000000000008882,-1.5531566496581117,72.7080160931306665,-2.3087919900783400,-3.9232743158239578,0.4432456217553379,72.2647704713752290,-2.0742569940420501,-2.0902609211383436,0.0000000000000000,0.0000000000000000,0.0000000000000000,0.0000000000000000,0.0000000000000000,0.0000000000000000,0.0000000000000000,0.0000000000000000,0.0000000000000000,0.0000000000000000,0.0000000000000000,0.0000000000000000,0.0000000000000000,0.0000000000000000,0.0000000000000000,0.0000000000000000,0.0000000000000000,0.0000000000000000,0.0000000000000000,0.0000000000000000,0.0000000000000000,0.0000000000000000,0.0000000000000000,0.0000000000000000,0.0000000000000000,0.0000000000000000,0.0000000000000000,0.0000000000000000,0.0959589858392162,0.0648387693015888,-0.3014699880212149,-0.2245683474744037,0.0768736810972640,-0.1550000000000001,-0.2941457590658531,-0.2013998360896741,,,,,,,,,,,,,,,,,,,,,,,,,,,,,,,,,,,,,,,,,,,,,,,,,,,,,,,,,,,,,,,,,,,,,,,,,,,,,,,,,,,,,,,,,,,,,,,,,,,,14.0000000000000000,,,,,,,,,,,,,,,,,,,,,,,,,,,,,,,,,,,,,0.8781552431594299,0.8174661440891887,706.9650349224946240,1117.0160392189816321,3626.5968621045094551,,,,,,,,,,,,,,,,8.3817104836459180,6.3493142441881059,13.8843893848368207,7.5552064749099728,0.4698637832167681,0.4091746841465269,5.4296036674020112,4538.4062098496051476,925.8902306176482853
"2023Q4",13.0784844382085907,803.6876950192614686,764.1152846561951719,685.8903484921087284,604.2811461322004334,648.5083910962956679,689.4039283522821506,491.5533097128360396,486.3351138220658640,515.6270442761010599,495.1939667535590957,6.4852072373492291,8.9525957477330937,683.0764757846493467,846.2145043021419042,0.1061407076478045,51.6674762041354683,0.4729127895118965,-1.5499999999999998,472.0380386789543650,123.7994979405390410,-0.5118403919553316,0.3852308324303523,803.5563292650788298,764.3009662362422887,604.3947669539460321,685.9114009438095536,646.8029606512193368,689.2258419633409403,4.8835689124354182,20.2562338696595887,-1.1922613700938307,243.3429094039384495,2.9668880108472706,-1.6121097174610897,13.1199994096334507,-0.0021052451700759,0.1313657541822592,13.0784844382085907,13.1199994096334507,-0.0394097262547337,-0.0021052451700759,0.0266245321501079,-0.1856815800459868,0.0288674976449595,-0.6211146195679402,764.1152846561951719,6.1668251635692126,6.6557881002255188,764.3009662362422887,5.0602281955548749,5.0750429651801223,-0.1136208217459095,0.0707020404125852,-0.6211146195678561,604.2811461322004334,7.6679288854539376,8.0781074315964823,604.3947669539460321,6.7493083595087473,6.9022120199218424,-0.0210524517007548,685.8903484921087284,12.0525727792488375,12.2128457144125893,685.9114009438095536,12.0072290371246186,12.1159613896654470,1.7054304450762900,1.6182412700511102,-5.0659287627805920,648.5083910962956679,7.5298268994000308,8.2599774971549476,646.8029606512193368,7.7589802881633947,7.9944285664531511,0.1780863889413298,689.4039283522821506,5.7536420565581228,6.0634493576915984,689.2258419633409403,5.2369235028051087,5.2661838029038748,0.1313657541822592,0.2727831703602467,803.6876950192614686,8.1465350509964107,8.6630111978075259,803.5563292650788298,7.3825133923401296,7.4781578629895211,491.5533097128360396,5.4621766301087895,5.4855595364413663,5.3454135246874515,486.3351138220658640,5.9451555764958206,5.9363215411046051,5.7875398422791084,-5.2181958907703150,0.4829789463869942,0.4421263175904760,-1.1988190834550665,-4.0193768073151288,-0.4023957282834512,-0.4022680561812627,1.1182783559028477,515.6270442761010599,4.1559618795762692,4.3296777558553439,4.1831040002394273,24.0737345632645692,-1.3062147505352102,-1.1623095244476938,3.8175006936050360,20.2562338696595887,1.9770937435361855,1.9765253691463061,495.1939667535590957,2.9743996536833111,3.0162878173070138,2.9901021898950084,3.6406570407228314,-2.4877769764261326,-2.3553113347926082,4.8329184108159575,-1.1922613700938307,-0.0007649800784050,-0.0009021832955084,4.8835689124354182,6.4852072373492291,0.5948876786271065,6.2509724959581057,0.5488856962450229,-1.2209136155610476,-1.0737103672994190,-0.6211146195679006,1.7697993118059230,8.9525957477330937,0.4525957477330927,683.0764757846493467,0.0036286706107484,-0.6313635785416264,684.2417619909156201,-1.6121097174610897,2.9668880108472706,248.4088381667187662,-3.6375494789755609,-4.1110698237930716,-3.2749410917612662,243.3429094039384495,0.3714855799564771,0.4018559749063316,0.3529113009586528,5.0659287627801826,846.2145043021419042,354.6611945893059783,11.2633708576835598,11.8559379364615936,-2.1549506449044302,0.1061407076478045,51.6674762041354683,2.3039774269091424,2.3078335970280732,2.3203099174526769,0.4729127895118965,-1.5499999999999998,472.0380386789543650,0.0000000000002212,0.4534913578250143,420.3705624748192804,-2.3039774269090767,-1.8543422392032094,-0.5118403919553316,420.8824028667745552,-2.0559222133214607,-1.9003726726566437,123.7994979405390410,0.0000000000010432,0.0000000000000278,72.1320217364033596,-2.3039774269088706,-2.3078335970280830,0.3852308324303523,71.7467909039728937,-2.0719182696092515,-2.0800967101152343,0.0000000000000000,0.0000000000000000,0.0000000000000000,0.0000000000000000,0.0000000000000000,0.0000000000000000,0.0000000000000000,0.0000000000000000,0.0000000000000000,0.0000000000000000,0.0000000000000000,0.0000000000000000,0.0000000000000000,0.0000000000000000,0.0000000000000000,0.0000000000000000,0.0000000000000000,0.0000000000000000,0.0000000000000000,0.0000000000000000,0.0000000000000000,0.0000000000000000,0.0000000000000000,0.0000000000000000,0.0000000000000000,0.0000000000000000,0.0000000000000000,0.0000000000000000,0.0866970960705384,0.0608912889228130,-0.3014699880212142,-0.2329479070494520,0.0616615285489554,-0.1550000000000000,-0.2894340637985742,-0.2050869749714058,,,,,,,,,,,,,,,,,,,,,,,,,,,,,,,,,,,,,,,,,,,,,,,,,,,,,,,,,,,,,,,,,,,,,,,,,,,,,,,,,,,,,,,,,,,,,,,,,,,,15.0000000000000000,,,,,,,,,,,,,,,,,,,,,,,,,,,,,,,,,,,,,1.0873087556605818,0.6702520214100729,722.3668554806527027,1135.1101401996393179,3753.2768187040323937,,,,,,,,,,,,,,,,8.6207643256713613,6.4275227485789443,13.7338287013803537,7.5143034607179189,1.0909374262713303,0.6738806920208213,5.5872936503839421,4732.1978865498786035,925.8986300324218064
"2024Q1",13.0882139598076765,805.6598419603582215,765.5926256355436408,688.8817035779347862,606.1294174349534387,650.3249474449218042,690.8037649097204849,492.9246995969471072,487.8191942073422638,516.7094637150648850,495.9480387078868944,6.6634397305769593,8.9073361729597842,683.1617434176221195,850.3186904189798270,0.1876298285830900,52.2475536834986869,0.4729127895118963,-1.3746999999999996,472.0993021965033449,123.7994979405390694,-0.4969997735649373,0.3233603806602049,805.3870587899976954,765.5637581378986170,606.0587153945405134,688.8953876715403339,648.7067061748700780,690.5305990004684418,4.8831136628861964,20.7505865301956689,-1.1924334906114791,243.4311372291781765,2.9701992097625451,-0.8581468582343236,13.1714173202764648,-0.0013684093605494,0.2727831703604598,13.0882139598076765,13.1714173202764648,-0.0818349511081902,-0.0013684093605494,0.0250247506412320,0.0288674976458821,0.1884928149124756,-0.5521319824798413,765.5926256355436408,5.9093639173965693,6.3373868640470583,765.5637581378986170,5.0511676066242890,5.0652416377683576,0.0707020404129316,0.2110224926227134,-0.5521319824797365,606.1294174349534387,7.3930852110096517,7.8110013050181415,606.0587153945405134,6.6557937623804690,6.8010522397729236,-0.0136840936054906,688.8817035779347862,11.9654203433034212,12.1065667510240988,688.8953876715403339,11.9359469109228051,12.0435919399382989,1.6182412700516597,1.5121397548103117,-4.1589656646004336,650.3249474449218042,7.2662253945042687,7.7861242689800356,648.7067061748700780,7.6149820946023867,7.8386579589776906,0.2731659092523039,690.8037649097204849,5.5993462297541230,5.8624457262344629,690.5305990004684418,5.2190281485120131,5.2468254336055864,0.2727831703604598,0.3715459539952725,805.6598419603582215,7.8885877643886966,8.3263323686461703,805.3870587899976954,7.3229180996759498,7.4147806844360975,492.9246995969471072,5.4855595364417038,5.4862088097478479,5.4206204198469177,487.8191942073422638,5.9363215411041761,5.8834828301165905,5.8854778704765334,-5.1055053896047173,0.4507620046630709,0.4648574506286864,-0.9855118542404889,-4.1199935353641113,-0.4024669121944282,-0.4023520073026218,1.0500196692093344,516.7094637150648850,4.3296777558557640,4.5639104167893425,4.1814426866745222,23.7847641181177991,-1.1558817805883361,-1.2391777331718030,3.0341775879221564,20.7505865301956689,1.9774106421443647,1.9768991051934721,495.9480387078868944,3.0162878173069068,3.0849998303193149,2.9841302056321988,3.0233391109398093,-2.4692717191341669,-2.4364902142143809,4.2157726015505803,-1.1924334906114791,-0.0006884820705645,-0.0008119649659612,4.8831136628861964,6.6634397305769593,0.5877378845220007,6.4114116963652465,0.7799569004607243,-1.1508080452126843,-0.9594681554380134,-0.5521319824797805,1.9307649456732641,8.9073361729597842,0.4073361729597846,683.1617434176221195,0.3410705318904102,-0.2264141491791680,684.2666296979798517,-0.8581468582343236,2.9701992097625451,247.5901028937782655,-3.2749410917611006,-3.8011532251545468,-2.9473043186157963,243.4311372291781765,0.3529113009586534,0.3817631761610216,0.3352657359107203,4.1589656646001361,850.3186904189798270,357.3939908220327766,10.9311849309038021,11.4637512666516557,-2.1414826535891818,0.1876298285830900,52.2475536834986869,2.3203099174526756,2.3107387945017992,2.3005333529997087,0.4729127895118963,-1.3746999999999996,472.0993021965033449,0.2450540701965616,0.0612635175491700,419.8517485130050773,-2.0752558472561109,-2.2494752769528010,-0.4969997735649373,420.3487482865699008,-2.1346183208203300,-2.0018315227109502,123.7994979405390694,0.0000000000010690,0.0000000000000269,71.5519442570401623,-2.3203099174525006,-2.3107387945017885,0.3233603806602049,71.2285838763798296,-2.0728281103721566,-2.0749889429371366,0.0000000000000000,0.0000000000000000,0.0000000000000000,0.0000000000000000,0.0000000000000000,0.0000000000000000,0.0000000000000000,0.0000000000000000,0.0000000000000000,0.0000000000000000,0.0000000000000000,0.0000000000000000,0.0000000000000000,0.0000000000000000,0.0000000000000000,0.0000000000000000,0.0000000000000000,0.0000000000000000,0.0000000000000000,0.0000000000000000,0.0000000000000000,0.0000000000000000,0.0000000000000000,0.0000000000000000,0.0000000000000000,0.0000000000000000,0.0000000000000000,0.0000000000000000,0.0878575633941534,0.0810754300017673,-0.3014699880212152,-0.1796587305526309,0.0421418729860476,0.0203000000000001,-0.2842883288310153,-0.2081016677238299,,,,,,,,,,,,,,,,,,,,,,,,,,,,,,,,,,,,,,,,,,,,,,,,,,,,,,,,,,,,,,,,,,,,,,,,,,,,,,,,,,,,,,,,,,,,,,,,,,,,16.0000000000000000,,,,,,,,,,,,,,,,,,,,,,,,,,,,,,,,,,,,,1.6302483010138664,0.2436275775140174,739.2432150235374593,1152.7954247689442582,3884.9286204688214639,,,,,,,,,,,,,,,,9.2375442274085451,6.1840443391585502,13.7901335178803564,7.5859287194576801,1.9713188329042766,0.5846981094044276,5.9015457534916589,4930.4567223189978904,926.6884585641701051
"2024Q2",13.1065812849694492,807.5750164380142451,767.0128909645960675,691.8528374121924571,607.9114766109397578,652.0883918823609520,692.1694342972192544,494.2962517993844926,489.2900649148718912,517.8504413192625861,496.7192886654678432,6.8427467106266091,8.8666025556638068,683.3206547072476269,854.3485286001840677,0.2529012283598907,52.8226870217486635,0.4729127895118962,-1.2244189999999997,472.0993021965033449,123.7994979405390410,-0.5220999783009574,0.2672329022226593,807.2034704840185668,766.8243981496839297,607.7004541183169977,691.8617320730361371,650.5762521275501058,691.8311058909512212,4.8827039382918969,21.2450104929185883,-1.1925883990773642,243.5149536631559215,2.9731792887862918,-0.1757057205735052,13.2189345372525526,-0.0008894660843573,0.3715459539954872,13.1065812849694492,13.2189345372525526,-0.1114637861986986,-0.0008894660843573,0.0233138754458643,0.1884928149134062,0.3018829946563895,-0.4660821752296933,767.0128909645960675,5.6810613162140067,6.0560057856745875,766.8243981496839297,5.0425600471402321,5.0559303767270958,0.2110224926230617,0.3122190310199682,-0.4660821752295944,607.9114766109397578,7.1282367039444026,7.5357668031603229,607.7004541183169977,6.5669548951086050,6.7049504486313598,-0.0088946608435688,691.8528374121924571,11.8845353370304423,12.0128798119141553,691.8617320730361371,11.8653776059830101,11.9719461847083473,1.5121397548108557,1.3953455124991554,-3.3383231509685132,652.0883918823609520,7.0537777497569616,7.4404191860219964,650.5762521275501058,7.4781838107194298,7.6906758818760030,0.3383284062683930,692.1694342972192544,5.4626775499967488,5.6889513490870218,691.8311058909512212,5.2020275619335727,5.2284349827724057,0.3715459539954872,0.4352322076010571,807.5750164380142451,7.6606979106252293,8.0376516108597151,807.2034704840185668,7.2656467760839236,7.3539065658728759,494.2962517993844926,5.4862088097469623,5.4767907783770120,5.4613354784962187,489.2900649148718912,5.8834828301161881,5.8045739554540905,5.9147406689130841,-5.0061868845127488,0.3972740203686248,0.4534051904158407,-0.7855606047195538,-4.2206262797930671,-0.4025309777143104,-0.4024275633118428,0.9649013933910370,517.8504413192625861,4.5639104167897546,4.8521298323502657,4.2849924288913011,23.5541895198776778,-0.9222983929614629,-1.1763430496048031,2.3091790269591814,21.2450104929185883,1.9776958508917259,1.9772354676359223,496.7192886654678432,3.0849998303191715,3.1776103628079224,3.0095055658850498,2.4230368660833079,-2.4012089794287599,-2.4518299126111480,3.6156252651597929,-1.1925883990773642,-0.0006196338635081,-0.0007307684693669,4.8827039382918969,6.8427467106266091,0.5776900304020973,6.5474356984792728,1.0381727551728988,-1.0290899827287285,-0.8326847308918932,-0.4660821752296325,2.0672627379014754,8.8666025556638068,0.3666025556638073,683.3206547072476269,0.6356451585007460,0.1430132252667070,684.3726560850989244,-0.1757057205735052,2.9731792887862918,246.8532768141242570,-2.9473043186153554,-3.4633242717869379,-2.6222104419937637,243.5149536631559215,0.3352657359107210,0.3626750173529758,0.3185024491151845,3.3383231509682152,854.3485286001840677,360.0522768007998025,10.6331439150641813,11.1132784750970703,-2.1293614614054581,0.2529012283598907,52.8226870217486635,2.3005333529997078,2.3084031718600913,2.2811630573441457,0.4729127895118962,-1.2244189999999997,472.0993021965033449,0.0000000000006284,0.0612635175491433,419.2766151747550225,-2.3005333529995093,-2.2471396543110846,-0.5220999783009574,419.7987151530559231,-2.2001325340577127,-2.0883594196933712,123.7994979405390410,0.0000000000009363,0.0000000000000320,70.9768109187901644,-2.3005333529996386,-2.3084031718600682,0.2672329022226593,70.7095780165673915,-2.0760234392496515,-2.0737567033183404,0.0000000000000000,0.0000000000000000,0.0000000000000000,0.0000000000000000,0.0000000000000000,0.0000000000000000,0.0000000000000000,0.0000000000000000,0.0000000000000000,0.0000000000000000,0.0000000000000000,0.0000000000000000,0.0000000000000000,0.0000000000000000,0.0000000000000000,0.0000000000000000,0.0000000000000000,0.0000000000000000,0.0000000000000000,0.0000000000000000,0.0000000000000000,0.0000000000000000,0.0000000000000000,0.0000000000000000,0.0000000000000000,0.0000000000000000,0.0000000000000000,0.0000000000000000,0.0765291894917856,0.0482328731139729,-0.3014699880212150,-0.2139601186906956,0.0311798243407096,0.0128110000000000,-0.2789760453194154,-0.2104781399147098,,,,,,,,,,,,,,,,,,,,,,,,,,,,,,,,,,,,,,,,,,,,,,,,,,,,,,,,,,,,,,,,,,,,,,,,,,,,,,,,,,,,,,,,,,,,,,,,,,,,17.0000000000000000,,,,,,,,,,,,,,,,,,,,,,,,,,,,,,,,,,,,,1.6172874389836760,0.2744179292395115,756.6446741381180345,1171.3086739740035682,4018.7826342736111656,,,,,,,,,,,,,,,,9.3067103472413830,6.3727406377370066,13.5497675732954406,7.4474141191784078,2.2529325974844219,0.9100630877402576,5.8890696626702113,5133.2039044752818882,928.1622418383458353
"2024Q3",13.1314474164572665,809.4413501368865127,768.3848768607482498,694.8048290420109652,609.6333126421367297,653.8086540003077971,693.5061974509573020,495.6654494939794517,490.7412084037358113,519.0634737773505094,497.5136912561708868,7.0039526997918236,8.8299423000974286,683.5459548212768368,858.3100688397266822,0.3042803581060781,53.3929777860847494,0.4729127895118967,-1.0944544299999994,472.0993021965032881,123.7994979405390694,-0.5289639045208788,0.2171161017090527,809.0061179292849829,768.0829938660917833,609.3210936111164528,694.8106105715593230,652.4133084878078535,693.1275751421217137,4.8823351861570279,21.7394986276096631,-1.1927278166966613,243.5945792754347679,2.9758613599076638,0.4350260125401720,13.2625952316925844,-0.0005781529548323,0.4352322076012656,13.1314474164572665,13.2625952316925844,-0.1305696622804315,-0.0005781529548323,0.0215412707425983,0.3018829946573157,0.3774388532667559,-0.3802236731288928,768.3848768607482498,5.4879435846114841,5.8112984954439240,768.0829938660917833,5.0343828656303780,5.0470846787379369,0.3122190310203189,0.3802092717265421,-0.3802236731288158,609.6333126421367297,6.8873441247859768,7.2691487313003122,609.3210936111164528,6.4825579712003343,6.6136537470468628,-0.0057815295483197,694.8048290420109652,11.8079665192734069,11.9276237447147047,694.8106105715593230,11.7955139940926124,11.9010168870307531,1.3953455124996859,1.2747292221329689,-2.6031449281910861,653.8086540003077971,6.8810484717866487,7.1827196288612116,652.4133084878078535,7.3482254410306203,7.5500929086293658,0.3786223088360419,693.5061974509573020,5.3470526149535997,5.5406796128146860,693.1275751421217137,5.1858770046840545,5.2109640544808329,0.4352322076012656,0.4709926903951648,809.4413501368865127,7.4653347954898841,7.7902888803732422,809.0061179292849829,7.2105897810660533,7.2954170122897031,495.6654494939794517,5.4767907783773149,5.4652672396739375,5.4776839386703688,490.7412084037358113,5.8045739554536757,5.7139982689202986,5.8923834757946407,-4.9242410902436768,0.3277831770770734,0.4146995371232655,-0.6029676512795480,-4.3212734389639955,-0.4025886366822023,-0.4024955637201434,0.8688147517201468,519.0634737773505094,4.8521298323506254,5.1753137366907200,4.4754199711422915,23.3980242833706527,-0.6246609460290781,-1.0022639675276721,1.6585256557610104,21.7394986276096631,1.9779525387643511,1.9775381938341252,497.5136912561708868,3.1776103628077941,3.2912101252369519,3.0633244160324686,1.8482417621913978,-2.2991804155697242,-2.4143595226377612,3.0409695788873514,-1.1927278166966613,-0.0005576704771573,-0.0006576916224334,4.8823351861570279,7.0039526997918236,0.5676235582321721,6.6637308060421256,1.2899544308719360,-0.8940298256953132,-0.7101659732247156,-0.3802236731288526,2.1839842565670882,8.8299423000974286,0.3299423000974279,683.5459548212768368,0.9012004561158096,0.4703862042813492,684.5512930697647107,0.4350260125401720,2.9758613599076638,246.1977242036255404,-2.6222104419937233,-3.1205013328372395,-2.2785089394114149,243.5945792754347679,0.3185024491151851,0.3445412664853139,0.3025773266594255,2.6031449281908459,858.3100688397266822,362.6446193457472873,10.3693701797864826,10.7992674708635796,-2.1184523884401072,0.3042803581060781,53.3929777860847494,2.2811630573441448,2.3014959386765197,2.2678126870190178,0.4729127895118967,-1.0944544299999994,472.0993021965032881,0.0000000000002995,0.0612635175491045,418.7063244104188584,-2.2811630573438650,-2.2402324211275384,-0.5289639045208788,419.2352883149397371,-2.2537073524666398,-2.1610951051647525,123.7994979405390694,0.0000000000011092,0.0000000000000389,70.4065201544540855,-2.2811630573439428,-2.3014959386764615,0.2171161017090527,70.1894040527449192,-2.0806958552898034,-2.0753664186302818,0.0000000000000000,0.0000000000000000,0.0000000000000000,0.0000000000000000,0.0000000000000000,0.0000000000000000,0.0000000000000000,0.0000000000000000,0.0000000000000000,0.0000000000000000,0.0000000000000000,0.0000000000000000,0.0000000000000000,0.0000000000000000,0.0000000000000000,0.0000000000000000,0.0000000000000000,0.0000000000000000,0.0000000000000000,0.0000000000000000,0.0000000000000000,0.0000000000000000,0.0000000000000000,0.0000000000000000,0.0000000000000000,0.0000000000000000,0.0000000000000000,0.0000000000000000,0.0665532034477803,0.0446838290207841,-0.3014699880212146,-0.2052619179742844,0.0220360830865113,0.0075226700000001,-0.2735880718146980,-0.2122747599651162,,,,,,,,,,,,,,,,,,,,,,,,,,,,,,,,,,,,,,,,,,,,,,,,,,,,,,,,,,,,,,,,,,,,,,,,,,,,,,,,,,,,,,,,,,,,,,,,,,,,18.0000000000000000,,,,,,,,,,,,,,,,,,,,,,,,,,,,,,,,,,,,,1.6043265769535495,0.3052082809649788,774.6104014379295677,1190.6570550785136220,4154.9844346662621319,,,,,,,,,,,,,,,,9.3865755048560082,6.5534613520343878,13.3318610626637692,7.3069545103615416,2.5055270330693591,1.2064087370807883,5.8665262671738860,5340.6395376993732498,930.2557498800306348
"2024Q4",13.1607774763437497,811.2665213423229034,769.7170863551581306,697.7384398319331922,611.3018981062145940,655.4942289573979224,694.8192532601115090,497.0317663038984506,492.1697079709662148,520.3573022115236881,498.3364937874811176,7.1408737514255183,8.7969480700876872,683.8378739818994063,862.2108552026280677,0.3439346056818273,53.9599309578395534,0.5143742779164115,-0.9810351970999992,472.0993021965032881,123.7994979405390694,-0.5217550697780666,0.1717072490135933,810.7955286519272704,769.3396475018910223,610.9216888344876679,697.7421978261396589,654.2194997352645487,694.4202086359454142,4.8820033092356452,22.2340445170720820,-1.1928532925540301,243.6702236070996719,2.9782752239168984,0.9705367043592475,13.3024510828831009,-0.0003757994206411,0.4709926903953793,13.1607774763437497,13.3024510828831009,-0.1412978071186639,-0.0003757994206411,0.0197400258849368,0.3774388532676851,0.4234613274164066,-0.3004708668031596,769.7170863551581306,5.3288379776412320,5.6018016989625572,769.3396475018910223,5.0266145431960165,5.0386812656482425,0.3802092717268928,0.4216755951376179,-0.3004708668030835,611.3018981062145940,6.6743418563091605,7.0207519740140611,610.9216888344876679,6.4023808934874769,6.5269218805416029,-0.0037579942064077,697.7384398319331922,11.7344431596881904,11.8480913398245171,697.7421978261396589,11.7263490183211196,11.8307968823298530,1.2747292221335107,1.1669349929355650,-1.9578733616731039,655.4942289573979224,6.7422998283614515,6.9858378611017775,654.2194997352645487,7.2247649898262516,7.4165390840450831,0.3990446241662542,694.8192532601115090,5.2522232366171524,5.4153249078295396,694.4202086359454142,5.1705339752970119,5.1943666726038558,0.4709926903953793,0.4874264259578229,811.2665213423229034,7.3006848217466818,7.5788263230606150,810.7955286519272704,7.1576428905696856,7.2391993868470736,497.0317663038984506,5.4652672396737945,5.4551393618241564,5.4784565910614162,492.1697079709662148,5.7139982689198776,5.6201300323977863,5.8345941489004991,-4.8620583329323139,0.2487310292461440,0.3561375578380366,-0.4401247615294749,-4.4219335714026995,-0.4026405297533112,-0.4025567640876128,0.7683688246518610,520.3573022115236881,5.1753137366910176,5.5160031141508341,4.7302579354211156,23.3255359076245767,-0.2899535029852575,-0.7481986556401612,1.0914913905525376,22.2340445170720820,1.9781835578497136,1.9778106474125043,498.3364937874811176,3.2912101252368258,3.4223511039163066,3.1425270339207065,1.3047274835826481,-2.1740571144370855,-2.3359295571405494,2.4975807761359161,-1.1928532925540301,-0.0005019034294416,-0.0005919224601928,4.8820033092356452,7.1408737514255183,0.5564943824748204,6.7640512666259003,1.5207437190281385,-0.7639447681153676,-0.5974189368892112,-0.3004708668031200,2.2846884871433528,8.7969480700876872,0.2969480700876864,683.8378739818994063,1.1676766424897038,0.7613981972509933,684.7992150288307585,0.9705367043592475,2.9782752239168984,245.6280969687726383,-2.2785089394107128,-2.7807411979461572,-1.9153191493920922,243.6702236070996719,0.3025773266594260,0.3273142031610435,0.2874484603264544,1.9578733616728632,862.2108552026280677,365.1790888987295602,10.1378782119259512,10.5178943094241291,-2.1086342227712911,0.3439346056818273,53.9599309578395534,2.2678126870190165,2.2924547537039799,2.2207023865615274,0.5143742779164115,-0.9810351970999992,472.0993021965032881,0.0000000000008525,0.0612635175492302,418.1393712386641255,-2.2678126870180932,-2.2311912361548800,-0.5217550697780666,418.6611263084421353,-2.2966480259921913,-2.2212765583324101,123.7994979405390694,0.0000000000010236,0.0000000000000430,69.8395669826992957,-2.2678126870188060,-2.2924547537039524,0.1717072490135933,69.6678597336855745,-2.0861772762372475,-2.0789311702872837,0.0000000000000000,0.0000000000000000,0.0000000000000000,0.0000000000000000,0.0000000000000000,0.0000000000000000,0.0000000000000000,0.0000000000000000,0.0000000000000000,0.0000000000000000,0.0000000000000000,0.0000000000000000,0.0000000000000000,0.0000000000000000,0.0000000000000000,0.0000000000000000,0.0000000000000000,0.0000000000000000,0.0000000000000000,0.0000000000000000,0.0000000000000000,0.0000000000000000,0.0000000000000000,0.0000000000000000,0.0000000000000000,0.0000000000000000,0.0000000000000000,0.0000000000000000,0.0579110690621134,0.0468296952201064,-0.2600084996167003,-0.1937974489751210,0.0132124947659848,0.0039737899000002,-0.2683114087722152,-0.2135510064764236,,,,,,,,,,,,,,,,,,,,,,,,,,,,,,,,,,,,,,,,,,,,,,,,,,,,,,,,,,,,,,,,,,,,,,,,,,,,,,,,,,,,,,,,,,,,,,,,,,,,19.0000000000000000,,,,,,,,,,,,,,,,,,,,,,,,,,,,,,,,,,,,,1.5913657149233233,0.3359986326905162,793.2302642906263372,1210.9377363156468164,4293.7697968425673025,,,,,,,,,,,,,,,,9.5013421857744795,6.7558985117973727,13.1425621860903181,7.1630923673138982,2.7590423574130272,1.5036752751802200,5.8418773643436364,5553.0830223279190250,932.9753121871835901
"2025Q1",13.1920881978766502,813.0596318345907321,771.0179174885286102,700.6542240529822720,612.9249175970398937,657.1633041184965123,696.1154432036547632,498.3955511443549540,493.5747404790658379,521.7363029900615174,499.1920815634612723,7.2538587816510152,8.7672532630789188,684.2089011060103303,866.0592787177847640,0.3952857052490367,54.5151065544799849,0.7214242530286343,-0.8811356611869992,472.0993021965033449,123.7994979405390694,-0.4943614253198239,0.1395128803325747,812.5722054086324988,770.5944561611121344,612.5032420019020947,700.6566667492164697,655.9963691255602498,695.7091981602897022,4.8817046200064009,22.7286423858287066,-1.1929662208256633,243.7420857221813435,2.9804477015252093,1.4270637959839285,13.3385603952875780,-0.0002442696234169,0.4874264259580459,13.1920881978766502,13.3385603952875780,-0.1462279277874640,-0.0002442696234169,0.0179325213905297,0.4234613274173369,0.4463149717719894,-0.2293188431163467,771.0179174885286102,5.2033245334847411,5.4252918529844303,770.5944561611121344,5.0192346368833736,5.0306980232130263,0.4216755951379621,0.4419274343142481,-0.2293188431162489,612.9249175970398937,6.4920779632994359,6.7955001620863316,612.5032420019020947,6.3262126696602623,6.4445266073615484,-0.0024426962341649,700.6542240529822720,11.6631368841959215,11.7725204750475392,700.6566667492164697,11.6578756923073410,11.7612790776758835,1.1669349929361126,1.0644351677717452,-1.4071814592433829,657.1633041184965123,6.6763006443939519,6.8383566735741903,655.9963691255602498,7.1074775611821011,7.2896629506900430,0.4062450433652839,696.1154432036547632,5.1847597741739015,5.3116782939344764,695.7091981602897022,5.1559580973793215,5.1785991598206422,0.4874264259580459,0.4879569933366891,813.0596318345907321,7.1724419690720795,7.3997898742319821,812.5722054086324988,7.1067070268210362,7.1851466186333219,498.3955511443549540,5.4551393618244317,5.4443784948908496,5.4708515474069603,493.5747404790658379,5.6201300323973689,5.5251450510311333,5.7555462717237456,-4.8208106652891658,0.1649906705733192,0.2846947243155792,-0.2982052855066190,-4.5226053797824060,-0.4026872335173138,-0.4026118444183366,0.6713774326160225,521.7363029900615174,5.5160031141510544,5.8528835014449525,5.0268392749951047,23.3407518457061443,0.0608637523253452,-0.4440122724118200,0.6121094598774746,22.7286423858287066,1.9783914750265399,1.9780558556330525,499.1920815634612723,3.4223511039161703,3.5658120662708228,3.2440428555731726,0.7965304191060570,-2.0327882579084728,-2.2268086918340626,1.9894966399310074,-1.1929662208256633,-0.0004517130864974,-0.0005327302141773,4.8817046200064009,7.2538587816510152,0.5434502695232929,6.8514054641376401,1.7287137306202858,-0.6436743470282131,-0.4965721061936352,-0.2293188431162832,2.3723880776483410,8.7672532630789188,0.2672532630789190,684.2089011060103303,1.4841084964439148,1.0471576883889164,685.1111589879005805,1.4270637959839285,2.9804477015252093,245.1492671814244773,-1.9153191493913879,-2.4408357123537190,-1.6106277984924757,243.7420857221813435,0.2874484603264548,0.3109484930029880,0.2730760373101318,1.4071814592431999,866.0592787177847640,367.6637275734299806,9.9385546987977982,10.2697367513976552,-2.0997978736693566,0.3952857052490367,54.5151065544799849,2.2207023865615265,2.2675528709811958,2.2225505664946472,0.7214242530286343,-0.8811356611869992,472.0993021965033449,0.0000000000008544,0.0000000000003169,417.5841956420237011,-2.2207023865608986,-2.2675528709810449,-0.4943614253198239,418.0785570673435245,-2.3302769643963570,-2.2701912192263904,123.7994979405390694,0.0000000000010005,0.0000000000000050,69.2843913860588572,-2.2207023865614035,-2.2675528709811990,0.1395128803325747,69.1448785057261688,-2.0919249118375194,-2.0837053706536368,0.0000000000000000,0.0000000000000000,0.0000000000000000,0.0000000000000000,0.0000000000000000,0.0000000000000000,0.0000000000000000,0.0000000000000000,0.0000000000000000,0.0000000000000000,0.0000000000000000,0.0000000000000000,0.0000000000000000,0.0000000000000000,0.0000000000000000,0.0000000000000000,0.0000000000000000,0.0000000000000000,0.0000000000000000,0.0000000000000000,0.0000000000000000,0.0000000000000000,0.0000000000000000,0.0000000000000000,0.0000000000000000,0.0000000000000000,0.0000000000000000,0.0000000000000000,0.0719871759081185,0.0103996910227188,-0.0861277152280897,-0.1708732820574218,0.0141665885526515,0.0017960162030001,-0.2632937410033845,-0.2143653632239962,,,,,,,,,,,,,,,,,,,,,,,,,,,,,,,,,,,,,,,,,,,,,,,,,,,,,,,,,,,,,,,,,,,,,,,,,,,,,,,,,,,,,,,,,,,,,,,,,,,,20.0000000000000000,,,,,,,,,,,,,,,,,,,,,,,,,,,,,,,,,,,,,1.5382167549571710,-1.2742764355089862,812.6984376476345915,1227.3796459067546039,4440.8393919470654509,,,,,,,,,,,,,,,,9.6986258957950380,5.3945918351088302,13.4713292880363582,7.7031282050627903,3.0223252514010861,0.2098320609349287,6.2988873189642787,5770.9545966449777552,936.4433333277777365
"2025Q2",13.2244414120561249,814.8245844023847440,772.2938270643555825,703.5526007715526475,614.5086326504721228,658.8098179193250417,697.3969700657759176,499.7566457680782719,494.9560267418240187,523.1995238654230889,500.0835345800300047,7.3446569740470258,8.7405279367710289,684.6318927775213297,869.8616115241645730,0.4246037446681827,55.0707441961037034,0.7627828540821983,-0.7923268073513889,472.0993021965033449,123.7994979405390694,-0.4610244281058727,0.1082526122009426,814.3366274090475372,771.8475120925839974,614.0667052161575157,703.5541885241049158,657.7453827515529383,696.9947259136284856,4.8814357997000810,23.2232870359501149,-1.1930678562701340,243.8103547315089372,2.9824029313726896,1.8177395987298846,13.3709872853125216,-0.0001587752552211,0.4879569933369103,13.2244414120561249,13.3709872853125216,-0.1463870980011214,-0.0001587752552211,0.0161340573848606,0.4463149717729184,0.4510136065488313,-0.1661098225911805,772.2938270643555825,5.1036383033126773,5.2809360997594288,771.8475120925839974,5.0122237258863622,5.0231139428995766,0.4419274343145953,0.4452906628196709,-0.1661098225910759,614.5086326504721228,6.3348602137268548,6.5971560395317841,614.0667052161575157,6.2538528570244081,6.3662510978404843,-0.0015877525522071,703.5526007715526475,11.5935068742809229,11.6997633593602437,703.5541885241049158,11.5900870995537009,11.6924564510685265,1.0644351677722823,0.9649735034210718,-0.9362555002924031,658.8098179193250417,6.5860552033149524,6.7214260369633907,657.7453827515529383,6.9960545039701580,7.1691306240027037,0.4022441521478588,697.3969700657759176,5.1261074484863167,5.2275357685570940,696.9947259136284856,5.1421110133575159,5.1636200226766462,0.4879569933369103,0.4758540958021977,814.8245844023847440,7.0598102711766773,7.2495679643702093,814.3366274090475372,7.0576880016604919,7.1331569250276026,499.7566457680782719,5.4443784948909526,5.4350498811576831,5.4603939686927729,494.9560267418240187,5.5251450510307230,5.4341735666414275,5.6659618269524108,-4.8006190262543305,0.0807665561401264,0.2055678582584608,-0.1773313297451869,-4.6232876965090108,-0.4027292669049067,-0.4026614167159864,0.5776166947288920,523.1995238654230889,5.8528835014452101,6.1752514130211962,5.3490825461590461,23.4428780973444262,0.4085050065521295,-0.1113114225334400,0.2195910613943321,23.2232870359501149,1.9785786004856836,1.9782765430315414,500.0835345800300047,3.5658120662706692,3.7183205805902322,3.3642459145608234,0.3268888119517562,-1.8785664286195418,-2.0961480541318616,1.5199566682211230,-1.1930678562701340,-0.0004065417778477,-0.0004794571927633,4.8814357997000810,7.3446569740470258,0.5265435550301302,6.9282048922613120,1.9104834074059962,-0.5390149520600855,-0.4066377593605832,-0.1661098225911187,2.4494983594659243,8.7405279367710289,0.2405279367710282,684.6318927775213297,1.6919666860438258,1.3112380702742104,685.5003173464986048,1.8177395987298846,2.9824029313726896,244.7466102318009860,-1.6106277984925723,-2.1066665823231960,-1.2300524685837120,243.8103547315089372,0.2730760373101322,0.2954010683528368,0.2594222354446253,0.9362555002920980,869.8616115241645730,370.1049657560865853,9.7649527306227668,10.0526889552872376,-2.0918451594776157,0.4246037446681827,55.0707441961037034,2.2225505664946463,2.2480571743549191,2.2399216981879708,0.7627828540821983,-0.7923268073513889,472.0993021965033449,0.0000000000007424,0.0000000000003188,417.0285580003999826,-2.2225505664939709,-2.2480571743546531,-0.4610244281058727,417.4895824285058552,-2.3558985553524234,-2.3091327245500675,123.7994979405390694,0.0000000000011064,0.0000000000000455,68.7287537444351528,-2.2225505664944261,-2.2480571743548956,0.1082526122009426,68.6205011322340965,-2.0975094939681727,-2.0890768843332688,0.0000000000000000,0.0000000000000000,0.0000000000000000,0.0000000000000000,0.0000000000000000,0.0000000000000000,0.0000000000000000,0.0000000000000000,0.0000000000000000,0.0000000000000000,0.0000000000000000,0.0000000000000000,0.0000000000000000,0.0000000000000000,0.0000000000000000,0.0000000000000000,0.0000000000000000,0.0000000000000000,0.0000000000000000,0.0000000000000000,0.0000000000000000,0.0000000000000000,0.0000000000000000,0.0000000000000000,0.0000000000000000,0.0000000000000000,0.0000000000000000,0.0000000000000000,0.0530351817340877,0.0499361113218308,-0.2104090942643036,-0.1545203444075813,0.0064082095581631,0.0006952877169102,-0.2586492873957021,-0.2147770733144049,,,,,,,,,,,,,,,,,,,,,,,,,,,,,,,,,,,,,,,,,,,,,,,,,,,,,,,,,,,,,,,,,,,,,,,,,,,,,,,,,,,,,,,,,,,,,,,,,,,,21.0000000000000000,,,,,,,,,,,,,,,,,,,,,,,,,,,,,,,,,,,,,1.5519805010000409,0.0631512792704843,832.9179361698159028,1248.6770005737230349,4586.9738038681243779,,,,,,,,,,,,,,,,9.8300023903588194,6.8812254138006264,12.9508375325864975,7.0254901504238001,3.2439471870438670,1.7551179653143101,5.8910272614098194,5994.6106240868339228,940.4127999742952397
"2025Q3",13.2569415003924558,816.5651055730264716,773.5499165392429859,706.4339005831278655,616.0582736377322135,660.4329069048795873,698.6661974707541276,501.1154082383682180,496.3145701334848354,524.7433367186787336,501.0131147251786388,7.4156577845401079,8.7164751430939269,685.1229426274887828,873.6234714435386195,0.4334039238812580,55.6307246206507457,1.0105758907779514,-0.7126571759308471,472.0993021965034018,123.7994979405390978,-0.4273176770474268,0.0739177477610014,816.0892514772235700,773.0989029326940454,615.6129829749119153,706.4349326222868513,659.4679334014577989,698.2769649845121194,4.8811938614243937,23.7179737892998332,-1.1931593281701598,243.8752102903701484,2.9841626382354214,2.1268735516436674,13.3998009330491925,-0.0001032039158938,0.4758540958024107,13.2569415003924558,13.3998009330491925,-0.1427562287407715,-0.0001032039158938,0.0143552219103881,0.4510136065497673,0.4415334187033139,-0.1097503520242385,773.5499165392429859,5.0243578995524025,5.1650396784942716,773.0989029326940454,5.0055633604392016,5.0159090666017709,0.4452906628200232,0.4352928173868252,-0.1097503520241625,616.0582736377322135,6.1985639490369477,6.4249609955952076,615.6129829749119153,6.1851110350203466,6.2918893637954287,-0.0010320391589345,706.4339005831278655,11.5251992463002306,11.6290715411169536,706.4349326222868513,11.5229763927275961,11.6243220507272760,0.9649735034215972,0.8643778646536996,-0.5638868242848390,660.4329069048795873,6.4923559422176229,6.6242529045708460,659.4679334014577989,6.8902025996188119,7.0546249136498167,0.3892324862420066,698.6661974707541276,5.0769096199127413,5.1600000197972067,698.2769649845121194,5.1289562835367999,5.1493898423897875,0.4758540958024107,0.4533380112177988,816.5651055730264716,6.9620846825669132,7.1237554361392084,816.0892514772235700,7.0104962727046445,7.0831335479372175,501.1154082383682180,5.4350498811577639,5.4194230289590966,5.4499587443879367,496.3145701334848354,5.4341735666409923,5.3407428789167630,5.5733617297491751,-4.8008381048836197,-0.0008763145164792,0.1234029853601022,-0.0768586341356456,-4.7239794707478255,-0.4027670969537345,-0.4027060317838719,0.4934606414998325,524.7433367186787336,6.1752514130214333,6.4680912356870497,5.6798629413266530,23.6279284803099578,0.7402015318611556,0.2299041969391316,-0.0900453089898348,23.7179737892998332,1.9787470133989129,1.9784751616901850,501.0131147251786388,3.7183205805900990,3.8747268164970841,3.4994234690064734,-0.1022935131896561,-1.7167293005682129,-1.9505352753814791,1.0908658149796799,-1.1931593281701598,-0.0003658876000629,-0.0004315114734910,4.8811938614243937,7.4156577845401079,0.5046963933719247,6.9963833504478350,2.0749149056237459,-0.4430416803533673,-0.3262254951165514,-0.1097503520241932,2.5179565859769677,8.7164751430939269,0.2164751430939265,685.1229426274887828,1.9641993998697653,1.5769878062127933,685.9375039034279098,2.1268735516436674,2.9841626382354214,244.4390971146546576,-1.2300524685839616,-1.7586270889707429,-0.9820139860740160,243.8752102903701484,0.2594222354446258,0.2806310149352017,0.2464511236723942,0.5638868242845907,873.6234714435386195,372.5080632051704015,9.6123897963315592,9.8634438594236062,-2.0846877167050488,0.4334039238812580,55.6307246206507457,2.2399216981879699,2.2377468345658884,2.2713959369153267,1.0105758907779514,-0.7126571759308471,472.0993021965034018,0.0000000000008326,0.0000000000003949,416.4685775758529758,-2.2399216981873407,-2.2377468345655536,-0.4273176770474268,416.8958952529004023,-2.3747487024237715,-2.3393930620393353,123.7994979405390978,0.0000000000011112,0.0000000000000546,68.1687733198881318,-2.2399216981877625,-2.2377468345658484,0.0739177477610014,68.0948555721270168,-2.1025822404282404,-2.0945484806178785,0.0000000000000000,0.0000000000000000,0.0000000000000000,0.0000000000000000,0.0000000000000000,0.0000000000000000,0.0000000000000000,0.0000000000000000,0.0000000000000000,0.0000000000000000,0.0000000000000000,0.0000000000000000,0.0000000000000000,0.0000000000000000,0.0000000000000000,0.0000000000000000,0.0000000000000000,0.0000000000000000,0.0000000000000000,0.0000000000000000,0.0000000000000000,0.0000000000000000,0.0000000000000000,0.0000000000000000,0.0000000000000000,0.0000000000000000,0.0000000000000000,0.0000000000000000,0.0342764038931658,0.0658286990686585,0.0042970615885977,-0.1414825316217851,-0.0051066591456867,0.0004369506854029,-0.2544400026065900,-0.2148236958568845,,,,,,,,,,,,,,,,,,,,,,,,,,,,,,,,,,,,,,,,,,,,,,,,,,,,,,,,,,,,,,,,,,,,,,,,,,,,,,,,,,,,,,,,,,,,,,,,,,,,22.0000000000000000,,,,,,,,,,,,,,,,,,,,,,,,,,,,,,,,,,,,,1.5657442470428489,1.4005789940500064,854.0509652478185671,1275.3093942218131360,4731.9492206160402930,,,,,,,,,,,,,,,,10.0222995891302382,8.4416880138325130,12.4466841396225298,6.3223090899740475,3.5299436469126144,3.3647783939197717,5.4845994570556176,6224.4148345681533101,945.0420522838123816
"2025Q4",13.2890064086134974,818.2838511663652525,774.7902453547137611,709.2983959950759072,617.5782273683275889,662.0297220887333651,699.9246831880760737,502.4702639956087751,497.6497558532144012,526.3603595276007354,501.9817964293039836,7.4693654617827443,8.6948276287845356,685.6447758664705816,877.3474327874725986,0.4229360654898085,56.1985736048796269,1.0105758907779521,-0.6405575988929216,472.0993021965034018,123.7994979405390978,-0.3981716696065409,0.0327868934539168,817.8305131551468321,774.3487119360104316,617.1429345509403674,709.2990668205293332,661.1653442240791492,699.5560798070633837,4.8809761169762744,24.2126984355550263,-1.1932416528801837,243.9368230712883019,2.9857463744118800,2.3827613117534576,13.4250748945243323,-0.0000670825453311,0.4533380112180191,13.2890064086134974,13.4250748945243323,-0.1360014033654517,-0.0000670825453311,0.0126034394649032,0.4415334187042465,0.4203964421863509,-0.0607145135001717,774.7902453547137611,4.9613152618861402,5.0731589995554200,774.3487119360104316,4.9992360132643991,5.0090644341189181,0.4352928173871776,0.4141632541212202,-0.0607145135000785,617.5782273683275889,6.0798149223790547,6.2763292621126299,617.1429345509403674,6.1198063041164890,6.2212457164526658,-0.0006708254533074,709.2983959950759072,11.4579816477919501,11.5599561631427701,709.2990668205293332,11.4565367929697537,11.5568689943894221,0.8643778646542098,0.7499624169632806,-0.2567705468478600,662.0297220887333651,6.3872607354157367,6.5354931313348139,661.1653442240791492,6.7896432904850332,6.9458444888144717,0.3686033810127688,699.9246831880760737,5.0339428692876469,5.1054299279646944,699.5560798070633837,5.1164592902071195,5.1358711711173504,0.4533380112180191,0.4202493393460351,818.2838511663652525,6.8749823733559117,7.0173298240417248,817.8305131551468321,6.9650467116937866,7.0349845032183049,502.4702639956087751,5.4194230289598098,5.4017681531008872,5.4384976917094230,497.6497558532144012,5.3407428789163003,5.2506055641081408,5.4800478822484981,-4.8205081423944112,-0.0786801500424845,0.0415501905379333,0.0041716143533521,-4.8246797567476278,-0.4028011439976856,-0.4027461853449701,0.4140245183449070,526.3603595276007354,6.4680912356872842,6.7310879655774292,6.0030573160755472,23.8900955319916051,1.0486682067256374,0.5645596243668527,-0.3226029035633943,24.2126984355550263,1.9788985850208194,1.9786539184829595,501.9817964293039836,3.8747268164969606,4.0330096215312130,3.6453026418215391,-0.4884675663048140,-1.5446962124629859,-1.7931950498878333,0.7047740865746014,-1.1932416528801837,-0.0003292988400566,-0.0003883603261459,4.8809761169762744,7.4693654617827443,0.4778236348632915,7.0574923159865275,2.2187598976750103,-0.3605574453328703,-0.2555421422830798,-0.0607145135001229,2.5793173430077321,8.6948276287845356,0.1948276287845349,685.6447758664705816,2.0873329559274714,1.8069018845717828,686.4391795766632640,2.3827613117534576,2.9857463744118800,244.1935936181358500,-0.9820139860742874,-1.4345033506366913,-0.6437940279507274,243.9368230712883019,0.2464511236723947,0.2665994641884511,0.2341285674887747,0.2567705468476404,877.3474327874725986,374.8771687918641646,9.4764223467713400,9.6980798931350627,-2.0782460182097386,0.4229360654898085,56.1985736048796269,2.2713959369153254,2.2386426470399683,2.3243124448136725,1.0105758907779521,-0.6405575988929216,472.0993021965034018,0.0000000000006845,0.0000000000004064,415.9007285916241585,-2.2713959369145726,-2.2386426470397005,-0.3981716696065409,416.2989002612306422,-2.3879799666809283,-2.3622260472114842,123.7994979405390978,0.0000000000010184,0.0000000000000393,67.6009243356592435,-2.2713959369151624,-2.2386426470399368,0.0327868934539168,67.5681374422052130,-2.1068725196871112,-2.0997222914803384,0.0000000000000000,0.0000000000000000,0.0000000000000000,0.0000000000000000,0.0000000000000000,0.0000000000000000,0.0000000000000000,0.0000000000000000,0.0000000000000000,0.0000000000000000,0.0000000000000000,0.0000000000000000,0.0000000000000000,0.0000000000000000,0.0000000000000000,0.0000000000000000,0.0000000000000000,0.0000000000000000,0.0000000000000000,0.0000000000000000,0.0000000000000000,0.0000000000000000,0.0000000000000000,0.0000000000000000,0.0000000000000000,0.0000000000000000,0.0000000000000000,0.0000000000000000,0.0155363770414254,0.0834060324413553,-0.1939373677680037,-0.1332347098371356,-0.0211730624116141,0.0008338594448407,-0.2507061344995340,-0.2145485033016942,,,,,,,,,,,,,,,,,,,,,,,,,,,,,,,,,,,,,,,,,,,,,,,,,,,,,,,,,,,,,,,,,,,,,,,,,,,,,,,,,,,,,,,,,,,,,,,,,,,,23.0000000000000000,,,,,,,,,,,,,,,,,,,,,,,,,,,,,,,,,,,,,1.5795079930857208,2.7380067088294755,875.7898146171554572,1307.1340828588181466,4875.4107361301857964,,,,,,,,,,,,,,,,10.0541016844289288,9.8592825340445938,11.9468557875925949,5.6740301850467514,3.6668409490131921,4.8253396647569469,5.0718734142366833,6460.5796889012635802,949.9864854627417117
"2026Q1",13.3207680648190596,819.9810770905972959,776.0174146365592378,712.1463211812870213,619.0715395075003471,663.5888346277449727,701.1719206729916323,503.8207060338844485,498.9624072442416605,528.0431315189956649,502.9900488346879115,7.5075251312688671,8.6753448659060837,686.2154006393066084,881.0356531957739890,0.3687756302786384,56.7796517160830945,1.2166020803083080,-0.5747649815181339,472.0993021965033449,123.7994979405391121,-0.3800846202315146,-0.0207423334056499,819.5608277512505992,775.5970181943727084,618.6573762533791978,712.1467572178316914,662.8388722107812328,700.8322265936988060,4.8807801469729677,24.7074571854251452,-1.1933157451192062,243.9953552131605647,2.9871717369706925,2.5664480596886943,13.4468864702774962,-0.0000436036544653,0.4202493393462481,13.3207680648190596,13.4468864702774962,-0.1260748018039207,-0.0000436036544653,0.0108839860493488,0.4203964421872842,0.3904396691844795,-0.0188292520195272,776.0174146365592378,4.9086771273845953,4.9994971480302555,775.5970181943727084,4.9932250334483363,5.0025620332600829,0.4141632541215635,0.3845479655729251,-0.0188292520194452,619.0715395075003471,5.9732485566901667,6.1466219104601558,618.6573762533791978,6.0577668097578234,6.1541342514770694,-0.0004360365446497,712.1463211812870213,11.3917007448440177,11.4920971283046907,712.1467572178316914,11.3907615892094896,11.4900904686149694,0.7499624169638035,0.6313709425650439,-0.0372898979874802,663.5888346277449727,6.2364501560473045,6.4255305092478450,662.8388722107812328,6.6941119468079435,6.8425030852208542,0.3396940792928070,701.1719206729916323,4.9889499396618415,5.0564774693371852,700.8322265936988060,5.1045871465439232,5.1230284334084848,0.4202493393462481,0.3801421440416221,819.9810770905972959,6.7889036969285037,6.9214452560060353,819.5608277512505992,6.9212583844157018,6.9886223426168428,503.8207060338844485,5.4017681531008082,5.3756763556928693,5.4251548895288089,498.9624072442416605,5.2506055641076967,5.1566331963981673,5.3876667651760553,-4.8582987896428085,-0.1511625889929063,-0.0374881243536197,0.0670889136896383,-4.9253877033323210,-0.4028317863372431,-0.4027823235499568,0.3436574510754322,528.0431315189956649,6.7310879655776912,6.9602187659524652,6.3068285289325088,24.2224254851104064,1.3293198124742922,0.8816736394040899,-0.4850317003146991,24.7074571854251452,1.9790349994805352,1.9788147995964538,502.9900488346879115,4.0330096215310736,4.1894396309656408,3.7979672712254104,-0.8306571991967752,-1.3687585315699788,-1.6271876183032574,0.3626585459216060,-1.1933157451192062,-0.0002963689560510,-0.0003495242935351,4.8807801469729677,7.5075251312688671,0.4455657517616867,7.1127772552028290,2.3508919348711101,-0.2839369596959420,-0.1941741179239912,-0.0188292520194818,2.6348288945668945,8.6753448659060837,0.1753448659060825,686.2154006393066084,2.2824990913436434,2.0064995332969806,686.9703512257187867,2.5664480596886943,2.9871717369706925,244.0326451111478150,-0.6437940279509299,-1.1166220702766168,-0.4452499114051055,243.9953552131605647,0.2341285674887751,0.2532694909790423,0.2224221391143361,0.0372898979872599,881.0356531957739890,377.2149471618895973,9.3511134800977711,9.5512195884599489,-2.0724484895639597,0.3687756302786384,56.7796517160830945,2.3243124448136707,2.2645451616030061,2.3368887793829183,1.2166020803083080,-0.5747649815181339,472.0993021965033449,0.0000000000006042,0.0000000000002911,415.3196504804206484,-2.3243124448133168,-2.2645451616027614,-0.3800846202315146,415.6997351006521058,-2.3966606423159496,-2.3788219666914285,123.7994979405391121,0.0000000000010846,0.0000000000000580,67.0198462244557902,-2.3243124448134718,-2.2645451616029479,-0.0207423334056499,67.0405885578613407,-2.1101955373754424,-2.1042899478648178,0.0000000000000000,0.0000000000000000,0.0000000000000000,0.0000000000000000,0.0000000000000000,0.0000000000000000,0.0000000000000000,0.0000000000000000,0.0000000000000000,0.0000000000000000,0.0000000000000000,0.0000000000000000,0.0000000000000000,0.0000000000000000,0.0000000000000000,0.0000000000000000,0.0000000000000000,0.0000000000000000,0.0000000000000000,0.0000000000000000,0.0000000000000000,0.0000000000000000,0.0000000000000000,0.0000000000000000,0.0000000000000000,0.0000000000000000,0.0000000000000000,0.0000000000000000,-0.0287842712817821,0.1111431493578165,0.0120888217623513,-0.1332181850754587,-0.0446767656270091,0.0017368574854955,-0.2474786723031140,-0.2140102696570418,,,,,,,,,,,,,,,,,,,,,,,,,,,,,,,,,,,,,,,,,,,,,,,,,,,,,,,,,,,,,,,,,,,,,,,,,,,,,,,,,,,,,,,,,,,,,,,,,,,,24.0000000000000000,,,,,,,,,,,,,,,,,,,,,,,,,,,,,,,,,,,,,1.6138467072304177,5.7608522956258312,898.2587026367000362,1350.4228571983212532,5010.6757182265428128,,,,,,,,,,,,,,,,10.1327959546213648,13.0323013266313161,10.9465701735106880,4.2696610528713803,3.8963457985740613,8.0433513869694746,4.1576664765821842,6703.3087848274699354,955.4228395276985566
"2026Q2",13.3512451407615611,821.6607334806996050,777.2343365142131688,714.9778848284493051,620.5416315414810242,665.1210824459257083,702.4110244431353749,505.1646251228082747,500.2515655433416555,529.7831862104840184,504.0374087424304435,7.5328543351440702,8.6578103793154764,686.8090242657092404,884.6888169511825026,0.3137163660057774,57.3638739109288736,1.2577564309943561,-0.5142613205461897,472.0993021965034586,123.7994979405391405,-0.3638602754521119,-0.0768471966865007,821.2805913366571531,776.8438968450286666,620.1570835759077909,714.9781682522034316,664.4897115033600130,702.1055537462142411,4.8806037739699910,25.2022466285486999,-1.1933824281343273,244.0509607479392002,2.9884545632736241,2.7071634469177397,13.4653161263496131,-0.0000283423754026,0.3801421440418501,13.3512451407615611,13.4653161263496131,-0.1140426432125999,-0.0000283423754026,0.0092006568483567,0.3904396691854217,0.3554090291423139,0.0146098987206672,777.2343365142131688,4.8676875106192217,4.9405094498572550,776.8438968450286666,4.9875146026230768,4.9963847524441780,0.3845479655732725,0.3500681802828097,0.0146098987207564,620.5416315414810242,5.8803681359205839,6.0329988910086421,620.1570835759077909,5.9988292901170919,6.0903783597502414,-0.0002834237540222,714.9778848284493051,11.3262545886489612,11.4252840568967127,714.9781682522034316,11.3256441374868277,11.4239797280982636,0.6313709425655910,0.5323288944781776,0.1296281146424381,665.1210824459257083,6.1289912727227556,6.3112645265999250,664.4897115033600130,6.6033571703147080,6.7443287518069459,0.3054706969210605,702.4110244431353749,4.9564150805742377,5.0140543773595558,702.1055537462142411,5.0933086100638869,5.1108278325851364,0.3801421440418501,0.3394248141943444,821.6607334806996050,6.7186255604091425,6.8361490783144321,821.2805913366571531,6.8790543416269250,6.9439639276083565,505.1646251228082747,5.3756763556929847,5.3466934814219931,5.4079793547292008,500.2515655433416555,5.1566331963977543,5.0647259553423138,5.2955388015178659,-4.9130595794667906,-0.2190431592953022,-0.1124405532124372,0.1130429649767529,-5.0261025444434129,-0.4028593644428378,-0.4028148479344446,0.2781880923058840,529.7831862104840184,6.9602187659525869,7.1622861738923005,6.5836623450595706,24.6185610876752889,1.5845424102586441,1.1756829903307024,-0.5836855408733688,25.2022466285486999,1.9791577724942793,1.9789595925986001,504.0374087424304435,4.1894396309655031,4.3425703283466328,3.9538741623990905,-1.1272163803779225,-1.1862367247269525,-1.4541051923300490,0.0661660477556382,-1.1933824281343273,-0.0002667320604459,-0.0003145718641864,4.8806037739699910,7.5328543351440702,0.4097475651735038,7.1632386844134155,2.4681283798021711,-0.2173658950840348,-0.1432004805931569,0.0146098987207222,2.6854942748860533,8.6578103793154764,0.1578103793154753,686.8090242657092404,2.3744945056100155,2.1771314881886892,687.5475178656022308,2.7071634469177397,2.9884545632736241,243.9213326332963732,-0.4452499114046322,-0.8252775985046011,-0.2905429177550656,244.0509607479392002,0.2224221391143365,0.2406060164300841,0.2113010321586194,-0.1296281146427439,884.6888169511825026,379.5241918283743985,9.2369786659357054,9.4192260722883017,-2.0672307137827586,0.3137163660057774,57.3638739109288736,2.3368887793829174,2.2931297148250693,2.2655635694299292,1.2577564309943561,-0.5142613205461897,472.0993021965034586,0.0000000000010514,0.0000000000003789,414.7354282855749261,-2.3368887793821838,-2.2931297148247376,-0.3638602754521119,415.0992885610269809,-2.4017861585023197,-2.3902938674788561,123.7994979405391405,0.0000000000011766,0.0000000000000791,66.4356240296100538,-2.3368887793826336,-2.2931297148250045,-0.0768471966865007,66.5124712262964266,-2.1124693262595580,-2.1080299059376495,0.0000000000000000,0.0000000000000000,0.0000000000000000,0.0000000000000000,0.0000000000000000,0.0000000000000000,0.0000000000000000,0.0000000000000000,0.0000000000000000,0.0000000000000000,0.0000000000000000,0.0000000000000000,0.0000000000000000,0.0000000000000000,0.0000000000000000,0.0000000000000000,0.0000000000000000,0.0000000000000000,0.0000000000000000,0.0000000000000000,0.0000000000000000,0.0000000000000000,0.0000000000000000,0.0000000000000000,0.0000000000000000,0.0000000000000000,0.0000000000000000,0.0000000000000000,-0.0329327264561431,0.0813862776083862,-0.1115777791758850,-0.1282078109085724,-0.0617052933003761,0.0030271628201309,-0.2447915804179649,-0.2132933426216592,,,,,,,,,,,,,,,,,,,,,,,,,,,,,,,,,,,,,,,,,,,,,,,,,,,,,,,,,,,,,,,,,,,,,,,,,,,,,,,,,,,,,,,,,,,,,,,,,,,,25.0000000000000000,,,,,,,,,,,,,,,,,,,,,,,,,,,,,,,,,,,,,1.6138467072304394,5.7608522956258517,921.2684271115581396,1395.3526453100269009,5148.4529963861314172,,,,,,,,,,,,,,,,10.1173324855632103,13.0917618818101040,10.8502002395835042,4.1929604504603208,3.9883412128404547,8.1353468012358672,4.1315746791743608,6952.7195870818941330,961.1113226203448221
"2026Q3",,,,,,,,,,,,,,,,,,,,,,,,,,,,,,,,,,,,,,,,,,,,,,,,,,,,,,,,,,,,,,,,,,,,,,,,,,,,,,,,,,,,,,,,,,,,,,,,,,,,,,,,,,,,,,,,,,,,,,,,,,,,,,,,,,,,,,,,,,,,,,,,,,,,,,,,,,,,,,,,,,0.2582423980105331,,2.3409074253798963,,,1.4632745150525679,,472.0993021965034018,,,,,,-0.3480104500994798,,,,123.7994979405390552,,,,,,-0.1336376174881622,,,,,,,,,,,,,,,,,,,,,,,,,,,,,,,,,,,,,,,,,,,,,,,,,,,,,,,,,,,,,,,,,,,,,,,,,,,,,,,,,,,,,,,,,,,,,,,,,,,,,,,,,,,,,,,,,,,,,,,,,,,,,,,,,,,,,,,,,,,,,,,,,,,,,,,,,,,,,,,,,,,,,,,,,,,,,,,,1.6138467072304394,5.7608522956258312,,,,,,,,,,,,,,,,,,,,,,,,,,,
"2026Q4",,,,,,,,,,,,,,,,,,,,,,,,,,,,,,,,,,,,,,,,,,,,,,,,,,,,,,,,,,,,,,,,,,,,,,,,,,,,,,,,,,,,,,,,,,,,,,,,,,,,,,,,,,,,,,,,,,,,,,,,,,,,,,,,,,,,,,,,,,,,,,,,,,,,,,,,,,,,,,,,,,0.2026417789034674,,2.3335239291593552,,,1.5043274952126555,,472.0993021965034018,,,,,,-0.3301084329210653,,,,123.7994979405390552,,,,,,-0.1884643740009437,,,,,,,,,,,,,,,,,,,,,,,,,,,,,,,,,,,,,,,,,,,,,,,,,,,,,,,,,,,,,,,,,,,,,,,,,,,,,,,,,,,,,,,,,,,,,,,,,,,,,,,,,,,,,,,,,,,,,,,,,,,,,,,,,,,,,,,,,,,,,,,,,,,,,,,,,,,,,,,,,,,,,,,,,,,,,,,,1.6138467072304394,5.7608522956258312,,,,,,,,,,,,,,,,,,,,,,,,,,,