"Variables ->","obs_def","obs_l_y","obs_l_cons","obs_l_gcons","obs_l_inv","obs_l_exp","obs_l_imp","obs_l_cpi","obs_l_cpi_core","obs_l_cpi_food","obs_l_cpi_ener","obs_i","obs_prem_d","obs_l_s","obs_l_md","obs_l_ystar_gap","obs_l_cpistar","obs_istar","obs_rstar_tnd","obs_l_foodstar","obs_l_enerstar","obs_l_rp_foodstar_gap","obs_l_rp_enerstar_gap","tune_l_y_tnd","tune_l_cons_tnd","tune_l_inv_tnd","tune_l_gcons_tnd","tune_l_exp_tnd","tune_l_imp_tnd","tune_d4l_cpi_tar","tune_l_rp_cpi_food_tnd","tune_l_rp_cpi_ener_tnd","tune_l_z_tnd","tune_prem","tune_dl_s_tar","tune_def_str","tune_def_discr","tune_l_y_gap","def","def_str","def_cyc","def_discr","fisc_imp","l_cons_gap","e_l_cons_gap","rmci_cons","l_cons","dl_cons","d4l_cons","l_cons_tnd","dl_cons_tnd","d4l_cons_tnd","l_inv_gap","e_l_inv_gap","rmci_inv","l_inv","dl_inv","d4l_inv","l_inv_tnd","dl_inv_tnd","d4l_inv_tnd","l_gcons_gap","l_gcons","dl_gcons","d4l_gcons","l_gcons_tnd","dl_gcons_tnd","d4l_gcons_tnd","l_exp_gap","e_l_exp_gap","rmci_exp","l_exp","dl_exp","d4l_exp","l_exp_tnd","dl_exp_tnd","d4l_exp_tnd","l_imp_gap","l_imp","dl_imp","d4l_imp","l_imp_tnd","dl_imp_tnd","d4l_imp_tnd","l_y_gap","e_l_y_gap","l_y","dl_y","d4l_y","l_y_tnd","dl_y_tnd","d4l_y_tnd","l_cpi","dl_cpi","e_dl_cpi","d4l_cpi","l_cpi_core","dl_cpi_core","e_dl_cpi_core","d4l_cpi_core","l_rp_cpi_core","dl_rp_cpi_core","d4l_rp_cpi_core","l_rp_cpi_core_gap","l_rp_cpi_core_tnd","dl_rp_cpi_core_tnd","d4l_rp_cpi_core_tnd","rmc","l_cpi_food","dl_cpi_food","e_dl_cpi_food","d4l_cpi_food","l_rp_cpi_food","dl_rp_cpi_food","d4l_rp_cpi_food","l_rp_cpi_food_gap","l_rp_cpi_food_tnd","dl_rp_cpi_food_tnd","d4l_rp_cpi_food_tnd","l_cpi_ener","dl_cpi_ener","e_dl_cpi_ener","d4l_cpi_ener","l_rp_cpi_ener","dl_rp_cpi_ener","d4l_rp_cpi_ener","l_rp_cpi_ener_gap","l_rp_cpi_ener_tnd","dl_rp_cpi_ener_tnd","d4l_rp_cpi_ener_tnd","d4l_cpi_tar","i","d4l_cpi_dev","i_tnd","r","r_gap","e4_r_gap","r4_gap","r_tnd","prem_d","prem_d_gap","l_s","dl_s","d4l_s","e_l_s","dl_s_tar","prem","l_z","dl_z","d4l_z","e_dl_z","l_z_tnd","dl_z_tnd","d4l_z_tnd","e_dl_z_tnd","l_z_gap","l_md","l_rmd","dl_rmd","d4l_rmd","dl_v","l_ystar_gap","l_cpistar","dl_cpistar","d4l_cpistar","e_dl_cpistar","istar","rstar_tnd","l_foodstar","dl_foodstar","d4l_foodstar","l_rp_foodstar","dl_rp_foodstar","d4l_rp_foodstar","l_rp_foodstar_gap","l_rp_foodstar_tnd","dl_rp_foodstar_tnd","d4l_rp_foodstar_tnd","l_enerstar","dl_enerstar","d4l_enerstar","l_rp_enerstar","dl_rp_enerstar","d4l_rp_enerstar","l_rp_enerstar_gap","l_rp_enerstar_tnd","dl_rp_enerstar_tnd","d4l_rp_enerstar_tnd","shock_def_discr","shock_def_str","shock_l_cons_gap","shock_l_inv_gap","shock_l_gcons_gap","shock_l_exp_gap","shock_l_imp_gap","shock_l_y_gap","shock_dl_cpi_core","shock_dl_cpi_food","shock_dl_cpi_ener","shock_l_cpi","shock_i","shock_prem_d_gap","shock_l_s","shock_dl_s_tar","shock_dl_rmd","shock_dl_v","shock_dl_cons_tnd","shock_dl_inv_tnd","shock_dl_gcons_tnd","shock_dl_exp_tnd","shock_dl_imp_tnd","shock_d4l_cpi_tar","shock_dl_rp_cpi_food_tnd","shock_dl_rp_cpi_ener_tnd","shock_dl_z_tnd","shock_prem","shock_l_ystar_gap","shock_dl_cpistar","shock_istar","shock_l_rp_foodstar_gap","shock_l_rp_enerstar_gap","shock_rstar_tnd","shock_dl_rp_foodstar_tnd","shock_dl_rp_enerstar_tnd","d1","d2","d3","d4","d5","d6","a1_cons","a2_cons","a3_cons","a4_cons","a5_cons","a6_cons","a1_inv","a2_inv","a3_inv","a4_inv","a5_inv","a6_inv","a1_gcons","a1_exp","a2_exp","a3_exp","a5_exp","a6_exp","w_imp_cons","w_imp_inv","w_imp_gcons","w_imp_exp","w_y_cons","w_y_inv","w_y_gcons","w_y_exp","w_y_imp","w_core","w_food","w_ener","b1","b2","b3","b4","bf1","bf2","bf3","be1","be2","be3","c1","c2","c3","c4","c5","c6","e1","e2","e3","e4","e5","e6","m1","m2","m3","r_cons","r_inv","r_gcons","r_exp","r_imp","r_z","r_rp_food","r_rp_ener","ss_def_str","ss_debt_fcy_rat","ss_prem_debt_fcy","ss_prem_debt_lcy","ss_dl_y_tnd","ss_d4l_cpi_tar","ss_dl_rp_cpi_food_tnd","ss_dl_rp_cpi_ener_tnd","ss_dl_z_tnd","ss_prem","ss_prem_d","ss_dl_v","r_ystar","r_cpistar","r_istar","r_rstar_tnd","r_rp_foodstar_gap","r_rp_enestar_gap","r_rp_foodstar_tnd","r_rp_enerstar_tnd","ss_dl_cpistar","ss_rstar_tnd","ss_dl_rp_foodstar_tnd","ss_dl_rp_enerstar_tnd","mu_pimp","mu_pexp","r_debt_fcy_rat","gamma_r","gamma_k","k_bar","ttrend","std_shock_def_discr","std_shock_def_str","std_shock_l_cons_gap","std_shock_l_inv_gap","std_shock_l_gcons_gap","std_shock_l_exp_gap","std_shock_l_imp_gap","std_shock_l_y_gap","std_shock_dl_cpi_core","std_shock_dl_cpi_food","std_shock_dl_cpi_ener","std_shock_l_cpi","std_shock_i","std_shock_prem_d_gap","std_shock_l_s","std_shock_dl_s_tar","std_shock_dl_rmd","std_shock_dl_v","std_shock_dl_cons_tnd","std_shock_dl_inv_tnd","std_shock_dl_gcons_tnd","std_shock_dl_exp_tnd","std_shock_dl_imp_tnd","std_shock_d4l_cpi_tar","std_shock_dl_rp_cpi_food_tnd","std_shock_dl_rp_cpi_ener_tnd","std_shock_dl_z_tnd","std_shock_prem","std_shock_l_ystar_gap","std_shock_dl_cpistar","std_shock_istar","std_shock_l_rp_foodstar_gap","std_shock_l_rp_enerstar_gap","std_shock_rstar_tnd","std_shock_dl_rp_foodstar_tnd","std_shock_dl_rp_enerstar_tnd","dl_pexpstar","dl_pimpstar","nexp","nimp","ny","tb_rat","intp_fcy","intp_lcy","debt_fcy","debt_lcy","i_debt_fcy","i_debt_lcy","dBP","dBD","dBF","NFG","debt","debt_fcy_rat","def_fcy","def_lcy","dl_nexp","dl_nimp","dl_ny","dl_pdom","dl_pexp","dl_pimp","dl_py","md","s"
"Comments ->"
"1995Q1",,,,,,,,,,,,,,,,,,,,,,,,,,,,,,,,,,,,,,,,,,,,,,,,,,,,,,,,,,,,,,,,,,,,,,,,,,,,,,,,,,,,,,,,,,,,,,,,,,,,,,,,,,,,,,,,,,,,,,,,,,,,,,,,,,,,,,,,,,,,,,,,,,,,,,,,,,,,,,,,,,,,,,,,,,,,,,,,,,,,,,,,,,,,,,,,,,,,,,,,,,,,,,,,,,,,,,,,,,,,,,,,,0.3000000000000000,0.0000000000000000,0.5000000000000000,0.9500000000000000,0.1000000000000000,0.1000000000000000,0.6500000000000000,0.0000000000000000,0.1000000000000000,0.3000000000000000,0.5000000000000000,1.0000000000000000,0.6500000000000000,0.0000000000000000,0.1000000000000000,0.3000000000000000,0.3000000000000000,1.0000000000000000,0.6500000000000000,0.6500000000000000,0.0000000000000000,0.1000000000000000,0.5000000000000000,0.0000000000000000,0.2307692307692308,0.3076923076923077,0.3076923076923077,0.1538461538461539,0.7000000000000000,0.3000000000000001,0.1000000000000000,0.2000000000000000,0.3000000000000000,0.7747000000000001,0.1577000000000000,0.0676000000000000,0.5000000000000000,0.2000000000000000,0.0500000000000000,0.8000000000000000,0.5000000000000000,0.1000000000000000,0.0300000000000000,0.5000000000000000,0.0100000000000000,0.0100000000000000,0.5000000000000000,0.5000000000000000,0.5000000000000000,0.0000000000000000,0.9000000000000000,0.9000000000000000,0.5000000000000000,0.2000000000000000,0.9000000000000000,0.0000000000000000,0.3000000000000000,0.8500000000000000,0.7000000000000000,0.5000000000000000,0.9000000000000000,0.9500000000000000,0.9500000000000000,0.9900000000000000,0.9500000000000000,0.9500000000000000,0.9500000000000000,0.9000000000000000,0.9000000000000000,4.9222999999999999,0.8461538461538461,-0.5000000000000000,2.7999999999999998,4.8790164169432053,4.8790164169432053,1.9802627296179729,0.0000000000000000,0.0000000000000000,3.0000000000000000,8.5000000000000000,-2.0202707317519466,0.9399999999999999,0.8000000000000000,0.8000000000000000,0.9000000000000000,0.6200000000000000,0.7300000000000000,0.9000000000000000,0.9000000000000000,1.9802627296179729,0.0000000000000000,0.0000000000000000,0.0000000000000000,0.3000000000000000,0.3000000000000000,0.8461538461538461,1.0000000000000000,0.5000000000000000,455.3876891600540944,,3.0000000000000000,0.3000000000000000,2.5000000000000000,6.0000000000000000,6.0000000000000000,6.0000000000000000,0.5000000000000000,0.0001000000000000,2.0000000000000000,9.0000000000000000,3.5000000000000000,0.0001000000000000,1.0000000000000000,0.8000000000000000,0.3500000000000000,0.3000000000000000,1.0000000000000000,0.1000000000000000,0.2500000000000000,0.5000000000000000,0.5000000000000000,0.7500000000000000,0.2500000000000000,0.1000000000000000,0.5000000000000000,0.1500000000000000,0.1000000000000000,0.1000000000000000,0.2500000000000000,3.7999999999999998,0.4500000000000000,5.2999999999999998,13.9000000000000004,0.5000000000000000,0.5000000000000000,2.5000000000000000,11.5377272918078635,9.5493864791960057,,,,,,,,,,,,,,,,,,,,,,,,,,,
"1995Q2",,,,,,,,,,,,,,,,,,,,,,,,,,,,,,,,,,,,,,,,,,,,,,,,,,,,,,,,,,,,,,,,,,,,,,,,,,,,,,,,,,,,,,,,,,,,,,,,,,,,,,,,,,,,,,,,,,,,,,,,,,,,,,,,,,,,,,,,,,,,,,,,,,,,,,,,,,,,,,,,,,,,,,,,,,,,,,,,,,,,,,,,,,,,,,,,,,,,,,,,,,,,,,,,,,,,,,,,,,,,,,,,,,,,,,,,,,,,,,,,,,,,,,,,,,,,,,,,,,,,,,,,,,,,,,,,,,,,,,,,,,,,,,,,,,,,,,,,,,,,,,,,,,,,,,,,,,,,,,,,,,,,,,,,,,,,,,,,,,,,,,,,,,,,,,,,,,,,,,,,,9.2772764875456275,7.3043652290852714,,,,,,,,,,,,,,,,,,,,,,,,,,,
"1995Q3",,,,,,,,,,,,,,,,,,,,,,,,,,,,,,,,,,,,,,,,,,,,,,,,,,,,,,,,,,,,,,,,,,,,,,,,,,,,,,,,,,,,,,,,,,,,,,,,,,,,,,,,,,,,,,,,,,,,,,,,,,,,,,,,,,,,,,,,,,,,,,,,,,,,,,,,,,,,,,,,,,,,,,,,,,,,,,,,,,,,,,,,,,,,,,,,,,,,,,,,,,,,,,,,,,,,,,,,,,,,,,,,,,,,,,,,,,,,,,,,,,,,,,,,,,,,,,,,,,,,,,,,,,,,,,,,,,,,,,,,,,,,,,,,,,,,,,,,,,,,,,,,,,,,,,,,,,,,,,,,,,,,,,,,,,,,,,,,,,,,,,,,,,,,,,,,,,,,,,,,,7.0168256832834466,5.0593439789745380,,,,,,,,,,,,,,,,,,,,,,,,,,,
"1995Q4",,,,,,,,,,,,,,,,,,,,,,,,,,,,,,,,,,,,,,,,,,,,,,,,,,,,,,,,,,,,,,,,,,,,,,,,,,,,,,,,,,,,,,,,,,,,,,,,,,,,,,,,,,,,,,,,,,,,,,,,,,,,,,,,,,,,,,,,,,,,,,,,,,,,,,,,,,,,,,,,,,,,,,,,,,,,,,,,,,,,,,,,,,,,,,,,,,,,,,,,,,,,,,,,,,,,,,,,,,,,,,,,,,,,,,,,,,,,,,,,,,,,,,,,,,,,,,,,,,,,,,,,,,,,,,,,,,,,,,,,,,,,,,,,,,,,,,,,,,,,,,,,,,,,,,,,,,,,,,,,,,,,,,,,,,,,,,,,,,,,,,,,,,,,,,,,,,,,,,,,,4.7563748790212426,2.8143227288638144,,,,,,,,,,,,,,,,,,,,,,,,,,,
"1996Q1",,,,,,,,,,,,,,,,,,,,,,,,,,,,,,,,,,,,,,,,,,,,,,,,,,,,,,,,,,,,,,,,,,,,,,,,,,,,,,,,,,,,,,,,,,,,,,,,,,,,,,,,,,,,,,,,,,,,,,,,,,,,,,,,,,,,,,,,,,,,,,,,,,,,,,,,,,,,,,,,,,,,,,,,,,,,,,,,,,,,,,,,,,,,,,,,,,,,,,,,,,,,,,,,,,,,,,,,,,,,,,,,,,,,,,,,,,,,,,,,,,,,,,,,,,,,,,,,,,,,,,,,,,,,,,,,,,,,,,,,,,,,,,,,,,,,,,,,,,,,,,,,,,,,,,,,,,,,,,,,,,,,,,,,,,,,,,,,,,,,,,,,,,,,,,,,,,,,,,,,,-0.7589008555114688,-2.0912696198689416,,,,,,,,,,,,,,,,,,,,,,,,,,,
"1996Q2",,,,,,,,,,,,,,,,,,,,,,,,,,,,,,,,,,,,,,,,,,,,,,,,,,,,,,,,,,,,,,,,,,,,,,,,,,,,,,,,,,,,,,,,,,,,,,,,,,,,,,,,,,,,,,,,,,,,,,,,,,,,,,,,,,,,,,,,,,,,,,,,,,,,,,,,,,,,,,,,,,,,,,,,,,,,,,,,,,,,,,,,,,,,,,,,,,,,,,,,,,,,,,,,,,,,,,,,,,,,,,,,,,,,,,,,,,,,,,,,,,,,,,,,,,,,,,,,,,,,,,,,,,,,,,,,,,,,,,,,,,,,,,,,,,,,,,,,,,,,,,,,,,,,,,,,,,,,,,,,,,,,,,,,,,,,,,,,,,,,,,,,,,,,,,,,,,,,,,,,,-1.3308220732369205,-2.4643483516647278,,,,,,,,,,,,,,,,,,,,,,,,,,,
"1996Q3",,,,,,,,,,,,,,,,,,,,,,,,,,,,,,,,,,,,,,,,,,,,,,,,,,,,,,,,,,,,,,,,,,,,,,,,,,,,,,,,,,,,,,,,,,,,,,,,,,,,,,,,,,,,,,,,,,,,,,,,,,,,,,,,,,,,,,,,,,,,,,,,,,,,,,,,,,,,,,,,,,,,,,,,,,,,,,,,,,,,,,,,,,,,,,,,,,,,,,,,,,,,,,,,,,,,,,,,,,,,,,,,,,,,,,,,,,,,,,,,,,,,,,,,,,,,,,,,,,,,,,,,,,,,,,,,,,,,,,,,,,,,,,,,,,,,,,,,,,,,,,,,,,,,,,,,,,,,,,,,,,,,,,,,,,,,,,,,,,,,,,,,,,,,,,,,,,,,,,,,,-1.9027432909623843,-2.8374270834604856,,,,,,,,,,,,,,,,,,,,,,,,,,,
"1996Q4",,,,,,,,,,,,,,,,,,,,,,,,,,,,,,,,,,,,,,,,,,,,,,,,,,,,,,,,,,,,,,,,,,,,,,,,,,,,,,,,,,,,,,,,,,,,,,,,,,,,,,,,,,,,,,,,,,,,,,,,,,,,,,,,,,,,,,,,,,,,,,,,,,,,,,,,,,,,,,,,,,,,,,,,,,,,,,,,,,,,,,,,,,,,,,,,,,,,,,,,,,,,,,,,,,,,,,,,,,,,,,,,,,,,,,,,,,,,,,,,,,,,,,,,,,,,,,,,,,,,,,,,,,,,,,,,,,,,,,,,,,,,,,,,,,,,,,,,,,,,,,,,,,,,,,,,,,,,,,,,,,,,,,,,,,,,,,,,,,,,,,,,,,,,,,,,,,,,,,,,,-2.4746645086878254,-3.2105058152562544,,,,,,,,,,,,,,,,,,,,,,,,,,,
"1997Q1",,,,,,,,,,,,,,,,,,,,,,,,,,,,,,,,,,,,,,,,,,,,,,,,,,,,,,,,,,,,,,,,,,,,,,,,,,,,,,,,,,,,,,,,,,,,,,,,,,,,,,,,,,,,,,,,,,,,,,,,,,,,,,,,,,,,,,,,,,,,,,,,,,,,,,,,,,,,,,,,,,,,,,,,,,,,,,,,,,,,,,,,,,,,,,,,,,,,,,,,,,,,,,,,,,,,,,,,,,,,,,,,,,,,,,,,,,,,,,,,,,,,,,,,,,,,,,,,,,,,,,,,,,,,,,,,,,,,,,,,,,,,,,,,,,,,,,,,,,,,,,,,,,,,,,,,,,,,,,,,,,,,,,,,,,,,,,,,,,,,,,,,,,,,,,,,,,,,,,,,,-5.0934910054663840,-3.8582556437451379,,,,,,,,,,,,,,,,,,,,,,,,,,,
"1997Q2",,,,,,,,,,,,,,,,,,,,,,,,,,,,,,,,,,,,,,,,,,,,,,,,,,,,,,,,,,,,,,,,,,,,,,,,,,,,,,,,,,,,,,,,,,,,,,,,,,,,,,,,,,,,,,,,,,,,,,,,,,,,,,,,,,,,,,,,,,,,,,,,,,,,,,,,,,,,,,,,,,,,,,,,,,,,,,,,,,,,,,,,,,,,,,,,,,,,,,,,,,,,,,,,,,,,,,,,,,,,,,,,,,,,,,,,,,,,,,,,,,,,,,,,,,,,,,,,,,,,,,,,,,,,,,,,,,,,,,,,,,,,,,,,,,,,,,,,,,,,,,,,,,,,,,,,,,,,,,,,,,,,,,,,,,,,,,,,,,,,,,,,,,,,,,,,,,,,,,,,,-4.3132476865104872,-4.5889512711974163,,,,,,,,,,,,,,,,,,,,,,,,,,,
"1997Q3",,,,,,,,,,,,,,,,,,,,,,,,,,,,,,,,,,,,,,,,,,,,,,,,,,,,,,,,,,,,,,,,,,,,,,,,,,,,,,,,,,,,,,,,,,,,,,,,,,,,,,,,,,,,,,,,,,,,,,,,,,,,,,,,,,,,,,,,,,,,,,,,,,,,,,,,,,,,,,,,,,,,,,,,,,,,,,,,,,,,,,,,,,,,,,,,,,,,,,,,,,,,,,,,,,,,,,,,,,,,,,,,,,,,,,,,,,,,,,,,,,,,,,,,,,,,,,,,,,,,,,,,,,,,,,,,,,,,,,,,,,,,,,,,,,,,,,,,,,,,,,,,,,,,,,,,,,,,,,,,,,,,,,,,,,,,,,,,,,,,,,,,,,,,,,,,,,,,,,,,,-3.5330043675545881,-5.3196468986497214,,,,,,,,,,,,,,,,,,,,,,,,,,,
"1997Q4",,,,,,,,,,,,,,,,,,,,,,,,,,,,,,,,,,,,,,,,,,,,,,,,,,,,,,,,,,,,,,,,,,,,,,,,,,,,,,,,,,,,,,,,,,,,,,,,,,,,,,,,,,,,,,,,,,,,,,,,,,,,,,,,,,,,,,,,,,,,,,,,,,,,,,,,,,,,,,,,,,,,,,,,,,,,,,,,,,,,,,,,,,,,,,,,,,,,,,,,,,,,,,,,,,,,,,,,,,,,,,,,,,,,,,,,,,,,,,,,,,,,,,,,,,,,,,,,,,,,,,,,,,,,,,,,,,,,,,,,,,,,,,,,,,,,,,,,,,,,,,,,,,,,,,,,,,,,,,,,,,,,,,,,,,,,,,,,,,,,,,,,,,,,,,,,,,,,,,,,,-2.7527610485987002,-6.0503425261020105,,,,,,,,,,,,,,,,,,,,,,,,,,,
"1998Q1",,,,,,,,,,,,,,,,,,,,,,,,,,,,,,,,,,,,,,,,,,,,,,,,,,,,,,,,,,,,,,,,,,,,,,,,,,,,,,,,,,,,,,,,,,,,,,,,,,,,,,,,,,,,,,,,,,,,,,,,,,,,,,,,,,,,,,,,,,,,,,,,,,,,,,,,,,,,,,,,,,,,,,,,,,,,,,,,,,,,,,,,,,,,,,,,,,,,,,,,,,,,,,,,,,,,,,,,,,,,,,,,,,,,,,,,,,,,,,,,,,,,,,,,,,,,,,,,,,,,,,,,,,,,,,,,,,,,,,,,,,,,,,,,,,,,,,,,,,,,,,,,,,,,,,,,,,,,,,,,,,,,,,,,,,,,,,,,,,,,,,,,,,,,,,,,,,,,,,,,,1.6640881999846826,-8.6865007048411904,,,,,,,,,,,-40.1630080400000011,,,,,,,,,,,,,,,,
"1998Q2",,,,,,,,,,,,,,,,,,,,,,,,,,,,,,,,,,,,,,,,,,,,,,,,,,,,,,,,,,,,,,,,,,,,,,,,,,,,,,,,,,,,,,,,,,,,,,,,,,,,,,,,,,,,,,,,,,,,,,,,,,,,,,,,,,,,,,,,,,,,,,,,,,,,,,,,,,,,,,,,,,,,,,,,,,,,,,,,,,,,,,,,,,,,,,,,,,,,,,,,,,,,,,,,,,,,,,,,,,,,,,,,,,,,,,,,,,,,,,,,,,,,,,,,,,,,,,,,,,,,,,,,,,,,,,,,,,,,,,,,,,,,,,,,,,,,,,,,,,,,,,,,,,,,,,,,,,,,,,,,,,,,,,,,,,,,,,,,,,,,,,,,,,,,,,,,,,,,,,,,,0.3425300237827352,-7.6277938563767576,,,,,,,,,,,-40.1630080400000011,,,,,,,,,,,,,,,,
"1998Q3",,,,,,,,,,,,,,,,,,,,,,,,,,,,,,,,,,,,,,,,,,,,,,,,,,,,,,,,,,,,,,,,,,,,,,,,,,,,,,,,,,,,,,,,,,,,,,,,,,,,,,,,,,,,,,,,,,,,,,,,,,,,,,,,,,,,,,,,,,,,,,,,,,,,,,,,,,,,,,,,,,,,,,,,,,,,,,,,,,,,,,,,,,,,,,,,,,,,,,,,,,,,,,,,,,,,,,,,,,,,,,,,,,,,,,,,,,,,,,,,,,,,,,,,,,,,,,,,,,,,,,,,,,,,,,,,,,,,,,,,,,,,,,,,,,,,,,,,,,,,,,,,,,,,,,,,,,,,,,,,,,,,,,,,,,,,,,,,,,,,,,,,,,,,,,,,,,,,,,,,,-0.9790281524192073,-6.5690870079123265,,,,,,,,,,,-40.1630080400000011,,,,,,,,,,,,,,,,
"1998Q4",,,,,,,,,,,,,,,,,,,,,,,,,,,,,,,,,,,,,,,,,,,,,,,,,,,,,,,,,,,,,,,,,,,,,,,,,,,,,,,,,,,,,,,,,,,,,,,,,,,,,,,,,,,,,,,,,,,,,,,,,,,,,,,,,,,,,,,,,,,,,,,,,,,,,,,,,,,,,,,,,,,,,,,,,,,,,,,,,,,,,,,,,,,,,,,,,,,,,,,,,,,,,,,,,,,,,,,,,,,,,,,,,,,,,,,,,,,,,,,,,,,,,,,,,,,,,,,,,,,,,,,,,,,,,,,,,,,,,,,,,,,,,,,,,,,,,,,,,,,,,,,,,,,,,,,,,,,,,,,,,,,,,,,,,,,,,,,,,,,,,,,,,,,,,,,,,,,,,,,,,-2.3005863286211552,-5.5103801594478776,,,,,,,,,,,-40.1630080400000011,,,,,,,,,,,,,,,,
"1999Q1",,,,,,,,,,,,,,,,,,,,,,,,,,,,,,,,,,,,,,,,,,,,,,,,,,,,,,,,,,,,,,,,,,,,,,,,,,,,,,,,,,,,,,,,,,,,,,,,,,,,,,,,,,,,,,,,,,,,,,,,,,,,,,,,,,,,,,,,,,,,,,,,,,,,,,,,,,,,,,,,,,,,,,,,,,,,,,,,,,,,,,,,,,,,,,,,,,,,,,,,,,,,,,,,,,,,,,,,,,,,,,,,,,,,,,,,,,,,,,,,,,,,,,,,,,,,,,,,,,,,,,,,,,,,,,,,,,,,,,,,,,,,,,,,,,,,,,,,,,,,,,,,,,,,,,,,,,,,,,,,,,,,,,,,,,,,,,,,,,,,,,,,,,,,,,,,,,,,,,,,,-8.2957257580271637,-3.0293230478625852,9.5000000000000000,37.2500000000000000,151.7500000000000000,-18.2866556836902809,0.0000000000000000,0.9751164519769357,,,,,-39.9787977598662039,-1.7307250000000001,,0.0444427337415428,,,,,,,,,,,,,
"1999Q2",,,,,,,,,,,,,,,,,,,,,,,,,,,,,,,,,,,,,,,,,,,,,,,,,,,,,,,,,,,,,,,,,,,,,,,,,,,,,,,,,,,,,,,,,,,,,,,,,,,,,,,,,,,,,,,,,,,,,,,,,,,,,,,,,,,,,,,,,,,,,,,,,,,,,,,,,,,,,,,,,,,,,,,,,,,,,,,,,,,,,,,,,,,,,,,,,,,,,,,,,,,,,,,,,,,,,,,,,,,,,,,,,,,,,,,,,,,,,,,,,,,,,,,,,,,,,,,,,,,,,,,,,,,,,,,,,,,,,,,,,,,,,,,,,,,,,,,,,,,,,,,,,,,,,,,,,,,,,,,,,,,,,,,,,,,,,,,,,,,,,,,,,,,,,,,,,,,,,,,,,-6.7852694394850355,-2.9063934218444203,9.5000000000000000,37.2500000000000000,151.7500000000000000,-18.2866556836902809,0.0000000000000000,0.9751164519769357,,,,,-39.9787977598662039,-1.7307250000000001,,0.0441092170034261,,,,,,,,,,,,,
"1999Q3",,,,,,,,,,,,,,,,,,,,,,,,,,,,,,,,,,,,,,,,,,,,,,,,,,,,,,,,,,,,,,,,,,,,,,,,,,,,,,,,,,,,,,,,,,,,,,,,,,,,,,,,,,,,,,,,,,,,,,,,,,,,,,,,,,,,,,,,,,,,,,,,,,,,,,,,,,,,,,,,,,,,,,,,,,,,,,,,,,,,,,,,,,,,,,,,,,,,,,,,,,,,,,,,,,,,,,,,,,,,,,,,,,,,,,,,,,,,,,,,,,,,,,,,,,,,,,,,,,,,,,,,,,,,,,,,,,,,,,,,,,,,,,,,,,,,,,,,,,,,,,,,,,,,,,,,,,,,,,,,,,,,,,,,,,,,,,,,,,,,,,,,,,,,,,,,,,,,,,,,,-5.2748131209429223,-2.7834637958262149,9.5000000000000000,37.2500000000000000,151.7500000000000000,-18.2866556836902809,0.0000000000000000,0.9751164519769357,,,,,-39.9787977598662039,-1.7307250000000001,,0.0442500149995841,,,,,,,,,,,,,
"1999Q4",,,,,,,,,,,,,,,,,,,,,,,,,,,,,,,,,,,,,,,,,,,,,,,,,,,,,,,,,,,,,,,,,,,,,,,,,,,,,,,,,,,,,,,,,,,,,,,,,,,,,,,,,,,,,,,,,,,,,,,,,,,,,,,,,,,,,,,,,,,,,,,,,,,,,,,,,,,,,,,,,,,,,,,,,,,,,,,,,,,,,,,,,,,,,,,,,,,,,,,,,,,,,,,,,,,,,,,,,,,,,,,,,,,,,,,,,,,,,,,,,,,,,,,,,,,,,,,,,,,,,,,,,,,,,,,,,,,,,,,,,,,,,,,,,,,,,,,,,,,,,,,,,,,,,,,,,,,,,,,,,,,,,,,,,,,,,,,,,,,,,,,,,,,,,,,,,,,,,,,,,-3.7643568024007714,-2.6605341698080398,9.5000000000000000,37.2500000000000000,151.7500000000000000,-18.2866556836902809,0.0000000000000000,0.9751164519769357,,,,,-39.9787977598662039,-1.7307250000000001,,0.0431527306740142,,,,,,,,,,,,,
"2000Q1",,,,,,,,,,,,,,,,,,,,,,,,,,,,,,,,,,,,,,,,,,,,,,,,,,,,,,,,,,,,,,,,,,,,,,,,,,,,,,,,,,,,,,,,,,,,,,,,,,,,,,,,,,,,,,,,,,,,,,,,,,,,,,,,,,,,,,,,,,,,,,,,,,,,,,,,,,,,,,,,,,,,,,,,,,,,,,,,,,,,,,,,,,,,,,,,,,,,,,,,,,,,,,,,,,,,,,,,,,,,,,,,,,,,,,,,,,,,,,,,,,,,,,,,,,,,,,,,,,,,,,,,,,,,,,,,,,,,,,,,,,,,,,,,,,,,,,,,,,,,,,,,,,,,,,,,,,,,,,,,,,,,,,,,,,,,,,,,,,,,,,,,,,,,,,,,,,,,,,,,,0.6005617616979705,-1.2642000204204402,10.7500000000000000,42.0000000000000000,169.0000000000000000,-18.4911242603550292,0.0000000000000000,0.8025781703772190,,,,,-40.3601746845587996,-0.9844812500000000,,0.0484071933225531,,,,,,,,,,,,,
"2000Q2",,,,,,,,,,,,,,,,,,,,,,,,,,,,,,,,,,,,,,,,,,,,,,,,,,,,,,,,,,,,,,,,,,,,,,,,,,,,,,,,,,,,,,,,,,,,,,,,,,,,,,,,,,,,,,,,,,,,,,,,,,,,,,,,,,,,,,,,,,,,,,,,,,,,,,,,,,,,,,,,,,,,,,,,,,,,,,,,,,,,,,,,,,,,,,,,,,,,,,,,,,,,,,,,,,,,,,,,,,,,,,,,,,,,,,,,,,,,,,,,,,,,,,,,,,,,,,,,,,,,,,,,,,,,,,,,,,,,,,,,,,,,,,,,,,,,,,,,,,,,,,,,,,,,,,,,,,,,,,,,,,,,,,,,,,,,,,,,,,,,,,,,,,,,,,,,,,,,,,,,,0.1722260705884219,-2.0952191337494508,10.7500000000000000,42.0000000000000000,169.0000000000000000,-18.4911242603550292,0.0000000000000000,0.8025781703772190,,,,,-40.3601746845587996,-0.9844812500000000,,0.0462992262238321,,,,,,,,,,,,,
"2000Q3",,,,,,,,,,,,,,,,,,,,,,,,,,,,,,,,,,,,,,,,,,,,,,,,,,,,,,,,,,,,,,,,,,,,,,,,,,,,,,,,,,,,,,,,,,,,,,,,,,,,,,,,,,,,,,,,,,,,,,,,,,,,,,,,,,,,,,,,,,,,,,,,,,,,,,,,,,,,,,,,,,,,,,,,,,,,,,,,,,,,,,,,,,,,,,,,,,,,,,,,,,,,,,,,,,,,,,,,,,,,,,,,,,,,,,,,,,,,,,,,,,,,,,,,,,,,,,,,,,,,,,,,,,,,,,,,,,,,,,,,,,,,,,,,,,,,,,,,,,,,,,,,,,,,,,,,,,,,,,,,,,,,,,,,,,,,,,,,,,,,,,,,,,,,,,,,,,,,,,,,,-0.2561096205211351,-2.9262382470784902,10.7500000000000000,42.0000000000000000,169.0000000000000000,-18.4911242603550292,0.0000000000000000,0.8025781703772190,,,,,-40.3601746845587996,-0.9844812500000000,,0.0433231074824634,,,,,,,,,,,,,
"2000Q4",,,,,,,,,,,,,,,,,,,,,,,,,,,,,,,,,,,,,,,,,,,,,,,,,,,,,,,,,,,,,,,,,,,,,,,,,,,,,,,,,,,,,,,,,,,,,,,,,,,,,,,,,,,,,,,,,,,,,,,,,,,,,,,,,,,,,,,,,,,,,,,,,,,,,,,,,,,,,,,,,,,,,,,,,,,,,,,,,,,,,,,,,,,,,,,,,,,,,,,,,,,,,,,,,,,,,,,,,,,,,,,,,,,,,,,,,,,,,,,,,,,,,,,,,,,,,,,,,,,,,,,,,,,,,,,,,,,,,,,,,,,,,,,,,,,,,,,,,,,,,,,,,,,,,,,,,,,,,,,,,,,,,,,,,,,,,,,,,,,,,,,,,,,,,,,,,,,,,,,,,-0.6844453116306805,-3.7572573604075044,10.7500000000000000,42.0000000000000000,169.0000000000000000,-18.4911242603550292,0.0000000000000000,0.8025781703772190,,,,,-40.3601746845587996,-0.9844812500000000,,0.0413085106132797,,,,,,,,,,,,,
"2001Q1",,,,,,,,,,,,,,,,,,,,,,,,,,,,,,,,,,,,,,,,,,,,,,,,,,,,,,,,,,,,,,,,,,,,,,,,,,,,,,,,,,,,,,,,,,,,,,,,,,,,,,,,,,,,,,,,,,,,,,,,,,,,,,,,,,,,,,,,,,,,,,,,,,,,,,,,,,,,,,,,,,,,,,,,,,,,,,,,,,,,,,,,,,,,,,,,,,,,,,,,,,,,,,,,,,,,,,,,,,,,,,,,,,,,,,,,,,,,,,,,,,,,,,,,,,,,,,,,,,,,,,,,,,,,,,,,,,,,,,,,,,,,,,,,,,,,,,,,,,,,,,,,,,,,,,,,,,,,,,,,,,,,,,,,,,,,,,,,,,,,,,,,,,,,,,,,,,,,,,,,,-1.7789997826698556,-7.7378009188563066,15.7500000000000000,45.0000000000000000,185.5000000000000000,-15.7681940700808632,0.0000000000000000,0.7873584905660378,,,,,-21.4153281893816008,0.0612937500000000,,0.0397557284764318,,,,,,,,,,,,,
"2001Q2",,,,,,,,,,,,,,,,,,,,,,,,,,,,,,,,,,,,,,,,,,,,,,,,,,,,,,,,,,,,,,,,,,,,,,,,,,,,,,,,,,,,,,,,,,,,,,,,,,,,,,,,,,,,,,,,,,,,,,,,,,,,,,,,,,,,,,,,,,,,,,,,,,,,,,,,,,,,,,,,,,,,,,,,,,,,,,,,,,,,,,,,,,,,,,,,,,,,,,,,,,,,,,,,,,,,,,,,,,,,,,,,,,,,,,,,,,,,,,,,,,,,,,,,,,,,,,,,,,,,,,,,,,,,,,,,,,,,,,,,,,,,,,,,,,,,,,,,,,,,,,,,,,,,,,,,,,,,,,,,,,,,,,,,,,,,,,,,,,,,,,,,,,,,,,,,,,,,,,,,,-1.7735422576058721,-6.4740271873300985,15.7500000000000000,45.0000000000000000,185.5000000000000000,-15.7681940700808632,0.0000000000000000,0.7873584905660378,,,,,-21.4153281893816008,0.0612937500000000,,0.0391899069009049,,,,,,,,,,,,,
"2001Q3",,,,,,,,,,,,,,,,,,,,,,,,,,,,,,,,,,,,,,,,,,,,,,,,,,,,,,,,,,,,,,,,,,,,,,,,,,,,,,,,,,,,,,,,,,,,,,,,,,,,,,,,,,,,,,,,,,,,,,,,,,,,,,,,,,,,,,,,,,,,,,,,,,,,,,,,,,,,,,,,,,,,,,,,,,,,,,,,,,,,,,,,,,,,,,,,,,,,,,,,,,,,,,,,,,,,,,,,,,,,,,,,,,,,,,,,,,,,,,,,,,,,,,,,,,,,,,,,,,,,,,,,,,,,,,,,,,,,,,,,,,,,,,,,,,,,,,,,,,,,,,,,,,,,,,,,,,,,,,,,,,,,,,,,,,,,,,,,,,,,,,,,,,,,,,,,,,,,,,,,,-1.7680847325418747,-5.2102534558039180,15.7500000000000000,45.0000000000000000,185.5000000000000000,-15.7681940700808632,0.0000000000000000,0.7873584905660378,,,,,-21.4153281893816008,0.0612937500000000,,0.0387545183058826,,,,,,,,,,,,,
"2001Q4",,,,,,,,,,,,,,,,,,,,,,,,,,,,,,,,,,,,,,,,,,,,,,,,,,,,,,,,,,,,,,,,,,,,,,,,,,,,,,,,,,,,,,,,,,,,,,,,,,,,,,,,,,,,,,,,,,,,,,,,,,,,,,,,,,,,,,,,,,,,,,,,,,,,,,,,,,,,,,,,,,,,,,,,,,,,,,,,,,,,,,,,,,,,,,,,,,,,,,,,,,,,,,,,,,,,,,,,,,,,,,,,,,,,,,,,,,,,,,,,,,,,,,,,,,,,,,,,,,,,,,,,,,,,,,,,,,,,,,,,,,,,,,,,,,,,,,,,,,,,,,,,,,,,,,,,,,,,,,,,,,,,,,,,,,,,,,,,,,,,,,,,,,,,,,,,,,,,,,,,,-1.7626272074778904,-3.9464797242777259,15.7500000000000000,45.0000000000000000,185.5000000000000000,-15.7681940700808632,0.0000000000000000,0.7873584905660378,,,,,-21.4153281893816008,0.0612937500000000,,0.0377644546143022,,,,,,,,,,,,,
"2002Q1",,,,,,,,,,,,,,,,,,,,,,,,,,,,,,,,,,,,,,,,,,,,,,,,,,,,,,,,,,,,,,,,,,,,,,,,,,,,,,,,,,,,,,,,,,,,,,,,,,,,,,,,,,,,,,,,,,,,,,,,,,,,,,,,,,,,,,,,,,,,,,,,,,,,,,,,,,,,,,,,,,,,,,,,,,,,,,,,,,,,,,,,,,,,,,,,,,,,,,,,,,,,,,,,,,,,,,,,,,,,,,,,,,,,,,,,,,,,,,,,,,,,,,,,,,,,,,,,,,,,,,,,,,,,,,,,,,,,,,,,,,,,,,,,,,,,,,,,,,,,,,,,,,,,,,,,,,,,,,,,,,,,,,,,,,,,,,,,,,,,,,,,,,,,,,,,,,,,,,,,,-5.4375525071531854,-4.3422323054863865,14.0000000000000000,47.2500000000000000,199.2500000000000000,-16.6875784190715173,0.0000000000000000,0.9357904642409033,,,,,-10.9095706393862990,0.2217393750000000,,0.0382470482775144,,,,,,,,,,,,,
"2002Q2",,,,,,,,,,,,,,,,,,,,,,,,,,,,,,,,,,,,,,,,,,,,,,,,,,,,,,,,,,,,,,,,,,,,,,,,,,,,,,,,,,,,,,,,,,,,,,,,,,,,,,,,,,,,,,,,,,,,,,,,,,,,,,,,,,,,,,,,,,,,,,,,,,,,,,,,,,,,,,,,,,,,,,,,,,,,,,,,,,,,,,,,,,,,,,,,,,,,,,,,,,,,,,,,,,,,,,,,,,,,,,,,,,,,,,,,,,,,,,,,,,,,,,,,,,,,,,,,,,,,,,,,,,,,,,,,,,,,,,,,,,,,,,,,,,,,,,,,,,,,,,,,,,,,,,,,,,,,,,,,,,,,,,,,,,,,,,,,,,,,,,,,,,,,,,,,,,,,,,,,,-2.9856265183117561,-1.9953040222396745,14.0000000000000000,47.2500000000000000,199.2500000000000000,-16.6875784190715173,0.0000000000000000,0.9357904642409033,,,,,-10.9095706393862990,0.2217393750000000,,0.0377460334475696,,,,,,,,,,,,,
"2002Q3",,,,,,,,,,,,,,,,,,,,,,,,,,,,,,,,,,,,,,,,,,,,,,,,,,,,,,,,,,,,,,,,,,,,,,,,,,,,,,,,,,,,,,,,,,,,,,,,,,,,,,,,,,,,,,,,,,,,,,,,,,,,,,,,,,,,,,,,,,,,,,,,,,,,,,,,,,,,,,,,,,,,,,,,,,,,,,,,,,,,,,,,,,,,,,,,,,,,,,,,,,,,,,,,,,,,,,,,,,,,,,,,,,,,,,,,,,,,,,,,,,,,,,,,,,,,,,,,,,,,,,,,,,,,,,,,,,,,,,,,,,,,,,,,,,,,,,,,,,,,,,,,,,,,,,,,,,,,,,,,,,,,,,,,,,,,,,,,,,,,,,,,,,,,,,,,,,,,,,,,,-0.5337005294703714,0.3516242610070818,14.0000000000000000,47.2500000000000000,199.2500000000000000,-16.6875784190715173,0.0000000000000000,0.9357904642409033,,,,,-10.9095706393862990,0.2217393750000000,,0.0365623346130805,,,,,,,,,,,,,
"2002Q4",,,,,,,,,,,,,,,,,,,,,,,,,,,,,,,,,,,,,,,,,,,,,,,,,,,,,,,,,,,,,,,,,,,,,,,,,,,,,,,,,,,,,,,,,,,,,,,,,,,,,,,,,,,,,,,,,,,,,,,,,,,,,,,,,,,,,,,,,,,,,,,,,,,,,,,,,,,,,,,,,,,,,,,,,,,,,,,,,,,,,,,,,,,,,,,,,,,,,,,,,,,,,,,,,,,,,,,,,,,,,,,,,,,,,,,,,,,,,,,,,,,,,,,,,,,,,,,,,,,,,,,,,,,,,,,,,,,,,,,,,,,,,,,,,,,,,,,,,,,,,,,,,,,,,,,,,,,,,,,,,,,,,,,,,,,,,,,,,,,,,,,,,,,,,,,,,,,,,,,,,1.9182254593710466,2.6985525442538361,14.0000000000000000,47.2500000000000000,199.2500000000000000,-16.6875784190715173,0.0000000000000000,0.9357904642409033,,,,,-10.9095706393862990,0.2217393750000000,,0.0351061293693562,,,,,,,,,,,,,
"2003Q1",,,,,,,,,,,,,,,,,,,,,,,,,,,,,,,,,,,,,,,,,,,,,,,,,,,,,,,,,,,,,,,,,,,,,,,,,,,,,,,,,,,,,,,,,,,,,,,,,,,,,,,,,,,,,,,,,,,,,,,,,,,,,,,,,,,,,,,,,,,,,,,,,,,,,,,,,,,,,,,,,,,,,,,,,,,,,,,,,,,,,,,,,,,,,,,,,,,,,,,,,,,,,,,,,,,,,,,,,,,,,,,,,,,,,,,,,,,,,,,,,,,,,,,,,,,,,,,,,,,,,,,,,,,,,,,,,,,,,,,,,,,,,,,,,,,,,,,,,,,,,,,,,,,,,,,,,,,,,,,,,,,,,,,,,,,,,,,,,,,,,,,,,,,,,,,,,,,,,,,,,8.2689642731212576,8.3465720249411639,21.0000000000000000,58.5000000000000000,248.2500000000000000,-15.1057401812688816,0.0000000000000000,0.9855307150050352,,,,,7.6352001904896296,0.4686725000000000,,0.0428078371946824,,,,,,,,,,,,,
"2003Q2",,,,,,,,,,,,,,,,,,,,,,,,,,,,,,,,,,,,,,,,,,,,,,,,,,,,,,,,,,,,,,,,,,,,,,,,,,,,,,,,,,,,,,,,,,,,,,,,,,,,,,,,,,,,,,,,,,,,,,,,,,,,,,,,,,,,,,,,,,,,,,,,,,,,,,,,,,,,,,,,,,,,,,,,,,,,,,,,,,,,,,,,,,,,,,,,,,,,,,,,,,,,,,,,,,,,,,,,,,,,,,,,,,,,,,,,,,,,,,,,,,,,,,,,,,,,,,,,,,,,,,,,,,,,,,,,,,,,,,,,,,,,,,,,,,,,,,,,,,,,,,,,,,,,,,,,,,,,,,,,,,,,,,,,,,,,,,,,,,,,,,,,,,,,,,,,,,,,,,,,,8.1298278334080578,8.5177627404940566,21.0000000000000000,58.5000000000000000,248.2500000000000000,-15.1057401812688816,0.0000000000000000,0.9855307150050352,,,,,7.6352001904896296,0.4686725000000000,,0.0415654867925598,,,,,,,,,,,,,
"2003Q3",,,,,,,,,,,,,,,,,,,,,,,,,,,,,,,,,,,,,,,,,,,,,,,,,,,,,,,,,,,,,,,,,,,,,,,,,,,,,,,,,,,,,,,,,,,,,,,,,,,,,,,,,,,,,,,,,,,,,,,,,,,,,,,,,,,,,,,,,,,,,,,,,,,,,,,,,,,,,,,,,,,,,,,,,,,,,,,,,,,,,,,,,,,,,,,,,,,,,,,,,,,,,,,,,,,,,,,,,,,,,,,,,,,,,,,,,,,,,,,,,,,,,,,,,,,,,,,,,,,,,,,,,,,,,,,,,,,,,,,,,,,,,,,,,,,,,,,,,,,,,,,,,,,,,,,,,,,,,,,,,,,,,,,,,,,,,,,,,,,,,,,,,,,,,,,,,,,,,,,,,7.9906913936948891,8.6889534560469546,21.0000000000000000,58.5000000000000000,248.2500000000000000,-15.1057401812688816,0.0000000000000000,0.9855307150050352,,,,,7.6352001904896296,0.4686725000000000,,0.0399189778697785,,,,,,,,,,,,,
"2003Q4",,,,,,,,,,,,,,,,,,,,,,,,,,,,,,,,,,,,,,,,,,,,,,,,,,,,,,,,,,,,,,,,,,,,,,,,,,,,,,,,,,,,,,,,,,,,,,,,,,,,,,,,,,,,,,,,,,,,,,,,,,,,,,,,,,,,,,,,,,,,,,,,,,,,,,,,,,,,,,,,,,,,,,,,,,,,,,,,,,,,,,,,,,,,,,,,,,,,,,,,,,,,,,,,,,,,,,,,,,,,,,,,,,,,,,,,,,,,,,,,,,,,,,,,,,,,,,,,,,,,,,,,,,,,,,,,,,,,,,,,,,,,,,,,,,,,,,,,,,,,,,,,,,,,,,,,,,,,,,,,,,,,,,,,,,,,,,,,,,,,,,,,,,,,,,,,,,,,,,,,,7.8515549539817053,8.8601441715998384,21.0000000000000000,58.5000000000000000,248.2500000000000000,-15.1057401812688816,0.0000000000000000,0.9855307150050352,,,,,7.6352001904896296,0.4686725000000000,,0.0385703863460242,,,,,,,,,,,,,
"2004Q1",,,,,,,,,,,,,,,,,,,,,,,,,,,,,,,,,,,,,,,,,,,,,,,,,,,,,,,,,,,,,,,,,,,,,,,,,,,,,,,,,,,,,,,,,,,,,,,,,,,,,,,,,,,,,,,,,,,,,,,,,,,,,,,,,,,,,,,,,,,,,,,,,,,,,,,,,,,,,,,,,,,,,,,,,,,,,,,,,,,,,,,,,,,,,,,,,,,,,,,,,,,,,,,,,,,,,,,,,,,,,,,,,,,,,,,,,,,,,,,,,,,,,,,,,,,,,,,,,,,,,,,,,,,,,,,,,,,,,,,,,,,,,,,,,,,,,,,,,,,,,,,,,,,,,,,,,,,,,,,,,,,,,,,,,,,,,,,,,,,,,,,,,,,,,,,,,,,,,,,,,9.3335217163372555,10.6247002835753879,33.5000000000000000,74.7500000000000000,301.5000000000000000,-13.6815920398009947,0.0000000000000000,0.9411579365257048,,,,,-68.7358684637990081,0.2413331250000000,,0.0534333402645921,,,,,,,,,,,,,
"2004Q2",,,,,,,,,,,,,,,,,,,,,,,,,,,,,,,,,,,,,,,,,,,,,,,,,,,,,,,,,,,,,,,,,,,,,,,,,,,,,,,,,,,,,,,,,,,,,,,,,,,,,,,,,,,,,,,,,,,,,,,,,,,,,,,,,,,,,,,,,,,,,,,,,,,,,,,,,,,,,,,,,,,,,,,,,,,,,,,,,,,,,,,,,,,,,,,,,,,,,,,,,,,,,,,,,,,,,,,,,,,,,,,,,,,,,,,,,,,,,,,,,,,,,,,,,,,,,,,,,,,,,,,,,,,,,,,,,,,,,,,,,,,,,,,,,,,,,,,,,,,,,,,,,,,,,,,,,,,,,,,,,,,,,,,,,,,,,,,,,,,,,,,,,,,,,,,,,,,,,,,,,8.1073156275849776,9.7869651748608284,33.5000000000000000,74.7500000000000000,301.5000000000000000,-13.6815920398009947,0.0000000000000000,0.9411579365257048,,,,,-68.7358684637990081,0.2413331250000000,,0.0536978522298797,,,,,,,,,,,,,
"2004Q3",,,,,,,,,,,,,,,,,,,,,,,,,,,,,,,,,,,,,,,,,,,,,,,,,,,,,,,,,,,,,,,,,,,,,,,,,,,,,,,,,,,,,,,,,,,,,,,,,,,,,,,,,,,,,,,,,,,,,,,,,,,,,,,,,,,,,,,,,,,,,,,,,,,,,,,,,,,,,,,,,,,,,,,,,,,,,,,,,,,,,,,,,,,,,,,,,,,,,,,,,,,,,,,,,,,,,,,,,,,,,,,,,,,,,,,,,,,,,,,,,,,,,,,,,,,,,,,,,,,,,,,,,,,,,,,,,,,,,,,,,,,,,,,,,,,,,,,,,,,,,,,,,,,,,,,,,,,,,,,,,,,,,,,,,,,,,,,,,,,,,,,,,,,,,,,,,,,,,,,,,6.8811095388327237,8.9492300661462796,33.5000000000000000,74.7500000000000000,301.5000000000000000,-13.6815920398009947,0.0000000000000000,0.9411579365257048,,,,,-68.7358684637990081,0.2413331250000000,,0.0540236282188106,,,,,,,,,,,,,
"2004Q4",,,,,,,,,,,,,,,,,,,,,,,,,,,,,,,,,,,,,,,,,,,,,,,,,,,,,,,,,,,,,,,,,,,,,,,,,,,,,,,,,,,,,,,,,,,,,,,,,,,,,,,,,,,,,,,,,,,,,,,,,,,,,,,,,,,,,,,,,,,,,,,,,,,,,,,,,,,,,,,,,,,,,,,,,,,,,,,,,,,,,,,,,,,,,,,,,,,,,,,,,,,,,,,,,,,,,,,,,,,,,,,,,,,,,,,,,,,,,,,,,,,,,,,,,,,,,,,,,,,,,,,,,,,,,,,,,,,,,,,,,,,,,,,,,,,,,,,,,,,,,,,,,,,,,,,,,,,,,,,,,,,,,,,,,,,,,,,,,,,,,,,,,,,,,,,,,,,,,,,,,5.6549034500804165,8.1114949574316952,33.5000000000000000,74.7500000000000000,301.5000000000000000,-13.6815920398009947,0.0000000000000000,0.9411579365257048,,,,,-68.7358684637990081,0.2413331250000000,,0.0547260726207809,,,,,,,,,,,,,
"2005Q1",,,,,,,,,,,,,,,,,,,,,,,,,,,,,,,,,,,,,,,,,,,,,,,648.5542279900879521,,,652.1543764728254473,,,,,,436.0861108243736339,,,446.5997443230522777,,,,494.8813877890304980,,,495.6393548436556102,,,,,,447.6136492397423012,,,448.6722120663137048,,,,522.2682773221301886,,,526.7213739797014114,,,,,660.5612779274971444,,,665.1872099272976584,,,391.0207667979183839,,,,399.1872119897170705,,,,8.1664451922132013,,,,6.3397067886128688,,,,350.6117344374948743,,,,-40.4090323598564041,,,,-31.8160169239621204,,,391.7006382195766037,,,,0.6798714215454369,,,,1.5682694551632617,,,,,,,,,,,,,,634.3871741747743727,,,,,,241.5810185871251008,,,,233.7543886463558920,,,,,,135.3234047218502099,,,,,6.3810564023784151,,,,,,458.0667765956874860,,,451.6857201934065529,,,,453.1933231180160533,,,93.2162765281848920,,,86.8352201259119454,,,,84.6193065445331598,,,,,,,,,,,,,,,,,,,,,,,,,,,,,,,,,,,,,,,,,,,,,,,,,,,,,,,,,,,,,,,,,,,,,,,,,,,,,,,,,,,,,,,,,,,,,,,,,,,,,,,,,,,,,,,,,,,,,,,,,,,,,,,,,,,,,,,,,,,,,,,,,,,,,,,,,,,,,,,,,,,,,,,,,,,,,,,1.4573050364312530,5.6557599312315761,41.2500000000000000,90.7500000000000000,360.0000000000000000,-13.7500000000000000,0.0000000000000000,0.8015013492361110,,,,,-61.0427998288642968,-1.0055937500000001,,0.0695831688823688,,,,,,,,,,,,,
"2005Q2",,,,,,,,,,,,,,,,,,,,,,,,,,,,,,,,,,,,,,,,,,,,,,,649.6149136156997201,,,653.7927975910879468,,,,,,435.1843514333028793,,,449.4114060994475039,,,,497.7553328129623651,,,498.6293876155457951,,,,,,449.8030983480869622,,,451.2398450548878941,,,,522.2121632608435675,,,528.0331804285676753,,,,,661.7753485906446258,,,667.5965911830062396,,,394.2346054942458409,,,,401.9276974333288877,,,,7.6930919390494985,,,,6.2056660693441845,,,,355.4121212060138646,,,,-38.8224842879855601,,,,-31.1600439829974469,,,396.6379699770726006,,,,2.4033644825564249,,,,1.5741039095382179,,,,,,,,,,,,,,633.5020239496478780,,,,,,242.0924468799940712,,,,233.7481392024779723,,,,,,137.7228441910388312,,,,,10.5181203642968448,,,,,,462.1648983408016989,,,451.6467779765696378,,,,453.3596161012444554,,,101.0544633112508137,,,90.5363429470395857,,,,86.7914487735001785,,,,,,,,,,,,,,,,,,,,,,,,,,,,,,,,,,,,,,,,,,,,,,,,,,,,,,,,,,,,,,,,,,,,,,,,,,,,,,,,,,,,,,,,,,,,,,,,,,,,,,,,,,,,,,,,,,,,,,,,,,,,,,,,,,,,,,,,,,,,,,,,,,,,,,,,,,,,,,,,,,,,,,,,,,,,,,,2.2005480575799092,5.8766021496438317,41.2500000000000000,90.7500000000000000,360.0000000000000000,-13.7500000000000000,0.0000000000000000,0.8015013492361110,,,,,-61.0427998288642968,-1.0055937500000001,,0.0701952729191863,,,,,,,,,,,,,
"2005Q3",,,,,,,,,,,,,,,,,,,,,,,,,,,,,,,,,,,,,,,,,,,,,,,650.1699957845025892,,,655.4474989063379553,,,,,,432.1021637319923343,,,452.2969869995133081,,,,500.5342768418652781,,,501.6430475296426152,,,,,,451.6393194946765561,,,453.8636209315444034,,,,521.2500021066263116,,,529.3522981553392128,,,,,662.1730367772038335,,,670.0509422228776657,,,397.7980296776170803,,,,404.6855894732630077,,,,6.8875597955933010,,,,6.0671392616963784,,,,362.0800298785103450,,,,-35.7179997991145228,,,,-30.4822470871525617,,,402.1905737680762059,,,,4.3925440902712936,,,,1.5804373593214311,,,,,,,,,,,,,,632.6804124254047110,,,,,,242.5027608816762097,,,,233.7406659215943705,,,,,,139.8593317668468501,,,,,14.5079379301400948,,,,,,465.8894937639166756,,,451.3815558337981884,,,,453.5443861436793895,,,109.5577217578138800,,,95.0497838276960749,,,,89.2049401915841713,,,,,,,,,,,,,,,,,,,,,,,,,,,,,,,,,,,,,,,,,,,,,,,,,,,,,,,,,,,,,,,,,,,,,,,,,,,,,,,,,,,,,,,,,,,,,,,,,,,,,,,,,,,,,,,,,,,,,,,,,,,,,,,,,,,,,,,,,,,,,,,,,,,,,,,,,,,,,,,,,,,,,,,,,,,,,,,2.9437910787285455,6.0974443680560739,41.2500000000000000,90.7500000000000000,360.0000000000000000,-13.7500000000000000,0.0000000000000000,0.8015013492361110,,,,,-61.0427998288642968,-1.0055937500000001,,0.0706476285497232,,,,,,,,,,,,,
"2005Q4",,,,,,,,,,,,,,,,,,,,,,,,,,,,,,,,,,,,,,,13.1413579045245097,10.6232110927076349,,-0.9646549409214432,,-7.5395352374262750,,,649.5778268852230894,,,657.1173621226266732,6.6794528651531042,,-30.1066187719173790,,,425.1503728947253649,,,455.2569916666947734,11.8400186687514246,,-1.5520647430682775,503.1272896911367525,,,504.6793544342493760,12.1452276184237675,,-3.7974117069771260,,,452.7440043750719383,,,456.5414160820930647,10.7111806022609386,,,518.6293995901253311,,,530.6799585103109393,5.3106414198631295,,-11.6093391760990361,,660.9394003124222081,,,672.5487394885165031,,,401.3706169827671033,,,,407.0273152203845939,9.3669029884887678,,,5.6566982376189401,,,,5.9229995786406642,,,,370.6093279003126213,34.1171920872198058,,,-30.7612890824539811,,,,-29.7771784954893306,2.8202743666515002,,408.3056929861035087,24.4604768721130803,,,6.9350760033361540,,,,1.5874741031210042,0.0281469751990995,,4.7932404163875963,7.9459959277801344,,,,,,,,5.8590610278073108,-2.6409389721888763,632.1247744833103752,,,,-6.6248144202108987,2.9232867794868134,243.0514438202131373,,,,233.7311504960013053,-0.0380617023426914,,,,542.7222005203853996,141.3515835374407459,5.9690070823757893,,-2.0321005207952068,0.0343980572879174,17.9539845572849366,13.7841865085772444,,,4.2764343568946224,1.2781149567061194,468.5474797178389963,,,450.5934951605511287,,,-3.1561912076307679,453.7496863681830632,0.8212008980231867,,118.5198243948279355,,,100.5658398375311009,,,8.6792423655622777,91.8865974719656862,10.7266291215456739,,,,,,,,,,,,,,,,,,,,,,,,,,,,,,,,,,,,,,,,,,,,,,,,,,,,,,,,,,,,,,,,,,,,,,,,,,,,,,,,,,,,,,,,,,,,,,,,,,,,,,,,,,,,,,,,,,,,,,,,,,,,,,,,,,,,,,,,,,,,,,,,,,,,,,,,,,,,,,,,,,,,,,,,,,,,,,3.6870340998772142,6.3182865864683135,41.2500000000000000,90.7500000000000000,360.0000000000000000,-13.7500000000000000,0.0000000000000000,0.8015013492361110,,,,,-61.0427998288642968,-1.0055937500000001,,0.0707380566963605,,,,,,,,,,,,,
"2006Q1",10.2634386301056999,668.4191553939630239,649.9538151662200107,505.4049280905309729,414.7775973903089834,452.2550900105289884,513.1516464874920302,404.7405275992472298,408.8416580970056771,380.2730269356060262,414.8201508505409834,8.7766647256778239,5.5929574666620852,631.6914775859103202,549.8828292722090509,0.0330032734982499,20.2625951640475925,4.7863385636498688,1.2090962236992362,469.0176598421111294,127.5621611045895776,-5.2227326893061559,12.4333417886888071,675.0868011955886914,658.8004012484557279,458.2905656215986028,507.7364991593805144,459.2689195193450473,532.0178030578625794,4.7698196141765630,-29.0353228115503690,1.5955903826044231,233.7180710420454375,2.9022073370277792,-5.5663600494871828,10.5231507104740931,-2.2600053804864997,-6.6676572982542650,10.2634443950334280,10.5231507104740931,2.0002975246728871,-2.2600053804864997,-1.1800329112807040,-8.8465835391050849,-9.5149207904130861,-1.9502237213377158,649.9538174256819048,1.5039585070370207,1.3995884565809589,658.8004012484557279,6.7321625667535008,6.6460262522967497,-43.5130136451712133,-32.0273050719357286,-1.9502243683246894,414.7775517325225110,-41.4912892345138999,-21.3085575310102300,458.2905656215986028,12.1343026866898231,11.6908231029762675,-2.3315756443055848,505.4049234665037602,9.1105346188395657,10.5235358864604667,507.7364991593805144,12.2285785499275050,12.0971442864215426,-7.0138413005047768,-3.4624577249171868,-9.3943450919680753,452.2550795683461047,-1.9556986330875450,4.6414287706398643,459.2689195193450473,10.9100128613221941,10.5967071607802232,-18.8661653387358754,513.1516385281535122,-21.9110521135350460,-9.1166404466504467,532.0178030578625794,5.3513806890877582,5.2964296974649852,-6.6676572982542650,-13.1978884254937547,668.4191439152116345,29.9189710021202302,7.8578662703133055,675.0868011955886914,10.1522508400171727,9.8995922938865277,404.7405275992472298,13.4796416601768385,7.7580175296894218,13.7197640416232751,408.8416552046333550,7.2573587087909219,2.0981822213060628,9.6544466032243932,4.1011275932125058,-6.2222828425441232,-4.0653179916950961,-1.6701491031541658,5.7712778507128366,-0.6068877682727495,-0.5684291504436525,-3.4552583242610915,380.2730198974650762,38.6547644750168118,29.5255361535825642,29.6612854963481496,-24.4675077077352192,25.1751245518972340,15.9415236137250158,4.5678138665010275,-29.0353228115503690,2.9674252268550103,2.7806947306014336,414.8201554057700378,26.0578463430883005,21.8398522911709954,23.1195170169534556,10.0796278019736665,12.5782073989917365,9.3997525439994103,8.4840302203171571,1.5955903826044231,0.0324671541569710,0.0273214351696180,4.7698196141765630,8.7766343958739608,-0.9562523000161257,8.2245266011818021,6.6784502038915816,2.6168558964368569,0.9568173047166327,-1.9502236575876828,4.0615947569261870,5.5929587690367519,-2.9070412097390315,631.6914779534832860,-1.7331816679305931,-2.6956964013814946,632.8866811334135036,-5.5663600494871828,2.9022073370277792,243.1124152084764773,0.2438934087325770,1.5314008197757456,5.6139850216388334,233.7180710420454375,-0.0523249138663791,-0.0363193904226118,-0.0497087127025044,9.3943472420475853,549.8828284021935815,145.1423014459466856,15.1628686257311482,9.8188944665685067,-2.0250999841334330,0.0330031975876393,20.2625925277021217,9.2344339875668471,13.8815371585251643,7.7835999948367522,4.7863385672007439,1.2090961111813210,469.0176581126178235,1.8807153675168107,10.9508822526547949,448.7550656310383488,-7.3537186440358564,-2.9306547284625037,-5.2227326518524526,453.9777982712258222,0.9124468162061045,0.7844749542713333,127.5621559085056589,36.1693279850095877,34.3458795546786462,107.2995633483316738,26.9348936998708233,20.4643429417672422,12.4333461731956980,94.8662171749022463,11.9184778877596038,10.2469104034265062,-2.0268478393554688,-0.0226475775707513,-1.5505965352058411,-21.7844290733337402,-1.3227332234382629,-5.5014578104019165,-1.6395653663203120,8.5549317757451124,1.9430963378399611,7.8399499654769897,2.7772535681724548,-0.0000004202651367,2.5973503738641739,-0.5301960911601782,0.0175569131970406,0.0016123697278090,1.3185289138928056,0.0058175576668873,0.1427314740067231,0.6423342181078624,0.1560130744474009,0.4904406014829874,0.0623205004667398,-0.0319984101515729,0.2311520262155682,0.0071348788624164,-0.0161663441394921,-0.0287507140383241,0.0006689975853078,-2.1889675855636597,0.9691385335754603,-3.2658940497785807,6.0974993109703064,0.0587926334701478,0.1733660078316461,2.2645116788335145,,,,,,,,,,,,,,,,,,,,,,,,,,,,,,,,,,,,,,,,,,,,,,,,,,,,,,,,,,,,,,,,,,,,,,,,,,,,,,,,,,,,,,,,,,,,,,,,,,,,24.0000000000000000,,,,,,,,,,,,,,,,,,,,,,,,,,,,,,,,,,,,,4.9917446721065826,6.0488810514217048,41.0000000000000000,90.0000000000000000,401.0000000000000000,-12.2194513715710720,0.0000000000000000,0.7551371393079800,,,,,-50.4758838111334072,0.2900562500000000,,0.0725742819837746,,,,,,,,,,,,,
"2006Q2",10.5021012232339004,677.7377148094319637,655.5624903932259713,521.6919780078210351,441.6373402423749894,469.6354880148099937,529.7503133683489978,408.0759027394791474,410.5994993871293559,389.9682353967580184,421.3976256949870276,8.0934617495999248,6.3886967042740412,631.3628779733038527,559.2825338301030342,0.3256523550364043,20.5646766536145513,5.1914484742198859,1.3939952462750522,478.6138962374425887,134.9724714538375849,3.8179641148447558,16.2308883995487321,677.6595246689128089,660.4933801204877000,461.3948342113475292,510.8114626105514162,462.0386202330860783,533.3680567501372707,4.7357018447456785,-28.2393062744004162,1.6054926287260245,233.6985513200031335,2.8676497029238264,-4.8980478777141423,10.4483759545817261,0.0771800599932964,0.0781828918140233,10.5021011511480573,10.4483759545817261,-0.0234557847059866,0.0771800599932964,0.0012021489964864,-4.9308874948661163,-4.0845839494661442,-3.1888404218910966,655.5624918383493878,22.4346948702216693,5.9475838466223117,660.4933801204877000,6.7719006217372266,6.7005760333157340,-19.7575063011860159,-13.7867315022640131,-3.1888403870063247,441.6373286634142801,107.4390759067927661,6.4529837874804059,461.3948342113475292,12.4170831947645013,11.9834335294894458,10.8805115192785831,521.6919745154475549,65.1481889741649525,23.9366435767392360,510.8114626105514162,12.2998537818693396,12.1820749093840650,7.5968619704308509,5.7690224821339298,-7.6294984607521155,469.6354832807649018,69.5215543058888557,19.8323790505248851,462.0386202330860783,11.0788247592626057,10.7987772734614680,-3.6177478774435503,529.7503062730588681,66.3946394448908279,7.5381455288654156,533.3680567501372707,5.4010130669463683,5.3348760739991219,0.0781828918140233,-4.4978834455942973,677.7377075363172025,37.2742566785794693,15.9623702751932655,677.6595246689128089,10.2909019987328385,10.0629376775606030,408.0759027394791474,13.3415001598498009,9.2915657159212337,13.8413026661101668,410.5994991461082577,7.0313722667207594,4.9110961226959260,8.6718079159893122,2.5235963964430992,-6.3101239057183509,-5.1694935273219880,-3.0847754435773251,5.6083729754498943,-0.6516240108130997,-0.5972936500229959,1.5884485865605118,389.9682341189181329,38.7808366011997308,25.7032840029685019,34.5561153500192546,-18.1076686261924635,25.4393423438779287,20.7148117530868205,10.1316355350409690,-28.2393062744004162,3.1840949296820065,2.9207443567316682,421.3976253761386488,26.3098936306395572,21.2061091160436135,24.7596610396005694,13.3217226305338592,12.9684012936539581,10.9183529687417344,11.7162226712410664,1.6054926287260245,0.0395803418655666,0.0313843814248301,4.7357018447456785,8.0934612056390218,1.4360076206392187,8.2715640371474439,3.1823702606932356,-1.0051157998832778,-1.0775370178116050,-3.1888405316036010,4.1874861537921868,6.3886966900640223,-2.1113033732321518,631.3628777327045327,-1.3144035200360538,-2.1391456094789278,632.4398834790466708,-4.8980478777141423,2.8676497029238264,241.3280555969013790,-7.1374471237534021,-0.7643940980512811,-3.4718942679840517,233.6985513200031335,-0.0780619315831074,-0.0495866277957549,-0.0741589171932993,7.6294985065688810,559.2825321765512854,151.2066289604273095,24.2573199591300295,13.4837988095435986,-2.0137580113312712,0.3256523589224143,20.5646770187136099,1.2083274628007552,10.0465570883128024,1.3627151102356798,5.1914484763489179,1.3939952600040608,478.6138967550839993,38.3849495749468659,16.4489985124639517,458.0492197791139120,37.1766198856459198,6.4024430327243236,3.8179642244831213,454.2312555611470088,1.0138320479603886,0.8716397914404116,134.9724775025131294,29.6412761330736600,33.9180168225854288,114.4078003872391349,28.4329467466458468,23.8714613022205135,16.2308922251905550,98.1769082899138681,13.2427546873124964,11.3854564673616263,-1.0108711123466492,0.0043716144282371,0.4764546751976013,8.1832499504089355,12.3960356712341309,11.2300702333450317,-0.9172186292707920,5.7643072516945626,0.8764088675379753,6.3506935834884644,2.6408491134643555,0.0000007645824120,-0.8091884795576334,0.5050328411161900,-0.0862519964575768,-0.0079211016709451,1.8836247627623379,0.0108590488134723,0.1323952106758952,0.6455450408393517,0.1447708886116743,0.4703610278666019,0.0732502928003669,-0.0450375608415925,0.3153858238365501,0.0103599096764810,-0.0283532439207193,-0.0443368818232557,0.2946292342385277,-6.5752725750207901,0.9663250683806837,7.0560585819184780,7.1545503437519073,0.3058087201789021,0.1926299111219123,2.5161248308140785,,,,,,,,,,,,,,,,,,,,,,,,,,,,,,,,,,,,,,,,,,,,,,,,,,,,,,,,,,,,,,,,,,,,,,,,,,,,,,,,,,,,,,,,,,,,,,,,,,,,25.0000000000000000,,,,,,,,,,,,,,,,,,,,,,,,,,,,,,,,,,,,,5.3721911271707796,6.6338513621997039,57.0000000000000000,107.0000000000000000,451.0000000000000000,-11.0864745011086470,0.0000000000000000,0.6714190529101995,,,,,-50.4758838111334072,0.2900562500000000,,0.0728131530429733,,,,,,,,,,,,,
"2006Q3",8.4100955789562608,686.0998262957159568,666.4418023443779475,520.9154697312460485,450.4842154977980044,456.2070454993079807,532.3776811312479822,409.5372217986383703,411.6690598677272988,394.6362694761069747,419.8678013288690067,7.6961041136128392,7.3439759531396929,631.2260986486811589,565.5240470954989860,0.6345413334678640,21.7566656446508233,5.3448503588170588,1.5443766290276255,476.7054198943932306,138.4044719104518322,0.5135116047671318,15.3196879352458240,680.2825436511599264,662.1955914222027104,464.5840512224683039,513.9289889565789053,464.8613001106136267,534.7066508620231389,4.7087202259972427,-27.3983615357149191,1.6167419877484630,233.6748750706234148,2.8401354062052073,-4.7915103160652324,10.4042021085715408,-0.2489227850320225,5.8172827497200927,8.4100948878824688,10.4042021085715408,-1.7451857377277642,-0.2489227850320225,-0.1465484803864404,4.2462049280877983,3.0017701652713042,-3.3192875447818864,666.4417957501070759,43.5172092922284151,16.2718006539375466,662.1955914222027104,6.8088457456453471,6.7480957967232582,-14.0998527387431221,-8.9626861449632198,-3.3192873419300866,450.4841987149487750,35.3874394173088689,18.3820430325552024,464.5840512224683039,12.7568697732422311,12.2870699035858131,6.9864769142747294,520.9154660059641628,-3.1060417217387442,20.3811878881575268,513.9289889565789053,12.4701083061836222,12.2859419618860120,-8.6542559038961162,-4.6111894529262409,-7.6388313523177480,456.2070443721079300,-53.7137796141164969,4.5677240255428870,464.8613001106136267,11.2907288226446720,10.9976795919618393,-2.3289788676598566,532.3776712811336438,10.5094465123281218,11.1276641274821380,534.7066508620231389,5.3543847462044196,5.3543541385223055,5.8172827497200927,-0.6425385302836250,686.0998263397840446,33.4484730182499135,23.9267930340772850,680.2825436511599264,10.4920942010730620,10.2316110597563359,409.5372217986383703,5.8452787125765102,5.5382614309044227,11.7391923136216754,411.6690584275734182,4.2782376064788412,5.1794605169813979,6.9834679608808212,2.1318366097161601,-1.5670386864708097,-4.7557223401666864,-3.3043716800742349,5.4362086801675753,-0.6886558702437664,-0.6309292822236853,6.1815940478210898,394.6362701831829440,18.6721403766406198,11.7585865488512713,32.5562433215463685,-14.9009516302488194,12.8268657917945887,20.8170488837008811,12.4974086419229362,-27.3983615357149191,3.3637709779872509,3.0838845750152610,419.8678022742893177,-6.1192929462021004,-4.8609735438214194,17.6772349090810508,10.3305804555568042,-11.9645688070495027,5.9380422626073281,8.7138348766525215,1.6167419877484630,0.0449995916037423,0.0362992707449449,4.7087202259972427,7.6961015256088174,0.8278493625974874,8.3146059098483800,2.5166434222019913,-1.7778986604117573,-2.1632636488110197,-3.3192869964106375,4.2945415277601855,7.3439758708582277,-1.1560240602829854,631.2260985724701641,-0.5471165949288749,-1.4543102817929758,632.0614336556976696,-4.7915103160652324,2.8401354062052073,241.3137058567800466,-0.0573981796057241,-1.1890492599660516,-2.0115795928047207,233.6748750706234148,-0.0947057091178684,-0.0657970175880621,-0.0899704133997886,7.6388312583232842,565.5240440807006053,155.9868232424364294,19.1207748576865768,16.1274947232423997,-1.9960649159671682,0.6345413265438243,21.7566657316044214,4.7679558801232806,7.2487258567720358,4.2104170185384904,5.3448503557482345,1.5443766113906650,476.7054220887996507,-7.6338969045433904,10.8159268953658927,454.9487563601653051,-12.4018528622515340,3.5672015488639155,0.5135137491495427,454.4352426073684796,0.8159480199265616,0.8908564219207555,138.4044729041716266,13.7279915098845890,28.8467524351336948,116.6478071236759604,8.9600355551263373,21.5980247902437341,15.3196890411350726,101.3281180809351554,12.6048417893746318,12.1231706851578256,-0.9475701451301575,0.0343281892128289,5.4474392235279083,-3.2906279563903809,-0.0858564376831055,-14.6733744144439697,0.2112819775938988,7.4084047309748149,-3.0203001052141190,-5.3343757390975952,-17.0158081054687500,-0.0000009882785623,-2.1692132800817490,0.7441487722098827,0.0517716761678457,0.0047545419074595,-8.3999389382079244,0.0183443594796699,0.1315894164144993,0.7166902767494321,0.2444630162790418,0.5218940675258636,-0.0205285036936402,-0.0413130587257911,0.3000592822209001,0.0093772860127501,-0.0205468911735807,-0.0407493553211680,0.3284281014930457,3.4052424728870392,0.7956390320323408,-1.8536239266395569,3.4711390137672424,0.2897808719426394,-0.0965008285129443,0.6863659815862775,,,,,,,,,,,,,,,,,,,,,,,,,,,,,,,,,,,,,,,,,,,,,,,,,,,,,,,,,,,,,,,,,,,,,,,,,,,,,,,,,,,,,,,,,,,,,,,,,,,,26.0000000000000000,,,,,,,,,,,,,,,,,,,,,,,,,,,,,,,,,,,,,5.7526375822349740,7.2188216729776595,50.0000000000000000,107.0000000000000000,479.0000000000000000,-11.8997912317327774,0.0037995087986087,0.6321711750782881,,,,,-50.4758838111334072,0.2900562500000000,,0.0729128145245549,,,,,,,,,,,,,
"2006Q4",9.1167573294107704,687.6129254426780335,668.7086390396790421,515.4785573183579572,466.9501510606419856,461.7997339794890195,538.0479290816340381,411.3031354340382109,413.1639428101915996,397.2447650856249766,422.7740809241340116,7.1669286690359684,7.8444685154639515,630.9936581089322090,571.6716562583089853,0.9645494823238843,23.7478775764050951,5.2328974552316430,1.5700427979104308,477.6174261893383459,139.4654833126254800,-0.6989546693316129,11.4185387885788430,682.9953273151238591,663.9080494462374418,467.8963143289579989,517.1372838119780226,467.7906354970919551,535.9943521092790206,4.6745020292151525,-26.5023381676435221,1.6302791628279827,233.6459124666808975,2.8083305004151988,-6.0717986369117627,10.3756148983581298,0.1264204965464125,4.6175996111428796,9.1167560613564422,10.3756148983581298,-1.3852802316174309,0.1264204965464125,0.0489161565389113,4.8005919949289693,4.2190550960863380,-4.9393073062615276,668.7086409833387961,9.0673700991815700,19.1307998746946950,663.9080494462374418,6.8498342940759320,6.7906850044267628,-0.9461547086420423,0.5000313761273183,-4.9393073494976329,466.9501606939666658,65.8638040222895853,41.7997902850574619,467.8963143289579989,13.2490552034054847,12.6393283647833332,-1.6587292018290025,515.4785547351385731,-21.7476477778291688,12.3512680618396260,517.1372838119780226,12.8331803388660273,12.4579301298757841,-5.9908940385401603,-2.7432579048398980,-7.9316790578407161,461.7997415009399447,22.3707669030876914,9.0557366458829929,467.7906354970919551,11.7173544317250116,11.2492284830685065,2.0535802791106912,538.0479354628666897,22.6810298720191774,19.4185374516690672,535.9943521092790206,5.1508027073558837,5.3143937686091194,4.6175996111428796,2.3347690074432839,687.6129269028990620,6.0523937843584203,26.6735229728344834,682.9953273151238591,10.8511491430775280,10.4465932159806396,411.3031354340382109,7.0636523942379696,8.0201598029342431,9.9325169589902735,413.1639422022486201,5.9795309372761212,8.1357884890605980,6.1366256894841085,1.8608067461134232,-1.0841193644985412,-3.7958910758335831,-3.3918197185051500,5.2526262839640392,-0.7343298906257539,-0.6703738717670773,5.2804135736552915,397.2447637446202293,10.4339691611368828,6.6978146771715856,26.6354275169852919,-14.0583717088924853,3.3703150605619268,16.7029182912806569,12.4439637205027989,-26.5023381676435221,3.5840979367978165,3.2748454837007781,422.7740814369558393,11.6251251891697311,9.7799433654151944,14.4683976722706156,11.4709459868432031,4.5614701003550095,4.5358798848921102,9.8406711033909389,1.6302791628279827,0.0541392065744061,0.0427977062293526,4.6745020292151525,7.1669276727706128,3.9547287808104086,8.2084957663736766,-0.9688577630227073,-5.2371822063408047,-4.2837755197336183,-4.9393069852204317,4.2683235639447936,7.8444685116780235,-0.6555315427472305,630.9936579259650671,-0.9297637126469156,-1.1311161951508459,631.7887632253678021,-6.0717986369117627,2.8083305004151988,241.5775930896233206,1.0555518640717190,-1.4738477963036165,-3.9373356154009720,233.6459124666808975,-0.1158417756604876,-0.0852355628348236,-0.1100497271783514,7.9316789929246605,571.6716581603540135,160.3685225093183533,17.5268016987119637,19.0169430804882786,-2.0061026644072957,0.9645494847032517,23.7478773552948752,7.9648457827489709,5.7938913967113974,6.7679290323676273,5.2328974748954895,1.5700427803258792,477.6174242531819800,3.6480151354893176,9.0699418278390223,453.8695468433868427,-4.3168305780586360,3.2760514401007921,-0.6989562227592385,454.5685030456672848,0.5330424323905180,0.8188171093157580,139.4654849100173806,4.2440531749763677,20.9456596490927183,115.7176074654835816,-3.7207922282229546,15.1517689738970134,11.4185434489169584,104.2990640159376312,11.8837841193788076,12.4124627129479848,0.2922933399677277,0.0473041912773624,0.1368853151798248,6.3248591423034668,-6.1999392509460449,-1.6410760879516602,2.6689328104257584,3.5211582760030709,-1.2343229055404663,-1.3883533477783203,9.9080714583396912,0.0000022832626765,-2.9284506663680077,0.3848902061581612,0.1359142651781440,0.0124819229240529,1.8809475339949131,-0.0076171738510311,0.1374800344929099,0.8860787465237081,0.4389832434244454,0.7472113147377968,-0.1798135433346033,-0.0512478003511205,0.3586777932941914,0.0136395872686990,-0.0258713556104340,-0.0477913963259198,0.3680806364864111,3.7544292509555817,0.5609646448865533,-1.0173336341977119,0.2351714372634888,0.1801038272678852,-0.2013106444210280,0.5394261614419520,,,,,,,,,,,,,,,,,,,,,,,,,,,,,,,,,,,,,,,,,,,,,,,,,,,,,,,,,,,,,,,,,,,,,,,,,,,,,,,,,,,,,,,,,,,,,,,,,,,,27.0000000000000000,,,,,,,,,,,,,,,,,,,,,,,,,,,,,,,,,,,,,6.1330840372991471,7.8037919837556480,51.0000000000000000,105.0000000000000000,499.0000000000000000,-10.8216432865731456,0.0280088677995795,0.6068336530310621,,,,,-50.4758838111334072,0.2900562500000000,,0.0730824905857636,,,,,,,,,,,,,
"2007Q1",11.1303558546097996,681.7452040226449981,658.6426683136379552,521.5423301298250180,458.4979341776789852,492.3252077571299878,534.3718795912890300,415.9240250212555452,417.5857654188525885,406.0657659181509871,419.8781777574179728,7.6312682849163513,7.1992373133975773,630.6039301684758129,573.8179790612690567,1.6232250237365409,25.5018422071968409,5.2241661212206205,1.6288037306672116,481.8590438423921682,137.9366805986445570,1.7470989226711708,5.3563043284091520,685.8356980665076890,665.6365832661814466,471.3655264818298747,520.4828270286947145,470.8667257682217837,537.1948081323935185,4.6479601237094270,-25.5655007088486954,1.6450797429356967,233.6150250002156952,2.7924296860437066,-4.1340932821033345,10.3082324548917210,-0.4050244961173718,-4.0904939596842551,11.1303565311440469,10.3082324548917210,1.2271497776810794,-0.4050244961173718,-0.2362041492514042,-6.9939073002273506,-4.5258930407166300,-8.8754952748793983,658.6426747718933257,-40.2638789116208144,8.6888551509365968,665.6365832661814466,6.9141365311197651,6.8361811709629849,-12.8676041650156208,-8.3460054779728949,-8.8754952166702807,458.4979232229317745,-33.8089330390212268,43.7203521225608682,471.3655264818298747,13.8768616588170968,13.0749637963288379,1.0594987880943638,521.5423259165862646,24.2550761529431469,16.1374019357691729,520.4828270286947145,13.3821595086432392,12.7463247385733265,21.4584870759448414,15.0005370877760615,-4.9049814095617732,492.3252145039613765,122.1019009837812206,40.0701151122826360,470.8667257682217837,12.3043642514622675,11.5978154539468203,-2.8229363055846761,534.3718748015857045,-14.7042443957493187,21.2202222741954714,537.1948081323935185,4.8018273310500206,5.1770064070111950,-4.0904939596842551,-2.2751223523470578,681.7452041217197802,-23.4708787337581875,13.3260558467660069,685.8356980665076890,11.3614946151284535,10.7489076665533858,415.9240250212555452,18.4835577880212796,14.0428162736757223,11.1834961331929712,417.5857652185140978,17.6872932935207352,14.4049975933539187,8.7441058682731434,1.6617401633710134,-0.7962666957448247,-2.4393886449978108,-3.3988977910307145,5.0606373021688471,-0.7679547000605659,-0.7106410759025114,-2.2914014479493758,406.0657674941304549,35.2840115091277013,21.8744890029181924,25.7927421915994763,-9.8582575567953690,16.8004550243994970,14.6092484485016669,15.7072448179336330,-25.5655007088486954,3.7473502517408477,3.4698267974500272,419.8781778260558895,-11.5836069769558190,-8.3781106264363885,5.0580272267537492,3.9541527742914000,-30.0671662308241139,-6.1254662568503884,2.3090728485561378,1.6450797429356967,0.0591845941525058,0.0494809634894470,4.6479601237094270,7.6312666447156090,5.7289855788442328,8.1838731203103627,-6.7737302951269163,-11.0775984957676989,-7.5747330503270458,-8.8754950877411058,4.3038678597055702,7.1992373122159101,-1.3007627373470836,630.6039301283154828,-1.5589134694859286,-1.0875486643365007,631.6383557641503330,-4.1340932821033345,2.7924296860437066,238.5200069291946932,-12.2303465952264254,-4.5924086630758145,-8.1529949822003029,233.6150250002156952,-0.1235426245769119,-0.1030377601984852,-0.1173655974608892,4.9049812950445002,573.8179785157294646,157.8939554470026962,-9.8982705147347243,12.7516599252787053,-2.0097131629256184,1.6232250288556334,25.5018420379414188,7.0158565568593207,5.2392462515592984,6.0087379523107209,5.2241661263770691,1.6288037115329861,481.8590454299713883,16.9664798395927967,12.8413861728835172,456.3572033911801782,9.9506227181636113,7.6021391934642129,1.7471002371193671,454.6101031271352895,0.1664008305006754,0.6323061419937838,137.9366800982576819,-6.1152050299580205,10.3745221617376391,112.4348380286559603,-13.1310617702889232,5.1352755775862455,5.3563062522979505,107.0785317742715108,11.1178665917331525,12.2123151890143316,-0.5109748467803001,0.0032159947877517,-9.6565961241722107,-11.8421392440795898,2.1376757621765137,24.0504579544067383,-0.8769980669021606,-0.5790051423012263,8.3945323824882507,20.4350223541259766,-13.1580176353454590,-0.0000036160033354,-0.4537544474005699,-0.7107843086123466,-0.2434817282482982,-0.0223605673527345,-15.6457917951047421,-0.0021936994453426,0.1628425382077694,1.0463100289925933,0.6285200330894440,0.9289266020059586,-0.3353860117495060,-0.0469934300635941,0.3236358719877899,0.0104592879652046,-0.0134928970946930,-0.0350678068061825,0.7165485024452209,0.2479277253150940,0.6417956121731550,2.1804526448249817,-2.9792278409004211,0.2157652061432600,-0.3133374801254831,0.4224557559937239,,,,,,,,,,,,,,,,,,,,,,,,,,,,,,,,,,,,,,,,,,,,,,,,,,,,,,,,,,,,,,,,,,,,,,,,,,,,,,,,,,,,,,,,,,,,,,,,,,,,28.0000000000000000,,,,,,,,,,,,,,,,,,,,,,,,,,,,,,,,,,,,,5.8088305549279395,8.4835089869776965,68.0000000000000000,106.0000000000000000,506.0000000000000000,-7.5098814229249014,0.0635329799801175,0.1511411861660079,,,,,-56.7303100432509950,5.2325299999999997,,0.0442041248314355,,,,,,,,,,,,,
"2007Q2",8.5869332698551908,685.7966957677970186,662.7667466604229958,519.4107518946110531,458.2531299154779845,495.2533538984779966,538.4750939992809435,416.4331757577796225,419.2028405885724283,401.4322170327409935,419.6874478264600157,7.1669286690359684,7.5888277667255011,630.3292680378898467,582.7525890090239500,2.1115204279723021,26.9383100237435791,5.2328974552316430,1.7955093625870644,486.1568225361335180,137.1283944978151510,4.6798430916329607,0.5276463994772342,688.7947795144109477,667.3844479576727053,474.9836027711671704,523.9574260215493950,474.0595820713545550,538.3144051084689181,4.6006826022192548,-24.5633938837905994,1.6626616729378201,233.5792536093479725,2.7541079544394442,-2.0090555724533501,10.2562545795880329,-2.5687434352010072,-2.9980731592457071,8.5869338077132973,10.2562545795880329,0.8994219253829443,-2.5687434352010072,-1.3103605886112066,-4.6176949187359853,-3.4540946884389689,-3.4298271939372285,662.7667526050097422,16.4963397020007427,7.2042586078484465,667.3844479576727053,6.9914792406227741,6.8910734737466619,-16.7304557779837744,-11.2939950141071517,-3.4298270257799173,458.2531476267271842,-0.9791496466399181,16.6158158271585918,474.9836027711671704,14.4723144764452289,13.5887745817287602,-4.5466692067063166,519.4107577043530455,-8.5262788779726346,-2.2812152054014052,523.9574260215493950,13.8983913334826088,13.1459593912369179,21.1937694139617321,15.2121074983163957,-4.4854785746053132,495.2533538411036602,11.7125617995963687,25.6178631499234477,474.0595820713545550,12.7714161491784317,12.0209650737587896,0.1606953616273448,538.4751021594801159,16.4128950994760103,8.7247953079970983,538.3144051084689181,4.4783885728137873,4.9463509797787450,-2.9980731592457071,-2.2068233088629396,685.7967063408052582,16.2060189544582123,8.0589972521477176,688.7947795144109477,11.8363353024906672,11.1352643203035591,416.4331757577796225,2.0366038024070061,2.7424311441294584,8.3572715524718006,419.2028411254336220,6.4683041594902884,5.8737732505096449,8.6033397946663577,2.7696653726233951,4.4316997865460666,0.2460691243646322,-2.0854384594968058,4.8551034909833479,-0.8221349005731964,-0.7532686128811958,-1.5013656278338416,401.4322164043870202,-18.5342019672919349,-11.6126112220000124,11.4639776487182647,-15.0009593478956553,-20.5708075235586598,3.1067064448835637,9.5624324489173063,-24.5633938837905994,4.0084282283722290,3.6759113492217592,419.6874496709277196,-0.7628969003476871,0.3452195549407957,-1.7101697591592484,3.2542739105585947,-2.7995047563932474,-10.0674436097107449,1.5916180900239563,1.6626616729378201,0.0703214461434444,0.0571617226336978,4.6006826022192548,7.1669318026384783,-0.6304122128777161,8.1922398807089376,1.2931668798296458,-3.1205258396908917,-2.5186547161617368,-3.4298265267445869,4.4136922762755555,7.5888276212512142,-0.9111725110492344,630.3292674105373408,-1.0986533547469730,-1.0336116687427659,631.2387169527953574,-2.0090555724533501,2.7541079544394442,238.0647360899780551,-1.8210880086760763,-3.2633193862336940,-0.3282759053368558,233.5792536093479725,-0.1430791376483994,-0.1192936797149019,-0.1359252462708440,4.4854790000682003,582.7525924467470304,166.3194171022767307,33.7018341538693207,15.1127906265135010,-2.0653589927629277,2.1115204337475055,26.9383098094797440,5.7458683480793775,6.3736316281702088,4.9927469517322027,5.2328974595884992,1.7955094561352578,486.1568247777378247,17.1911205657189186,7.5429274720519306,459.2185149975396143,11.4452524374220843,1.1692958823172925,4.6798451492634454,454.5386698495261157,-0.2857329251984425,0.3074147636513241,137.1283973404844971,-3.2331266635386218,2.1559230625398533,110.1900874406780417,-8.9789944826266375,-4.2177080206841318,0.5276460011346318,109.6624414723812748,10.3356351626462484,11.4855369451333704,-2.1140762418508530,0.0111134127946571,1.1399613618850708,-7.4169731140136719,-5.2353425025939941,5.7414512634277344,4.5125457048416138,1.5175718960552524,-4.9577833712100983,-31.1105824708938599,4.9827048182487488,0.0000026086136506,0.1623055338859558,0.2595140226185322,-0.4434337187558413,-0.0407235061866231,35.3030146826058626,-0.0545900805955171,0.1790990158915520,1.0453449077904224,0.6012632150668651,0.8383186906576157,-0.3272982984781265,-0.0703831569990143,0.4377869041636586,0.0170553162461147,-0.0257137004518881,-0.0590786782850046,0.5856889002025127,-0.2628691345453262,0.6575120193883777,3.5966438651084900,-3.3824563026428223,0.3295861035585403,-0.4354935065493919,0.3295509921154007,,,,,,,,,,,,,,,,,,,,,,,,,,,,,,,,,,,,,,,,,,,,,,,,,,,,,,,,,,,,,,,,,,,,,,,,,,,,,,,,,,,,,,,,,,,,,,,,,,,,29.0000000000000000,,,,,,,,,,,,,,,,,,,,,,,,,,,,,,,,,,,,,6.6565458696631898,8.9531479102490383,76.0000000000000000,118.0000000000000000,547.0000000000000000,-7.6782449725776969,0.0912706889059407,0.1401224862888482,,,,,-56.7303100432509950,-7.5663999999999998,,0.1930565460865536,,,,,,,,,,,,,
"2007Q3",13.1635115827057003,689.4638214009070225,664.6512815498249438,533.8023915395390304,454.9846666666389865,497.5899979330769725,542.5425777307809767,417.3774314216185530,420.5605335803529670,399.6515142829849765,422.2506665750260026,5.9086184125836718,8.9793485445485004,630.6147602397662695,589.0774898488690496,2.4323010211626972,28.6926311285610787,5.2288482357023600,2.0010628936140433,488.9575589326565250,138.7571803752973665,5.9310039753014507,-1.9854958236259392,691.8813351975009027,669.1517721711333024,478.7582666071053836,527.5738379566125786,477.3815154483798437,539.3443922727661857,4.6254701453731331,-23.5800090339983228,1.6793907393550265,233.5546811875985043,2.7764591356195969,-2.6694412446148692,10.2245001384853929,2.2137568477098934,-2.4175146649833126,13.1635116715075640,10.2245001384853929,0.7252556648791199,2.2137568477098934,1.0910006143365516,-4.5004857069865265,-3.7063531334210484,-1.9721854011215671,664.6512862106895909,7.5381435691926217,-1.7905168894047612,669.1517721711333024,7.0693008073756705,6.9561838013598223,-23.7736207723253479,-16.2714529547203668,-1.9721854307182896,454.9846466352855145,-13.0739456550409976,4.5004350981201817,478.7582666071053836,15.0986836875492347,14.1742251070485494,6.2285493445115270,533.8023875829690041,57.5665436385014075,12.8869144499551798,527.5738379566125786,14.4656495940910172,13.6448457652984718,20.2084847814072397,14.8418746522734111,-5.1921806966504533,497.5899993721141641,9.3465663624750306,41.3829404695516345,477.3815154483798437,13.2877249327828828,12.5202158854159773,3.1981675845675399,542.5425694159881687,16.2698942313205066,10.1648878894570238,539.3443922727661857,4.1199556531144044,4.6377439328155461,-2.4175146649833126,-3.4028014100119885,689.4638206141961518,14.6684950158639023,3.3639857765559515,691.8813351975009027,12.3462387426465767,11.5987996935331807,417.3774314216185530,3.7770228744181518,3.9833357437139716,7.8402079762698103,420.5605323787403904,5.4307671016951744,4.7655927597676699,8.8914714172438210,3.1831009613240120,1.6537416321018550,1.0512637687500810,-1.4703690205451141,4.6534688230863646,-0.8065369303809089,-0.7827396105706023,-0.8955798403771180,399.6515128749629184,-7.1228148204438506,-2.1604061539161981,5.0152403535515679,-17.7259185380893349,-10.8998359178864632,-2.8249668718399077,5.8540921369566190,-23.5800090339983228,3.9335395037809127,3.8183550944056677,422.2506670821151147,10.2528796417997388,9.3508584881756516,2.3828709391629492,4.8732356615387475,6.4758561730869726,-5.4573376356373036,3.1938546923790714,1.6793907393550265,0.0668967807084738,0.0626397438756996,4.6254701453731331,5.9086143678950505,-0.0209801894330717,8.5030777837360407,1.1430222071435590,-3.5411234069684765,-2.4515350594209910,-1.9721857374957878,4.6841445953515279,8.9793485067827916,0.4793483838988176,630.6147600343856539,1.1419703150206619,-0.6113386490349125,631.1035556190978468,-2.6694412446148692,2.7764591356195969,238.7468585339531444,2.7284919506382632,-2.5668456013356957,1.6650380603126882,233.5546811875985043,-0.0982921094544899,-0.1201912331132719,-0.0933773875683523,5.1921801156486289,589.0774903853863407,171.7000583044386417,21.5225615295939008,15.7132318833985316,-2.0038291030054052,2.4323010322080685,28.6926308781362494,7.0172839921095163,6.9359640334347228,6.0098795391093081,5.2288482350463577,2.0010629094635690,488.9575590750500282,11.2029454058274993,12.2521370778572027,460.2649282651528893,4.1856613120089783,5.3161734016247681,5.9310042041185849,454.3339240669242827,-0.8189831683138884,-0.1013185519086290,138.7571773746851989,6.5151197654764568,0.3527022775653776,110.0645465163202061,-0.5021640082034189,-6.5832616528207790,-1.9854950546060055,112.0500415783373853,9.5504060179515147,10.7219207030499870,1.5909007191658020,0.0230026072822511,-1.5164510756731033,-12.6980834007263184,9.1838865280151367,4.6971640586853027,6.5262363329529762,4.1598126785419796,-0.1816651821136475,2.2397334575653076,6.0761976242065430,-0.0000016925969843,-1.3167645633220673,1.2994037717580795,-0.0300573855638504,-0.0027603704947978,-6.6812370400875807,0.0570210728692473,0.1834448128938675,1.1060340162366629,0.6574520438443869,0.9109290391206741,-0.3784640226513147,-0.0030459042318398,0.1279278337024152,0.0036074820091017,0.0376331468578428,-0.0022380653244909,0.4474717900156975,2.0245372951030731,0.6464777290821075,3.0295017212629318,-2.3706765174865723,0.3851044522598386,-0.5618233630084433,0.2483402371872216,,,,,,,,,,,,,,,,,,,,,,,,,,,,,,,,,,,,,,,,,,,,,,,,,,,,,,,,,,,,,,,,,,,,,,,,,,,,,,,,,,,,,,,,,,,,,,,,,,,,30.0000000000000000,,,,,,,,,,,,,,,,,,,,,,,,,,,,,,,,,,,,,7.5042611843984588,9.4227868335204068,81.0000000000000000,132.0000000000000000,573.0000000000000000,-8.9005235602094235,0.1088923150177205,0.2840541012216404,,,,,-56.7303100432509950,-5.4873399999999997,,0.0564546264434857,,,,,,,,,,,,,
"2007Q4",9.3116731011593004,693.0406200873160287,666.0309591743109650,532.9190141088910195,479.7444010691290259,501.6943784806300073,545.9567143269799772,418.7002584182704936,422.0002108157685257,400.1323244627000122,424.1986108777260256,7.1421032228262380,7.6596593095543568,630.1010478899974032,598.9766812639450109,2.5871124291718006,31.3678601553074863,4.7864974408582821,2.0920223049585736,496.9127842452503501,148.6679394896526389,11.5664128295447313,3.0591284169498607,695.0156101091331493,670.9235436155580601,482.6075260840112833,531.2529903682789154,480.7464879144038150,540.3498979193266223,4.6422700362445477,-22.6079591734474832,1.6953110783123471,233.5404095954999093,2.7932691829270322,-4.3541973824884739,10.1833793338193246,-1.4642070922006818,-1.9749987065300691,9.3116737490331083,10.1833793338193246,0.5925008117872250,-1.4642070922006818,-0.7526640374352764,-4.8925748170486969,-2.6190525255377515,-4.6833368867033389,666.0309671377779068,5.5186911120931761,-2.6776781701756538,670.9235436155580601,7.0870956779099616,7.0155023867282020,-2.8631408226499953,-1.3086872968624701,-4.6833367928116125,479.7443861441619219,99.0389557665293410,12.7942240452269989,482.6075260840112833,15.3970692279332475,14.7112326600151704,1.6660178397751511,532.9190097926201588,-3.5335128333358043,17.4404520442800681,531.2529903682789154,14.7166077206677262,14.1157009919513428,20.9478881106319577,15.4142744490418266,-5.9282862123228846,501.6943791455835253,16.4175084911062292,39.8946275340478849,480.7464879144038150,13.4598707819719312,12.9558464654046865,5.6068059057022914,545.9567089043817987,13.6565388301777588,7.9087761647519290,540.3498979193266223,4.0220264771099101,4.3555500001685790,-1.9749987065300691,0.4559341978863032,693.0406113324194166,14.3071589463014845,5.4276776286946102,695.0156101091331493,12.5371148391949365,12.0202901488871667,418.7002584182704936,5.2913081700114235,6.9667845152383574,7.3971242853776467,422.0002118137331308,5.7587175722573454,7.2957394002383662,8.8362693571787165,3.2999533345486505,0.4674097544449048,1.4391464379944654,-1.1542500091411236,4.4542035211688917,-0.7970626373675217,-0.7984228319020982,-0.3943450185122150,400.1323244065844165,1.9232446119636417,5.1449673250076575,2.8875616147022587,-18.5679340620709468,-3.3680635279126259,-4.5095642327519441,4.0400250565270124,-22.6079591734474832,3.8881995573213124,3.8943794311774864,424.1986114146616842,7.7917773007585804,7.4469410233911821,1.4245337223710117,5.4983529463894465,2.5004703661564776,-5.9725913726804585,3.8030404498210193,1.6953110783123471,0.0636949816234679,0.0650313194978803,4.6422700362445477,7.1421059542113472,3.6574024926133970,8.6762679118144543,-0.1536312860413189,-4.9846917268773110,-3.8429960624303154,-4.6833363684422364,4.8310608168313109,7.6596593046677901,-0.8403408485414321,630.1010471902051222,-2.0548532263347816,-0.8926118226364468,631.1281447642783178,-4.3541973824884739,2.7932691829270322,239.4686951860938109,2.8873459704096125,-2.1088985634890323,-0.4792853223565503,233.5404095954999093,-0.0570851273529366,-0.1055027550840736,-0.0542307223564871,5.9282865986260687,598.9766814339723169,180.2764234321368235,34.3054626296689520,19.9078935800336829,-1.9643872588834774,2.5871124438511619,31.3678598379898226,10.7009144843272139,7.6199818093763909,8.9567842462384615,4.7864974512872065,2.0920223477190381,496.9127855324218785,31.8209082605555835,19.2953610487993288,465.5449257437203983,21.1199927246212162,11.6753784772532718,11.5664143557764127,453.9785113613982048,-1.4216505732291891,-0.5899916492812398,148.6679390746321872,39.6430454506069907,9.2024589344689929,117.3000792710563900,28.9421311710592093,1.5824767122327148,3.0591248729714509,114.2409543834894237,8.7636442534946255,9.9418925879444640,-1.6308091878890991,0.0060404070245568,-1.4667709171772003,12.9396729469299316,-2.3825378417968750,5.9259939193725586,3.8814595043659210,-0.3653903972260242,-0.5960386395454407,0.7585699558258057,-1.3213875293731689,0.0000006939550592,-0.5709337294101715,-1.2717544063925743,-0.2808381374925375,-0.0257912556407973,14.5883287750184536,0.0410859598996467,0.1273091807961464,0.8093694578856230,0.3468242571689188,0.5925801396369934,-0.1358821727335453,-0.0085548555507557,0.1499880845658481,0.0034878758597188,0.0362923211068846,-0.0055439945426770,0.3007494742050767,4.6910345554351807,0.2073663235642016,7.8891922533512115,4.5085362195968628,0.2910657376050949,-0.6845659790560603,0.1682722442783415,,,,,,,,,,,,,,,,,,,,,,,,,,,,,,,,,,,,,,,,,,,,,,,,,,,,,,,,,,,,,,,,,,,,,,,,,,,,,,,,,,,,,,,,,,,,,,,,,,,,31.0000000000000000,,,,,,,,,,,,,,,,,,,,,,,,,,,,,,,,,,,,,8.3519764991337091,9.8924257567917557,78.0000000000000000,140.0000000000000000,599.0000000000000000,-10.3505843071786305,0.1234237283061015,0.9274447151919867,,,,,-56.7303100432509950,-4.4863799999999996,,0.0855981663832848,,,,,,,,,,,,,
"2008Q1",8.8795255982251700,691.3246689580470274,666.1184437549469521,523.0505050765409578,481.4686211724369969,486.8841282481229769,523.1113918596789745,422.5444126237655382,426.6738589731516527,398.7303268143840000,430.7751518272639828,7.3838888334870472,7.5069503250441443,629.8489888916258224,606.0995459961879988,2.6079776655496989,35.1220457536146782,3.1056708945153497,2.1008769181255378,508.0335192814718539,161.3495066261349962,19.4526896110406256,9.9939503246635724,697.9878013325820802,672.6617702279157811,486.3113330948869475,534.7946874543248441,483.9261522820130494,541.5026019290838803,4.6928071882131128,-21.6903131719295672,1.7088574272675654,233.5443747894193223,2.8385855172689443,-4.3381648175218288,10.1655763024022701,-3.2849916945041011,-6.6631335615224563,8.8795255341113339,10.1655763024022701,1.9989399073328855,-3.2849916945041011,-1.6513975958767648,-6.5433292070689388,-4.8184030918101310,-8.7966370700831060,666.1184403218703665,0.3499038740788514,7.4757670315941800,672.6617702279157811,6.9529265802635569,7.0251974436763751,-4.8427214836404655,-3.6354345629277898,-8.7966369753357707,481.4686107803043456,6.8968527864994353,22.9706952014449683,486.3113330948869475,14.8152159780374024,14.9458232000155746,-11.7441779205392365,523.0505095730784433,-39.4740194041222381,1.5081766182983092,534.7946874543248441,14.1667815538767741,14.3118582022882350,2.9579802238007242,3.5076943067716098,-4.7528008207740005,486.8841332038795713,-59.2409895115094116,-5.4410851476864250,483.9261522820130494,12.7186535766248330,13.0594163503342990,-18.3912124066926879,523.1113865498826954,-91.3813064515790785,-11.2604875094272554,541.5026019290838803,4.6108155116951384,4.3077953972641660,-6.6631335615224563,-3.3134286364070329,691.3246676943311968,-6.8637648547415555,9.5794572041448163,697.9878013325820802,11.8887777670242158,12.1521077418642029,422.5444126237655382,15.3766149866551807,13.8753100375026577,6.6203853434022593,426.6738594470401722,18.6945879328661739,15.2082224819009770,9.0880933169759341,4.1294468207444917,3.3179730457317116,2.4677059415987523,-0.1367763076293338,4.2662223309850207,-0.7519222839438175,-0.7944139376210548,-4.3799463961416780,398.7303264080463236,-5.6079979164057665,3.5619892171127350,-7.3354416569183574,-23.8140862146188539,-20.9846117148205877,-13.9558296030438598,-2.1237724727156726,-21.6903131719295672,3.6705809043558251,3.8751863264572464,430.7751485714807131,26.3061691469636401,22.6594059925734932,10.8969815772965468,8.2307359462534144,10.9295512499425360,4.2765885458589725,6.5218897453551632,1.7088574272675654,0.0541634807499563,0.0637684014585426,4.6928071882131128,7.3838931696421142,7.6271922195370410,8.8954214353681174,-7.8243251690412006,-12.7788612302353854,-7.8035873339611186,-8.7966365852756034,4.9545365241841690,7.5069503543906650,-0.9930496643005625,629.8489890397561339,-1.0082404544900316,-0.7549441091513738,630.7498781471933853,-4.3381648175218288,2.8385855172689443,238.2971756388310212,-4.6860840697025772,-0.2228310060528040,-4.6258475382946713,233.5443747894193223,0.0158674422448855,-0.0706457359149510,0.0150742086660576,4.7528004783341391,606.0995429907453627,183.5551315586238559,13.1148359774014569,25.6611770753073500,-1.8756967843265795,2.6079776891546516,35.1220460990423646,15.0167417717312759,9.6202019937181085,12.4094460486555320,3.1056708915727458,2.1008769110989958,508.0335183288294161,44.4829342420478255,26.1744729817586403,472.9114722455516926,29.4661913829140580,16.5542702322208939,19.4526883900703069,453.4587838265568962,-2.0789094986274801,-1.1513187156038749,161.3495020381211873,50.7262377011297119,23.4128184558062529,126.2274559260989548,35.7094959122324482,13.7926160280379690,9.9939474087117937,116.2335084947476105,7.9702241065963593,9.1549729890868914,-2.1105736196041107,0.0174503889866173,-1.4181853532791138,-1.3669815063476563,-12.8270874023437500,-12.4374151229858398,-12.2326292097568512,-5.5645296574393353,9.1478867232799530,-12.3618116378784180,10.8009066581726074,0.0000011935707696,-0.8758816421031952,-0.2367429286241531,0.1457506548613310,0.0133852631552145,-9.1758339200168848,0.0942788320899126,-0.0237649306654930,-0.0559505000710487,-0.4514498859643936,-0.3121755570173264,0.5459395535290241,0.0268624997988809,-0.0268249590881169,-0.0031620023073629,0.0700982363778166,0.0246432703279424,0.1760919839143753,6.0599575340747833,-1.1195796150714159,12.2815122008323669,7.7607840299606323,0.2180568249896169,-0.7994238969404250,0.0829500825057039,,,,,,,,,,,,,,,,,,,,,,,,,,,,,,,,,,,,,,,,,,,,,,,,,,,,,,,,,,,,,,,,,,,,,,,,,,,,,,,,,,,,,,,,,,,,,,,,,,,,32.0000000000000000,,,,,,,,,,,,,,,,,,,,,,,,,,,,,,,,,,,,,17.2835131701687672,17.3215963919460663,70.0000000000000000,151.0000000000000000,607.0000000000000000,-13.3443163097199342,0.1387814191093825,0.2723064250411861,,,,,-22.8836150366952040,-6.8168300000000004,,0.1262593754055553,,,,,,,,,,,,,
"2008Q2",8.5513100378753606,698.6955106191289815,670.6735830683379618,525.4588423273370381,505.9562233187820084,489.4057559227010188,537.8117246225109511,428.6288358440925776,433.3782890685627081,401.5346362860399836,437.4062439523219723,6.2348625064535295,7.9574876117124118,629.7754783768856441,610.0654421406200072,2.4377312945885521,38.8822548192414175,2.8903895280153806,2.2278985534009492,514.9725884243457585,176.4417173825818850,23.3220105977893581,19.5314717141700953,700.5153029865214194,674.3139475819843938,489.5780756377336616,537.9245839852172821,486.6193553967034973,543.0381722529446051,4.7213133644617065,-20.7997616307577609,1.7206118638477248,233.5628672748340477,2.8697534493300250,-3.7016133311271555,10.1944734149086251,-2.1890968295437059,-1.8197746816669755,8.5513092534861013,10.1944734149086251,0.5459331832271432,-2.1890968295437059,-1.0801006755376392,-3.6403464525754528,-0.9816186784926291,-13.6505075080304259,670.6736004649692404,18.2206409439092951,7.9068535056950315,674.3139475819843938,6.6087197014616015,6.9295072341805835,16.3781775262229559,12.1121717854019746,-13.6505075310248909,505.9562545059487206,97.9505146281435941,47.7031255489786190,489.5780756377336616,13.0669446939408136,14.5944780913696306,-12.4657313093052480,525.4588533411935032,9.6333961299590385,6.0481016263911211,537.9245839852172821,12.5195917560112289,13.9671591393236714,2.7864072441121874,2.8099366627702809,-1.7165707160081569,489.4057646096924259,10.0865334422115431,-5.8475974260913661,486.6193553967034973,10.7727981363187713,12.5597616489282906,-5.2264311142847237,537.8117434518846949,58.8014051362132761,-0.6633552148243655,543.0381722529446051,6.1422696481639019,4.7237665308272163,-1.8197746816669755,2.2663996293429718,698.6955283026543384,29.4834537970004185,12.8988213380063907,700.5153029865214194,10.1100252624149221,11.7205346306453961,428.6288358440925776,24.3376955065170151,22.2603853741223858,12.1956586440093453,433.3782913645760573,26.8177320265975396,23.5128330671818162,14.1754508237357442,4.7494555150240192,2.4800355089116652,1.9797898703623309,0.6655392089372931,4.0839159298909271,-0.7292262870469932,-0.7711878079839711,-1.1125070899664726,401.5346361586186958,11.2172373094665936,15.8692560107818110,0.1024184993514465,-27.0941996955024962,-13.1204555907876070,-12.0932421773420664,-6.2944385736612070,-20.7997616307577609,3.5622043285799996,3.7636331654423838,437.4062429277640263,26.5243810824805273,22.8166830657132280,17.7187969742130420,8.7774070734315561,2.1866808348993745,5.5231380719973409,7.0567983857019954,1.7206118638477248,0.0470297111069038,0.0579498903606939,4.7213133644617065,6.2348678087684899,14.4517879148599846,9.1600206299685265,-17.2779609166005272,-22.4458957676259487,-13.1079955933209256,-13.6505071808860059,5.1679334891124293,7.9574876117124118,-0.5425123509751071,629.7754773344701107,-0.2940501503067852,-0.5537920104523343,630.5890870207869057,-3.7016133311271555,2.8697534493300250,235.2794414430127006,-12.0709439887280681,-2.7852984269714547,-12.6745411587814143,233.5628672748340477,0.0739805215455479,-0.0163849836889139,0.0702815106490380,1.7165704373146125,610.0654493461145194,181.4366138860179944,-8.4740745332250444,15.1171989892898857,-1.8159860484961607,2.4377313076033542,38.8822554686081645,15.0408349637067680,11.9439444815132827,12.4287203878694950,2.8903895373332698,2.2278985022365156,514.9725895920405492,27.7562801964412493,28.8157663432960192,476.0903340726331407,12.7154453671850085,16.8718222037188355,23.3220112287189103,452.7683228846581187,-2.7618432395687997,-1.7703463787999894,176.4417189007305353,60.3688552897437347,39.3133242271337480,137.5594633633311901,45.3280210247347526,27.3693802020061909,19.5314711917243571,118.0279921732928585,7.1779317852220128,8.3655541920392462,-0.9425241649150848,0.0501034059561789,0.3337463140487671,19.0308532714843750,-4.8320131301879883,-0.5267958641052246,-6.0188573449850082,-5.0636225613489110,6.3785245418548584,2.3295813798904419,1.5065575242042542,-0.0000006140617972,-5.1950871050357819,0.3512323647737503,0.0784805715084076,0.0072073991177604,-26.6055204775184393,0.0741681480430998,-0.2405119650065899,-1.2514603910967708,-1.5543118533678353,-1.5538730621337891,1.5180437508970499,0.0098852356604766,0.0606553563848138,-0.0017174093518406,0.0589065427193418,0.0150264708208852,-0.0137677080929279,2.6313891410827637,0.0098002767190337,11.2613440603017807,12.2358880043029785,0.3371093021705747,-0.8908247329527512,0.0047265906177927,,,,,,,,,,,,,,,,,,,,,,,,,,,,,,,,,,,,,,,,,,,,,,,,,,,,,,,,,,,,,,,,,,,,,,,,,,,,,,,,,,,,,,,,,,,,,,,,,,,,33.0000000000000000,,,,,,,,,,,,,,,,,,,,,,,,,,,,,,,,,,,,,12.8422993334955073,13.1901673362142482,84.0000000000000000,187.0000000000000000,686.0000000000000000,-15.0145772594752192,0.1337289496719496,0.3331934106413994,,,,,-22.8836150366952040,3.9406431620000002,,0.1629215728555375,,,,,,,,,,,,,
"2008Q3",10.7497038484832004,700.7142480624679592,672.5256656176719616,538.1229763090419738,508.5035197277910015,478.2012673590350005,542.7438204170910012,435.2086321200774819,439.1121387290698408,412.0808944023199842,444.4275311530279851,6.7970126439267213,8.3176044367692583,630.7096604075962887,613.3943503536520439,2.0731518227050438,41.2105275080773410,3.1377212655659772,2.3642153797285248,509.1714898801504887,187.8232834689289632,16.0480946999073240,26.9818510331387387,702.5534987762291621,675.8713896887959436,492.3543920987897877,540.6032325105569498,488.7867276625609634,544.9923234331912454,4.7194120386293132,-19.9084711327365689,1.7316162727042861,233.5916537538976456,2.8829994415550355,-0.6947622242463402,10.2438639539241141,-0.0459340905279945,-1.8392450538124494,10.7497034788345101,10.2438639539241141,0.5517752422049294,-0.0459340905279945,0.0017279025539181,-3.3457248121976662,-1.4163651228938967,-10.1631144959985313,672.5256644065855198,7.4082836404515131,7.8743733640919444,675.8713896887959436,6.2297715492715913,6.7196256051489165,16.1491294785384767,11.2715850768412835,-10.1631144201581858,508.5035218522579612,10.1891511241691699,53.5188553036712165,492.3543920987897877,11.1052851341644274,13.5961271997890982,-2.4802547432632784,538.1229783634147452,50.6565283231518038,4.3205872306519337,540.6032325105569498,10.7146001310794663,13.0293959556992718,-10.5854619632400038,-6.2443972802577168,0.7835983972460144,478.2012666856550709,-44.8179661827541267,-19.3887426929141498,488.7867276625609634,8.6694709121063269,11.4051998064382669,-2.2485100945176484,542.7438221810527921,19.7283572087993946,0.2012334864838912,544.9923234331912454,7.8166102909761230,5.6479295951246984,-1.8392450538124494,0.4745444790168545,700.7142537262899396,8.0749617742188349,11.2504195505170621,702.5534987762291621,8.1527963432160480,10.6721741618109753,435.2086321200774819,26.3191864909571756,21.6063570283801880,17.8311983284715225,439.1121392291283883,22.9353973831327842,19.0258416700064394,18.5516039197256362,3.9035071022257233,-3.3837938064039901,0.7204059143612793,0.0019847450713186,3.9015218015927995,-0.7295771030235303,-0.7519474205972256,-1.6281214146204519,412.0808946864129894,42.1850386607422720,33.4776369171937347,12.4293824186763917,-23.1277374394037558,15.8658539127210148,-5.4018172801290509,-3.2192634896618637,-19.9084711327365689,3.5651550622873169,3.6715346154153856,444.4275305263655014,28.0851396025270468,23.4853530841159319,22.1768648578142482,9.2188983967679690,1.7659538883065271,4.3456636165593823,7.4872788688600860,1.7316162727042861,0.0440392888380810,0.0522369424386078,4.7194120386293132,6.7970133518102953,11.7951736753170273,9.3464268170646800,-12.2288322548457149,-17.5854250981465086,-9.9807192361503603,-10.1631147039608116,5.3565918776677117,8.3176045150734836,-0.1823955071623708,630.7096608766562440,3.7367376771390424,0.0949003075061272,630.8569004655724939,-0.6947622242463402,2.8829994415550355,232.8080494249463754,-9.8855600240112373,-5.9388050621820350,-10.2852545703619729,233.5916537538976456,0.1151336330966890,0.0369725658747067,0.1093770034587828,-0.7835984774713733,613.3943518075345764,178.1857198141720460,-13.0035581057727150,6.4856609333181749,-1.8426904974672180,2.0731518272619467,41.2105277935262109,9.3130933454942522,12.5178962977580213,7.8465267773879468,3.1377212659538367,2.3642153727981263,509.1714911050768251,-23.2043896890705774,20.2139317340169491,467.9609632909810557,-32.5174817278621759,7.6960353251106888,16.0480958673901029,451.9128674292422829,-3.4218231829790491,-2.4210570655506931,187.8232845008473646,45.5262618175665494,49.0661025357706109,146.6127566827852604,36.2131693961726526,36.5482063900033154,26.9818511823737062,119.6309055030604753,6.4116551095273309,7.5808606669827601,0.2020910084247589,0.0568182324059308,-1.4448969960212708,5.0382676124572754,5.6224741935729980,-13.3548383712768555,-4.0536867231130600,-2.6514092330936947,0.6437909305095673,19.3493438959121704,2.6928992271423340,-0.0000002893386979,-3.4826150797307491,0.3058655001223087,0.5773550621233881,0.0530224025133066,-9.6645736154168844,-0.0062760120927123,-0.2924628499895334,-1.5522629003971815,-1.7285848483443260,-1.8086388707160950,1.7375035360455513,-0.0176716671558097,0.1611449038609862,0.0017125633894466,0.0448521969665308,0.0002213879488409,-0.2183155855163932,-3.1156265884637833,0.4293570981826633,1.5884491503238678,12.7238765954971313,0.3591066934168339,-0.9361642462317832,-0.0484807514876593,,,,,,,,,,,,,,,,,,,,,,,,,,,,,,,,,,,,,,,,,,,,,,,,,,,,,,,,,,,,,,,,,,,,,,,,,,,,,,,,,,,,,,,,,,,,,,,,,,,,34.0000000000000000,,,,,,,,,,,,,,,,,,,,,,,,,,,,,,,,,,,,,8.4010854968222883,9.0587382804823573,83.0000000000000000,205.0000000000000000,749.0000000000000000,-16.2883845126835780,0.1272999231230758,0.3008224299065420,,,,,-22.8836150366952040,-3.1806999999999999,,0.0764239957503287,,,,,,,,,,,,,
"2008Q4",9.2998280358010899,701.8673971548670352,673.3802138208490078,547.2814359144040282,495.2909619577139892,481.7419215170560278,545.6736982168999930,438.6776441592320452,442.1732252563708130,419.3246964894000257,443.7653982477680188,7.1514134873996467,8.0290939026430479,631.8744004551761009,613.1890847714220172,1.5094941742567314,40.0429678736523158,2.8632807297488454,2.3875144051169950,484.4113678815371031,176.5383680975052982,-6.5443333003804014,15.4344271641707564,704.1878115197000625,677.3520232755680581,494.7198054663710423,542.9062287176999462,490.5408150752234064,547.3018988798277178,4.6930197219647543,-18.9987728931154258,1.7426433832100667,233.6269571712850848,2.8917367675245136,5.3051742165703883,10.2927331900601668,-1.6890300755515459,-2.3204147750288708,9.2998286842779674,10.2927331900601668,0.6961256343600531,-1.6890300755515459,-0.8200806704554507,-3.9718081383229165,-3.2801946903333583,-2.8797086969652419,673.3802148273955481,3.4182053399156977,7.3492521357644076,677.3520232755680581,5.9225400241119139,6.4284894902227396,0.5711551937276957,-0.3558253991261306,-2.8797085410710146,495.2909606094445394,-52.8502145944220274,15.5465580605616562,494.7198054663710423,9.4616616929217976,12.1122780348150947,4.3752078030026711,547.2814374447204955,36.6338351591744811,14.3624227934500883,542.9062287176999462,9.2119819960461911,11.6532388244084970,-8.7989001516718020,-5.5328912430597033,3.8828125850977351,481.7419164650094103,14.1625921730964492,-19.9524680936316656,490.5408150752234064,7.0163554604583220,9.7943204400330224,-1.6282065099711192,545.6736981573044432,11.7195124852170842,-0.2830157757460814,547.3018988798277178,9.2383016539848715,6.9519998690346565,-2.3204147750288708,-2.9722862671685921,701.8673967558901268,4.6125845085341730,8.8267810583270307,704.1878115197000625,6.5372554358819759,9.1722079933737231,438.6776441592320452,13.8760452856242242,8.9509267896353002,19.9773853898052280,442.1732248749185601,12.2443424130440093,7.6349913838903980,20.1730113573851852,3.4955807060098572,-1.6317065809402176,0.1956268451319303,-0.2197963777727316,3.7153768582641762,-0.7445798766322773,-0.7388262275888787,-2.6328976520379577,419.3246959742137392,28.9752028435214051,20.1700912685658800,19.1923705994529818,-19.3529481957329992,15.0991587672222956,-0.7850141656078660,-0.3541765159696606,-18.9987728931154258,3.6387940426280450,3.6091849645049838,443.7653987590011297,-2.6485222589492761,-2.1408517451944817,19.5667928333077725,5.0877545874084475,-16.5245684641274195,-0.4105939360516340,3.3451147309552356,1.7426433832100667,0.0441069007970803,0.0473331063055558,4.6930197219647543,7.1514142299456696,0.3470930437361011,9.3618383229919058,-0.4835779467867303,-5.8969762371025976,-2.4088027382428896,-2.8797083045083154,5.4133985275040883,8.0290939292586181,-0.4709061294960479,631.8744003668605274,4.6589573162652087,1.7733512243299268,632.0722501062824676,5.3051742165703883,2.8917367675245136,229.7441431010931012,-12.2556209931610365,-9.7245525891871054,-5.2573759730963872,233.6269571712850848,0.1412077362239070,0.0865497141966224,0.1341472832497785,-3.8828131483223083,613.1890848244055405,174.5114409163642222,-14.6971127110189386,-5.7649815789650285,-1.8996371101838800,1.5094941688009282,40.0429676115111732,-4.6702406954864255,8.6751064681765477,-3.3401398112010581,2.8632807261307920,2.3875144288083869,484.4113676645906708,-99.0404905882287636,-12.5014183685671227,444.3684000606572795,-94.3702501246036576,-21.1765247594772035,-6.5443335909514619,450.9127336001633353,-4.0005357325433222,-3.0657776213157462,176.5383671215258801,-45.1396682668599425,27.8704251610285390,136.4953994718334798,-40.4694274642655358,19.1953183213580232,15.4344278600473501,121.0609716075488791,5.7202657725179895,6.8200181989078876,-2.1265510842204094,0.0474749638233334,-0.9788959622383118,-9.2715992927551270,5.9873762130737305,-2.2848145961761475,-0.8799108415842056,1.1223033282053176,-2.1249023973941803,2.0161811113357544,-15.2664068341255188,0.0000013470689209,-0.4346807114779949,-0.3067500106990337,-0.0051527861505747,-0.0004732148954645,-7.2167143989354372,-0.0391885900462512,-0.2396933734416962,-1.3323109168559313,-1.4442627588286996,-1.4635939300060272,1.5685708969831467,-0.0423527825914789,0.2321282620541751,0.0044715397525579,0.0318307647248730,-0.0029627509211423,-0.4392685471102595,-12.5167677253484726,-0.0429488311056048,-16.4941525161266327,-4.2623232603073120,0.2597205992788076,-0.9208949698950164,-0.0502222573850304,,,,,,,,,,,,,,,,,,,,,,,,,,,,,,,,,,,,,,,,,,,,,,,,,,,,,,,,,,,,,,,,,,,,,,,,,,,,,,,,,,,,,,,,,,,,,,,,,,,,35.0000000000000000,,,,,,,,,,,,,,,,,,,,,,,,,,,,,,,,,,,,,3.9598716601490627,4.9273092247504806,83.0000000000000000,203.0000000000000000,788.0000000000000000,-15.2284263959390866,0.1235727682813524,0.3379479695431472,,,,,-22.8836150366952040,-9.6381200000000007,,0.1454083117135739,,,,,,,,,,,,,
"2009Q1",11.7285861100864999,703.0824808229730252,677.5989823528229863,545.9471168204670448,510.4519625342160225,483.2907271828220246,555.5672868531310087,440.0558810149328792,443.2885564820106765,423.3983886833120209,441.8685154776330251,8.8956705832149527,6.0181432171564140,634.1264655090371889,609.0073011176849604,-0.2631804786227043,37.2154970202299111,1.7205466742888345,2.3342600971795746,480.7653927770492714,157.2875478518732564,-6.2483696148773333,-2.2817283465288227,705.5905711424344418,678.7926364556716408,496.8465405234408649,544.9885239974983051,492.0835206473836934,549.8367646623032670,4.6558607613163545,-18.0597753186811545,1.7548152295269941,233.6668321464513838,2.8901151474089719,7.9835414866769758,10.3803337322950568,0.5958253941008115,-2.5080857465837116,11.7285858163298791,10.3803337322950568,0.7524259768890513,0.5958253941008115,0.3417128269182704,-1.1936508406236794,-0.5911416317477682,-0.6988703321857506,677.5989848996476894,16.8750874576132510,11.4805523454025931,678.7926364556716408,5.7624613702194667,6.1308733098884183,13.6054312733972527,9.0222565289056078,-0.6988704193875034,510.4519721307642044,60.6440571791010541,28.9833568540538096,496.8465405234408649,8.5069362977319489,10.5352069947683873,0.9585892937335034,545.9471139155422179,-5.3372993123926609,22.8966022382890806,544.9885239974983051,8.3291782770747549,10.1938391554584520,-8.7927926704511563,-6.5328960456647431,5.6134256490013748,483.2907287000687688,6.1952301098321918,-3.5934068931342313,492.0835206473836934,6.1708289206582059,8.1573636105116876,5.7305228193842161,555.5672897573419959,39.5743634362669781,32.4558989672738818,549.8367646623032670,10.1394610979490594,8.3341604544420562,-2.5080857465837116,0.5007111917828060,703.0824853630549569,4.8603698015703980,11.7578145584138003,705.5905711424344418,5.6110493939946702,7.6027768748846407,440.0558810149328792,5.5129459699699765,2.9102076919576252,17.5114695143987014,443.2885576224974216,4.4613291333021099,2.3960015072845930,16.6146978096628644,3.2326765988309867,-1.0516170012805284,-0.8967703485124939,-0.2904982543651871,3.5231740744316311,-0.7688098935988599,-0.7430482013617701,-3.1291564768591109,423.3983879573402760,16.2947672773455920,9.3623233430638315,24.6680615659644751,-16.6574930641044432,10.7818212378398428,7.1565936767619158,1.4022839599862884,-18.0597753186811545,3.7559841799480314,3.6305348249214644,441.8685139152667034,-7.5875347830911588,-6.2488515059271794,11.0933653732137767,1.8126328955621429,-13.1004823842376723,-6.4181030191279778,0.0578224849394010,1.7548152295269941,0.0486855611145999,0.0459645187354356,4.6558607613163545,8.8956730331041616,-3.5121673867488794,9.2629528985591154,6.4996705093924190,1.1237680428853314,1.7829860160327533,-0.6988700168163187,5.3759019883319450,6.0181431439081798,-2.4818568335610154,634.1264655522371640,9.0082578976759891,4.2774754060781408,633.4462119880677164,7.9835414866769758,2.8901151474089719,228.0534054431419975,-6.7629507111774982,-10.2437707190201035,-5.1502077970104905,233.6668321464513838,0.1595018059286551,0.1224574076453440,0.1515266629132809,-5.6134257858270455,609.0073027593222150,168.9514221523562014,-22.2400684291239834,-14.6037062428244653,-1.9792990718453760,-0.2631804691090132,37.2154975314516321,-11.3098816626610343,2.0934509968018045,-8.6518527585850169,1.7205466776906200,2.3342601121934066,480.7653934673892877,-14.5838983922275141,-27.2681253647967310,443.5498959961316245,-3.2740169767254859,-29.3615764470717835,-6.2483691801160983,449.7982651627800692,-4.4578734041000203,-3.6605186853339937,157.2875494552673956,-77.0032710783164589,-4.0619552872771241,120.0720518824620768,-65.6933891024991254,-6.1554058514703662,-2.2817272822870609,122.3537791805870967,5.1712275019433154,6.1202712138098763,0.4999662339687347,0.0843090909183957,1.8997045755386353,13.8142085075378418,-1.8852953910827637,-2.3805780410766602,2.8774832189083099,-2.3723024022815924,-1.9901556670665741,-1.3350957632064819,-2.3938210010528564,-0.0000018886367856,2.1935521513223648,-2.0580412559211254,1.0038425168022513,0.0921896179206669,-13.9488919246941805,-0.0675985909183510,-0.1079024691134691,-0.7255917959846556,-0.8394740612711757,-0.7386605590581894,1.1191238723695278,-0.0557586401700974,0.2830432772170752,0.0089893611148000,0.0253544296429027,-0.0124479759979295,-1.6821049978025258,-7.9697417616844177,-0.9661304519977421,-2.1908824443817139,-13.5488595664501190,0.1854971488937736,-0.8573912039864808,0.0229856464429758,,,,,,,,,,,,,,,,,,,,,,,,,,,,,,,,,,,,,,,,,,,,,,,,,,,,,,,,,,,,,,,,,,,,,,,,,,,,,,,,,,,,,,,,,,,,,,,,,,,,36.0000000000000000,,,,,,,,,,,,,,,,,,,,,,,,,,,,,,,,,,,,,-13.5843759517699443,-10.2500284283511487,81.0000000000000000,216.0000000000000000,786.0000000000000000,-17.1755725190839712,0.1258023395315735,0.1388435114503817,,,,,1.2689617533769990,-2.5000000000000000,,0.0680544956305596,,,,,,,,,,,,,
"2009Q2",8.6326506594357006,703.7582417041919598,678.5762967701580237,540.1751059553660070,515.3264615323320186,479.0999522059460105,556.8012744666659728,439.6437043760730035,442.5720058364166221,424.9380049930659879,440.3912305925809960,8.2040710336209397,7.3080926531090729,634.2024876502416646,608.8697849623180218,-1.5786565272734754,34.6589219042648082,1.3861155448042883,2.3145509094540095,491.4099284104705134,139.4342467375974763,8.1552873959748240,-18.7792288999213213,706.9510154522205312,680.2336581726265194,498.9186749317979093,547.0228448474580318,493.6400889424133993,552.4522907017892521,4.5508314811772914,-17.0066614112514536,1.7715611796902100,233.6957256398831930,2.8396161588470719,10.3144462585089371,10.4687044716886071,-2.7938849023828074,-3.1927680610636906,8.6326507441212730,10.4687044716886071,0.9578312205130336,-2.7938849023828074,-1.3527569151822272,-1.6573535586895645,-1.7353706896469940,3.9684631339484842,678.5763042510620835,3.9092825210210531,7.9027140473093844,680.2336581726265194,5.7640850645241999,5.9197128040115761,16.4077940951474446,10.0524420182127496,3.9684634690546643,515.3264696149232122,19.4980382627644246,9.3702312207983116,498.9186749317979093,8.2885721432590369,9.3406120016375027,-6.8477359595778200,540.1751095404293892,-23.0880281839065482,14.7162619208039054,547.0228448474580318,8.1372787607329666,9.0982585802754041,-14.5401326792351551,-10.8675379659577125,7.4063251348325743,479.0999569403293776,-16.7630828159710994,-10.3058058304859852,493.6400889424133993,6.2262758896520731,7.0207318823237275,4.3489858313064422,556.8012775975690829,4.9359606759862622,18.9895447095630985,552.4522907017892521,10.4621094443892133,9.4141193450602199,-3.1927680610636906,-0.7129718469369932,703.7582473847382971,2.7030638291213265,5.0627250209075489,706.9510154522205312,5.4417812911025889,6.4357172855058327,439.6437043760730035,-1.6487061131933487,-2.7724950673212696,11.0148687548483526,442.5720070502392218,-2.8661992131780578,-3.6964016345684785,9.1937146575608537,2.9283026588331387,-1.2174950795790433,-1.8211528723088015,-0.3790332592613355,3.3073355649577802,-0.8633537812391636,-0.7765803916516022,-4.0354824241507963,424.9380041441589810,6.1584659030703195,2.5955427741111641,23.4033696306346037,-14.7057002447332827,7.8071716185236815,12.3885002007155265,2.3009629337423743,-17.0066614112514536,4.2124526311530124,3.7930979589380405,440.3912301773750073,-5.9091397017416316,-4.7072522761944242,2.9849841920083278,0.7475257883054526,-4.2604353024948720,-8.0298837534399965,-1.0240350144106829,1.7715611796902100,0.0669877503202919,0.0509567783565708,4.5508314811772914,8.2040724043634032,-7.7064364681060376,8.9514392535318752,11.9004759908839652,6.6365137889736490,5.1603708126734933,3.9684636699200553,5.2639616001852447,7.3080925484438160,-1.1919075009507334,634.2024871960204564,0.3040859184256641,4.4270101514625813,635.2130054362493183,10.3144462585089371,2.8396161588470719,226.2894021443848658,-7.0560138658873193,-8.9900400989506544,2.7558279375654355,233.6957256398831930,0.1155731615455687,0.1328547749386981,0.1097944736401545,-7.4063250425013081,608.8697875733491855,169.2260834274398178,1.0986521455951190,-12.2105247484806654,-2.1050020794420670,-1.5786565300704150,34.6589220251633137,-10.2263022265066414,-4.2233330803096498,-7.7849894186320219,1.3861155487074837,2.3145509077716913,491.4099283436224823,42.5781414254232899,-23.5626602460175683,456.7510063625765042,52.8044438055898979,-19.3393273253657370,8.1552873258496490,448.5957190274492632,-4.8101844233992894,-4.1726041594922822,139.4342476678774858,-71.4132048027946951,-37.0074715944055939,104.7753256437581797,-61.1869020740267402,-32.7841383376668674,-18.7792289841287747,123.5545546004733239,4.8031016463440208,5.5265627401528770,-2.1091115772724152,0.0917226658202708,1.1495751142501831,9.3247699737548828,-7.4708185195922852,-7.2948577404022217,4.0268398970365524,-2.0574626782388359,-2.1244973838329315,-4.5953006744384766,1.1975603103637695,0.0000001154779796,2.0053206533193588,1.0417635962367058,-1.2592618493363261,-0.1156464956293348,15.3363924119621515,-0.1216058499558130,0.0457958159968257,-0.0369674782268703,-0.1573974469210953,0.1200371086597443,0.5856705680489540,-0.1273448193314834,0.6340406106319278,0.0231707367929630,-0.0359535860770848,-0.0614874300954398,-1.3312668849248439,-1.5744492113590240,-0.3863743374822661,12.0292765125632286,-17.1135675311088562,0.2137168077751994,-0.7980984483729117,0.1489968463429250,,,,,,,,,,,,,,,,,,,,,,,,,,,,,,,,,,,,,,,,,,,,,,,,,,,,,,,,,,,,,,,,,,,,,,,,,,,,,,,,,,,,,,,,,,,,,,,,,,,,37.0000000000000000,,,,,,,,,,,,,,,,,,,,,,,,,,,,,,,,,,,,,-9.2590545055472777,-6.9854032036562081,78.0000000000000000,210.0000000000000000,774.0000000000000000,-17.0542635658914712,0.1298533651934178,0.1850426356589147,,,,,1.2689617533769990,-6.7661199999999999,,0.1846100068504265,,,,,,,,,,,,,
"2009Q3",11.7800923764753005,704.2556540594810031,680.5988420938730314,538.3793571170309633,496.2682576605030249,482.4352741070309776,550.2036646776219868,441.2507414312937613,443.6042172249859163,429.7341908754809765,441.1460280834920127,8.8804213342109168,7.1754462780479660,634.3204341538189510,613.1870839285239754,-2.4437537132869558,34.1035212802922985,0.8304092056905423,2.2796846034859066,486.8998083573621329,126.2055551053667983,5.4688425364406612,-32.6050672697078880,708.3993435893786454,681.7038892562412684,501.0629584895778521,549.1231364253419542,495.3689425393860688,555.0520209653617485,4.5033630546606842,-15.9090360294592710,1.7902618695755568,233.7270876088397529,2.8161958345204967,10.6234490117947882,10.5727683507910228,-0.0357817618019709,-4.1436867216151576,11.7800928841387442,10.5727683507910228,1.2431072976680098,-0.0357817618019709,0.0341407727124931,-1.1050444760888518,-2.2304080525375469,1.3340674639123877,680.5988441796757797,8.0901654433913670,8.0731794915063393,681.7038892562412684,5.8809262707469747,5.8325028895443642,-4.7946975540180929,-4.5566354282104164,1.3340674339519705,496.2682616253252945,-76.2327897325652089,-12.2352509030766257,501.0629584895778521,8.5771459721601957,8.7085796556486024,-10.7437770249673719,538.3793604102163499,-7.1829858973816236,0.2563822588625153,549.1231364253419542,8.4011642690528845,8.5199009669275707,-12.9336686591682675,-10.3340807928761365,8.9073495610608617,482.4352728412720808,13.3412690578163762,4.2340000363255204,495.3689425393860688,6.9154083267719679,6.5822177479968786,-4.8483585061015670,550.2036660797410832,-26.3904257816023424,7.4598437324029678,555.0520209653617485,10.3989254129091044,10.0597000643400563,-4.1436867216151576,-3.9968298434204654,704.2556569182441990,1.9896533619467167,3.5413947829029873,708.3993435893786454,5.7933128399784213,5.8458479816062381,441.2507414312937613,6.4281509713552616,2.6072689420626447,6.0421087389289836,443.6042174367918847,4.1288478758699192,0.7596859522530250,4.4920769684414124,2.3534759847508062,-2.2993050123642744,-1.5500311243620519,-0.7287913030612803,3.0822673626079227,-0.9002742296144078,-0.8192543326588492,-5.0964224689501973,429.7341911796344789,19.1847453094895393,11.3880919847370450,17.6532963767538433,-11.5165502707127345,12.7565953574253044,11.6111877079615482,4.3924861761659715,-15.9090360294592710,4.3905044772422670,3.9994344414052017,441.1460279480352256,3.0191856782899631,3.2964284841608729,-3.2815014951333024,-0.1047135027072432,-3.4089658412252044,-9.3236115669125663,-1.8949765949140653,1.7902618695755568,0.0748114031615108,0.0586463600569757,4.5033630546606842,8.8804216264361884,-4.6788123020698578,8.8181475157641653,8.1207351596880599,2.9056758791000359,2.6586211438120824,1.3340675649843934,5.2150587162714075,7.1754462810292932,-1.3245537378005927,634.3204338585734376,0.4717864519894386,3.6107723129511093,635.2626039507023279,10.6234490117947882,2.8161958345204967,224.8197376911807908,-5.8786605961010370,-7.9883110157281703,4.6034083405784738,233.7270876088397529,0.1254508679616481,0.1354326420459574,0.1191783225517174,-8.9073494097407178,613.1870842697394437,171.9363433616684631,10.8410445219214147,-6.2493744901145760,-2.1805252380078120,-2.4437537104370968,34.1035212770162275,-2.2216029648445050,-7.1070068976673593,-1.3812298092932638,0.8304091999236943,2.2796845793086922,486.8998088041489609,-18.0404778334246849,-22.2716819664856551,452.7962875247156944,-15.8188751414719047,-15.1646751491737479,5.4688431265072497,447.3274444205235341,-5.0730986612706657,-4.5854228907280605,126.2055534140803843,-52.9147777306729381,-61.6177318769787092,92.1020321052202320,-50.6931745469980939,-54.5107249572732115,-32.6050670821485440,124.7070991925710643,4.6101802908543661,5.0761931675468555,1.0385960489511490,0.1205987482971977,1.3316777348518372,-14.0934858322143555,-6.2927460670471191,-1.3699698448181152,2.1775192543864250,0.2748585638675078,6.3331358283758163,11.8289934992790222,5.3240021169185638,0.0000007647601539,2.5749384835362434,-0.2518370598554611,-1.0858155852183700,-0.0997177586832549,8.8116006683558226,-0.0839963014695968,0.1610946049913764,0.4590514395385981,0.2964677510317415,0.7564954310655594,0.2159708030521870,-0.0802869206527248,0.4012708996888250,0.0145224243460689,0.0156563519558404,-0.0394587238697568,-0.9598165673669428,5.5633863136172295,-0.6745357781182975,0.4125650301575661,-18.8962301015853882,0.1965887509286404,-0.7439326044695918,0.2873904922744259,,,,,,,,,,,,,,,,,,,,,,,,,,,,,,,,,,,,,,,,,,,,,,,,,,,,,,,,,,,,,,,,,,,,,,,,,,,,,,,,,,,,,,,,,,,,,,,,,,,,38.0000000000000000,,,,,,,,,,,,,,,,,,,,,,,,,,,,,,,,,,,,,-4.9337330593245587,-3.7207779789612552,90.0000000000000000,215.0000000000000000,808.0000000000000000,-15.4702970297029712,0.1273098306234603,0.3111955445544555,,,,,1.2689617533769990,-4.5237400000000001,,0.1636119929943279,,,,,,,,,,,,,
"2009Q4",14.0001444529828003,706.1177202457499789,683.9479076414220344,544.7699743800079659,478.4103097287870128,479.8213677630930079,553.1557118957130115,444.2123220738957343,445.0289753023478738,440.4243804089690002,443.6900969344910095,7.7824865463305306,7.5868566985158532,634.6250324361191133,619.0500699245129681,-2.8643051179250092,36.6726154891293277,0.5184537031520494,2.1720457623096245,490.5703763221431473,133.7509944430059647,7.8768720987384313,-28.7651096606730192,709.9817200709665030,683.2148783095290128,503.3298291116598762,551.3191684752497395,497.3253139843525901,557.6061945235762778,4.4907968142343613,-14.8093741436875312,1.8092680135783690,233.7692832071776081,2.8033314893750556,8.6219617334368870,10.6546600713194817,2.1862860973362945,-3.8639945341468778,14.0001449053356222,10.6546600713194817,1.1591992882702797,2.1862860973362945,1.1340888011822625,0.7330302722095928,-1.6344216324951635,-0.7607743376151470,683.9479080084777252,13.3962455213791891,10.5676909249278062,683.2148783095290128,6.0439609620069294,5.8628586463482986,-24.9195221210705000,-18.2620713384078286,-0.7607739563266299,478.4103078767459465,-71.4318124709097901,-16.8806450486023856,503.3298291116598762,9.0674801833483869,8.6100346542096347,-6.5491949847914670,544.7699743103643186,25.5624722754522509,-2.5114639386018132,551.3191684752497395,8.7841295546739797,8.4129379108042865,-17.5039517450517259,-13.1983442287489634,7.5006117804970449,479.8213625023404916,-10.4556578979014425,-1.9205560124710366,497.3253139843525901,7.8254792202424239,6.7844978346670572,-4.4504845073683850,553.1557153975365964,11.8081895690416285,7.4820180288827816,557.6061945235762778,10.2166938272606398,10.3042988297275659,-3.8639945341468778,-6.8870934871695377,706.1177255301325886,7.4482906316634390,4.2503253158907865,709.9817200709665030,6.3295172383012215,5.7939130240002727,444.2123220738957343,11.8463229389688411,6.7413131017035113,5.5346776069609893,445.0289763765317161,5.6990368541758514,2.4342585088310269,2.8557501564395191,0.8166542921151978,-6.1472866596889073,-2.6789265244714082,-2.0401073647416541,2.8567616286835249,-0.9020229128667006,-0.8586149091452461,-4.5913209162235846,440.4243813404271464,42.7607612674568998,26.6009869508875774,21.0996842485864420,-3.7879407461070729,30.9144373420299665,15.5650063232222280,11.0214327027304275,-14.8093741436875312,4.3986482580817965,4.1893971832816916,443.6900974451790489,10.1762799309628278,9.7708676489427724,-0.0753012606278920,-0.5222246413791445,-1.6700453140205984,-5.6099775875847460,-2.3314902587052502,1.8092680135783690,0.0760220380574539,0.0666235187173742,4.4907968142343613,7.7824861833158394,-1.7861999453994928,8.7244965004946486,5.3482290683192035,0.2125060760452395,0.1523694142781105,-0.7607739299305649,5.1357225378240781,7.5868566601971077,-0.9131433085834419,634.6250324928004147,1.2183952824229296,2.7506314189727625,635.3421617025103387,8.6219617334368870,2.8033314893750556,226.2686717879475111,5.7957369879579996,-3.4754712836326513,11.1806930861519369,233.7692832071776081,0.1687845221461165,0.1423268915941811,0.1603452652154240,-7.5006119751589075,619.0500698890091371,174.8377478863046406,11.6056233564218036,0.3263101341044085,-2.2284569963090606,-2.8643051350635620,36.6726156698177661,10.2763766843178050,-3.3703525555992524,8.6171538638744796,0.5184536994829637,2.1720457414053067,490.5703765586041527,14.6822722926798175,6.1590086131724018,453.8977608702817292,4.4058954970422377,9.5293609830997799,7.8768720494147999,446.0208888353793100,-5.2262225575221368,-4.8918446449259090,133.7509935591271812,30.1817603789251798,-42.7873729298340919,97.0783779235187438,19.9053840489196965,-39.4170202042681268,-28.7651110097905232,125.8434889102258296,4.5455551454525800,4.7825183507973899,2.8412057459354401,0.1189540047198534,1.9673829972743988,-21.0600733757019043,0.4342625141143799,-6.9148535728454590,7.7559572905302048,5.9193069107532921,2.8911608606576920,21.1466881036758423,3.9620646834373474,-0.0000014392813219,0.3925769813358784,0.2789550796151161,-0.7264228099957108,-0.0667122984887101,1.2551743816584349,-0.0639572202344425,0.2131299530155957,0.6752414081711322,0.4181864855345339,1.0118896812200546,0.0937640033662319,-0.0501315734873060,0.2491680467501283,0.0086917750304565,0.0496061701560393,-0.0312447893520584,-0.5671766607556492,11.6576062738895416,-0.5419262098148465,4.4861896559596062,-4.9634119272232056,0.1203296082094312,-0.6604338326142170,0.3963893465697765,,,,,,,,,,,,,,,,,,,,,,,,,,,,,,,,,,,,,,,,,,,,,,,,,,,,,,,,,,,,,,,,,,,,,,,,,,,,,,,,,,,,,,,,,,,,,,,,,,,,39.0000000000000000,,,,,,,,,,,,,,,,,,,,,,,,,,,,,,,,,,,,,-0.6084116131018553,-0.4561527542663095,85.0000000000000000,211.0000000000000000,855.0000000000000000,-14.7368421052631575,0.1239725979598102,0.2703567251461989,,,,,1.2689617533769990,-5.1647400000000001,,0.1944325587180317,,,,,,,,,,,,,
"2010Q1",10.5866053087367007,708.1482334992549568,683.4463983184449489,546.2216714967910320,508.4522357408620223,481.7208914365190253,550.8622649308290420,443.1299646995915964,445.5879065565648602,430.5688406897920117,444.2648756071740195,6.8156966660282192,8.6850488886958246,635.0846856157465936,624.8387528892980072,-1.9882523407170505,38.7287061566310840,0.3984717125996480,2.1246809565542648,459.8878369255765506,147.7117787435155947,-23.5477860201930866,-17.9923328904199735,711.6926503826305179,684.7651071710353108,505.7181361755140756,553.5963874992115734,499.5067383293621788,560.1219604800257912,4.4977449491684860,-13.7345455566246049,1.8275489730725496,233.8270430243680380,2.7966098683408522,8.1369037198766989,10.6978908063300739,-1.1746096083175459,-3.5444174615198212,10.5866066765458768,10.6978908063300739,1.0633250964552556,-1.1746096083175459,-0.5656897032518485,-1.3187124089782594,-2.0601541947593915,0.8903624311958884,683.4463944305125551,-2.0060653442761867,5.8474099554367651,684.7651071710353108,6.2009200117863008,5.9724719285238814,2.7340898436473435,0.6279483968075796,0.8903623294296450,508.4522267855116411,120.1676970610620572,-1.9997205834356322,505.7181361755140756,9.5532454459726335,8.8716102831512345,-7.3747108918840922,546.2216768358224499,5.8068138742028363,0.2745619487829893,553.5963874992115734,9.1088792477272218,8.6078629867574712,-17.7858499945488937,-12.8170275874432669,5.6015562015347840,481.7208895772643586,7.5980870311784710,-1.5698389700003941,499.5067383293621788,8.7256807366429960,7.4232116310748877,-9.2596987308640841,550.8622632782688697,-9.1738049110942423,-4.7050208436974970,560.1219604800257912,10.0630658501364305,10.2851982595337805,-3.5444174615198212,-3.1777852940300186,708.1482328747009660,8.1220379237250064,5.0657476364920351,711.6926503826305179,6.8437223046187201,6.1020811263492520,443.1299646995915964,-4.3294289262823531,-2.7559921535245158,3.0740839517616894,445.5879063775334430,2.2357207702426094,1.2692518125697050,2.2993479170090456,2.4579416632006152,6.5651494549481439,-0.7747344713182009,-0.1784251264247820,2.6363671734614695,-0.8815781672082823,-0.8868071637806187,-3.9558454845100415,430.5688404360697064,-39.4221620557310857,-25.0120152333074479,7.1704525819585978,-12.5611242820671833,-35.0927325138770314,4.0963657852613835,1.1734205333606802,-13.7345455566246049,4.2993112401761735,4.3252290614090461,444.2648758794505284,2.2991095147544858,3.0343159193627605,2.3963586329750841,1.1349111636616900,6.6285407356683557,-0.6777242215832551,-0.6926429262768543,1.8275489730725496,0.0731331558601118,0.0727383906614298,4.4977449491684860,6.8156954319955485,-5.2202605710512948,8.7569460337414942,5.5464460263005044,0.4056661093123368,0.7053133512984826,0.8903627094781186,5.1407792515780830,8.6850489230509655,0.1850489345105825,635.0846861478422625,1.8386116344582684,0.9582202699172845,635.6662153998130407,8.1369037198766989,2.7966098683408522,228.2254859800450504,7.8272551095679255,0.1720791865582094,9.7557735023001264,233.8270430243680380,0.2310404494391596,0.1602108996969892,0.2194883754578058,-5.6015564929879060,624.8387506801100244,181.7087872803328139,27.4841614882938359,12.7573700276293849,-2.2745180334448936,-1.9882523465318802,38.7287062151754000,8.2243620791380661,1.5132083762443926,6.9755419893559392,0.3984716990250728,2.1246809177316384,459.8878363492947869,-122.7301598379874719,-20.8775565610567568,421.1591300688278352,-130.9545220330581401,-22.3907653277113035,-23.5477864781330268,444.7069165908844184,-5.2558886808797816,-5.0913486123990852,147.7117767157749881,55.8431256918334782,-9.5757728009523841,108.9830704418318845,47.6187636046602023,-11.0889812308430376,-17.9923333463944601,126.9754037796867863,4.5276594502197032,4.6216243542860269,-0.4371377080678940,0.1033327936893329,-0.3599797785282135,20.2538518905639648,-3.1177330017089844,-4.8539967536926270,-4.7912115752696991,-1.9248139932799151,-0.8853899240493774,-42.6762013435363770,-4.5838245153427124,0.0000018974797358,0.7371511235833168,1.0068779624998569,-0.6254742578603327,-0.0574415148585103,16.5324515383690596,-0.0668796624449897,0.2152062039822340,0.6951884916052222,0.3638004679232836,1.0475241839885712,0.1132561657577753,-0.0318739204230951,0.1425015963613987,0.0047133230254985,0.0706950989260804,-0.0263884646556107,0.7041944605298340,-0.3927910029888153,-0.4123438058886677,-28.4314469918608665,3.0061965584754944,0.1698397491127253,-0.5522883378434926,0.4366601852234453,,,,,,,,,,,,,,,,,,,,,,,,,,,,,,,,,,,,,,,,,,,,,,,,,,,,,,,,,,,,,,,,,,,,,,,,,,,,,,,,,,,,,,,,,,,,,,,,,,,,40.0000000000000000,,,,,,,,,,,,,,,,,,,,,,,,,,,,,,,,,,,,,10.4514019952324837,6.8238953520322694,84.0000000000000000,230.0000000000000000,853.0000000000000000,-17.1160609613130141,0.1282694617614415,0.2842039859320047,,,,,4.3036209763890980,-7.5666300000000000,,0.0994289002044990,,,,,,,,,,,,,
"2010Q2",12.5326515813864994,710.1882208331879838,684.6331437986759738,552.8682830172240301,491.5658308183229792,490.3858308947229716,550.5475981680959876,443.5275567618958803,445.0517540981849720,435.1324795584810090,445.6445495876279779,6.1439975599688976,9.5535282775637498,636.6314192683475994,628.3781112880390083,-1.2425150042137290,38.7305987266391227,0.6270300513358975,2.0051238926891610,460.6290596942749289,154.6320038393880054,-21.5228558806136903,-12.1951575615087222,713.3643836604870785,686.3240071547952539,508.0527527666122865,555.7911571387784306,501.7281503583401445,562.7340871749628377,4.5476625055354241,-12.7283331551231846,1.8433893206300993,233.9089136780122828,2.8182350005675438,7.2866947251362335,10.7276575392171605,0.8521469471466924,-3.1761540658276259,12.5326509008377425,10.7276575392171605,0.9528456105649687,0.8521469471466924,0.4409567964031895,-1.6908536061616311,-3.4187449301667656,4.9461689070483459,684.6331534640207792,4.7470357425138090,6.0568559717836008,686.3240071547952539,6.2355998686293486,6.0903477904155618,-16.4869046879570540,-13.0094297950369935,4.9461689032448417,491.5658474219551977,-67.5455901734322310,-23.7606116555288409,508.0527527666122865,9.3384609474399394,9.1340831856728428,-2.9228726173543915,552.8682846536576108,26.5864413094421010,12.6931757289120490,555.7911571387784306,8.7790787569355846,8.7683129191620388,-11.3423106932294679,-8.0789102141751137,3.5986496653858855,490.3858393949441847,34.6597926797836777,11.2858836957028004,501.7281503583401445,8.8856489616925369,8.0880570020637936,-12.1864839005800327,550.5476050126567316,-1.2586453095182861,-6.2536660695844208,562.7340871749628377,10.4485076805219030,10.2817984711847927,-3.1761540658276259,-6.1159208970133321,710.1882295219668322,8.1599921156457640,6.4299852559549340,713.3643836604870785,6.6869434394480560,6.4133727881475533,443.5275567618958803,1.5903676379317426,-1.0658023786565360,3.8838545351257121,445.0517550125016442,-2.1446076575002451,-4.0958226814084107,2.4797493084337319,1.5241982269588823,-3.7349739565132198,-1.4041037642960037,-0.9059633839127698,2.4301618253191601,-0.8248217662717169,-0.8771741686378240,-3.2606534851960300,435.1324791468271656,18.2545538073773983,11.2030431211353232,10.1944739480453634,-8.3950776373798490,16.6641878544467197,6.3106216605540810,4.3332544523725227,-12.7283331551231846,4.0248526311028883,4.2783289762072707,445.6445494027818768,5.5186937014307826,5.0370311624312727,5.2533174042875013,2.1169926232118037,3.9283252562797473,1.3694639347000195,0.2736025228342074,1.8433893206300993,0.0633578678806830,0.0718302665234976,4.5476625055354241,6.1440007641868357,-7.1094262750214572,8.8573021267128489,10.2398229087275965,5.1053608908257839,3.8926405058223859,4.9461690094148967,5.1344615192268614,9.5535283490930478,1.0535283206025945,636.6314191273860388,6.1869341331229046,2.4289311344529207,636.4875931118431254,7.2866947251362335,2.8182350005675438,230.3102628730506183,8.3391126161489986,4.0208595635737314,9.8087154077603600,233.9089136780122828,0.3274763558528459,0.2131870652839446,0.3111025728963606,-3.5986497026543804,628.3781137505053493,184.8505569965322763,12.5670676077487631,15.6244769650901674,-2.2682958532082957,-1.2425149929500767,38.7305987602864548,0.0075710406663200,4.0716768170305491,0.4021093663555364,0.6270300644896406,2.0051239250160351,460.6290576535229206,2.9648850615029119,-30.7808700015322785,421.8984588898836705,2.9573140050683158,-34.8525472589205734,-21.5228579241201672,443.4213167880909623,-5.1424003671719980,-5.1744023625351172,154.6320011255798192,27.6808941176679610,15.1977547113073204,115.9014023416388142,27.6733233709645390,11.1260776149548946,-12.1951572116381737,128.0965595585750521,4.4846194936362638,4.5420067962864801,1.1444347053766251,0.1093330208677799,0.3932929188013077,-16.9488916397094727,1.8706917762756348,1.1996133327484131,-4.0790750756859779,1.8583196199157692,-1.0605699121952057,35.1717851161956787,1.7712888717651367,-0.0000013242150783,0.8788956999778748,0.8869843147695065,0.2717848950996995,0.0249598359805532,-9.3933344185352325,-0.0192025621690846,0.1007751822471619,0.0189274800941348,-0.2875010387506336,0.3523013368248940,0.6446446478366852,0.0117903482605470,-0.0425537335686386,-0.0024619856849313,0.1079879277385771,0.0012861173308920,0.6264422088861465,-6.9679715782403946,-0.0877998459618539,-6.9232301339507103,0.9392454028129578,0.0929110855795443,-0.4121006732457317,0.4097231968771666,,,,,,,,,,,,,,,,,,,,,,,,,,,,,,,,,,,,,,,,,,,,,,,,,,,,,,,,,,,,,,,,,,,,,,,,,,,,,,,,,,,,,,,,,,,,,,,,,,,,41.0000000000000000,,,,,,,,,,,,,,,,,,,,,,,,,,,,,,,,,,,,,10.2337233390844400,7.4121367383700338,91.0000000000000000,224.0000000000000000,857.0000000000000000,-15.5192532088681450,0.1314080804239997,0.2666931155192532,,,,,4.3036209763890980,-2.7766799999999998,,0.2512485784445587,,,,,,,,,,,,,
"2010Q3",12.5613770347717999,711.9491615653889767,685.1244311546410017,555.8741845750799939,500.6586602912040007,493.3582407818939828,555.5026591241579581,443.3717856090416944,444.5485713385616577,436.5359892660180208,445.8325592652399791,6.8188103303443199,8.8616195417945143,637.7847012002545171,633.5888938879739953,-0.6283659951944520,38.3178878084336247,0.5900557420957171,1.7359063978552451,465.7760650083411633,157.1677494031013680,-14.7269824884686500,-10.3395643938954720,714.9255111432042895,687.8771745353782308,510.2670612944770028,557.8313708624418723,503.9039020019482109,565.4992750975787885,4.5651435013725967,-11.7556719006967114,1.8583044784035974,234.0066065048201267,2.8142042127710938,6.5067484914963796,10.7308240436599274,0.9376475875894789,-2.9763499004306184,12.5613776748996564,10.7308240436599274,0.8929052897060810,0.9376475875894789,0.4704069325480170,-2.7527442943563263,-3.7528240138840805,4.3392496109578600,685.1244304816224258,1.9651248755858179,4.5255856876027094,687.8771745353782308,6.2126698904330899,6.1732881535879081,-9.6084149771384535,-8.1866266777789498,4.3392493660840588,500.6586476278146165,36.3712341285901175,4.3903919672898493,510.2670612944770028,8.8572464960990001,9.2041089194434598,-1.9571834576629783,555.8741870809567445,12.0236083806067278,17.4948288628771209,557.8313708624418723,8.1608461773677323,8.7082339706133016,-10.5456611967246534,-7.2159139148121199,2.4525879537978907,493.3582408559378223,11.8896237257103010,10.9229551150168120,503.9039020019482109,8.7030223545281871,8.5349598112310598,-9.9966211308859823,555.5026575632579124,19.8202307926893972,5.2989935595976680,565.4992750975787885,11.0607589793196812,10.4472584589400128,-2.9763499004306184,-5.1873935674411147,711.9491610841939746,7.0437444716911290,7.6935054883694685,714.9255111432042895,6.2445041672090014,6.5261703616228743,443.3717856090416944,-0.6230856950839024,-2.3305288860485058,2.1210441683095751,444.5485713446288969,-2.0127326442793998,-3.6554878054343822,0.9443529390254327,1.1767857246051907,-1.3896499787468888,-1.1766903496252639,-1.0540747616309036,2.2308599401468197,-0.7972080787682069,-0.8514076439594362,-2.8715993579978205,436.5359892981681469,5.6140382116658758,2.7385919823064588,6.8017977889879715,-6.8357963174148839,6.2371244444222693,4.6807542573738425,4.9198761107065048,-11.7556719006967114,3.8906444727929892,4.1533648392186295,445.8325593359266463,0.7520423399343992,1.0281520904215418,4.6865310685563593,2.4607737216359604,1.3751260484641481,2.5654873214653939,0.6024711678751600,1.8583044784035974,0.0596680624744513,0.0680455724186906,4.5651435013725967,6.8188100739883106,-7.4494930698592139,8.6892779822503972,10.4742972134959800,5.5529541354315857,3.9776298553637854,4.3392498657634384,4.9213427151136395,8.8616196055375500,0.3616195557516357,637.7847014974388458,4.6131283735032707,3.4642671427991134,637.9741942115343818,6.5067484914963796,2.8142042127710938,231.5540179221517292,4.9750236325329915,6.7342811063682513,7.5456926308432735,234.0066065048201267,0.3907705395068897,0.2795188992857119,0.3712319989932973,-2.4525880393386954,633.5888928954973380,190.2171075707920807,21.4662100787265970,18.2807673031156490,-2.2961406116061442,-0.6283660035129974,38.3178877274656529,-1.6508431940412538,4.2143661312316363,-0.9246221732158828,0.5900557363362530,1.7359063860190054,465.7760635554756163,20.5880193112101750,-21.1237442293733366,427.4581757927403487,22.2388625844251280,-25.3381106437085073,-14.7269840838965429,442.1851598649449784,-4.9446280455315499,-5.1422845720406452,157.1677494736399296,10.1429932183188107,30.9621970663781454,118.8498616771466203,11.7938364276755987,26.7478311195840703,-10.3395671779949740,129.1894288551097816,4.3714715075566879,4.4823313635761357,1.1333668604493141,0.1017997325398028,-0.5620619058609009,2.2937903404235840,-0.0573163032531738,-2.6137170791625977,-4.1803142800927162,1.1389607373836039,1.1502838730812073,-3.5183112621307373,-2.4751204252243042,0.0000008751923337,2.0086322613060474,-0.5865558646619320,0.0953697795048356,0.0087584507418796,10.1478806193917990,-0.0526472933197510,0.0448986943811178,-0.2582405083812773,-0.5792324589565396,0.0177045390009880,0.8907258976250887,-0.0156544165802188,0.0702508618123829,0.0026460022781976,0.0796679893974215,-0.0222072541509988,0.5395980970934033,-2.0529525130987167,-0.3076208555139601,-1.3828128129243851,-1.4371026158332825,-0.0687051345594227,-0.3164677473541815,0.3353089522570372,,,,,,,,,,,,,,,,,,,,,,,,,,,,,,,,,,,,,,,,,,,,,,,,,,,,,,,,,,,,,,,,,,,,,,,,,,,,,,,,,,,,,,,,,,,,,,,,,,,,42.0000000000000000,,,,,,,,,,,,,,,,,,,,,,,,,,,,,,,,,,,,,10.0160446829364211,8.0003781247077743,108.0000000000000000,238.0000000000000000,905.0000000000000000,-14.3646408839779003,0.1274063270618623,0.3097149171270718,,,,,4.3036209763890980,-1.2171900000000000,,0.1764338426204781,,,,,,,,,,,,,
"2010Q4",14.3083200074981001,715.2348448596329717,689.5043527143269557,562.1666722114430286,507.7366289014090057,491.1686206973379853,566.6278126541100164,444.3401272241054585,445.3599450146504637,438.2385441153709849,446.8869835058329727,6.8655036649410670,9.0596895352226383,638.5072075608712794,638.3709361625730025,-0.1463016285609409,38.2668798810255097,0.4521097751352399,1.5433298896793568,475.9464244679060698,160.2554510690003440,-3.3265197144808667,-8.2402680419247929,716.3853921749353049,689.4264112756108034,512.3686762766313905,559.7235948512885670,506.0446990075288909,568.4074566111058857,4.5847074865400801,-10.8141693570335367,1.8724725483659714,234.1191745023063504,2.8125186221307659,5.6641495796516530,10.7165305778006239,3.2466264255730257,-1.1505466639781927,14.3083215996395605,10.7165305778006239,0.3451637328394525,3.2466264255730257,1.6161660705861987,0.0779468116752716,-1.0012762711037366,1.5590150904007678,689.5043574136001325,17.5196886095421220,5.5564489418433185,689.4264112756108034,6.1969464640459533,6.2115333607545606,-4.6320599911699913,-4.0670788573684673,1.5590147218495936,507.7366172524860986,28.3119034322118708,29.3263319810251168,512.3686762766313905,8.4064977376943943,9.0388620542908349,2.4430785766021184,562.1666741727315184,25.1699689497376973,17.3966997178081080,559.7235948512885670,7.5688920834513462,8.4044246363529425,-14.8760823128250372,-9.9442496699728267,2.7050298859584778,491.1686190445224156,-8.7585061538217133,11.3472505011463198,506.0446990075288909,8.5631997327238398,8.7193879578669318,-1.7796496727262057,566.6278070012577928,44.5005950383526425,13.4720938516924438,568.4074566111058857,11.6327316459221635,10.8012666377224118,-1.1505466639781927,-2.9939449418036381,715.2348455339883913,13.1427354921076613,9.1171130912909319,716.3853921749353049,5.8395212549290569,6.4036723299693827,444.3401272241054585,3.8733653337190290,2.0199759805910515,0.1278054805190407,445.3599449999182980,3.2454907313671741,1.4121557991356755,0.3309666935317430,1.0198177627323406,-0.6278724757187056,0.2031632760531761,-1.0181534409041570,2.0379705557610852,-0.7715561520634099,-0.8187909841101341,-1.4614444652463423,438.2385427801301603,6.8102105863010394,4.1573248936379512,-2.1858387260156715,-6.1015844543464306,2.9368462018342978,-2.3136447905689939,4.7125862044628040,-10.8141693570335367,3.7660080670361449,3.9952031513701227,446.8869830734869311,4.2177057383838719,3.9994721839168217,3.1968865659594869,2.5468558401302896,0.3443394354773488,3.0690819764828552,0.6743893635491263,1.8724725483659714,0.0566601009497186,0.0632047931039387,4.5847074865400801,6.8655017810195176,-3.6574292338919809,8.5967564323337857,5.4533477560943107,0.6697422987649047,0.9993257438270388,1.5590156152053702,4.7836051531474419,9.0596896804328875,0.5596895489472247,638.5072081209694943,2.8900236063017428,3.8821749859735268,639.0517626592788929,5.6641495796516530,2.8125186221307659,231.4141426715435728,-0.5595006423299296,5.1454710647526642,3.0065990181707725,234.1191745023063504,0.4502701016777720,0.3498904188796692,0.4277565589268844,-2.7050302491421405,638.3709345087751217,194.0308090040853699,15.2548054020493975,19.1930620929159943,-2.2932243530740251,-0.1463016346228181,38.2668795787340414,-0.2040327852929100,1.5942640979811773,0.2328264038533082,0.4521097764465847,1.5433298593325764,475.9464248103941486,40.6814404711132198,-14.6239503365306494,437.6795452621852291,40.8854733656730644,-16.2182149219328906,-3.3265190176763766,441.0060643094238344,-4.7163828604723292,-5.0148245158711120,160.2554556491086259,12.3508143264038104,26.5044580663884268,121.9885760276109892,12.5548476846021337,24.9101940962912991,-8.2402699667251991,130.2288460171510565,4.1576740129735601,4.3853543156856327,3.0023179352283478,0.1031957066152245,1.5602090954780579,1.6296281814575195,3.7152509689331055,-7.6777510643005371,1.1645229756832123,2.3815221595370648,3.7968900203704834,1.6542235612869263,1.8937084078788757,-0.0000004072732240,0.3597143553197384,0.2342321686446667,-0.1689335778355598,-0.0155143079464324,-4.1426346953958273,-0.0246707220248936,0.0509587284177542,-0.2518378817476332,-0.5591360807884485,0.0513779670000076,0.8810597192496061,-0.0118233557150234,0.0664019868709147,0.0029588660108857,0.0790380492107943,-0.0202652050647885,0.4443623949773610,0.7205894440412521,-0.4159873574972153,5.8042105361819267,-0.6923877596855164,-0.0189858991652727,-0.2662176503799856,0.2233545889612287,,,,,,,,,,,,,,,,,,,,,,,,,,,,,,,,,,,,,,,,,,,,,,,,,,,,,,,,,,,,,,,,,,,,,,,,,,,,,,,,,,,,,,,,,,,,,,,,,,,,43.0000000000000000,,,,,,,,,,,,,,,,,,,,,,,,,,,,,,,,,,,,,9.7983660267884343,8.5886195110455308,101.0000000000000000,256.0000000000000000,955.0000000000000000,-16.2303664921465973,0.1236788732547203,0.2725937172774869,,,,,4.3036209763890980,-2.4152300000000002,,0.2319308479114701,,,,,,,,,,,,,
"2011Q1",13.4430805926297996,716.5235565069740460,692.4653681898699915,564.9490149904850114,491.4128971309249891,510.2428242358719785,566.6426346376599668,445.7801519141430617,447.2294396386378139,437.6771247958980098,448.0742992700619993,6.5132094937782146,8.6501133050722565,639.4914793411359142,644.3733641155860141,0.1020851414464452,39.6841641790938482,0.4590447754375042,1.5921117754035174,485.1162177578571573,166.6889761547527655,5.5496082637703807,-4.1783720045400798,717.8333165685967288,690.9861345016458927,514.4466239249269393,561.5535964408755945,508.2533980457352527,571.3808167039506998,4.5971054606855359,-9.8929307273548357,1.8862086571984558,234.2445109120334621,2.8014575704348199,4.5675354846707599,10.6538824992399341,2.3962684274115493,-1.3097585299383112,13.4430793443317498,10.6538824992399341,0.3929286821868704,2.3962684274115493,1.1668098007153331,1.4792380356050245,0.1565260657536772,-1.6187834768393305,692.4653724479207995,11.8440383047603053,9.0189751882440774,690.9861345016458927,6.2388967995348148,6.2210290078090908,-23.0337195486593238,-15.7857001476710899,-1.6187835395495855,491.4129041867719820,-65.2948652916389563,-17.0393040813686554,514.4466239249269393,8.3118103010784488,8.7285055869988764,3.3954156637837358,564.9490128719226050,11.1293620045017594,18.7273387618608176,561.5535964408755945,7.3200138616613595,7.9572072020775853,1.9894259516672907,1.1685531885457381,2.2983056075203425,510.2428232192393125,76.2968053152980161,28.5219352520013203,508.2533980457352527,8.8348161616078258,8.7466718196814828,-4.7381915417708278,566.6426319459153547,0.0592842288490179,15.7803716755361076,571.3808167039506998,11.8934518727129301,11.2588617631792900,-1.3097585299383112,-2.9830839190823806,716.5235579892689657,5.1548333020589077,8.3753197790648475,717.8333165685967288,5.7917001624988327,6.1406673939001255,445.7801519141430617,5.7600964232288696,4.5660920206383135,2.6501858754936527,447.2294399406050047,7.4779787598063079,5.3317967338488330,1.6415304556452541,1.4492879995244177,1.7178806963767317,-1.0086541436273959,-0.3999550173094522,1.8492422786969207,-0.7549139776661887,-0.7871251785221183,-1.5074723401864425,437.6771251207708247,-2.2456703127101019,0.6899191085396947,7.1082846402571116,-8.1030268114692614,-8.0057671410971363,4.4580994041860578,1.7899049834424225,-9.8929307273548357,3.6849573700398168,3.8416156190550916,448.0743002491122979,4.7492697408408127,4.8335027085023921,3.8094248243926661,2.2941483161491361,-1.0108291939023581,1.1592381786584602,0.4079450668598171,1.8862086571984558,0.0549455712877517,0.0586595124779921,4.5971054606855359,6.5132131879145545,-0.7837419679424151,8.7120396285225432,1.1814195651121486,-3.6884287689741559,-1.7688972076848757,-1.6187837011422959,4.8698481350790583,8.6501132160820315,0.1501131450156862,639.4914795007917974,3.9370874973723602,4.4067936912184935,639.8077695374948917,4.5675354846707599,2.8014575704348199,231.9462039264751070,2.1282488220310829,3.7207199469190879,2.7675153852553374,234.2445109120334621,0.5013460738754604,0.4174656488604691,0.4762787594459368,-2.2983056121571890,644.3733651732804901,198.5932137112823170,18.2496186776510250,16.8844252378382151,-2.3071496969841170,0.1020851318841845,39.6841643614512734,5.6691380543965213,0.9554585572402116,4.9313627617212514,0.4590447727505574,1.5921117832019531,485.1162175574988851,36.6791732087689866,25.2283813807750548,445.4320532060938262,31.0100350363262436,24.2729229718112904,5.5496076456217169,439.8824455749453364,-4.4944752401407264,-4.8244712008870705,166.6889775489671592,25.7340820867496838,18.9771934054584293,127.0048131616153171,20.0649442129890190,18.0217351349507311,-4.1783733418217306,131.1831864822471232,3.8173750811475173,4.2077754645568346,2.0567264705896378,0.0742321086581796,1.0762103199958801,-20.1418800354003906,1.8074145317077637,11.8376626968383789,0.6569419354200363,2.4060084831703010,3.3021726310253143,-7.5526632070541382,0.0832216143608093,-0.0000005110806773,-0.7521803006529808,-0.3536073006689548,0.1696381131187081,0.0155790087301284,5.6624829303473234,-0.0412206937326118,0.1078470218926668,0.0816864967346191,-0.2219799333252013,0.4558255299925804,0.5984061341732740,-0.0170329300599406,0.0975239523686469,0.0039514930685982,0.0735894538229331,-0.0298091497970745,0.2396086556836963,5.4363109469413757,-0.2986955917440355,7.6120499521493912,1.8370229005813599,0.2031148914247751,-0.2497306144796312,0.0754802958108485,,,,,,,,,,,,,,,,,,,,,,,,,,,,,,,,,,,,,,,,,,,,,,,,,,,,,,,,,,,,,,,,,,,,,,,,,,,,,,,,,,,,,,,,,,,,,,,,,,,,44.0000000000000000,,,,,,,,,,,,,,,,,,,,,,,,,,,,,,,,,,,,,13.1105903334850726,13.2825486169121767,117.0000000000000000,255.0000000000000000,963.0000000000000000,-14.3302180685358262,0.1252499368685916,0.1914184839044652,,,,,79.0195956552512087,-10.5430700000000002,,0.0538178065265702,,,,,,,,,,,,,
"2011Q2",11.7097865138422996,715.9119612605810516,693.8169618843539865,554.9486124189379552,497.3287778431100037,499.6006086590779773,568.4194917378670198,448.4313366033164243,449.5740033882333933,442.1220149231019718,450.0549324125059911,6.6973055253030767,8.7377604576893830,639.8299216938196423,651.9412217684949837,0.2769846090099171,43.4126464170294355,0.4171288068810547,1.6279733981406843,486.8685631099334614,175.2668820277989425,4.6452784106672880,-0.1614560430978429,719.3311128624117146,692.5649072718358639,516.5698010727878682,563.3878352934269742,510.5857544673866641,574.3614530416451771,4.6121278620060915,-8.9944104508178828,1.8993287584307603,234.3830056609028247,2.7999470589532471,2.3163702112254621,10.5604571227094173,0.1235866028232184,-3.4191461622678201,11.7097879554098263,10.5604571227094173,1.0257451359710863,0.1235866028232184,0.0150803234075504,1.2520600152549810,-0.3819688190781356,-3.3499613015364296,693.8169662177199370,5.4063760245076562,9.1838167468220799,692.5649072718358639,6.3151057626920162,6.2409048444802497,-19.2410444964644007,-13.6330971808832366,-3.3499611092301276,497.3287577974616624,23.6634278391064683,5.7629080460989357,516.5698010727878682,8.4927098453181387,8.5170636079671631,-8.4392226294692883,554.9486140278980884,-40.0016071699352338,2.0803303880579378,563.3878352934269742,7.3369464175110828,7.5966747641999897,-10.9851462306540064,-6.9442834420627815,0.7144413456938757,499.6006102945526095,-42.5688481172441726,9.2147817348627559,510.5857544673866641,9.3294513372435866,8.8576213271902269,-5.9419653195296505,568.4194927586826225,7.1074275612585165,17.8718915640462086,574.3614530416451771,11.9225408373807458,11.6273701910259675,-3.4191461622678201,-4.1829702039573666,715.9119668265474274,-2.4463432171724731,5.7237332524727407,719.3311128624117146,5.9912093793896304,5.9667316249324829,448.4313366033164243,10.6047347923273811,8.7323078236981697,4.9037764604585412,449.5740035395253926,9.3782529555786951,7.4653793401959350,4.5222451575773679,1.1426669114827377,-1.2264864202108350,-0.3815315985540310,-0.5225241164958844,1.6651904367708235,-0.7362063415539077,-0.7649714014304920,-2.8782114397880405,442.1220149846782306,17.7795579239505912,15.2784375284432947,6.9895338326805900,-6.3093216341402760,7.1748240572280704,2.0857554397938900,2.6850872720385950,-8.9944104508178828,3.5940837463174886,3.7339248001116796,450.0549325795911386,7.9225457523790510,7.9803304300682569,4.4103869438808116,1.6235959568689347,-2.6821936941469637,-0.4933927482161763,-0.2757196136450627,1.8993287584307603,0.0524616475053348,0.0559363306997556,4.6121278620060915,6.6973049775027738,2.4474137556397979,8.8301216717879552,-0.7680752250966036,-5.7222763347429844,-3.5877213797793388,-3.3499607211679061,4.9542003611508081,8.7377604874623138,0.2377604192787391,639.8299213055964856,1.3537672971620396,3.1985013966372211,640.5968889768254257,2.3163702112254621,2.7999470589532471,233.6685638793135524,6.8894474865529531,3.3583023566837973,6.0191365406734301,234.3830056609028247,0.5539789879004731,0.4740917561927475,0.5262799315597593,-0.7144413275829289,651.9412210692324834,203.5098852090110881,19.6666899947372471,18.6593332449871099,-2.3053876153064237,0.2769846169754862,43.4126461106164925,14.9139270491660767,4.6820467416687350,12.3271939866789584,0.4171287957985333,1.6279733539624950,486.8685645570261613,7.0093860838565449,26.2395057613211762,443.4559183438710193,-7.9045410299508543,21.5574586704914744,4.6452800563896917,438.8106383209023420,-4.2872293339821477,-4.6106787098047342,175.2668854194227777,34.3116266538905847,20.6348801395806341,131.8542392239673688,19.3977004643856539,15.9528330322667777,-0.1614524498097081,132.0156916527473641,3.3300254182793734,3.9191285025051856,0.9675086885690689,0.0585795158986002,0.9737580716609955,-3.5829033851623535,-10.6462421417236328,-12.3453240394592285,3.9761299788951874,2.7350885135073142,2.0697947740554810,11.1564040184020996,1.3230734467506409,0.0000008783719709,-0.7314281761646271,0.1026586145162582,-0.0687805525958538,-0.0063165836618282,7.2541766762733459,-0.0269258255939349,0.1442020973190665,0.3525392971932888,0.0413421397097409,0.6924256980419159,0.3798108436167240,-0.0131686878012260,0.0795957734808326,0.0030106453923509,0.0777001754031517,-0.0213647165510338,0.1810245811939240,9.9825653433799744,-0.3461595685221255,1.2045232057571411,2.8887593150138855,0.1950727598741651,-0.2422014778712764,-0.1056082285940647,,,,,,,,,,,,,,,,,,,,,,,,,,,,,,,,,,,,,,,,,,,,,,,,,,,,,,,,,,,,,,,,,,,,,,,,,,,,,,,,,,,,,,,,,,,,,,,,,,,,45.0000000000000000,,,,,,,,,,,,,,,,,,,,,,,,,,,,,,,,,,,,,10.8093586248925906,10.7504361538644986,115.0000000000000000,265.0000000000000000,999.0000000000000000,-15.0150150150150150,0.1222946291009692,0.3693223223223223,,,,,79.0195956552512087,-5.4411100000000001,,0.1777394506728362,,,,,,,,,,,,,
"2011Q3",6.6221336244091598,721.6531953270340409,695.0835068829429702,562.5347147838530191,520.7988559220680145,514.0364838134750016,575.9259074551340518,450.2888053382424687,452.3623227017282034,439.0250405308819950,452.8027575243049796,6.6941880753768643,8.8836045817646152,639.6434254747817931,657.2262449649299469,0.3783208232791380,46.3945847582724582,0.4640217519452000,1.4742461500335935,482.6067798107665112,183.0867609365114390,-1.5782522087297366,4.0051939954311422,720.9307727308885205,694.1696468002699021,518.7866535923092215,565.2847418676424240,513.1046165587880523,577.3020420427076260,4.6405883888401691,-8.1382479137870227,1.9110552166901134,234.5374734622995447,2.8130958763564604,1.9369004132986762,10.4557777807311556,-3.6169238037488598,0.7224091907087369,6.6221322622705330,10.4557777807311556,-0.2167224638038870,-3.6169238037488598,-1.8608021209549830,0.9138561745213689,1.1785043523750087,-4.8143929000110708,695.0835020461618114,5.0661417646901050,9.9590668568509653,694.1696468002699021,6.4189599962559702,6.2924762898664985,2.0121926499824627,1.9257093142125361,-4.8143921226244721,520.7988469589025726,93.8803311936999307,20.1402192818117278,518.7866535923092215,8.8674254603799678,8.5196086188571858,-2.7500357806697671,562.5347071863160409,30.3443637864952471,6.6605147842369483,565.2847418676424240,7.5876243512175208,7.4533695186462259,0.9318623924199126,0.6737221156416191,0.8617849510166626,514.0364804674736661,57.7434743387603717,20.6782384874736458,513.1046165587880523,10.0754402698626322,9.2007240531488410,-1.3761482438417645,575.9258998252846595,30.0256124244053275,20.4232455087505116,577.3020420427076260,11.7623553316256881,11.8027694047840530,0.7224091907087369,1.2332164215309360,721.6531818276048398,22.9648731171591898,9.7040140403116624,720.9307727308885205,6.3986434482624173,6.0052666024328563,450.2888053382424687,7.4298744877489185,8.5476684708334769,6.9170171121391730,452.3623212598573105,11.1532738854209548,10.7903502829166449,7.8137468630500155,2.0735159233625371,3.7233957737648584,0.8967298547918410,0.5836297600140803,1.4898858835075046,-0.7012163678478169,-0.7409735142477051,0.4055696843335173,439.0250402457159566,-12.3878978833742170,-3.2230378240890403,2.4890519417808141,-11.2637650903110131,-19.8177734181901499,-4.4279681601298027,-3.1255155532386532,-8.1382479137870227,3.4246419662000998,3.6174215921390078,452.8027580191456423,10.9913055691262329,10.3055123864299940,6.9702025108307986,2.5139526841321698,3.5614286221635840,0.0531800352973646,0.6028976302641826,1.9110552166901134,0.0469038587643147,0.0527484110370707,4.6405883888401691,6.6941854565812893,4.4190378939706383,8.8136981042435458,-4.0961593725861594,-8.9704869170268164,-5.1979972483318218,-4.8143921128827722,4.8743263737225906,8.8836047129256723,0.3836046664167802,639.6434260971140020,-0.7459844669672896,1.8587241132431527,640.8481308887718342,1.9369004132986762,2.8130958763564604,233.6756895989766747,0.0284990971796939,2.1216717248174772,-0.3578287983984343,234.5374734622995447,0.6178781313775734,0.5308666989521394,0.5869841967210743,-0.8617846882915265,657.2262415216974887,206.9374376365460080,13.7102079534561110,16.7203364010337943,-2.2826129606960683,0.3783208237728332,46.3945847321453684,11.9277512382460777,8.0766963837592112,9.9382535828192289,0.4640217406374366,1.4742461518049956,482.6067803970686896,-17.0471341367705129,16.8307148189454878,436.2121956164476160,-28.9748852578410521,8.7540183203248603,-1.5782517385695678,437.7904473399719905,-4.0807637757080526,-4.3947130209329188,183.0867597798550150,31.2795050549283928,25.9190080105955616,136.6921749695437143,19.3517545413402701,17.8423115174766167,4.0051931388882904,132.6869818625866344,2.6851608091818133,3.4975545453843151,-3.3419207632541656,0.0583303987950785,0.3322508335113525,14.3789496421813965,2.7354593276977539,7.9692249298095703,-1.5033690035343170,-0.8451601495603880,0.9991790056228638,-19.5836299657821655,1.6693025827407837,-0.0000002323558457,-2.3466728180646896,0.1696203649044037,-0.5105793364346027,-0.0468899388797581,-7.3127849698066711,-0.0057369927526452,0.1756587447598577,0.5554001294076443,0.2752565543632954,0.9685110300779343,0.1919904854148626,0.0017716436268529,-0.0080598704516888,-0.0003116097650491,0.0915980731952004,-0.0068564975517802,0.1179552986286581,-0.3994432687759399,-0.2657338511198759,-4.4583247229456902,4.1230551004409790,0.0090701263397932,-0.2222573253093287,-0.3118624298367649,,,,,,,,,,,,,,,,,,,,,,,,,,,,,,,,,,,,,,,,,,,,,,,,,,,,,,,,,,,,,,,,,,,,,,,,,,,,,,,,,,,,,,,,,,,,,,,,,,,,46.0000000000000000,,,,,,,,,,,,,,,,,,,,,,,,,,,,,,,,,,,,,8.5081269163000179,8.2183236908167689,153.0000000000000000,302.0000000000000000,1074.0000000000000000,-13.8733705772811913,0.1132185520062904,0.3064153614525140,,,,,79.0195956552512087,-3.0570179999999998,,0.2281917481619370,,,,,,,,,,,,,
"2011Q4",13.4867947580573997,722.0314426564380028,695.7638740908729460,574.0380826395360145,505.3859279856259832,517.5842420755479907,578.7379680828829578,451.8345229783304831,453.3031719145286047,443.5678526228580267,454.2885422554570027,7.3622139870613710,8.1242570690301577,640.1731828524896173,662.0984143191319617,0.4058447180231461,47.2119940823278057,0.6828631733511060,1.2809185449714933,476.3261660411506000,187.8035423266355792,-7.7104076502689622,7.4339736554111084,722.5991070315507159,695.7928580223447170,521.0597205077882563,567.2208520998783570,515.7650728813645173,580.2204845677540561,4.6807983023327742,-7.3384356179871242,1.9206537749131101,234.7106103755581898,2.8309987384664539,3.5164707129477804,10.3707679104775874,2.9457302742216958,-0.5676547515003815,13.4867948826201989,10.3707679104775874,0.1702962035961444,2.9457302742216958,1.4303603010857633,-0.0289851417039913,-0.6867106041826996,-0.1382309676573943,695.7638727893694295,2.7214392429296304,6.2595166646860116,695.7928580223447170,6.4928492287803250,6.3664470876716193,-15.6737920832533657,-10.8841057148316835,-0.1382310138815397,505.3859285185749286,-61.6517350392461339,-2.3507070079300956,521.0597205077882563,9.0922769644442472,8.6910511355235940,6.8172338604435030,574.0380863117786703,46.0134991295595341,11.8714145201507382,567.2208520998783570,7.7444358829767106,7.4972565754515781,1.8191718700230988,1.3672485290550909,0.6286073104107692,517.5842447708569125,14.1910150309568515,26.4156278211931443,515.7650728813645173,10.6418158773424310,9.7203833863617568,-1.4825205940868775,578.7379666751504601,11.2482257126952732,12.1101590754024233,580.2204845677540561,11.6737655667524987,11.8130288328512556,-0.5676547515003815,-2.4492676007570591,722.0314522974306328,1.5130662008694049,6.7966016866416474,722.5991070315507159,6.6733544641210552,6.2137218548313893,451.8345229783304831,6.1828689867346700,4.8101842769949794,7.4943946178516496,453.3031726828868386,3.7634023117293212,2.7417542323243982,7.9432256243818493,1.4686496326695841,-2.4194670012113679,0.4488313292557500,0.1424126720220059,1.3262367237440860,-0.6545971761767440,-0.7117338959025085,-0.5798456733416995,443.5678513317145075,18.1712454416421103,14.6547595424448787,5.3293084392260397,-8.2666717045608102,11.9883777071179551,-2.1650874748984901,-0.9282358731470781,-7.3384356179871242,3.1992564489770023,3.4757356547593137,454.2885425266854327,5.9431486501155559,5.5486422043952617,7.4015633786473334,2.4540194877715460,-0.2397220795271893,-0.0928347766191633,0.5333668063338477,1.9206537749131101,0.0383820885422518,0.0481768036151066,4.6807983023327742,7.3622167367294384,-0.8416223308367297,8.7960414301736662,4.6204657482298312,-0.1493753706351537,0.2375121869934604,-0.1382303805614615,4.7698404255715490,8.1242569560648192,-0.3757432137193716,640.1731822315599629,2.1190281238525586,1.6659741180867467,640.9779707893898149,3.5164707129477804,2.8309987384664539,234.0820043170253655,1.6252656980093994,2.6678646664616044,2.9339756894880935,234.7106103755581898,0.6925507976507755,0.5914374606458919,0.6579232172900493,-0.6286073200779811,662.0984169880780428,210.2638950164840423,13.3058182198195745,16.2330900058208201,-2.2871291149863100,0.4058447396858325,47.2119947976190133,3.2696387765621560,8.9451138522067328,3.0117631998377723,0.6828631967625451,1.2809184963627664,476.3261660586574635,-25.1224564917758499,0.3797407654747786,429.1141712721321824,-28.3920948709011185,-8.5653733078556193,-7.7104081258351487,436.8245793744638377,-3.8634718612331964,-4.1814848482970248,187.8035448521889350,18.8671322365296099,27.5480892599388270,140.5915500053290259,15.5974945644810319,18.6029758490127648,7.4339769442263179,133.1575730469139387,1.8823643110695110,2.9287306841192939,2.2640068382024765,0.0845559951849282,-1.1817063987255096,-17.2543625831604004,8.6047558784484863,1.0733957290649414,0.9693931490182877,2.6644592515389816,-3.1658633649349213,18.6836535930633545,-2.5265269279479980,-0.0000004601080388,-0.0305776149034500,-0.7209872677922249,-0.0960300248116255,-0.0088190818205476,2.7836882621049881,-0.0307503834774252,0.1508861687034369,0.4242714326828718,0.1838977977167815,0.8261966258287430,0.2555771358311176,0.0163671836344292,-0.0809474065899849,-0.0038313868572004,0.1055665528401732,-0.0007875751180109,0.0502231675200164,-6.6686150729656219,-0.0844067474827170,-6.7318916097283363,4.5101848244667053,-0.0459030363708735,-0.1907847225666046,-0.5342810433357954,,,,,,,,,,,,,,,,,,,,,,,,,,,,,,,,,,,,,,,,,,,,,,,,,,,,,,,,,,,,,,,,,,,,,,,,,,,,,,,,,,,,,,,,,,,,,,,,,,,,47.0000000000000000,,,,,,,,,,,,,,,,,,,,,,,,,,,,,,,,,,,,,6.2068952077074648,5.6862112277690366,139.0000000000000000,297.0000000000000000,1095.0000000000000000,-14.4292237442922371,0.1063975839809236,0.3315709350684931,,,,,79.0195956552512087,-1.3700646850000000,,0.3017123110485875,,,,,,,,,,,,,
"2012Q1",13.0883721051350008,724.8413998332720212,696.9809035206169483,580.9494547329950365,519.6125917992460472,520.3511968958090392,582.7064386919220169,453.4619395876213162,453.1232703235927488,454.4192081366480238,455.1099732384950016,7.0015765118190343,8.2762544868789227,640.6483262720545326,668.9134760294100488,0.2168001598060409,47.3095387273304411,0.7622871945547782,1.0955570751360755,479.1752814601374553,190.8194065029946387,-4.0490135425408198,10.1193766354070078,724.3413694512810252,697.4349974369041547,523.3962083866339299,569.1999623974925271,518.5679652615173154,583.1093969064650082,4.7276598055498411,-6.6068938630157783,1.9279082105129282,234.9026058150335814,2.8534120344175276,3.3810025730281144,10.2554443041760557,2.9829353880059806,0.5000275036018789,13.0883725650741827,10.2554443041760557,-0.1500063148884960,2.9829353880059806,1.4338054056218508,-0.4540957282530389,-0.3363772803981711,0.9912033864476615,696.9809015977531317,4.8681292750109026,4.5155344851393107,697.4349974369041547,6.5685778413939673,6.4488735840026372,-3.7836365348475680,-2.5603708247272570,0.9912036277402925,519.6125721535421462,56.9065791150000564,28.1996626596077036,523.3962083866339299,9.3459637619047982,8.9495899809040118,11.7494954865780130,580.9494591318579069,27.6454957501427501,16.0004379757909732,569.1999623974925271,7.9164397334503116,7.6463614088360448,1.7832400877699461,1.3160314861141242,0.0680101746641892,520.3512068122454366,11.0678768626470436,10.1083777513522968,518.5679652615173154,11.2115917823421221,10.3145735669717808,-0.4029675248920426,582.7064377329835452,15.8738695691677272,16.0637961984788191,583.1093969064650082,11.5556427310356771,11.7285777216232283,0.5000275036018789,-0.4827320396859698,724.8413969158838199,11.2397813460632463,8.3178379603008636,724.3413694512810252,6.9690629440296474,6.5080620490941987,453.4619395876213162,6.5096656482501745,4.7233002809434517,7.6817848257150079,453.1232693337541946,-0.7196103410392807,0.2272115192695878,5.8938267015754864,-0.3386702792850090,-7.2292803163630506,-1.7879587742333622,-1.5153601919822983,1.1766890079267078,-0.5981898665699287,-0.6725530145828007,0.3864138269443307,454.4192073891545647,43.4054236379379006,27.4946457726640361,16.7420821878540309,0.9572677794418680,36.8957593255395437,9.0602951115699870,7.5641616041976310,-6.6068938630157783,2.9261611628691280,3.2860374776040824,455.1099742560859340,3.2857314567589126,3.1267714632656896,7.0356790876687576,1.6480346482295858,-3.2239348253738180,-0.6461109249398979,-0.2798701515921365,1.9279082105129282,0.0290197402779559,0.0416962878450303,4.7276598055498411,7.0015775065812189,-1.4216925318078983,8.8080245908715131,6.7743672641023629,2.0958112364964903,1.2149489954314485,0.9912038802514180,4.6785547567694508,8.2762543708091805,-0.2237456448272917,640.6483260196129095,1.9005728597055009,1.1568456466475516,641.5711752664316236,3.3810025730281144,2.8534120344175276,234.8345954191183296,3.0103675137902361,2.8883910257025729,3.2027308112186521,234.9026058150335814,0.7679846416224851,0.6580977575413189,0.7295853876606694,-0.0680105201753896,668.9134758211955614,215.4515354127061073,20.7505656413984347,16.8583257640933759,-2.2853313936240967,0.2168001540422681,47.3095387391991480,0.3901760561601454,7.6253732532133567,0.7081930364882605,0.7622872045869448,1.0955571603631356,479.1752820331263933,11.3964631340066287,-5.9409364101603792,431.8657432422509714,11.0062869040405289,-13.5663101521721750,-4.0490127069497390,435.9147559856978660,-3.6392938252461229,-3.9676897289991317,190.8194046465046370,12.0634478368592006,24.1304259142124877,143.5098658564135121,11.6732719526500883,16.5050528785833066,10.1193734141535252,133.3904924629787843,0.9316751205284847,2.2073085508114056,1.8079850375652313,0.0623626337037422,-1.2030522823333740,5.9232974052429199,7.3182973861694336,0.4991812705993652,-3.0235474556684494,0.3004997700536478,-2.8569809794425964,22.1261885166168213,-1.4350374937057495,-0.0000004057748106,-0.8531258553266525,0.1144231557846069,-0.2232438921928406,-0.0205019894056022,7.6499316804111004,-0.0248881292791339,0.1564207263290882,0.4643478477373719,0.2006572084501386,0.8579163700342178,0.2216143831610680,0.0270397475687787,-0.1511957831680775,-0.0055241225054488,0.1100614066235721,0.0055131478875410,-0.1646938859485090,-2.6215860247612000,-0.1800558790564537,0.7314403727650642,4.6925714612007141,-0.0572695210576057,-0.1621691423933953,-0.7624550538603216,,,,,,,,,,,,,,,,,,,,,,,,,,,,,,,,,,,,,,,,,,,,,,,,,,,,,,,,,,,,,,,,,,,,,,,,,,,,,,,,,,,,,,,,,,,,,,,,,,,,48.0000000000000000,,,,,,,,,,,,,,,,,,,,,,,,,,,,,,,,,,,,,1.4122276555539459,-0.4258078076607695,136.0000000000000000,316.0000000000000000,1114.0000000000000000,-16.1579892280071817,0.0984455757238678,0.3534201077199282,,,,,64.1127323229010813,-8.3370899999999999,,0.0764079375829434,,,,,,,,,,,,,
"2012Q2",12.9375590925791997,725.7252792178869640,699.4593751307410230,584.9297677891410103,506.8156673533139838,512.0079933630389633,588.1064378587190049,455.2039518343445366,454.3348403799228663,458.3599977502569800,457.8014312202690235,8.1724369809889765,7.3597053001706509,641.3380484143074227,674.9306791645039993,0.0469228038827707,45.9356573052027457,0.7309222432408695,0.9139868763049636,477.4803220099911982,189.1200909140622457,-3.5132144999291768,9.8310332703121617,726.1432749088005494,699.0939921671789534,525.7763743288074920,571.2108339457186048,521.4965400866865366,585.9768496177724728,4.7971280557817577,-5.9763515297372107,1.9317185625770865,235.1174227887583186,2.8944958799727272,6.2547936693539263,10.1123143112501079,2.6998456873860577,-0.4179839431170376,12.9375581897160501,10.1123143112501079,0.1253960354043193,2.6998456873860577,1.2783576021747303,0.3653891183351998,-0.9308246811774619,0.5561667585387715,699.4593801111902849,9.9138812185319178,5.6424156412185376,699.0939921671789534,6.6359683556683997,6.5290875142765818,-18.9606708688663872,-13.5650507863986647,0.5561671294009736,506.8157055916074114,-51.1875366727936196,9.4869161316182193,525.7763743288074920,9.5206937080653802,9.2065850383580141,13.7189412008525888,584.9297761620357505,15.9212891875652574,29.9811641850230863,571.2108339457186048,8.0434813531711509,7.8229977757473739,-9.4885495484808011,-6.3755377323699491,2.1785591932465911,512.0079917270927581,-33.3728753432314065,12.4073765805174663,521.4965400866865366,11.7143043259751476,10.9107880923635463,2.1295874314414807,588.1064411724245247,21.6000060563274943,19.6869431191345825,585.9768496177724728,11.4698255126687823,11.6153970111146911,-0.4179839431170376,-4.3167508451043552,725.7252910561226145,3.5355793152138193,9.8133297434782865,726.1432749088005494,7.2076476044361790,6.8121745266139886,455.2039518343445366,6.9680504156108825,3.0415447392362012,6.7726152423331891,454.3348402646733462,4.8462819253337130,1.6393115525028050,4.7608339159894513,-0.8691116078668306,-2.1217663887385516,-2.0117785264927814,-1.9171099075845863,1.0479979986490588,-0.5147627149370805,-0.6171916933234561,-0.7701057463908265,458.3599985778410542,15.7631662156277361,7.4439630240786023,16.2379839796885435,3.1560467114573467,8.7951167221419571,9.4653690486770579,9.1323980705596028,-5.9763515297372107,2.5221663827516037,3.0180568704623147,457.8014336171871719,10.7658493050111339,8.8411765223676291,7.7465068414603957,2.5974817435089288,3.7977972344865982,0.9738862902162744,0.6657679320495532,1.9317185625770865,0.0152319836174688,0.0323865626531112,4.7971280557817577,8.1724434480696910,-4.2533768980098881,8.9071558166726756,6.5331344630082420,1.9083428312941972,1.6964617712499570,0.5561671309711352,4.6247904063262419,7.3597051794204571,-1.1402948936373676,641.3380469447484984,2.7588833212550123,1.5081250336708152,642.3492620469378380,6.2547936693539263,2.8944958799727272,232.9388631522269577,-7.5829255488844023,-0.7297010016774026,0.3291563174508956,235.1174227887583186,0.8592713518019756,0.7344208077607579,0.8163077275749043,-2.1785583504501518,674.9306840550452762,219.7267315441159781,17.1007807838392090,16.2168484547373808,-2.2609790484514600,0.0469227961933524,45.9356565433257202,-5.4955297194952761,2.5230088949626426,-4.0003715174809589,0.7309222313334794,0.9139869077009254,477.4803251238077451,-6.7798275696706662,-9.3882397781381730,431.5446685472632566,-1.2842973071646844,-11.9112490768172989,-3.5132105309558206,435.0578791169475039,-3.4275078295182104,-3.7527593946154676,189.1200939686914069,-6.7972533143039344,13.8532086855667149,143.1844374781241811,-1.3017222262641290,11.3302000606917623,9.8310311179233896,133.3534062835356906,-0.1483419865395388,1.3377135016586572,1.3279516100883484,0.0399439695756882,0.2023780643939972,-16.7038125991821289,6.0817747116088867,-10.4532632827758789,5.1178871989250183,6.1791381353353145,4.8022135198116302,-7.8116087913513184,4.7823013067245483,0.0000024307818940,1.3859218284487724,-0.9389237910509109,-0.3742176741361618,-0.0343669332796708,0.9466265197843313,-0.0021537017819355,0.1518678106367588,0.3980785775929689,0.1574152219109237,0.8193405866622925,0.2480142414569855,0.0543325237813406,-0.3094049096107483,-0.0108857679879293,0.1296859455178492,0.0264250277250540,-0.1568693555891514,-6.2037223279476166,-0.2749600741080940,-1.0028225034475327,2.4438869953155518,-0.0720144882798195,-0.1521432722802274,-0.9868473778478801,,,,,,,,,,,,,,,,,,,,,,,,,,,,,,,,,,,,,,,,,,,,,,,,,,,,,,,,,,,,,,,,,,,,,,,,,,,,,,,,,,,,,,,,,,,,,,,,,,,,49.0000000000000000,,,,,,,,,,,,,,,,,,,,,,,,,,,,,,,,,,,,,0.7251814468046026,-0.6703450077366792,124.0000000000000000,319.0000000000000000,1143.0000000000000000,-17.0603674540682420,0.0914934391607560,0.1766115485564305,,,,,64.1127323229010813,-10.1376899999999992,,0.1638288450185914,,,,,,,,,,,,,
"2012Q3",10.1051134906144000,728.6405008592820423,703.9151354360819823,570.7806994095559503,539.0302000239720428,519.3702333405899481,597.6991682563219683,455.8575551407274702,455.0402553246767070,458.7308783631070241,458.5208689938160092,9.3559101378150018,6.2703632206795117,642.4509531959324704,673.0701354940720194,-0.1046620195408410,44.3080192331535585,0.7040821805632425,0.6923566063184343,481.6983713462482228,189.0116230184118820,3.1420324046317205,11.6833084894360297,728.0583552242464975,700.7803793408536421,528.2526637254487696,573.3009793148346489,524.6156225103893576,588.7805109716060770,4.8729758207394314,-5.4493317905977818,1.9317699657473792,235.3548799355813514,2.9325211004807521,7.2700603320711537,9.9716873709155855,0.3080728527282616,0.5821540292343689,10.1051143062392406,9.9716873709155855,-0.1746437812911514,0.3080728527282616,0.0837229033892093,3.1347715886471565,2.9156753544423841,-1.0411675612943543,703.9151502547935024,17.8230577576205960,8.8316243095221783,700.7803793408536421,6.7455190860289873,6.6107273336588248,10.7775475635739824,7.9172144612914419,-1.0411672329206549,539.0302127375983900,128.8581279886903133,18.2313427312238190,528.2526637254487696,9.9052022025299280,9.4660304924586711,-2.5202696788045764,570.7807097008276287,-56.5962615956299047,8.2459965061950395,573.3009793148346489,8.3605747965113419,8.0162346603838479,-5.2453881901261905,-3.9186703439652826,3.6361563962229706,519.3702343057574353,29.4489398213207920,5.3337355974072178,524.6156225103893576,12.4763115284508110,11.5110057919591515,8.9186538643162372,597.6991809593314429,38.3709804862601800,21.7732642287541509,588.7805109716060770,11.2146500127692228,11.4784711484987554,0.5821540292343689,2.8679916858652024,728.6405091988690401,11.6609423763686166,6.9873217382088804,728.0583552242464975,7.6603480861636504,7.1275997911824032,455.8575551407274702,2.6144056036544128,2.2888243393272383,5.5687460487976450,455.0402570490311973,2.8216619709853812,3.2407460889221955,2.6779282187920859,-0.8172981281751731,0.2072489694021323,-2.8908157995290007,-1.7580175578654540,0.9407176571148843,-0.4291164680445022,-0.5491670873521046,-0.2615150022476601,458.7308769324848754,1.4835131462192284,-2.3816088575087031,19.7058367867487156,2.8733217600935856,-1.1308872701586345,14.1370911513006803,8.3226564042742837,-5.4493317905977818,2.1080722643488676,2.6889167423779812,458.5208687594841876,2.8777588262633342,2.2749371645572083,5.7181192208357272,2.6633135876356495,0.2633576973178817,0.1493708579085702,0.7315548930752083,1.9317699657473792,0.0001633771306176,0.0207031585736722,4.8729758207394314,9.3559159878811080,-2.5537595549230052,8.9710692728897055,6.1151651539238703,1.5879534340684154,1.1884704099974239,-1.0411672481576320,4.5272100427228086,6.2703630944630655,-2.2296369220646346,642.4509523903738000,4.4516166929582948,2.8075257157982669,643.1810516495645516,7.2700603320711537,2.9325211004807521,231.7187147730940069,-4.8805827703670133,-1.9569659194416409,-2.9520543715039658,235.3548799355813514,0.9498234879226882,0.8174046924804470,0.9023323160823646,-3.6361556918728470,673.0701377256663136,217.2125834605967327,-10.0565821795892489,10.2751469837581393,-2.2361457978591437,-0.1046620188468910,44.3080193993293960,-6.5105504707144730,-2.0865664002324440,-4.8123878408554859,0.7040821943695695,0.6923566348268343,481.6983719938429545,16.8721986813435940,-0.9084092185086377,437.3903525593639756,23.3827485949979277,1.1781568819316863,3.1420329396828284,434.2483195739936832,-3.2382387190704796,-3.5421279131582679,189.0116245755220348,-0.4338832131118071,5.9248583815710862,144.7036051601039617,6.0766677415198025,8.0114244116045139,11.6833072800386528,133.0202978483270897,-1.3324234828524166,0.3333103289573136,0.5601000636816025,0.0488521133083850,2.5766447186470032,22.7981185913085938,-11.4375772476196289,1.3381114006042480,6.4615411162376404,-0.8687453575339710,-0.8570821881294250,-5.0057117938995361,-3.7237541675567627,-0.0000019805440852,1.2770601063966751,-1.2033716142177582,-0.0024400483816862,-0.0002240838948637,-26.2539650872349739,0.0007624222853337,0.1973978821188211,0.6165915662422776,0.3487367052584887,1.1037720739841461,0.0743648223578930,0.0676588908245321,-0.3599036829546094,-0.0135454371338710,0.1335156805580482,0.0274747636867687,-0.1487694540992379,-2.5101788938045502,-0.2767081474885345,5.3202253431081772,4.5066541433334351,-0.1302315630018711,-0.1534819566877559,-1.1989060067571700,,,,,,,,,,,,,,,,,,,,,,,,,,,,,,,,,,,,,,,,,,,,,,,,,,,,,,,,,,,,,,,,,,,,,,,,,,,,,,,,,,,,,,,,,,,,,,,,,,,,50.0000000000000000,,,,,,,,,,,,,,,,,,,,,,,,,,,,,,,,,,,,,0.0381352380552859,-0.9148822078126109,152.0000000000000000,373.0000000000000000,1209.0000000000000000,-18.2795698924731198,0.0938336268341289,0.2738875103391232,,,,,64.1127323229010813,17.5771000000000015,,0.1283257211596987,,,,,,,,,,,,,
"2012Q4",4.2523767526018901,730.2710837007219880,702.3876562646679531,550.6000987881729998,567.4049577256430439,524.0675611982510418,590.4064152946219792,456.2900820014259011,455.8949036414149418,456.6693083762839933,459.9341449311510246,10.7074046724567129,4.6362092164822126,644.3940141459753477,675.6359595810049541,-0.2388583070114081,44.2023133178169232,0.5403043901015757,0.5100927960906418,479.4977561285888896,188.7008197860111807,1.8171894719886268,12.1271929482630014,730.0265868909031042,702.4820669069484893,530.7563159044372014,575.4240678529043862,527.8568718456788247,591.5625249939475907,4.9005211442271417,-4.9596066177307758,1.9307165095122725,235.6013763358944573,2.9183898373324508,5.9662036821383362,9.8349822959300877,-5.5092558721534033,0.2445022386390726,4.2523769260394362,9.8349822959300877,-0.0733489050861520,-5.5092558721534033,-2.8229804075265301,-0.0944039533601195,1.5831889507035899,-3.8317158953766657,702.3876630380832466,-6.1099528483005372,6.6237809012399369,702.4820669069484893,6.8067566814529359,6.6892040191113313,36.6486319872194954,25.6448908979488124,-3.8317158714989485,567.4049488933193288,113.4989657961900207,62.0189855546714739,530.7563159044372014,10.0146090946927018,9.6966186990435297,-24.8239672413714949,550.6001018594669176,-80.7223833694032038,-23.4379829721139643,575.4240678529043862,8.4923707531688155,8.2032184392821357,-3.7893113214876748,-2.9635297917884658,2.8999558950747772,524.0675620115275706,18.7893187738546530,6.4833221086231161,527.8568718456788247,12.9650095062965054,12.0918018879472537,-1.1561176297459710,590.4064150456271136,-29.1710279001336374,11.6684401021273167,591.5625249939475907,11.1280673824979210,11.3420442274402635,0.2445022386390726,5.7448273448845750,730.2710890597279558,6.5223400237428102,8.2396292107571885,730.0265868909031042,7.8729313047560314,7.4274916537392954,456.2900820014259011,1.7301054378505198,3.6991834560928427,4.4555592482818147,455.8949065947208510,3.4186008214649060,5.7511853419195056,2.5917278969763435,-0.3951754202587320,1.6884890763272069,-1.8638262868966606,-1.2362948095565194,0.8411172378113646,-0.3984000936379622,-0.4851180572961951,-0.3843991301314711,456.6693088406135530,-8.2462761383879872,-6.8643721744934467,13.1014575463759506,0.3792268252773928,-9.9763778869144559,8.6458991615855645,5.3388365491824787,-4.9596066177307758,1.9589030370437279,2.3788265996527125,459.9341401975246981,5.6531027274775498,4.8261620605404918,5.6456047773411804,3.6440581807863954,3.9229938202310337,1.1900482782043984,1.7133565063411398,1.9307165095122725,-0.0042362240894759,0.0100512783903066,4.9005211442271417,10.7074067683777745,0.3710076254895076,8.8673034562639685,4.9562254484633019,0.5910409645677437,0.0320742900060201,-3.8317152752163377,4.3651824050393531,4.6362092054835777,-3.8637909004289037,644.3940143434508627,7.7722437134941043,4.2208299367308602,644.3777711247805655,5.9662036821383362,2.9183898373324508,232.7014219522964709,3.9308251307465092,-1.3805806583008158,-2.9921435683089097,235.6013763358944573,0.9859997606223131,0.8907689054668024,0.9366997724991137,-2.8999564200148975,675.6359620634682415,219.3458807190356765,8.5331819208928099,9.0819801287288406,-2.3012243795500762,-0.2388582923346320,44.2023141539485849,-0.4228247916962543,-3.0096821845545527,0.0577921656674558,0.5403043800883682,0.5100928305123305,479.4977560172811195,-8.8024648646232162,3.1715884750213901,435.2954418145950513,-8.3796391178508554,6.1812703396630129,1.8171891071978374,433.4782526213870142,-3.0802664997864193,-3.3463266715914708,188.7008148264283705,-1.2432450360268170,0.8972679410829136,144.4985006041186750,-0.8204195861257109,3.9069501634381432,12.1271884280490827,132.3713121899997418,-2.5959363555697985,-0.7862635789650294,-3.0268591642379761,0.0538210382219404,-1.1770415306091309,30.0335988998413086,-23.1857833862304688,0.0296182632446289,-4.1897126734256744,-7.7905788498955193,-0.8215596079826355,-5.0986301898956299,1.7012922763824463,-0.0000000054284839,1.4419254586100578,-1.8571178019046783,1.1399654382839799,0.1046907027484849,12.6497116386890411,-0.0866660774045158,0.1545630060136318,0.3607162088155746,0.1666116747073829,0.8685608059167862,0.2301994226872921,0.0269412480120081,-0.1363882850855589,-0.0043832630617544,0.0836674740421586,-0.0208791320328601,-0.1404759753495455,4.3895629048347473,-0.4190139088314027,-0.1308708041906357,3.5983736515045166,-0.1130281426012516,-0.1658515966264531,-1.3967507562338142,,,,,,,,,,,,,,,,,,,,,,,,,,,,,,,,,,,,,,,,,,,,,,,,,,,,,,,,,,,,,,,,,,,,,,,,,,,,,,,,,,,,,,,,,,,,,,,,,,,,51.0000000000000000,,,,,,,,,,,,,,,,,,,,,,,,,,,,,,,,,,,,,-0.6489109706940362,-1.1594194078885467,152.0000000000000000,335.0000000000000000,1234.0000000000000000,-14.8298217179902760,0.1447008731624403,0.0000000000000000,,,,,64.1127323229010813,0.0000000000000000,,0.1939409432903044,,,,,,,,,,,,,
"2013Q1",2.4517305306791002,729.7470038991949650,702.2462659829219547,546.6041860667110086,564.3795678274749434,523.4455819411169841,589.2573118252430504,457.9191056095032764,457.8369692388075691,457.1424651419370093,460.6721928495600196,9.9666745477837253,5.8475955618958313,645.2129813418313233,679.4910597880390242,-0.3567100858897276,44.3860323871684841,0.4653489038473853,0.3675685224389095,480.1370693092713395,187.0094971355510722,3.0092175039715130,11.2295701618533599,731.8558755264289175,704.1623098548476491,533.0853666183396626,577.4096402043999205,531.0004963662767068,594.4721240420417416,4.9050707357045340,-4.4759763931005567,1.9296334235654800,235.8491179952895322,2.9026420619510356,6.6849208324058811,9.7451912674496501,-7.9261233080339846,-2.1088753578163275,2.4517316630229375,9.7451912674496501,0.6326630366693986,-7.9261233080339846,-4.0079569900527927,-1.9160473611751212,-0.5681325548746265,-3.7738329855269366,702.2462619168392166,-0.5655806124701357,5.2653518588851673,704.1623098548476491,6.7209868669809136,6.7273054699432828,31.2941821802638493,21.2358335248199026,-3.7738328505740810,564.3795484548716104,-12.1015815454521700,44.7669686805107361,533.0853666183396626,9.3162159826902737,9.6891784435010972,-30.8054566056246522,546.6041844868699400,-15.9836618595384863,-34.3452615177726059,577.4096402043999205,7.9423066334534873,8.2096831383103268,-7.5549215585385650,-5.5764027836747481,4.0870672949455278,523.4455759388512206,-2.4879276314859444,3.0943687335262462,531.0004963662767068,12.5745101430739368,12.4325333716237694,-5.2148197898196571,589.2573090622865948,-4.5964135627745044,6.5508748989938006,594.4721240420417416,11.6383997383154156,11.3627340068103440,-2.1088753578163275,3.0402243360044920,729.7470002473351087,-2.0963313355133693,4.9055972265905368,731.8558755264289175,7.3171682455110858,7.5145175795776318,457.9191056095032764,6.5160950499879906,6.2793482921812460,4.4571645011067416,457.8369657420589078,7.7682419010457888,7.6919395947352189,4.7136939896202561,-0.0821398869856315,1.2521424531442946,0.2565298960827486,-0.8249015012221972,0.7427610277632357,-0.3934255198435181,-0.4339267040256417,-2.5045195469807187,457.1424642372303424,1.8926232704127715,0.8083575757569204,2.7232558857662021,-0.7766413895445714,-4.6234707566369515,-1.7339076003203657,3.6993348387942699,-4.4759763931005567,1.9345181845903050,2.1309151749841719,460.6721947680647986,2.9522092948643865,2.8539601949149773,5.5622269653342356,2.7530891418418908,-3.5638860250230806,1.1050594407414174,0.8234635045027523,1.9296334235654800,-0.0043189931158040,0.0017152911484906,4.9050707357045340,9.9666686753752121,1.0135945131539148,8.7232719977277959,2.2747299322748709,-1.9368983675235467,-1.1214280871629176,-3.7738327551299076,4.2116266552383834,5.8475956855979421,-2.6524043277130098,645.2129833231065277,3.2758745820051582,4.5646556109454375,646.1705256882175945,6.6849208324058811,2.9026420619510356,231.7620505827067632,-3.7574849193567661,-3.0725428355817388,-2.6324035879680192,235.8491179952895322,0.9909642698241475,0.9465147766017862,0.9414160851564249,-4.0870675076493148,679.4910563318462664,221.5719513741270248,8.9042921236345762,6.1204188926236274,-2.3272589132027663,-0.3567100630668478,44.3860330238351040,0.7348763576487927,-2.9235069389681594,0.9839535339002228,0.4653488953452165,0.3675684893960052,480.1370701992473187,2.5572560636207635,0.9617871994457305,435.7510371480464073,1.8223800559826246,3.8852942155561649,3.0092184319829607,432.7418186722160272,-2.9457368571344174,-3.1729376383180634,187.0094978929884633,-6.7652817283431812,-3.8099075643622555,142.6234647863700786,-7.5001569650965996,-0.8864005871222986,11.2295711550937671,131.3938936420480275,-3.9096763310436113,-1.9965972484702736,-4.8455777466297150,0.0933297441806644,0.4045706987380981,8.9302415847778320,-14.6698770523071289,-4.5048046112060547,-3.7607318311929703,-7.1288113747174169,2.9474797546863556,5.8925657272338867,-1.3259072899818420,0.0000012911133016,0.5251509472727776,0.8250073753297329,-0.0800677808001637,-0.0073531632660888,2.6752914935350418,-0.0541299319811515,0.0106169860810041,-0.4416146250441670,-0.5139299631118774,0.0137995481491089,0.8227848447859287,0.0067000730778091,-0.0265208180062473,-0.0005064093857072,0.0542645372916013,-0.0239088037342299,-0.1321832449175417,0.6770834326744080,-0.3629471559543163,1.8825610876083374,2.3767213821411133,-0.0915150353685021,-0.1734969557437580,-1.5733350323280320,,,,,,,,,,,,,,,,,,,,,,,,,,,,,,,,,,,,,,,,,,,,,,,,,,,,,,,,,,,,,,,,,,,,,,,,,,,,,,,,,,,,,,,,,,,,,,,,,,,,52.0000000000000000,,,,,,,,,,,,,,,,,,,,,,,,,,,,,,,,,,,,,-2.4889022197038360,-1.8268987981239300,151.0000000000000000,339.0000000000000000,1213.0000000000000000,-15.4987633965375107,0.2288088644360774,0.0000000000000000,,,,,6.8160197952649924,0.0000000000000000,,0.0409431851924439,,,,,,,,,,,,,
"2013Q2",12.8113358249651998,732.7298267812210497,702.9248194670290104,560.2932020688280090,574.6539643929030490,547.2945646877050194,597.1453757965150544,458.8221706356224558,458.3244985957564381,460.2359373318039957,461.2274486746740081,10.3525782450029933,5.7685625947801658,646.2881448047979802,681.0602384897559887,-0.4584922612587194,44.5660477464261930,0.4229044970029333,0.2925109845030718,482.9002528555043909,186.1278843637227851,6.2999120966987903,11.4787790504325073,733.4387353632600934,705.7983370114257013,535.1316296795229164,579.1582919743063940,533.9224521274345534,597.5904336188918933,4.9140480106796716,-4.0028714335847226,1.9284411090064038,236.0978340036917302,2.8879397644018416,6.1282557180955006,9.7188493929030191,2.8798173551737518,-0.7088981629968367,12.8113367922471575,9.7188493929030191,0.2126694239477569,2.8798173551737518,1.4267374976588785,-2.8735137170045979,0.1821258973328930,-2.7112831750792266,702.9248221675873083,2.7142199973660404,3.4654393184065424,705.7983370114257013,6.5441015416915196,6.7043399037078917,39.5223420956771179,27.8789757625232681,-2.7112832933163666,574.6539715573313742,41.0976768230064451,67.8382914090114753,535.1316296795229164,8.1850820406299416,9.3552739975914196,-18.8650889761087015,560.2932041130221705,54.7560644418484941,-24.6365640498924989,579.1582919743063940,6.9945911171376194,7.9474627476182160,13.3721157525778800,8.0484052946931275,3.5681410001226643,547.2945688553973014,95.3959402464473385,35.2865704160529248,533.9224521274345534,11.6878173304122832,12.4259125738052063,-0.4450547943865439,597.1453783362775312,31.5522705238959631,9.0389530446389585,597.5904336188918933,12.4732411935617922,11.6135877060271255,-0.7088981629968367,7.0490197150363292,732.7298372321084798,11.9313392030015883,7.0045482520134730,733.4387353632600934,6.3314459951676794,7.2954708053575965,458.8221706356224558,3.6122553384190637,5.4278845649061971,3.6182196326644283,458.3244988593901326,1.9501234566553631,5.4111902425464304,3.9896572009854925,-0.4976717887552192,-1.6621293342386330,0.3714390146984502,-1.1442340869746324,0.6465623713519554,-0.3847922192051071,-0.4014341765780986,-1.2807464597380420,460.2359389729909935,12.3738977885652925,6.8995794292980284,1.8759406090481727,1.4137683290848029,8.7616422545121608,-1.7422772061162490,5.4166393701866609,-4.0028714335847226,1.8924133102602310,1.9734783882426279,461.2274474894046534,2.2210194020714904,2.1858548503063706,3.4260207691265161,2.4052768417152741,-1.3912362514784653,-0.1922005557822289,0.4768353177091272,1.9284411090064038,-0.0047820198809814,-0.0032877547780109,4.9140480106796716,10.3525770237780197,1.5897933808992273,8.6548118664275311,4.9413907689820569,0.8158340723074242,0.0201543062710545,-2.7112828779277081,4.1255560950141819,5.7685625773167084,-2.7314374565399011,646.2881452055917180,4.3006540099899730,4.9500962239625430,646.9724286701696201,6.1282557180955006,2.8879397644018416,232.5296949506773103,3.0705949070183838,-0.4091705470798774,-1.9015261663248628,236.0978340036917302,0.9948477816105546,0.9804072195319296,0.9451053577881950,-3.5681407437956079,681.0602408350129053,222.2380711016782584,2.6644729185091216,2.5113469709809908,-2.3477867978828133,-0.4584922213502298,44.5660486442543942,0.7200642268890952,-1.3696082960476741,0.9721045443688056,0.4229045079543682,0.2925109936371691,482.9002529137504212,11.0527358500289736,5.4199300803501460,438.3342043254775149,10.3326715510094278,6.7895384192577755,6.2999120419877528,432.0342922910743937,-2.8301067117915886,-3.0235872677670814,186.1278839238518970,-3.5264536260080384,-2.9922088618033937,141.5618352770862316,-4.2465183806002020,-1.6226005833420651,11.4787789066658323,130.0830563361681413,-5.2433515548707623,-3.2703468544997052,4.7663258016109467,0.1484877164475620,-2.3999133110046387,18.6946389675140381,1.1584606170654297,18.8688702583312988,-8.1952642425894737,-11.4755723065561241,-4.3141785264015198,7.9837163686752319,-0.4430752396583557,-0.0000016453233966,0.8216147236526012,-0.3442734517157078,0.3096250970847905,0.0284349563880824,-8.1069341488182545,-0.0512267273879843,-0.0847869589924812,-0.9092746265232563,-0.9170826369663700,-0.5019183009862900,1.1728105321526527,0.0115827353729401,-0.0466792525257915,-0.0008949146722443,0.0534316976991249,-0.0244381703960244,-0.1231847591698170,-0.2638899087905884,-0.3454271571245044,4.4341971129179001,3.2811920046806335,-0.0383006632328033,-0.1789435740793124,-1.7246438973816112,,,,,,,,,,,,,,,,,,,,,,,,,,,,,,,,,,,,,,,,,,,,,,,,,,,,,,,,,,,,,,,,,,,,,,,,,,,,,,,,,,,,,,,,,,,,,,,,,,,,53.0000000000000000,,,,,,,,,,,,,,,,,,,,,,,,,,,,,,,,,,,,,-2.4295909801180349,-1.8046574489238396,191.0000000000000000,357.0000000000000000,1252.0000000000000000,-13.2587859424920129,0.3017502485400267,0.0000000000000000,,,,,6.8160197952649924,0.0000000000000000,,0.2049538769658506,,,,,,,,,,,,,
"2013Q3",8.7767862654337492,731.3041242797529549,703.5301841738670419,575.4222620558889503,541.4411417506170210,538.6002836309070290,598.3109923831509604,460.0321602969024184,458.6232395826010588,467.0145287615250140,459.8897078849769855,8.4472787666181048,7.6738620731650542,647.9610265179484259,686.8516764587290027,-0.5446711856572528,45.1508590918572281,0.3919973521438444,0.3742264407613343,478.0523594315195623,187.2145096147381196,1.5486703913222186,13.6228105093460670,734.7361366610497271,707.3811414279466590,536.8582060476269362,580.6349233620071573,536.5624314339682996,600.9377463222857614,4.8973213608755914,-3.5064797893529129,1.9284742829499260,236.3396712818687604,2.8503247704066048,5.8831279637610479,9.6470372145994840,-1.8998552924047685,-3.4320132128038274,8.7767862306780007,9.6470372145994840,1.0296048270112879,-1.8998552924047685,-0.9858340801077026,-3.8509544252751264,-2.9845475443282057,0.5322352409003916,703.5301869358763724,2.4214965104527657,-0.3849529910177645,707.3811414279466590,6.3312179910810329,6.6007662208484899,4.5829340134487042,2.5478053244555170,0.5322352074276697,541.4411405058217497,-132.8513078636646298,2.4109402288492277,536.8582060476269362,6.9063143813297545,8.6055539185631194,-5.2126619123585041,575.4222615630078508,60.5162349222856903,4.6415615482754804,580.6349233620071573,5.9065248166920092,7.3339504899769974,2.0378508208494837,0.9843016609995994,1.8510223643915900,538.6002824695769959,-34.7771445164287627,19.2300489811230975,536.5624314339682996,10.5599046030830053,11.9468087968012409,-2.6267564649011632,598.3109926295763898,4.6624663686980128,0.6118179022334951,600.9377463222857614,13.3892479248951375,12.1572377295741099,-3.4320132128038274,-1.2280327713596648,731.3041234498128915,-5.7028184920564797,2.6636035670746452,734.7361366610497271,5.1896059524798535,6.6777856473450434,460.0321602969024184,4.8399527331270473,3.3195084900530727,4.1746066079262985,458.6232401655824447,1.1949596578855488,1.4474171814860810,3.5829834466953372,-1.4089201376681044,-3.6449959929500313,-0.5916225043360278,-1.9544303015486708,0.5455096286870276,-0.4042090336228302,-0.3952077407600521,-3.1158174031093271,467.0145287920936994,27.1143652384773617,15.5452906662332691,8.2836518456360562,6.9823684887087900,22.2744122974837815,4.1090458696278400,10.4888498683559384,-3.5064797893529129,1.9855539737638794,1.9428494209708793,459.8897080592079760,-5.3509632447039941,-3.7469846449214783,1.3688398057386229,-0.1424522445489667,-10.1909153448172152,-2.8057648051962740,-2.0709244026297213,1.9284742829499260,0.0001423937168942,-0.0032928587821701,4.8973213608755914,8.4472790885241444,-2.5750179442321355,8.6366212020939575,6.9998614445817955,2.8563522577481759,1.3583729761276038,0.5322353531939257,4.1435088622219833,7.6738620501327013,-0.8261379511028235,647.9610263572449185,6.6915287542249082,5.5100728103530994,648.2213270722481866,5.8831279637610479,2.8503247704066048,234.4886454621210135,7.8358200005300560,2.7699348440104443,4.9507627578433846,236.3396712818687604,0.9673238520089008,0.9847905392868792,0.9189576728737086,-1.8510223573741218,686.8516768012030980,226.8195166339994557,18.3257886882843479,9.6069360637947980,-2.3989768828147184,-0.5446711814179652,45.1508592654569654,2.3392475738185956,0.8428399420484256,2.2674505196854913,0.3919973535025152,0.3742264201843036,478.0523592487642759,-19.3915717556773686,-3.6460125315026790,432.9014999511922497,-21.7308187234253829,-4.4888520241268939,1.5486701103509786,431.3528298426682568,-2.7258517196145173,-2.8954896653434368,187.2145100380106442,4.3465049020660587,-1.7971137184436490,142.0636507447406132,2.0072579864212372,-2.6399536477627228,13.6228092229417204,128.4408415236638064,-6.5688626859745662,-4.5794545818601913,-1.3785893619060516,0.0963232137146406,-0.4074184298515320,-19.7280107736587524,7.0496468544006348,-6.1965868473052979,-1.8578250296413898,-2.7855554105065794,-0.2114510536193848,15.1522448360919952,-4.9147686660289764,0.0000006917933469,0.4544365294277668,1.6321556754410267,0.6215198894497007,0.0570783561706776,17.4802272431552410,-0.0839416970920865,-0.1296296338550746,-1.1134636416099966,-1.0669110534945503,-0.7874741293489933,1.2957179034128785,-0.0132234257034725,0.0843557715415955,0.0044462119258242,0.0222184835001826,-0.0488209748946247,-0.1136884565930814,1.3671430796384811,-0.3423787922365591,-2.3572752252221107,5.2433001548051834,0.1109665315598249,-0.1787557114439551,-1.8498477151733823,,,,,,,,,,,,,,,,,,,,,,,,,,,,,,,,,,,,,,,,,,,,,,,,,,,,,,,,,,,,,,,,,,,,,,,,,,,,,,,,,,,,,,,,,,,,,,,,,,,,54.0000000000000000,,,,,,,,,,,,,,,,,,,,,,,,,,,,,,,,,,,,,-2.3702797405323177,-1.7824160997237282,179.0000000000000000,377.0000000000000000,1261.0000000000000000,-15.7018239492466289,0.3606209229979386,0.4264189515602712,,,,,6.8160197952649924,-14.7261327580000003,,0.2255421065498286,,,,,,,,,,,,,
"2013Q4",13.2737665786867005,734.4690116533109858,710.5762615796539876,594.5964866099740220,521.6437158949579498,534.8896715921509895,608.6167903909589540,460.5921717480483153,459.3563675012111958,466.8161836662150108,460.2349255719760208,5.9444152284137788,9.8897732161588934,650.1468783627811945,691.9304703103050542,-0.6154266539608932,45.6538946078876009,0.3521126883640460,0.4318326477188953,475.3815175791825709,187.8451850883210739,-0.9709005265914357,15.7148367643865612,735.8816302512146876,708.9312871335657746,538.4074758643829455,581.9648502694791432,539.0694022894507498,604.4003384729105619,4.8870458638958869,-2.9953027653361142,1.9296073454441884,236.5748109849269838,2.8306269801029225,4.7245287295261056,9.6070373199491481,3.2429443965048246,-1.4126141354593624,13.2737661489738130,9.6070373199491481,0.4237843599702779,3.2429443965048246,1.6014721518573540,1.6449783336015176,0.2944801267595162,1.4352589334161321,710.5762651026842605,28.1843171148597094,8.1886070469397154,708.9312871335657746,6.2005863287241674,6.4492256033650186,-16.7637552674138028,-11.7370443192009724,1.4352589803335642,521.6437210916005824,-79.1896723249522125,-45.7612143443976080,538.4074758643829455,6.1970910483527151,7.6511749908225752,12.6316375035362665,594.5964879933491147,76.6969032832518423,43.9963888620617070,581.9648502694791432,5.3197055860262150,6.5407834657107058,-4.1797324182922146,-2.9334540884300728,0.1304062138934975,534.8896705300807071,-14.8424516591428421,10.8221017266201720,539.0694022894507498,10.0278800662122745,11.2125262442806619,4.2164545689327193,608.6167954485488281,41.2232116823259389,18.2103800626180501,604.4003384729105619,13.8503705311872523,12.8378158610829232,-1.4126141354593624,-2.6400879127367292,734.4690161488260856,12.6595697546836892,4.1979142316489568,735.8816302512146876,4.5819731152650771,5.8550455813672313,460.5921717480483153,2.2400464088368319,1.4272527678754541,4.3020899034173716,459.3563671989912223,2.9325093139811655,2.0810824163406014,3.4614600757446086,-1.2358045592755822,0.6924621687343300,-0.8406285100979479,-1.6771585906516542,0.4413537742983775,-0.4166227476748252,-0.3997630171567719,-1.1561731480994639,466.8161831058646385,-0.7933825080917098,-1.9510018667684355,10.1468745641200879,6.2240113502084062,-3.0334293023711982,5.8447841963618963,9.2193140646868699,-2.9953027653361142,2.0447077493312160,1.9643011519322711,460.2349258309288871,1.3808757777944134,1.8153003603389912,0.3007857241169138,-0.3572459268313516,-0.8591714302166054,-4.0013070375281989,-2.2868512355445008,1.9296073454441884,0.0045251284010178,-0.0011088320221239,4.8870458638958869,5.9444158143280665,-3.6597780793230985,8.6264156652059150,3.8633338799823589,-0.2926584679805523,0.0454859406568187,1.4352591171612465,4.1559925335211014,9.8897731318738593,1.3897731193367591,650.1468781733894957,8.7434061673585592,5.7528642530903360,649.9902535537802351,4.7245287295261056,2.8306269801029225,236.4444056143993862,7.8230382928144842,3.7429820174127180,4.3200445460472254,236.5748109849269838,0.9405609840572757,0.9734297832581884,0.8935329334677629,-0.1304061264543033,691.9304722340835951,231.3383007185417455,18.0751346661737813,11.9924208235400567,-2.3961073841228071,-0.6154266551816284,45.6538946351158117,2.0121408760172463,1.4515810642078113,2.0057652016266969,0.3521126905825261,0.4318326229067391,475.3815175355252904,-10.6833678591216437,-4.1162379423840152,429.7276228978578843,-12.6955084723617109,-5.5678187446243275,-0.9709006480456487,430.6985235360321553,-2.6172249980152080,-2.7797293868293260,187.8451849008935710,2.5226953102695227,-0.8556344570962207,142.1912902249416675,0.5105547721382884,-2.3072149572622394,15.7148366684119711,126.4764535509818728,-7.8575485356623052,-5.8948609791892181,1.9797806292772293,0.1224635858088732,3.9146718531847000,-19.6557943820953369,16.0198675394058228,-5.1835803985595703,5.7513032276183367,3.3027474591040140,1.1390271484851837,-12.2997574210166931,2.8188759386539459,0.0000010267241802,-1.3243324272334576,2.1332972161471844,0.9258814663626254,0.0850299315352459,1.1326842950657010,-0.0350011271111725,-0.0580217333044857,-0.6078582651680335,-0.5765442897100002,-0.2479800730943680,0.8866342743858695,-0.0084449992573354,0.0596829014830291,0.0043969718681183,0.0216033253382193,-0.0346653071173932,-0.1034357437165454,-0.2553096711635590,-0.3575377350207418,-1.9310761131346226,5.7701853513717651,0.0950288323219866,-0.1639585529919714,-1.9455693103373051,,,,,,,,,,,,,,,,,,,,,,,,,,,,,,,,,,,,,,,,,,,,,,,,,,,,,,,,,,,,,,,,,,,,,,,,,,,,,,,,,,,,,,,,,,,,,,,,,,,,55.0000000000000000,,,,,,,,,,,,,,,,,,,,,,,,,,,,,,,,,,,,,-2.3109685009465317,-1.7601747505236107,162.0000000000000000,404.0000000000000000,1328.0000000000000000,-18.2228915662650586,0.4003008672746606,0.3400343286407493,,,,,6.8160197952649924,-21.7962146849999989,,0.2222850066987986,,,,,,,,,,,,,
"2014Q1",13.0520982448874996,735.4647129175169766,710.0604255501699527,594.0155721560779511,542.2920272199349938,535.2991774190910519,614.1130122021579609,460.9262151420814462,460.4743936558902533,462.8995415298019793,461.5007095756960211,5.5779561623765623,10.2277763034029174,651.5912267389135195,695.2494440040319432,-0.6016234933991171,46.2625437835993552,0.3327457866705891,0.4518760363081355,480.6510522814223236,187.5101152206577240,4.3150736459371046,17.0399467165841401,737.0437529567017236,710.4749078463695469,539.9566259897197824,583.3080137547050299,541.6326958761552532,607.8341132989007747,4.8521432731551384,-2.4375793934302554,1.9327407646089694,236.7976283829988517,2.8074967866932825,3.4731426708783899,9.5505192367239005,3.0278667891328546,-1.5790410678433862,13.0520984147905548,9.5505192367239005,0.4737124895168688,3.0278667891328546,1.4856742348170413,-0.4144834764372274,-0.4386456374026098,0.5953758637874895,710.0604243278879721,-2.0633607322411871,7.8141638471946893,710.4749078463695469,6.1744788580015957,6.3125950606624048,2.3353979043520385,1.2952622743488225,0.5953761798969578,542.2920246827056872,82.5932458321973968,-22.0875221797920318,539.9566259897197824,6.1966017424778288,6.8712712391997623,10.7075584815274585,594.0155723383794566,-2.3236613505772823,47.4113837773183064,583.3080137547050299,5.3726512468559253,5.8983685018277168,-6.3335168194435782,-4.3231202746983755,-0.5817484651876182,535.2991797282791140,1.6380352908337672,11.8535963129276780,541.6326958761552532,10.2531737244171524,10.6321946617687075,6.2788959424652013,614.1130107389332125,21.9848717101908235,24.8556997267785462,607.8341132989007747,13.7350998090390686,13.3619906123657142,-1.5790410678433862,-0.6192265034446872,735.4647118988170860,3.9827909591334825,5.7176996989659710,737.0437529567017236,4.6484856439715161,5.1878763664690677,460.9262151420814462,1.3361736808455984,2.0182959725733380,3.0071085678949823,460.4743932239761648,4.4721054354437078,4.1055693944252898,2.6374225835793417,-0.4518219162772238,3.1359303525575735,-0.3696828598444469,-0.7793756634165632,0.3275537855134149,-0.4551997805737089,-0.4152061333176854,-1.1468840471672301,462.8995411660280865,-15.6665692785035038,-9.4474304720310123,5.7570785334695067,1.9733260264760870,-17.0027412268427653,2.7499687584457178,4.4109053363390904,-2.4375793934302554,2.2308932555691716,2.0383917703299659,461.5007098809587660,5.0631384470471312,4.8455363217108012,0.8285146354703815,0.5744947385576863,3.7269642120940061,-2.1785894226223070,-1.3582462604309899,1.9327407646089694,0.0125328670463517,0.0031069739776788,4.8521432731551384,5.5779559516134851,-2.0686896231787846,8.5030252213782358,1.4723870932799237,-2.6336947088723077,-1.1324004228099684,0.5953759004089487,4.1060817273454360,10.2277763422261607,1.7277763340880585,651.5912268324614161,5.7773932594422615,6.3782476536977208,651.9258630511494630,3.4731426708783899,2.8074967866932825,237.3793773576849162,3.7398856014969066,5.6173309202056982,1.5768311555281160,236.7976283829988517,0.8912725216974917,0.9485014273825325,0.8467088919193637,0.5817483762678258,695.2494433370945899,234.3232285844618161,11.9397139138591122,12.7512729366454636,-2.3936382289287415,-0.6016234928055622,46.2625437609732160,2.4345953882128448,1.8765117372380042,2.3437287320153044,0.3327457847397389,0.4518760446314886,480.6510522775639629,21.0781380621323109,0.5139835967859181,434.3885085290536949,18.6435427243560490,-1.3625277065146459,4.3150737751265256,430.0734347683269903,-2.5003549931364866,-2.6683843384644303,187.5101155950687541,-1.3402779193573409,0.5006182004051007,141.2475718406210490,-3.7748732629583621,-1.3758932235254688,17.0399473666550669,124.2076244591389838,-9.0753165064492674,-7.1862699590838899,1.9571108706295490,0.1053022659325507,-1.6933057159185410,13.3193919658660889,2.4969952106475830,-3.3740530014038086,3.3357168398797512,0.0900945899163998,1.0216836631298065,-11.7347599864006042,1.6854931414127350,-0.0000029201816123,-0.7338310927152634,0.4769804999232292,0.4254274722188711,0.0390698690316640,-2.1870461255311966,-0.0351145264939987,0.0399709199555218,0.0654150077607483,0.0573528214590624,0.4827368631958961,0.3332971101626754,-0.0340996608720161,0.1926300006452948,0.0084602608694695,-0.0022604381374549,-0.0400674874981632,-0.0231224405579269,0.4288306720554829,-0.3449969110079110,4.9170321226119995,5.5681166052818298,0.0632266704924405,-0.1448525899904780,-2.0035232207737863,,,,,,,,,,,,,,,,,,,,,,,,,,,,,,,,,,,,,,,,,,,,,,,,,,,,,,,,,,,,,,,,,,,,,,,,,,,,,,,,,,,,,,,,,,,,,,,,,,,,56.0000000000000000,,,,,,,,,,,,,,,,,,,,,,,,,,,,,,,,,,,,,-0.1661537625124685,1.0175665629564792,174.0000000000000000,418.0000000000000000,1355.0000000000000000,-18.0073800738007392,0.4450081283760317,0.2869311925736856,,,,,57.7926742014569967,1.2588555680000000,,0.0797023677346043,,,,,,,,,,,,,
"2014Q2",14.3775816288274001,736.7039747147530306,705.7945685737189478,609.1398336537929481,516.6090092746060236,542.1381502230509568,609.3275798347790442,460.9083082716039144,460.5300166083702038,463.1131599168979847,460.0999546737689911,5.5258633433833761,10.5073776678787976,652.2451533816825986,705.3174458483449598,-0.6174125798153796,47.2981170088038780,0.3232104451826803,0.3610926868645657,483.7683975432345846,189.2210844279250637,6.9912621460537139,20.2610665732528901,738.2763060586560186,712.0211632230129908,541.5558936437620332,584.7193621260751115,544.3115209844768287,611.1891298758770290,4.8014981889350068,-1.8123658077100733,1.9385032098301980,237.0048970023063930,2.7776683314709976,3.3484173670222690,9.4465782366283655,4.4593008506373408,-1.5723404814628066,14.3775815885481588,9.4465782366283655,0.4717016455080018,4.4593008506373408,2.1776797506015813,-6.2265988376279973,-6.4752499852636536,4.4404247373145687,705.7945639590296878,-17.0634499513484812,2.8697523019699815,712.0211632230129908,6.1850251301517334,6.2228267543640126,-24.9468803618897361,-18.7866101986709992,4.4404245503990580,516.6090129841918497,-102.7320645789477851,-58.0449535266680527,541.5558936437620332,6.3970686096538012,6.4242686145078816,24.4204679082403118,609.1398302845625494,60.4970345181580669,48.8466251325651939,584.7193621260751115,5.6453992690830006,5.5610696968661495,-2.1733719862654883,-1.2768537606162720,-2.0083562729336322,542.1381491030037978,27.3558664427195559,-5.1564186388772546,544.3115209844768287,10.7153120282872987,10.3890675026938020,-1.8615559975721530,609.3275754163881857,-19.1417578311029999,12.1822013616684401,611.1891298758770290,13.4200654402935147,13.5986959718138714,-1.5723404814628066,-8.0605593425192374,736.7039655482000171,4.9570172672672692,3.9741330156942718,738.2763060586560186,4.9302207516339607,4.8375716878689499,460.9083082716039144,-0.0716280091163330,-1.4260287602733985,2.0861381055243471,460.5300157487466208,0.2224893563539805,-2.0518929344926127,2.2055151824618040,-0.3782925233991403,0.2941181410657530,0.1193789473068365,-0.5780657598168324,0.1997736993880296,-0.5111210337058962,-0.4467883300393439,-0.8562018428112408,463.1131605170064063,0.8544734640926052,2.6402966530946426,2.8772226698215673,2.2048522445077521,0.9261021952814623,0.7910857865146133,4.0172164499453586,-1.8123658077100733,2.5008567499325727,2.1905029180189604,460.0999568413571978,-5.6030104802866028,-3.7395475383311592,-1.1274914471942890,-0.8083514328135587,-5.5313825830061365,-3.2136287002552386,-2.7468560867875826,1.9385032098301980,0.0230526607940695,0.0100652714663168,4.8014981889350068,5.5258602598724647,-6.4660103714745096,8.2167584504527831,7.5777554273560828,3.6513736721388863,2.4330469124474998,4.4404249423757083,3.9263813347583669,10.5073776049987657,2.0073776677769644,652.2451527560550630,2.6157026419679816,5.9570084917414077,653.1793556265864709,3.3484173670222690,2.7776683314709976,239.0132535524475088,6.5355046357198452,6.4835611838809193,9.7951471938240431,237.0048970023063930,0.8290739797199115,0.9070568247492513,0.7876202832100880,2.0083562363583187,705.3174427951984171,244.4091346707850221,40.3436271801391158,22.1710666566182120,-2.4026077597533972,-0.6174126167179970,47.2981164948281787,4.1422910714229717,2.7320690316785092,3.7098855415549035,0.3232104342659830,0.3610926886169564,483.7683985287777091,12.4693853016509202,0.8681463192607799,436.4702819821612252,8.3270940564610338,-1.8639225709092235,6.9912633054410511,429.4790186684859350,-2.3776649383337172,-2.5552741503888448,189.2210808104769058,6.8438623875295050,3.0931962391033201,141.9229642055074407,2.7015711578515855,0.3611274973418084,20.2610661682079112,121.6618980416840827,-10.1829057627630224,-8.4211589939333447,2.0172538757324219,0.0559523552656174,-6.1302818059921265,-26.2024488449096680,17.4605541229248047,2.0512822866439819,0.0716907195746899,7.7045039839426241,-1.2154171466827393,6.4170142412185669,-6.7400594949722290,0.0000025757763933,0.6380921788513660,0.4523789435625076,-0.2555681206285954,-0.0234705423936248,30.1815775353461504,-0.0463062933422407,0.0753193679265678,0.2663461882621050,0.2776842697057873,0.7308461517095566,0.1277697607874870,-0.0533324071366224,0.2950265635736287,0.0117730872880202,-0.0176349129178561,-0.0490787741437089,-0.0518865295452997,1.7985621392726898,-0.3390387413091958,4.3159177824854851,7.8219047188758850,-0.0455957488156855,-0.1273455052869394,-2.0151212534401566,,,,,,,,,,,,,,,,,,,,,,,,,,,,,,,,,,,,,,,,,,,,,,,,,,,,,,,,,,,,,,,,,,,,,,,,,,,,,,,,,,,,,,,,,,,,,,,,,,,,57.0000000000000000,,,,,,,,,,,,,,,,,,,,,,,,,,,,,,,,,,,,,-1.4730131899237682,-0.8054236550869400,187.0000000000000000,410.0000000000000000,1394.0000000000000000,-15.9971305595408904,0.4708115802321817,0.3057127738857532,,,,,57.7926742014569967,4.4860233850000002,,0.1898805998053884,,,,,,,,,,,,,
"2014Q3",13.3072953600853996,739.9126644007110372,714.9282286437610310,596.2462844014329448,523.7975279312539669,545.6912984305439522,611.7161989902930372,461.0331931271639974,461.0135069149649212,461.1066746947379897,461.0873796917089749,5.4034905841946399,10.5046455315520006,652.9573576168044156,709.2622233527899880,-0.6618726322521362,47.4487601482638155,0.3287922188325817,0.1956584260334173,474.7876630297003544,187.5454392925884122,-1.5805225249904424,21.2191992663459104,739.5706998406384400,713.5684545345415017,543.2025204539905872,586.1873107011390402,547.0854627187715096,614.4700696574924450,4.8072071100220128,-1.1896614557455507,1.9445146806028748,237.2093603453552078,2.7959723209996108,2.4612232771434734,9.3437122942216462,4.0661718414179129,0.3419635137755216,13.3072961775451315,9.3437122942216462,-0.1025876613830010,4.0661718414179129,1.9816527185026702,1.3597722450825021,-0.2181986238561482,3.0589808428384058,714.9282261250915553,36.5346253165873804,11.3980390237404272,713.5684545345415017,6.1891737447016020,6.1873156547736272,-19.4050010641223629,-13.7655229646364834,3.0589810493195442,523.7975192239429134,28.7540130174594104,-17.6436247052142541,543.2025204539905872,6.5865218930104792,6.3443207471555230,10.0589751024952498,596.2462862213653807,-51.5741931366662385,20.8240229894117093,586.1873107011390402,5.8717893993569081,5.5523861395383403,-1.3941670644784363,-0.9373811488237025,-2.1832501967469113,545.6912969027680447,14.2125517084007598,7.0910123577275952,547.0854627187715096,11.0957714240225762,10.5230347587930524,-2.7538813803877566,611.7161929974540726,9.5544553315384650,13.4052036230445566,614.4700696574924450,13.1237678081927331,13.5323263421022304,0.3419635137755216,-3.0905455006029898,739.9126632714746847,12.8347751003653983,8.6085407937849077,739.5706998406384400,5.1775809832826898,4.8345647183933202,461.0331931271639974,0.4995391205524054,0.4724584703773250,1.0010348223339243,461.0135071106846567,1.9339635416218535,0.8951805172338458,2.3902651315445205,-0.0196860320897187,1.4344241482488798,1.3892342283109760,-0.0921796237512765,0.0724935343754215,-0.5091190947746650,-0.4730156650183415,0.7102163721243908,461.1066743192586159,-8.0259435397493366,-3.0590727285766199,-5.9078558756210029,0.0734811821856264,-8.5254830389036762,-6.9088877662611576,1.2631411608435350,-1.1896614557455507,2.4908195911288682,2.3168188600603288,461.0873809018544875,3.9497126111555936,3.8664799150366616,1.1976765846077915,0.0541877655674659,3.4501734109521527,0.1966422955845559,-1.8903225189663471,1.9445146806028748,0.0240201919208642,0.0160342965490661,4.8072071100220128,5.4034912250930152,-3.9653424548059615,8.0666866788633023,4.5083134607295827,0.7397135751637809,1.0543347785098867,3.0589811769898998,3.7685986684199153,10.5046454644726559,2.0046454230557549,652.9573573256507188,2.8488157867450488,4.9963301358640111,653.8047317380969616,2.4612232771434734,2.7959723209996108,239.3926101687546293,1.5174243280782429,4.9039635294860364,3.2401876771669764,237.2093603453552078,0.8178609776451079,0.8696906552708160,0.7769679150125466,2.1832500179366292,709.2622207600111324,248.2290278315773264,15.2795589806492806,21.4095122630996606,-2.3152202290464761,-0.6618726294582036,47.4487599691106681,0.6025708129215492,2.2978997919913540,0.8781090030437348,0.3287922213341168,0.1956584616512302,474.7876634164086340,-35.9229383871786823,-3.2646968340252549,427.3389034195947147,-36.5255090063720758,-5.5625967110795447,-1.5805217839329926,428.9194252105653504,-2.2383729424382066,-2.4334044100980146,187.5454390981140307,-6.7025720447927206,0.3309306965719436,140.0966790682965950,-7.3051430378995441,-1.9669690561362181,21.2191997462364768,118.8774793064564932,-11.1376802901928862,-9.5633585873773796,3.0602739453315735,0.0539271219167858,4.6195373535156250,-3.5807161331176758,-5.8143291473388672,0.1311316490173340,0.0225173458456993,3.6583961540484786,1.1461646556854248,-6.0805470943450928,4.5346430540084839,-0.0000003063979768,-0.4869366213679314,0.1980056352913380,-0.0903970701619983,-0.0083017719443887,-17.1065035536885262,0.0491538219539507,0.0694486862048507,0.2653565201908350,0.2340534115210176,0.6722740903496742,0.1307550221681595,-0.0020430216100067,0.0420223814435303,0.0032727933139540,0.0302406575647183,-0.0039291889988817,-0.0815048112999648,-3.1073137819766998,-0.3258286761119962,-5.9151043817400932,6.4286211133003235,-0.1293249558657408,-0.0984745065215975,-1.9730704096145928,,,,,,,,,,,,,,,,,,,,,,,,,,,,,,,,,,,,,,,,,,,,,,,,,,,,,,,,,,,,,,,,,,,,,,,,,,,,,,,,,,,,,,,,,,,,,,,,,,,,58.0000000000000000,,,,,,,,,,,,,,,,,,,,,,,,,,,,,,,,,,,,,-2.7798726173350277,-2.6284138731303459,212.0000000000000000,430.0000000000000000,1436.0000000000000000,-15.1810584958217270,0.4752688180248623,0.2911236601821462,,,,,57.7926742014569967,6.5550769017974400,,0.1272382911969229,,,,,,,,,,,,,
"2014Q4",11.3788858635523997,740.1843149622339979,713.4568057333899560,593.1232750022560367,545.8675994605649748,549.7946802510649604,613.4330361319449594,461.5985514146486821,462.1484364388381323,458.9014322915920161,461.5887743021750111,5.2434309848421217,10.6959742301828840,653.9203916368657019,711.3145599430349648,-0.7336964868894347,45.7541692629887464,0.3305862941977343,-0.0450044170476152,470.5518394950298671,179.0986241081525066,-3.6055065119031156,17.4392320760007351,740.9138827939506200,715.1104626383698815,544.8842180240886819,587.7089501854517266,549.9387602944391347,617.6819148078167245,4.7880868675205930,-0.5368002223233904,1.9517736316882230,237.4058203542524268,2.7869379983285532,4.0540427850595755,9.2147769481729149,1.9452406809014500,-0.7295630971237234,11.3788866013404579,9.2147769481729149,0.2188688708589466,1.9452406809014500,0.9081522537964607,-1.6536477900535018,-1.7244554821907441,3.0545645924496272,713.4568141226734497,-5.8856642919274371,2.8805504471720713,715.1104626383698815,6.1680378249318064,6.1791775972618179,0.9833837675909841,-0.0313164283166687,3.0545647131019642,545.8676034424925092,88.2802912199838943,24.2238811497019455,544.8842180240886819,6.7267879171457805,6.4767442835020388,5.4143250403777374,593.1232763956693361,-12.4920352803785111,-1.4732111804064085,587.7089501854517266,6.0865587988634937,5.7440988510315734,-0.1440741138063069,-0.5097815392451279,-0.1203034724850096,549.7946843877726906,16.4135518602277806,14.9050110381546190,549.9387602944391347,11.4132010373532911,10.8693619159228341,-4.2488767593991099,613.4330389568464170,6.8673650785527283,4.8162465764627607,617.6819148078167245,12.8473771281262774,13.2815775400372313,-0.7295630971237234,-1.1455929758124661,740.1843197448306455,1.0866169305078479,5.7153076669905758,740.9138827939506200,5.3727458317502528,5.0322557282007523,461.5985514146486821,2.2614351628074303,1.5063591419982472,1.0063806142763077,462.1484377096238063,4.5397226862235263,2.5172269904731368,2.7920701960503571,0.5498862736577259,2.2782886505608646,1.7856909462792658,0.6109242496384201,-0.0610382216885149,-0.5341262091676540,-0.5023917059548911,-0.5595916232486525,458.9014322618106121,-8.8209657530903325,-3.6722492219008509,-7.9147516680769900,-2.6971191717738145,-11.0824019253869963,-8.9211322064176883,-2.1603180414733441,-0.5368002223233904,2.6114441562454376,2.4585023903509238,461.5887730165412108,2.0055786747826265,2.0025906210479585,1.3538508058790764,-0.0097784190654172,-0.2558565184801309,0.3474694048652568,-1.9615491828172473,1.9517736316882230,0.0290278681912411,0.0221643682885944,4.7880868675205930,5.2434312509243348,-3.6895855346704454,7.7424436162361969,2.7262080534587478,-0.7622762965718198,0.8585901466860395,3.0545650218531617,3.4884829558884056,10.6959741972121396,2.1959741578278109,653.9203913773623071,3.8521345318346132,3.7735121744271405,654.6216499214563100,4.0540427850595755,2.7869379983285532,237.5261230048649850,-7.4659499821655926,1.0817154919182546,-2.5864703861108924,237.4058203542524268,0.7858414771742080,0.8310093134897992,0.7465494075952457,0.1203032708028178,711.3145600979549954,249.7160097971011226,5.9479174024710488,18.3777102560708165,-2.2881315860804805,-0.7336964869563203,45.7541693384849140,-6.7783640527938811,0.1002742599731496,-5.0266386125467450,0.3305862820625551,-0.0450043872259652,470.5518401107808586,-16.9432912464377914,-4.8296775256761482,424.7976707451006746,-10.1649272774535238,-4.9299521513943478,-3.6055058247509142,428.4031765957196285,-2.0649943262557340,-2.2953469595255847,179.0986228941747527,-33.7872646647932626,-8.7465616860975359,133.3444535353531251,-27.0089006420872977,-8.8468362643780800,17.4392309038566893,115.9052225790291715,-11.8890275398845482,-10.5712302468440722,1.4038075804710388,0.0207536880043335,-2.4672574102878571,13.8485116958618164,-1.1240062713623047,1.1169505119323730,-5.8136262074112892,-1.6543054107878525,2.7375082075595856,-2.7506500482559204,-0.9691791534423828,-0.0000001823679001,-0.2247477024793625,0.3917932882905006,-0.1101291794329882,-0.0101139054750092,-5.3853463586419821,-0.0024063192904578,0.0443716421723366,0.2256422769278288,0.2246969519183040,0.6282674297690392,0.1358468700200319,-0.0263012085197261,0.1716802609153092,0.0074096968164667,0.0088735561585054,-0.0294371396448696,-0.1115362234413624,-7.6564729213714600,-0.3285000359173864,-2.6255817413330078,1.9492151737213135,-0.2210969775915146,-0.0504587035975419,-1.8651168018113822,,,,,,,,,,,,,,,,,,,,,,,,,,,,,,,,,,,,,,,,,,,,,,,,,,,,,,,,,,,,,,,,,,,,,,,,,,,,,,,,,,,,,,,,,,,,,,,,,,,,59.0000000000000000,,,,,,,,,,,,,,,,,,,,,,,,,,,,,,,,,,,,,-4.0867320447463280,-4.4514040911737363,206.0000000000000000,430.0000000000000000,1435.0000000000000000,-15.6097560975609753,0.4855391983111304,0.2885054061324042,85.2724269704144433,23.5416736263066220,,,57.7926742014569967,9.3100810878449192,,0.2222636003731191,,,,,,,,,,,,,
"2015Q1",11.6112160572555005,742.8839704245730218,718.0414629042529668,604.3368351619540135,551.3380835974769525,548.2334775903909758,629.4640487168800291,461.8657942426090699,462.0803089443044200,461.2016251866559742,460.9568752979089936,3.9579623096375798,12.1149372091005354,655.6838824973705186,714.3588757517869681,-0.8289568667477987,42.2761261173580323,0.3772209596121341,-0.3707086056941068,462.1770774134865860,161.7145140904212326,-8.0368541161304279,6.6291355017426810,742.2922411817285138,716.6442372864611343,546.5815424734038288,589.2797663462933997,552.8531748206440852,620.8300583361051395,4.7628689344066695,0.1549819529449596,1.9606337718983797,237.5933051813329087,2.7690086248078045,6.1478378395041160,9.0950171318546840,2.6937152778546216,0.5917246320920821,11.6112162044537577,9.0950171318546840,-0.1775165830761395,2.6937152778546216,1.2869775131426322,1.3972215997184390,0.6148208085009841,6.5386816257733695,718.0414585294398648,18.3385896562126973,7.9810376326734911,716.6442372864611343,6.1351070696418795,6.1693330822042149,4.7565299737085072,2.7135515155331325,6.5386813500178516,551.3380722603777713,21.8818430932439725,9.0460399116253924,546.5815424734038288,6.7892800179227075,6.6249170740633607,15.0570618642143863,604.3368289015421624,44.8542170013717936,10.3212587876985289,589.2797663462933997,6.2832649759078310,5.9717529259821278,-4.6197043204940940,-3.6483755494150207,1.7136008236865421,548.2334705481255241,-6.2448442940899778,12.9342806825330001,552.8531748206440852,11.6576597787758480,11.2204856199689971,8.6339726919815174,629.4640376177577537,64.1240021064961212,15.3510221758059178,620.8300583361051395,12.5925749847861557,12.9959459001251858,0.5917246320920821,0.4653903395863167,742.8839657686722830,10.7986042241936158,7.4192502369855386,742.2922411817285138,5.5134451493001890,5.2484941931855005,461.8657942426090699,1.0689663219341010,-0.1212742369262232,0.9395787251595686,462.0803074674128084,-0.2725196605581516,-1.2319585881842814,1.6059121632138984,0.2145132032407974,-1.3414934867565149,0.6663345083228691,0.4171432079032040,-0.2026313238665285,-0.5663717887783539,-0.5301847875718582,0.1306556331325197,461.2016250980000791,9.2007690443155550,6.1193286093372077,-1.6979170746448484,-0.6641691609625757,8.1318022164936465,-2.6374943632507817,-0.8191489921230426,0.1549819529449596,2.7671275868898046,2.5925614444903169,460.9568755116804368,-2.5275869552357886,-1.9511725605680574,-0.5438286200017666,-0.9089187535965529,-3.5965552480183787,-1.4834086253650591,-2.8695415080298581,1.9606337718983797,0.0354348290765129,0.0278853883652349,4.7628689344066695,3.9579609265472602,-5.7025585398443823,7.3072361885489929,5.1899186200390819,2.0791789723618823,2.9237439428751104,6.5386815206748405,3.1107390406919491,12.1149372574789673,3.6149372308600909,655.6838830852128694,7.0539653155961393,4.0926546257299883,655.8010735887124838,6.1478378395041160,2.7690086248078045,235.8797015004103628,-6.5856818473445049,-1.4996731743179508,-2.6714182824716248,237.5933051813329087,0.7499358094378895,0.7956765694040100,0.7124389952422033,-1.7136005317898093,714.3588722315528230,252.4930798088306574,11.1082779424142668,18.1698495162518192,-2.2819703475713196,-0.8289568847454194,42.2761258963052029,-13.9121746041035745,-3.9864187889096696,-10.7336871118114541,0.3772209478619782,-0.3707086083937831,462.1770754929870009,-33.4990578603914102,-18.4739776649190404,419.9009495846038931,-19.5868834016168947,-14.4875592014224281,-8.0368559718565233,427.9378055560843563,-1.8614852271156275,-2.1356291343294806,161.7145110694724792,-69.5364521122447883,-25.7956049847917761,119.4383851427344041,-55.6242775096745419,-21.8091864954672445,6.6291357929783361,112.8092493303676207,-12.3838925231268835,-11.3983753393363028,1.1880089864134789,0.0178818474814761,2.3049541115760803,4.2075920104980469,11.5377526283264160,-3.9402165412902832,2.9257767423987389,0.1951387708597014,-1.6337284147739410,12.2465840578079224,-2.1538566350936890,-0.0000009941118657,-1.0396642796695232,1.6385605148971081,0.1561371749266982,0.0143391276942566,3.5229605752974749,-0.0206248403592326,0.0315203340724111,0.1548815853893757,0.2087818547151983,0.5711675584316254,0.1436161622405052,-0.0343109091190854,0.2188016213476658,0.0093097366043366,0.0033863799471874,-0.0392355644871714,-0.1392821972258389,-8.8855358958244324,-0.2833006309811026,-5.8014421015977859,-6.1015034317970276,-0.3302046414464712,-0.0029904616530985,-1.6837674330454320,,,,,,,,,,,,,,,,,,,,,,,,,,,,,,,,,,,,,,,,,,,,,,,,,,,,,,,,,,,,,,,,,,,,,,,,,,,,,,,,,,,,,,,,,,,,,,,,,,,,60.0000000000000000,,,,,,,,,,,,,,,,,,,,,,,,,,,,,,,,,,,,,-9.3198533935930783,-10.4556277745832293,199.0000000000000000,472.0000000000000000,1464.0000000000000000,-18.6475409836065573,0.4832244284299712,0.3155993055762398,,,0.6872222960142698,5.4707626271204832,159.2217118029292067,4.6708920582179703,,0.1189958285882681,,,,,,,,,,,,,
"2015Q2",11.0489237123537993,745.1908339590639798,720.1203846898489473,608.0695169688980286,547.9779448773530248,551.0886463423820487,632.8878736034720305,462.9083040632883126,462.6980251292644652,465.3474730333520029,459.6278941937890181,3.3960105516927319,12.7194560463095208,657.1967072892022088,720.9866090413139545,-0.3244801788962470,38.5044274086203586,0.4194192066704265,-0.5968549650967474,461.1654935823580104,147.5740823916986812,-4.8675248073936359,-0.5949364733194500,743.8086101213582424,718.1856357005859763,548.3968871909141853,591.0059774422874170,555.9452919200715542,623.8242479294071927,4.7413802706480501,0.8774777186236448,1.9708902266963713,237.7729620188802357,2.7582532170528546,8.5202689813879058,8.9765764072020406,2.4870166229773405,1.3822358077159203,11.0489231983761158,8.9765764072020406,-0.4146710693316176,2.4870166229773405,1.1842875850297867,1.9347635230088411,0.8043482238998226,6.2265170996425176,720.1203988248132646,8.3157427150620240,14.3258362176388587,718.1856357005859763,6.1655992439877298,6.1644769885538544,-0.4189346436134360,-0.8248923163984081,6.2265171329596534,547.9779538218389234,-13.4405104744495514,31.3689401991323003,548.3968871909141853,7.2613830590189625,6.8409950584580450,17.0635367414920296,608.0695152351543129,14.9307229158056991,-1.0703183664298503,591.0059774422874170,6.9048392613441516,6.2866147053044408,-4.8566369847773183,-3.8793909773633812,4.7698566585683579,551.0886556436130377,11.4207303148101200,8.9505005032353377,555.9452919200715542,12.3684757965832297,11.6337790248780486,9.0636311508430811,632.8878787986712950,13.6953361672607024,23.5602975764089777,623.8242479294071927,11.9767601092178086,12.6351201947881187,1.3822358077159203,-0.1754778924773912,745.1908458844724237,9.2275129848101880,8.4868757708959830,743.8086101213582424,6.0654857686922536,5.5323120577861724,462.9083040632883126,4.1700412759603989,1.4218640532355686,2.0000006589995607,462.6980260519626995,2.4708751221882079,0.2400815200166924,2.1680099427968420,-0.2102780171029350,-1.6991639956084716,0.1680142016675625,0.1403242261809967,-0.3506021739772585,-0.5918840837142814,-0.5503752345626994,0.1518152668776727,465.3474731912655784,16.5833916778588666,9.5595797558141307,2.2343126889402121,2.4391691199033310,12.4133508663297221,0.2343168846823560,1.5616896102840820,0.8774777186236448,2.8899874151758183,2.6898447398756260,459.6278946744484983,-5.3159202273376280,-4.0188126459448252,-0.4720540717412064,-3.2804093984281537,-9.4859620162716105,-2.4720535915818420,-5.2512962812362991,1.9708902266963713,0.0410241458942378,0.0323769796854810,4.7413802706480501,3.3960152973287734,-5.4056968095354119,6.9935915756394360,3.1559387502527301,0.3118435046857371,2.0070616011680471,6.2265172297000611,2.8440954724825320,12.7194558175988490,4.2194557854388828,657.1967064372970526,6.0512925382866198,4.9515507883898717,657.5852280072922440,8.5202689813879058,2.7582532170528546,233.0031082056544847,-11.5063748885015666,-6.0101484123787854,-3.0407401568521140,237.7729620188802357,0.7186286452572473,0.7680680258696766,0.6826972402183227,-4.7698566967435543,720.9866135667389244,258.0783105175714809,22.3409188412014288,13.6691747271014421,-2.2669736851149556,-0.3244801674971043,38.5044277974191971,-15.0867934455119368,-8.7936901568449599,-11.6733820462088662,0.4194192118834286,-0.5968549907213200,461.1654938696528916,-4.0463327547059835,-22.6029040756536972,422.6610660381079470,11.0404603654034652,-13.8092147338446303,-4.8675248946280956,427.5285909282538910,-1.6368585898678407,-1.9504274994694335,147.5740841062471418,-56.5617078007124618,-41.6469969049069491,109.0696562622601391,-41.4749144514104984,-32.8533068489789528,-0.5949313092229012,109.6645876139990037,-12.5786533570237715,-11.9973084658832487,0.7806625366210938,0.0062592552276328,0.6423999518156052,-3.6579904556274414,7.2764468193054199,-1.2146053314208984,4.2429054975509644,2.1376446321553253,2.9564399719238281,8.4037252664566040,-1.7030028700828552,0.0000010848321281,-1.0738926902413368,0.9660123623907566,-0.4755900595337152,-0.0436766389757395,11.6564152799546719,-0.0111732854020374,0.0932964347302914,0.5676167486235499,0.6356166549958289,1.0497488304972649,-0.2301372326910496,-0.0331034690607339,0.2015464100986719,0.0091327988193370,0.0061896357510705,-0.0338545363338199,0.4547392856329679,-4.3531065583229065,-0.2784100994467735,0.1153250485658646,-5.4342001676559448,-0.2632172247394919,0.0384780588792637,-1.4331559007987380,,,,,,,,,,,,,,,,,,,,,,,,,,,,,,,,,,,,,,,,,,,,,,,,,,,,,,,,,,,,,,,,,,,,,,,,,,,,,,,,,,,,,,,,,,,,,,,,,,,,61.0000000000000000,,,,,,,,,,,,,,,,,,,,,,,,,,,,,,,,,,,,,-7.9256579718141511,-9.4018624395486903,199.0000000000000000,499.0000000000000000,1500.0000000000000000,-20.0000000000000000,0.4801058944074024,0.3538114622242586,,,,,159.2217118029292067,5.9987339849456998,,0.1275875435021579,,,,,,,,,,,,,
"2015Q3",10.1770224116455008,747.8824305837159727,723.6492380388340280,601.1759792600879564,563.4207339148590563,547.2050176787979581,630.6681232147629999,464.0339916475968494,463.7253923050531057,465.9508522057259938,463.0988337244430113,3.4269372910045259,12.5408858957368796,658.8591105392434883,725.1179001793700536,0.0496280389070014,35.2961677036156019,0.5048899495929510,-0.6931805586091068,458.3375372430525658,129.5474354559573271,-4.1344204470617001,-12.2991376536882484,745.5106418734222871,719.7419045682567003,550.3786419576828166,592.9394310097110292,559.2652612342358225,626.6216640530137738,4.7572493847556334,1.5820421302566974,1.9807297535269304,237.9540728249787662,2.7757372090445243,10.2387525766072400,8.8774142838460826,2.0111457983764431,2.3717937798830864,10.1770226535361541,8.8774142838460826,-0.7115360060342667,2.0111457983764431,0.9559912824384037,3.9073412281429167,2.7833615294588334,4.6892324252527224,723.6492459582394758,14.1154021063195785,8.7210145134864341,719.7419045682567003,6.2250826700402193,6.1734540707554215,13.0420822421393225,8.6773616210092754,4.6892318488626685,563.4207241958428085,61.7710962239138510,39.6231797312843739,550.3786419576828166,7.9270267206787466,7.1761196930404108,8.2365494128223666,601.1759806045232608,-27.5741330164299470,4.9296973112552340,592.9394310097110292,7.7338111456693399,6.7521198290608053,-12.0602433724851288,-8.6680718789286502,7.5241847948616360,547.2050187584873129,-15.5345184616640317,1.5137292911397484,559.2652612342358225,13.2798883450900895,12.1798082681229864,4.0464518574862067,630.6681214408815777,-8.8790214159324261,18.9519177967524435,626.6216640530137738,11.1896647806038594,12.1515943094231318,2.3717937798830864,2.2655112743344450,747.8824356574574495,10.7663680917346589,7.9697619009533689,745.5106418734222871,6.8081251723123106,5.9399453338321191,464.0339916475968494,4.5027488414654622,2.9119451828187159,3.0007976293964398,463.7253926349762878,4.1094680913697781,2.6836896053431847,2.7118824922151918,-0.3085990172252985,-0.3932851070442874,-0.2889137398578822,0.1862814051392809,-0.4948816251985055,-0.5771157665870030,-0.5673746129335636,0.3925919631235492,465.9508519463764173,2.4135163758865747,0.2641307378149471,4.8441776708046254,1.9168602941615018,-2.0892332758046033,1.8433810652935469,0.3348215931561338,1.5820421302566974,2.8182493486840920,2.7717017550451968,463.0988343247528292,13.8837644151011474,11.7046285716134513,2.0114565806135829,-0.9351573275738552,9.3810160057832697,-0.9893410638030127,-2.9158831698985836,1.9807297535269304,0.0393535546908347,0.0362135368891886,4.7572493847556334,3.4269381466276538,-3.2409400012729428,6.9509134557313619,0.7432469940383304,-2.0275335970613142,0.6483454092319378,4.6892324646119157,2.7707798819518814,12.5408858703410466,4.0408858634796907,658.8591103803667011,6.6496130628078296,5.9017527982945612,659.1613951288205726,10.2387525766072400,2.7757372090445243,230.4298852985592703,-10.2928897769541408,-8.9627225432864321,-3.3044631603893584,237.9540728249787662,0.7244455540324138,0.7447132406016896,0.6882232559604213,-7.5241845954445967,725.1179015799858689,261.0839104664786987,12.0224092880816915,12.8548780924828492,-2.2158634117990377,0.0496280342399900,35.2961675577985048,-12.8330406795674623,-12.1525933904772234,-9.8703801951443619,0.5048899498407706,-0.6931805737770425,458.3375367060280610,-11.3118278562025143,-16.4501264559100449,423.0413691037626904,1.5212132301392076,-4.2975332281514724,-4.1344205316884839,427.1757896258898199,-1.4112051685968729,-1.7436355769055931,129.5474366076510648,-72.1065725657785777,-57.9980002526592529,94.2512690368077131,-59.2735312460731834,-45.8454070350850316,-12.2991395580792489,106.5504085928639029,-12.4567239079989935,-12.3270672860214816,1.1874900609254837,0.0109829896246083,1.9291339218616486,12.7849788665771484,-2.8547472953796387,-8.1758232116699219,-1.5470868647098541,-1.4736391123159853,1.9332424402236938,-4.8042048215866089,11.5047497153282166,-0.0000005745053326,-1.5292364656925201,0.2433754950761795,-0.5814957283437252,-0.0534026680979878,-6.9822991974651814,0.0264399578736629,0.1238126680254936,0.7847615759819746,0.8492291376460344,1.2858861908316612,-0.4322081953287125,0.0021054714161437,0.0192343206144869,0.0024318245705217,0.0417483256896958,-0.0066906846477650,0.3546394039876759,-1.1596573144197464,-0.2266979599371552,-1.1165548413991928,-11.8648363351821899,-0.1560111064463854,0.0619675049674697,-1.1359427700517699,,,,,,,,,,,,,,,,,,,,,,,,,,,,,,,,,,,,,,,,,,,,,,,,,,,,,,,,,,,,,,,,,,,,,,,,,,,,,,,,,,,,,,,,,,,,,,,,,,,,62.0000000000000000,,,,,,,,,,,,,,,,,,,,,,,,,,,,,,,,,,,,,-6.5314625500352399,-8.3480971045141210,210.0000000000000000,497.0000000000000000,1567.0000000000000000,-18.3152520740268017,0.4728168679693585,0.3869125397096809,,,,,159.2217118029292067,-0.0173211235674801,,0.1305566403468569,,,,,,,,,,,,,
"2015Q4",9.0808478295451494,750.1295850179819809,728.1773974322760523,606.1202873023070197,560.6945373970199853,551.3914275395419509,637.8692527418199916,465.5377456324530385,464.3542740251007217,471.6858117717159757,464.7579376613139743,3.4803922194692096,12.3025696316899822,660.8978758758751155,729.6890552608230109,0.2962680793349048,33.1478286164533813,0.6308724748721495,-0.7713078327075686,454.3113615898132593,115.3311385002178753,-5.7130837879342380,-21.3621782827920299,747.3607596922638550,721.3040840872416766,552.4848130714040053,595.0536196108917011,562.7721868656367405,629.2485316094966947,4.7848280057474879,2.2534707610829301,1.9890745638715597,238.1398949226864090,2.7941070713684075,10.6872825980929580,8.7977856997012100,1.1137091335410316,2.7688259513623326,9.0808476385204635,8.7977856997012100,-0.8306469968839153,1.1137091335410316,0.5170400595440211,6.8733127927651028,5.2008012866536788,3.8310063585965848,728.1773970405128011,18.1126260109733792,14.7205887332750720,721.3040840872416766,6.2487229393817598,6.1936252488721122,8.2097287031326687,6.0055973366409088,3.8310064967079844,560.6945414496539115,-10.9047242158976996,14.8269361198961640,552.4848130714040053,8.4247088303479476,7.6006006081884303,11.0666704541185528,606.1202900114025169,19.7772266210017129,12.9970106823879572,595.0536196108917011,8.4567502690295946,7.3446684461404921,-11.3807625789100673,-8.1295847855605388,8.4484644714538248,551.3914250186965091,16.7456118573506103,1.5967422188308968,562.7721868656367405,14.0276974883015928,12.8334312190767470,8.6207165511987149,637.8692521507090305,28.8045170580325269,24.4362149897980885,629.2485316094966947,10.5074784087956878,11.5666183407365413,2.7688259513623326,3.3324502750801486,750.1295855231618361,8.9886268188465710,9.9452621120532463,747.3607596922638550,7.4004899842833520,6.4468835114028700,465.5377456324530385,6.0150149178585579,4.4990906760563831,3.9391926005715137,464.3542742022999619,2.5155260472176955,2.7108928343796772,2.2058357726616435,-1.1834714297782489,-3.4994899862814934,-1.7333578002830534,-0.5511831866714278,-0.6322887620283871,-0.5496269459889098,-0.5712498924191157,0.5253647939221697,471.6858116132106602,22.9398350993538038,12.6168113656185596,12.7843782211985086,6.1480659812277940,16.9248200240093887,8.8451851870135929,3.8945954068182864,2.2534707610829301,2.6857111792670212,2.7902689369208953,464.7579377496183497,6.6364234153493591,6.0545912823589756,3.1691668981603400,-0.7798078821445867,0.6214060407683242,-0.7700281394646686,-2.7688770943452585,1.9890745638715597,0.0333683573986680,0.0372982896399353,4.7848280057474879,3.4803935294819772,-1.7891838474005075,6.9641269153932512,0.7695008829999090,-1.9594251388322346,0.0284370113910460,3.8310069898500845,2.7289258800267353,12.3025695555077057,3.8025695500600629,660.8978756062016373,8.1550598089351674,6.9774837041618358,660.9079576060707950,10.6872825980929580,2.7941070713684075,229.6914302419737908,-2.9538194858247122,-7.8346943904895125,-0.3534817723134913,238.1398949226864090,0.7432911555646688,0.7340740198000815,0.7061266223152560,-8.4484645993123628,729.6890557366981511,264.1513105833254258,12.2696030836394669,14.4353014426198669,-2.1902007397903711,0.2962680814632759,33.1478288064580582,-8.5933562835585597,-12.6063411132641772,-6.4786324997818436,0.6308724697402945,-0.7713078231399865,454.3113617312631618,-16.1046998831255266,-16.2404781479341302,421.1635328765352710,-7.5113435009689198,-3.6341370323410569,-5.7130837158130285,426.8766165919578270,-1.1966924779614820,-1.5265600601365454,115.3311388052650130,-56.8651958184659634,-63.7674874982114517,82.1833099812482288,-48.2718395290866766,-51.1611464673573693,-21.3621779769145732,103.5454879292401955,-12.0196761116661346,-12.3597374626265157,0.0070422664284706,0.0125010130650480,3.6274736523628235,-0.8702869415283203,5.7129125595092773,-2.8448910713195801,2.8542573451995850,-0.7497102694134838,-0.8051038384437561,17.7917333841323853,-2.6277736425399780,0.0000003243003426,-1.9600498229265213,0.1657722778618336,-0.3146421909332275,-0.0288957116426900,1.0228302404284477,0.0061034026366542,0.0909436978399754,0.6500844554975629,0.7514874176122248,1.1678513661026955,-0.3666538521647453,0.0154018912144238,-0.0487395799718797,-0.0020498404628597,0.0550678855797742,-0.0040564352239016,0.2496177358552814,1.2770237103104591,-0.1690920344553888,-3.1497426256537437,-12.3838066458702087,-0.1474453201517463,0.0733919554913882,-0.8086191855836660,,,,,,,,,,,,,,,,,,,,,,,,,,,,,,,,,,,,,,,,,,,,,,,,,,,,,,,,,,,,,,,,,,,,,,,,,,,,,,,,,,,,,,,,,,,,,,,,,,,,63.0000000000000000,,,,,,,,,,,,,,,,,,,,,,,,,,,,,,,,,,,,,-5.1372671282562576,-7.2943317694795882,206.0000000000000000,499.0000000000000000,1616.0000000000000000,-18.1311881188118811,0.4784771207588847,0.3956866331423948,95.0064326907951511,26.3762867821472788,,,159.2217118029292067,7.3787045901629300,,0.1412170835120273,,,,,,,,,,,,,
"2016Q1",9.9797259778845095,752.6832025144799445,729.3316691666940415,607.5794830751540303,556.5347422618159499,556.5221156109199683,636.2248117986770239,466.2382891884278706,465.0267533486916705,472.7217631975839822,464.9976400908950041,4.8508478742609089,10.9548845915185709,663.5538117081355267,731.7323984607429566,0.1764821561310748,32.6550593523614694,0.8717888539722805,-0.8789521475996775,454.6945181026509317,103.9148153741912068,-4.5862428753817994,-29.4611906014535236,749.3531289049872157,722.8688213809352874,554.7112054500877321,597.3503122715746940,566.4544235727391879,631.7051426873607625,4.8315487049006798,2.8628711901812349,1.9949972323276828,238.3348260825625573,2.8264026861575346,9.7504263895392995,8.7385131485488738,2.2402349785091267,3.3300734270653658,9.9797266243482632,8.7385131485488738,-0.9990216135896292,2.2402349785091267,1.0904809616700610,6.4628515519312852,4.8257161200267866,2.1921109044996863,729.3316722152582088,4.6170981157841471,11.2902140735068368,722.8688213809352874,6.2589501358389903,6.2245893410090520,1.8235199859615630,1.7496254711820747,2.1921109235237743,556.5347272115601527,-16.6392568466028727,5.1966418032655906,554.7112054500877321,8.9055858846219458,8.1296748184675636,10.2291695893444903,607.5794818838900255,5.8367719847955115,3.2426472755615086,597.3503122715746940,9.1867699473194815,8.0705445544007386,-9.9323058397001383,-7.0368950263578256,7.1527094702721268,556.5221173315011356,20.5227625067127946,8.2886494249736842,566.4544235727391879,14.7289536219925328,13.6012554568209261,4.5196558821245825,636.2248039673972926,-6.5777920537205956,6.7607603652041384,631.7051426873607625,9.8264468922347810,10.8750861289363172,3.3300734270653658,2.3758437528072465,752.6832023295789895,10.2144649036741200,9.7992279014404247,749.3531289049872157,7.9694744707040073,7.0608893652501497,466.2382891884278706,2.8021783529530779,3.0159996903861890,4.3724961727831850,465.0267536274952818,2.6899226201996034,3.4166624672533885,2.9464458807712424,-1.2115355469463347,-0.1122553016886532,-1.4260484758839693,-0.4546774896380981,-0.7568573339148730,-0.4982749872029518,-0.5542257571860895,1.2335124661995784,472.7217623110020668,4.1438034074816059,1.5045148924481153,11.5201363921759246,6.4834731329211328,1.3416248400243784,7.1476410913151227,3.6205993274058321,2.8628711901812349,2.4376069091946833,2.7078882860349580,464.9976399193589032,0.9588115244028417,1.9504557730601433,4.0407664454868559,-1.2406492600419055,-1.8433676883898911,-0.3317308125670049,-3.2356492919329569,1.9949972323276828,0.0236870248816948,0.0343614679640628,4.8315487049006798,4.8508482980738767,-1.6386208731278780,7.0214634922751031,1.4341870474990102,-1.2540028557241276,-0.2627728467333865,2.1921112370842115,2.6881897837208930,10.9548845945159670,2.4548845315951575,663.5538122270310168,10.6237446869381458,7.8699288090380461,663.0519304618961769,9.7504263895392995,2.8264026861575346,231.1821182123312042,5.9627442304817331,-4.6975845019621323,2.7979791811223729,238.3348260825625573,0.7797255603604718,0.7415212334253338,0.7407392756110641,-7.1527095178010933,731.7323977268232511,265.4941088580251858,5.3711907172522286,13.0010291983446091,-2.1630167487631740,0.1764821491990754,32.6550595906131420,-1.9710776280266742,-9.6210669757509226,-1.1808095761009181,0.8717888457188961,-0.8789522017774425,454.6945172974747607,1.5326226412426713,-7.4825597793061958,422.0394576744085384,3.5037004918596182,2.1385070629196994,-4.5862436884044691,426.6257013726549872,-1.0036600197029606,-1.3121043339317928,103.9148158575348333,-45.6652929972478105,-57.7996977913589589,71.2597562023886866,-43.6942151037976529,-48.1786307343560054,-29.4611897447935398,100.7209459556931392,-11.2981676482118143,-12.0883050732729060,1.2173173502087593,0.0127723367768340,0.6701444685459137,-4.6197619438171387,3.0358352661132813,-1.9077835083007813,0.8477611169219017,0.5784639306998969,-0.7456889748573303,-6.9113006591796875,-2.7367845177650452,0.0000007651963971,-0.8229403756558895,-0.9674280583858490,0.5041877683252096,0.0463029592065141,-6.6051739044487476,0.0101909946388332,0.0787121588364244,0.6581611023284495,0.7657969726715237,1.1586906388401985,-0.3996082451194525,0.0373018373647938,-0.1775593715719879,-0.0063445097766817,0.0735989715321921,0.0117063136422075,-0.1020098584704101,4.5075551420450211,-0.0289616768714041,-1.0441315621137619,-13.8667998909950256,-0.1847751652821898,0.0733636104851030,-0.4804591838037595,,,,,,,,,,,,,,,,,,,,,,,,,,,,,,,,,,,,,,,,,,,,,,,,,,,,,,,,,,,,,,,,,,,,,,,,,,,,,,,,,,,,,,,,,,,,,,,,,,,,64.0000000000000000,,,,,,,,,,,,,,,,,,,,,,,,,,,,,,,,,,,,,-3.4918123597333586,-8.1764772984410854,241.0000000000000000,545.0000000000000000,1660.0000000000000000,-18.3132530120481931,0.4889599548773517,0.3788010613253012,,,1.0088971237728659,5.9009815115034678,268.8374395485972173,14.1967538799999993,,0.0524460948406439,,,,,,,,,,,,,
"2016Q2",7.2284846690840796,753.3048527580519931,730.3393718968719668,599.7506015033440008,584.6836777581989963,553.6563244690399870,642.0511641953360140,467.7070220917235588,466.6448855475558730,473.9100790826610137,465.4084521211070182,5.6500215891963839,10.1927020702555033,665.7175927894352299,731.1690182324880425,0.0941860307742792,33.1161207274053382,0.9197572354042052,-1.0154879655071971,462.1990105873238690,96.4455060836333189,2.6687856375023671,-34.8051509438612996,751.4287817319693659,724.4254318525217968,556.9993266519222743,599.7782963749217515,570.2375440806222286,634.0379078341223931,4.8533004670796398,3.4421215067197379,1.9997595620223141,238.5326409449493781,2.8445751242639674,7.7851065640799408,8.7030802033995123,-0.9117747167356207,1.8760718670411602,7.2284851346055543,8.7030802033995123,-0.5628204018226175,-0.9117747167356207,-0.4736042320232978,5.9139388609385186,5.6552094017189969,-1.3341684348875642,730.3393707809789248,4.0307926236870237,10.2189731249050926,724.4254318525217968,6.2264473477677962,6.2398020643607728,27.6843312645004858,19.8099296692207041,-1.3341686095262741,584.6836584874115488,112.5956585026039960,36.7057033103795760,556.9993266519222743,9.1524562774210079,8.6024420299006010,-0.0276987379819487,599.7505983812267232,-31.3155390953885941,-8.3189209809428739,599.7782963749217515,9.7119323032216638,8.7723158522821034,-16.5812205943393138,-11.4148804596284386,6.3438115209233885,553.6563244940298318,-11.4631642566129734,2.5676745903893927,570.2375440806222286,15.1324924657450985,14.2922581218829663,8.0132532842539277,642.0511644199045804,23.3054261745904441,9.1632892086230626,634.0379078341223931,9.3310599639115530,10.2136620723418421,1.8760718670411602,5.9252283080130219,753.3048535684839635,2.4866147886661247,8.1140006726248384,751.4287817319693659,8.3026240490963765,7.6201747735075029,467.7070220917235588,5.8749286499266464,7.1540190261432244,4.7987172422421338,466.6448844082416940,6.4725230597888963,8.3345690077066070,3.9468560390363505,-1.0621376967278149,0.5975905016559556,-0.8518603234146020,-0.1869544345555499,-0.8751848495687578,-0.4733092310947449,-0.5245812288297345,0.2320916761824225,473.9100782818206312,4.7532613501953573,3.1417635023003476,8.5626046504793187,6.2030561788856335,-1.1216675108254086,3.7638868476401326,2.7609374051669149,3.4421215067197379,2.3170010258439899,2.5646407220312573,465.4084529499100995,1.6432613039782586,2.9847208042488007,5.7805646086138900,-2.2985691522825924,-4.2316710075892718,0.9818457768169218,-4.2983170778216291,1.9997595620223141,0.0190401769812727,0.0288601425026731,4.8533004670796398,5.6500180616650333,2.7946154702805548,6.9607814533987344,-2.6845517234513951,-5.2653428078397706,-3.0268708931968087,-1.3341683465259229,2.5807902545898087,10.1927020841527263,1.6927020238134018,665.7175940968126042,8.6551266537158256,8.5208850332907922,665.5297544236649401,7.7851065640799408,2.8445751242639674,232.1888308063168722,4.0268528452574781,-0.8142779354140248,-1.1273545833783931,238.5326409449493781,0.7912664616625228,0.7596811898382637,0.7517031298798642,-6.3438116554715558,731.1690150938553643,263.4619926371747738,-8.1284700639849259,5.3836853776208358,-2.1594360487046043,0.0941860364854528,33.1161211095046824,1.8442438386946280,-5.3883081385190597,1.8714473944289356,0.9197572338771837,-1.0154880047978123,462.1990102350555958,30.0179671839903008,1.0335160861919652,429.0828890688841852,28.1737237503533784,6.4218238985116081,2.6687850690869643,426.4141040209140101,-0.8463891789599612,-1.1144866366505422,96.4455061161641680,-29.8772380896601355,-51.1285760699144589,63.3293849433225162,-31.7214813791457715,-45.7402682688715529,-34.8051515910589799,98.1345365499822293,-10.3456379031586660,-11.5300521355959642,-0.9090050905942917,0.0144470582017675,1.2536445856094360,25.9448833465576172,-6.6766576766967773,-9.5379323959350586,0.6897243186831474,-4.8459940564355177,0.8451780676841736,0.6214652061462402,0.1834688782691956,-0.0000006109941391,-1.4234683550894260,-0.5166940130293369,0.4383823294192553,0.0402596016647294,-13.0854986254125834,-0.0106939170254918,0.0364938424900174,0.4481991045176983,0.5682396263582632,0.8960349932312965,-0.2480157352983952,0.0170049079606542,-0.0748714432120323,-0.0022781459847465,0.0505272013542708,0.0008126942411764,-0.0717071965336800,3.0250536203384399,-0.1737263910472393,5.5122557133436203,-13.2984825968742371,-0.2244310481473804,0.0569049531768542,-0.1772881254582899,,,,,,,,,,,,,,,,,,,,,,,,,,,,,,,,,,,,,,,,,,,,,,,,,,,,,,,,,,,,,,,,,,,,,,,,,,,,,,,,,,,,,,,,,,,,,,,,,,,,65.0000000000000000,,,,,,,,,,,,,,,,,,,,,,,,,,,,,,,,,,,,,-2.3484467799738078,-5.8884474949616488,232.0000000000000000,575.0000000000000000,1709.0000000000000000,-20.0702165008777058,0.4973301146117182,0.3865453942683061,,,,,268.8374395485972173,26.1592220528950001,,0.1723804726415903,,,,,,,,,,,,,
"2016Q3",7.6039162524860400,751.2134705598029996,727.1288259072080109,602.1510260190440249,572.2822837309089437,569.5039469647659871,644.6789206059210073,470.2709260154890671,468.4628115195749274,480.6142866640170155,466.8626265011949954,5.9873022431300891,10.1622049770095622,668.9055858705831952,732.7673981128050400,0.0519535095159895,33.6113733286052039,1.1414604815253988,-1.1545806150183853,463.0558836028771452,94.2496884054885555,3.2144924817540073,-35.1872843998444651,753.5125688404706352,725.9613482092000822,559.2660929905515559,602.2733318888830354,574.0359989895108583,636.3064905835753962,4.8432926440884057,4.0282598695599532,2.0047456899765268,238.7262715983037538,2.8416271253950760,6.5460784717430966,8.6945342268044588,-1.7803489520399651,-2.2991030245328177,7.6039165418727768,8.6945342268044588,0.6897312616942635,-1.7803489520399651,-0.8944475461838092,1.1674737146760370,1.4517353311012782,-0.6446517257331943,727.1288214031210373,-12.8422097214171131,3.4795799749963487,725.9613482092000822,6.1436785477455169,6.2194491843554953,13.0161759932422978,9.1555868347924854,-0.6446517390139710,572.2822702860703430,-49.6056144839338913,8.8615303061231057,559.2660929905515559,9.0670506174143828,8.8874521218613722,-0.1223059898247186,602.1510259270046390,9.6017003276328854,0.9750432748129125,602.2733318888830354,9.9801480962961442,9.3338995488860270,-4.5320510079443714,-3.4087309572771609,4.6721242828842744,569.5039495597891346,63.3904694428303870,22.2989231500842280,574.0359989895108583,15.1938057052455520,14.7707383112810646,8.3724222756581064,644.6789160815923196,10.5109869801361810,14.0107985408465154,636.3064905835753962,9.0743341067369805,9.6848290371784316,-2.2991030245328177,2.2922239854523849,751.2134657804058406,-8.3655553844215085,3.3310324708617429,753.5125688404706352,8.3351655992462064,8.0019366075280143,470.2709260154890671,10.2556135365383660,8.8480741331311545,6.2369366878492931,468.4628108731609473,7.2717031804461048,7.4109143892681013,4.7374178290868905,-1.8081151618574260,-2.9839102985203629,-1.4995165183665482,-0.8131788398217826,-0.9949364155318750,-0.4790060452226684,-0.5000545037340676,-2.7737094824761659,480.6142865476763859,26.8168309347303051,16.9075172496599393,14.6634338440526388,10.3433605166965421,16.5612170611090121,8.4264997012909646,6.3150993796787311,4.0282598695599532,2.3445539312125536,2.4462184511178915,466.8626272182737580,5.8167015534645010,6.5165865727419492,3.7637971191510959,-3.4082988119807633,-4.4389140757503167,-2.4731387942659837,-5.4130414983628752,2.0047456899765268,0.0199401425904823,0.0240119178524233,4.8432926440884057,5.9873013867790572,2.4159945668282350,6.7871215651643233,-1.4236120710170990,-3.8464470188631430,-2.3068566463345146,-0.6446511784987392,2.4228350044466893,10.1622049325118038,1.6622049565200165,668.9055859483461290,12.7519718725094116,10.0464745465146521,667.8866882786019232,6.5460784717430966,2.8416271253950760,234.0541485410157918,7.4612809850366419,3.6242622678664969,-0.0684188763767932,238.7262715983037538,0.7745141832681584,0.7721994461847744,0.7357884691790755,-4.6721244324654387,732.7673959223245674,262.4964695642484571,-3.8621012863950006,1.4125608824330445,-2.2010199733818490,0.0519535146985249,33.6113734841008380,1.9810112176717942,-1.6847943725740944,1.9808615636012012,1.1414604817653551,-1.1545806053252143,463.0558841187025791,3.4274953307982434,4.7183477020443627,429.4445106147049955,1.4464839768612121,6.4031420425492094,3.2144928677967242,426.2300177616326664,-0.7363462233391618,-0.9457721294764881,94.2496890000241336,-8.7832681777799770,-35.2977467705748253,60.6383154978813579,-10.7642788620915155,-33.6129526393094196,-35.1872851173099335,95.8256006040889048,-9.2357437425601425,-10.7248067179087734,-1.7681183665990829,0.0159946794155985,-1.6041029691696167,-4.0850458145141602,-0.1043038368225098,6.6869773864746094,4.8329018056392670,-3.5908191919677082,0.5573461353778839,16.7833102345466614,2.0252499282360077,-0.0000001378506990,-0.2604915499687195,0.1387731544673443,1.5357121699489653,0.1410347916244064,3.7971637127920985,-0.0555004565285344,-0.0153974480926991,0.1282665133476257,0.3165446156635880,0.5739863440394402,-0.0341234859079123,-0.0125794227933511,0.0612267837859690,0.0028039816825185,0.0228110693569761,-0.0184905400819844,-0.0365813528187573,0.1095633208751678,0.0096021473873407,1.5598461776971817,-9.7795244157314301,-0.2406414188444614,0.0254040212021209,0.0753310470900033,,,,,,,,,,,,,,,,,,,,,,,,,,,,,,,,,,,,,,,,,,,,,,,,,,,,,,,,,,,,,,,,,,,,,,,,,,,,,,,,,,,,,,,,,,,,,,,,,,,,66.0000000000000000,,,,,,,,,,,,,,,,,,,,,,,,,,,,,,,,,,,,,-1.2050812002142994,-3.6004176914821926,303.0000000000000000,633.0000000000000000,1695.0000000000000000,-19.4690265486725664,0.5207449814482842,0.5568193258244225,,,,,268.8374395485972173,29.4285592491340999,,0.0674976698181076,,,,,,,,,,,,,
"2016Q4",7.2719242571889904,751.9932974142350304,718.4547618031209595,598.2177406393909678,598.9160293863790230,565.0599775560409626,636.7344701956729978,472.3394292743573146,469.8758826204841625,486.8529494300669853,466.7140787164540257,6.4027849899002174,9.5962886409938974,670.4297531964095924,735.5603871241139586,0.0522995323384179,33.6157483896304612,1.2700670611500062,-1.0707429852851016,461.8961148692212646,98.0076828685547241,2.2170629116016016,-29.4197907346879219,755.5177517282941153,727.4631398811935696,561.4277832634295464,604.7558527261822974,577.7348447161313061,638.5818223274884531,4.7873601618331127,4.6723765881436909,2.0119189286317591,238.9056383321600094,2.8268410445459606,7.1848862404474776,8.7121171495332632,-2.4975290570062074,-3.5244543374200208,7.2719245892864892,8.7121171495332632,1.0573362008296994,-2.4975290570062074,-1.2399731549259414,-9.0083817311227676,-6.0614879209475250,0.5153117004751445,718.4547580662235760,-34.6962582108612736,-9.7226355728662472,727.4631398811935696,6.0071677092323554,6.1590606018854048,37.4882436658367766,24.2028082988242801,0.5153116352819069,598.9160272331839678,106.5349903433865819,38.2214901818320172,561.4277832634295464,8.6467678083046486,8.9429658589494725,-6.5381118580820612,598.2177410770099186,-15.7331416120319822,-7.9025454221204274,604.7558527261822974,9.9300852476217951,9.7022345888809625,-12.6748630933940767,-8.6595173374690191,4.7360227985873564,565.0599815374357604,-17.7758836716165121,13.6685529268617696,577.7348447161313061,14.7953856419661562,14.9626590888548670,-1.8473538457054870,636.7344690514964896,-31.7777930721998629,-1.1347790210848396,638.5818223274884531,9.1013340102235922,9.3332927900342249,-3.5244543374200208,-0.1615860257242860,751.9932973433966481,3.1193207608431237,1.8637107004781219,755.5177517282941153,8.0207334508527826,8.1569974849027815,472.3394292743573146,8.2740126437401660,6.0513217807023434,6.8016849660257339,469.8758844244238162,5.6522928149464979,4.8421122107923171,5.5216122578178233,-2.4635448560363780,-2.6217193757733335,-1.2800732961557260,-1.3368643719324917,-1.1266805485948461,-0.5269754738257051,-0.4943917745022250,-3.7667685830912179,486.8529493189471395,24.9546514546183005,14.0690091644519413,15.1671380440642984,14.5135200405349423,16.6806383627589518,8.3654529612932400,9.8411426082987052,4.6723765881436909,2.5764649846122119,2.4189069408771160,466.7140768313156514,-0.5941951408061215,1.2049379325977299,1.9561416003488401,-5.6253524471954828,-8.8682091138273105,-4.8455447945153232,-7.6372684465540122,2.0119189286317591,0.0286855922466682,0.0228407926326089,4.7873601618331127,6.4027880010452920,-0.5369831887135372,6.6980773984123037,1.5606774785939286,-0.8770156183316877,-0.5809769632076680,0.5153119025782509,2.4376926819775337,9.5962886019658367,1.0962886081111085,670.4297525850092825,6.0966664087813118,9.5318757757495245,670.7214685058735313,7.1848862404474776,2.8268410445459606,234.1696163249706331,0.4618722884388617,4.4781843780280148,1.8082086712474505,238.9056383321600094,0.7174680543342511,0.7657451820796962,0.6815946371144292,-4.7360228928922510,735.5603870102559085,263.2209581877289679,2.8979463508487888,-0.9303524094834805,-2.2319550135966022,0.0522995226648145,33.6157481562835443,0.0174987820531972,0.4679186127079479,0.4100515055212988,1.2700670610345395,-1.0707429934310977,461.8961149108490076,-4.6390754260900176,7.5847526193596755,428.2803667677998760,-4.6565739207824626,7.1168341385209573,2.2170631218020738,426.0633036064067483,-0.6668565983626649,-0.8133128365404614,98.0076829034553754,15.0319735388676996,-17.3234579571885980,64.3919347031876868,15.0144751974319899,-17.7913764590334083,-29.4197913275743268,93.8117260278115737,-8.0554954343841629,-9.7337629235811445,-1.8437180817127228,0.0152594677638263,-8.0383873581886292,30.5085830688476563,-6.4586126804351807,-9.2815799713134766,-7.3416349925100803,-5.8304825861960889,0.3210090696811676,6.1681849360466003,-4.1046355068683624,-0.0000000848730010,1.0754594057798386,-0.3996958695352077,0.0063495815265924,0.0005831247399328,4.0403311522677541,-0.0490099598573579,-0.0732777863740921,-0.2108809333294630,0.0009485161281191,0.1173190772533417,0.2367657376453280,-0.0595048378017964,0.2683401543181390,0.0107394609076437,-0.0183204315253533,-0.0306233697483549,0.0034632182214409,-1.9633626192808151,-0.0391538689145818,0.2240777388215065,-3.7330735325813293,-0.0316204447299242,-0.0041450507123955,0.2566762511851266,,,,,,,,,,,,,,,,,,,,,,,,,,,,,,,,,,,,,,,,,,,,,,,,,,,,,,,,,,,,,,,,,,,,,,,,,,,,,,,,,,,,,,,,,,,,,,,,,,,,67.0000000000000000,,,,,,,,,,,,,,,,,,,,,,,,,,,,,,,,,,,,,-0.0617156204547630,-1.3123878880027056,281.0000000000000000,578.0000000000000000,1777.0000000000000000,-16.7135621834552630,0.5134331408787381,0.5449126422733084,122.0488835861195582,27.4365276481148008,,,268.8374395485972173,10.0921270101631002,,0.0829474531054694,,,,,,,,,,,,,
"2017Q1",6.8378537166829503,752.9256051172640127,716.9837759143639460,597.3908977757149614,597.8878033463739712,590.8685554990430546,639.1644912454009955,473.6607374318320467,470.8621511190757474,489.3172979603180011,469.2084372412850257,6.2174613844038173,9.5170956879739244,671.4040499611238602,739.0618742781880428,0.1146661985459652,33.4121128328791741,1.3631665230946550,-0.9000000000060424,466.0272934305366448,110.0094393700248077,6.7093487590138920,-15.4911839812601499,757.2637524205116506,728.9029851325930167,563.2941808073925358,607.0521797236518751,581.1258853353102722,641.0139862730251252,4.7327111001633408,5.3737838852322053,2.0214668950581216,239.0715540070925442,2.8109119766555253,7.5651851221762678,8.7690151176669051,-3.2326061352878690,-4.3381475418653279,6.8378536818910369,8.7690151176669051,1.3014445869179443,-3.2326061352878690,-1.5878538749544850,-11.9192045833800790,-7.8096244264877530,1.0144900698887249,716.9837808278706461,-5.8839047985298585,-12.3478892551654589,728.9029851325930167,5.7593872182918426,6.0341683629902834,34.5936170044016436,22.4832765265705206,1.0144900842152027,597.8877969154508492,-4.1129429000714950,41.3530525047345634,563.2941808073925358,7.4655875592769494,8.5829653688380354,-9.6612830827796650,597.3908969256319779,-3.3073776491392941,-10.1885822122340475,607.0521797236518751,9.1853084817664818,9.7018685290429367,9.7426702209187557,5.9146770736931646,5.1175447761129274,590.8685558779377516,103.2343101059884845,34.3464393583727627,581.1258853353102722,13.5641549228214338,14.6714599491578532,-1.8495000654146549,639.1644871998951203,9.7200644485427290,2.9396823569209070,641.0139862730251252,9.7286548690495032,9.3088439095931701,-4.3381475418653279,0.6051770250857649,752.9256048736790490,3.7292391135838017,0.2424032262727760,757.2637524205116506,6.9840126651180441,7.9106314889880132,473.6607374318320467,5.2852377334082075,4.1463125842697988,7.4224471620155601,470.8621524456761449,3.9450800936864043,3.7627779669548937,5.8353998934088578,-2.7985849883995639,-1.3401584341399486,-1.5870491447719455,-1.5282913545574455,-1.2702937553015012,-0.5744542596138463,-0.5134361805426471,-4.4940274296691909,489.3172983034831418,9.8573959672190945,3.7634955251679871,16.5955351148622405,15.6565608710078994,4.5721577362932670,9.1730861076035222,10.2827767241114607,5.3737838852322053,2.8056322522780381,2.5109127436490550,469.2084363343677751,9.9774323805170120,9.4346699237715459,4.2107984005228092,-4.4523010989309455,4.6921941353538141,-3.2116514860496372,-6.4737658921131729,2.0214668950581216,0.0382021413518785,0.0264669119735427,4.7327111001633408,6.2174607192245546,-1.4099682382452152,6.6996558647719615,2.4546832418240010,-0.0867160220676244,-0.0026056608006830,1.0144901405974271,2.5413990603613152,9.5170956754548470,1.0170957092321955,671.4040496559337043,3.8971856843195205,7.8502377284450899,672.0733253378987229,7.5651851221762678,2.8109119766555253,233.9540101594469661,-0.8624354233158136,2.7718907937093542,2.2225873897948314,239.0715540070925442,0.6636706108387096,0.7367281592912238,0.6304870856303366,-5.1175448088995132,739.0618746759037094,265.4011373589107734,8.7207187089985894,-0.0929739788179297,-2.2517743282348861,0.1146662082723801,33.4121129623245423,-0.8145425141855838,0.7570529786955087,-0.2555813820759647,1.3631665243684250,-0.9000000021569843,466.0272933564077107,16.5247130057887652,11.3327749774626394,432.6151804108299075,17.3392557638015425,10.5757220851132381,6.7093487609746614,425.9058316428642001,-0.6298872558671030,-0.7198699697473429,110.0094395018731461,48.0070239608191685,6.0946232383449876,76.5973265489108286,48.8215664092412140,5.3375705455568951,-15.4911839595957268,92.0885105087455571,-6.8928601468059805,-8.6324362087387652,-2.2664778232574463,0.0262595396488905,-3.8669376373291016,12.1055041551589966,-5.4115107059478760,18.4357569217681885,-8.2692733742296696,-7.9100449794841889,0.2035401612520218,-4.0798936039209366,5.2207125574350357,-0.0000003045791102,1.1032704301178455,0.0304359644651413,-0.5377151197753847,-0.0493820017436519,4.9701915038749576,-0.0409877388774476,-0.1913729191292077,-0.9927927716635168,-0.6942659821361303,-0.7354127112776041,0.8384367795661092,-0.0638147100107744,0.2887874761654530,0.0123851123207714,-0.0179240276629571,-0.0332449789057137,0.0655046505853534,-1.2245941907167435,-0.0489396709017456,5.3347696587443352,5.9852634519338608,0.0636686887592077,-0.0297162633069092,0.3570868166862056,,,,,,,,,,,,,,,,,,,,,,,,,,,,,,,,,,,,,,,,,,,,,,,,,,,,,,,,,,,,,,,,,,,,,,,,,,,,,,,,,,,,,,,,,,,,,,,,,,,,68.0000000000000000,,,,,,,,,,,,,,,,,,,,,,,,,,,,,,,,,,,,,2.8983302880718478,5.0733490000628105,349.0000000000000000,579.0000000000000000,1845.0000000000000000,-12.4661246612466119,0.5101666485898269,0.5740250115506992,,,1.0598122257426730,8.6890161326622533,100.3077624890396038,7.0250792614622597,,0.0514603777267517,,,,,,,,,,,,,
"2017Q2",10.2600997035722994,755.0749047768580340,726.2202636418769544,604.4393693501259577,565.5251223376490088,599.9409771652069594,645.1382744545700234,473.6648092830142787,471.5029930007020198,485.8301361646069836,470.0595808114579768,6.1282446627272043,9.6661031438682521,671.9579767984041609,742.9402112760050159,0.2128227561867257,33.1408915673337674,1.4144493341220790,-0.8023050153774376,464.6122021381270315,112.4616998517760749,5.7204520121788960,-11.3123567451204678,758.7124589779309645,730.2766259056531908,564.8324968026100805,609.1285206657815934,584.1442475930613227,643.6327983138509126,4.6984489518907981,6.1102992905374673,2.0323523238954566,239.2292056487821696,2.8013477702730225,8.5372602496568408,8.8909685899590407,0.2778648007900216,-3.6375546858557586,10.2600996669276743,8.8909685899590407,1.0912663394848214,0.2778648007900216,0.1999090841978092,-4.0563646022239706,-3.0105353046288346,2.1877806602547509,726.2202615307061251,36.9459409068107973,-4.1191055956697120,730.2766259056531908,5.4945606599388048,5.8511991885442907,0.6926246397720820,0.1015456592263799,2.1877806540693778,565.5251210538409623,-129.4507078807980633,-19.1585494484404357,564.8324968026100805,6.1532644740479938,7.8331669354011684,-4.6891517318892264,604.4393687838431788,28.1938836318545256,4.6887688433200019,609.1285206657815934,8.3053597828092087,9.3502262294094241,15.7967301792192973,9.8926832929581785,5.6333303604563936,599.9409778786764491,36.2896608443813804,46.2846470265339320,584.1442475930613227,12.0734498210014625,13.9066994653668541,1.5054779899425790,645.1382760463978912,23.8951528803012465,3.0871099610912855,643.6327983138509126,10.4752457757054120,9.5948917158569973,-3.6375546858557586,-0.3793571646246829,755.0749042976968894,8.5972044727057408,1.7700442386972224,758.7124589779309645,5.7948240519246257,7.2836836645228900,473.6648092830142787,0.0162891810697410,0.3165842372248830,5.9577870961390902,471.5029934552698023,2.5633660927923825,2.1855732538462851,4.8581086259414530,-2.1618158255939721,2.5470771152144573,-1.0996779283271669,-0.7406446628937526,-1.4211711688378068,-0.6035100956825258,-0.5459860186622376,-4.0367097487257952,485.8301365275205512,-13.9486457911277366,-10.4115082183310221,11.9200579289485837,12.1653272461734367,-13.9649350425767533,5.9622693908024420,6.0550278685854941,6.1102992905374673,2.9460624204156702,2.6681773924912111,470.0595803750635469,3.4045732871310319,3.9248006226404772,4.6511292394808823,-3.6052289066349847,3.3882842007491139,-1.3066594624911270,-5.6375809363351150,2.0323523238954566,0.0435454328753526,0.0325901670028659,4.6984489518907981,6.1282453846841989,-3.6663594970580662,6.6930554532891335,3.9426721656520427,1.3445554602600986,1.0216774079981958,2.1877805841189231,2.5981166069417556,9.6661031385314651,1.1661031646300284,671.9579772142227512,2.2157098139576217,6.2403834364491422,672.9520024325069016,8.5372602496568408,2.8013477702730225,233.5958753609679661,-1.4325413982085982,1.4070457288316520,4.1236744617534704,239.2292056487821696,0.6306040510853761,0.6965616929317119,0.5990738456305887,-5.6333303855031271,742.9402108475924251,269.2754014309809349,15.4970612063524733,5.8134075891020576,-2.2575985962810075,0.2128227646901243,33.1408916024994156,-1.0848847073818488,0.0247709226298082,-0.4718552647820294,1.4144493369928415,-0.8023050150087316,464.6122024521005756,-5.6603630937175478,2.4131921287566582,431.4713108510811139,-4.5754782040260329,2.3884214537217949,5.7204523258372548,425.7508585249271391,-0.6198924647082696,-0.6632457344470692,112.4617002172381177,9.8090435573546984,16.0161946756153277,79.3208086307246276,10.8939286093859025,15.9914239832602529,-11.3123563833113536,90.6331650061676015,-5.8213824885962611,-7.5013712512172619,0.7467799559235573,0.0632356053683907,4.9012131839990616,-20.5431568622589111,1.5906826257705688,9.9209093153476715,1.2409964376129210,-3.2446743720839328,0.3896511271595955,-13.3159072995185852,-3.5654337406158447,0.0000000874556685,1.4989649653434753,0.2507170569151640,-1.0481504257768393,-0.0962587126268772,6.2208449598401785,-0.0289746259811636,-0.2208081289427355,-1.1829943594348151,-0.8368857442983426,-1.0564484773203731,0.9890728280879557,-0.0488926319249003,0.2229671123204753,0.0091635030039470,0.0001169945753645,-0.0284729927898297,0.1050365381088341,-0.8293033316731453,-0.0721364284399897,1.5606561005115509,-0.0037920176982880,0.0076949866488576,-0.0529939158877824,0.3821912312414497,,,,,,,,,,,,,,,,,,,,,,,,,,,,,,,,,,,,,,,,,,,,,,,,,,,,,,,,,,,,,,,,,,,,,,,,,,,,,,,,,,,,,,,,,,,,,,,,,,,,69.0000000000000000,,,,,,,,,,,,,,,,,,,,,,,,,,,,,,,,,,,,,2.8130781053555869,4.6264322901735291,385.0000000000000000,613.0000000000000000,1917.0000000000000000,-11.8935837245696394,0.5064498477224637,0.5673505665122900,,,,,85.6839662229646279,-5.3559257306813999,,0.0933774757658497,,,,,,,,,,,,,
"2017Q3",12.5314446213264006,757.8897040242329695,726.8384393856380257,613.1995240122679434,579.3100699349779461,594.4003677327040123,648.0325444223819886,473.7127826921192195,471.5973992029963711,485.4596791307849912,470.5515600247480279,5.7680286620444781,10.2821610033584250,672.7240450670891505,746.6559451520380435,0.3491473207176687,34.0974595720842899,1.4507587532006228,-0.7854103587028751,463.7295531693471276,115.3444817656623229,4.0362605722535250,-8.1661942019710523,759.9927702497245718,731.6057035959508994,566.1872143309026342,611.1052789567077070,586.9232474316883099,646.3325749188743430,4.7026358732189237,6.8411118815553094,2.0431177587413534,239.3870877829617143,2.8036645286494939,6.8277021904077912,9.0295436960053319,2.8709813442823466,-2.1030665017360075,12.5314448666788181,9.0295436960053319,0.6309198661686842,2.8709813442823466,1.5047783365452547,-4.7672627028593473,-3.0535446495969802,2.3617776757078919,726.8384406579510824,2.4727124901395481,-0.2903816624436781,731.6057035959508994,5.3163091199878361,5.6443576551498698,13.1228641078717505,8.5544038788143624,2.3617776385809344,579.3100789796194476,55.1398349114362674,7.0278027944023647,566.1872143309026342,5.4188740937403237,6.9211221817203121,2.0942464792360780,613.1995255418082706,35.0406258441109770,11.0485004218729408,611.1052789567077070,7.9070328497174192,8.8319469690002759,7.4771249530527397,4.7582528653511593,4.1629828126381856,594.4003731370954711,-22.1624109005633372,24.8964195785076541,586.9232474316883099,11.1159981439421891,12.8872445845756207,1.6999713493188957,648.0325461930076472,11.5770823863595993,3.3536316782991098,646.3325749188743430,10.7991048401964989,10.0260865514372828,-2.1030665017360075,0.5931115234446280,757.8897037498117015,11.2591984174729536,6.6762300564733081,759.9927702497245718,5.1212500574651036,6.4802043659393194,473.7127826921192195,0.1918947190619349,1.4745610687689363,3.4418567144682464,471.5973986531827222,0.3776225223966585,1.8166767881356252,3.1345895360246092,-2.1153840407704712,0.1857275442443245,-0.3072688798908025,-0.5445062085052962,-1.5708778096355860,-0.5988265171110750,-0.5759413662035621,-2.5150491676262643,485.4596799770894791,-1.4818252157851326,-0.8417030246769714,4.8453939971817466,11.7468972839493198,-1.6737208414269826,1.4035358265735367,4.9057852050889750,6.8411118815553094,2.9232502833795393,2.8128521423808648,470.5515605065772320,1.9679197363798873,2.9574404566108488,3.6889333404473152,-3.1612221876520255,1.7760244398150034,0.2470775446534951,-5.2043388830551898,2.0431177587413534,0.0430614535720813,0.0383725782791658,4.7026358732189237,5.7680289866221095,-1.9793137946211050,6.7220189256483893,3.9513520079514719,1.3331428301030575,0.5796168131278034,2.3617776161936321,2.6182095612004188,10.2821610004320814,1.7821610080902253,672.7240449432842979,3.0642702343437285,3.8184581421466830,673.4618377909904439,6.8277021904077912,2.8036645286494939,235.2241059148601323,6.5129190201501421,1.1699567555296753,6.6127079722261541,239.3870877829617143,0.6315319542411655,0.6608183490223069,0.5999553555456153,-4.1629828610453288,746.6559447187263459,272.9431622394816372,14.6710436560308963,10.4466904971544192,-2.2453236875676446,0.3491473363048134,34.0974596263657261,3.8262719206207700,0.4860856382905132,3.4570701420190999,1.4507587547956680,-0.7854103456132537,463.7295533071722957,-3.5305956714004303,0.6736691983743808,429.6320936769140530,-7.3568677887661815,0.1875833573689609,4.0362605935994917,425.5958330858456975,-0.6201015124226389,-0.6341844802965233,115.3444827783260394,11.5311312783853026,21.0947934570068156,81.2470231497959787,7.7048591463412208,20.6087078669393335,-8.1661936959853829,89.4132168435365173,-4.8797927308124649,-6.4123828083740619,2.6615567505359650,0.0584302532952279,-2.0159176290035248,13.0883226394653320,5.1421954631805420,-2.5490224957466125,-3.0324060209095478,-3.8977001255138117,-1.5315053984522820,6.3544698357582092,-1.3016755580902100,0.0000009346624660,0.3634917270392179,0.7326680980622768,-0.6501249819993973,-0.0597053562232759,-0.0851598151493818,-0.0114578789930420,-0.1474743459839374,-0.6706780988606624,-0.3640635282499716,-0.5977301225066185,0.6036706347949803,-0.0138698031696549,0.0737678129225969,0.0038705647602910,0.0324581118475180,-0.0175484616665926,0.1490939445793629,4.2981270402669907,-0.0768532583024353,0.4895802102982998,0.0918265581130981,-0.0633358329068869,-0.0621983104501851,0.3594512597192079,,,,,,,,,,,,,,,,,,,,,,,,,,,,,,,,,,,,,,,,,,,,,,,,,,,,,,,,,,,,,,,,,,,,,,,,,,,,,,,,,,,,,,,,,,,,,,,,,,,,70.0000000000000000,,,,,,,,,,,,,,,,,,,,,,,,,,,,,,,,,,,,,2.7278259226393149,4.1795155802842316,408.0000000000000000,679.0000000000000000,1943.0000000000000000,-13.9475038600102934,0.5157960155449813,0.6376783492438548,,,,,66.0915497588922136,-22.6866655768528993,,0.0954096925924481,,,,,,,,,,,,,
"2017Q4",7.3635242401591796,758.6573205372990287,733.1669922632189582,611.9531370989139987,555.3219101403600462,604.3983555938269774,649.3808191224719621,474.5625932326574343,472.2795432185288860,486.4307582319660241,473.0399739307489995,5.5902409969927920,10.2154914687866878,673.6804980866868391,748.4366479920979600,0.5258849933731824,35.8025620233001405,1.6321083553953186,-0.8334663107489281,462.5706145415474566,119.8265312204007245,1.3262727008036563,-4.3651528447643244,761.2046010795681923,732.9083353668694372,567.4595913693840430,613.0788848986916264,589.5724469333162006,649.0289906837907665,4.7258647370767246,7.5440070428319217,2.0529936309225949,239.5490544624773861,2.8092637822234248,4.7884285717108250,9.1736480971469359,-2.5743084944576076,-2.5472831460664271,7.3635242987020666,9.1736480971469359,0.7641846711710146,-2.5743084944576076,-1.2151019786983761,0.2586525983121153,0.0553026833404482,0.9576257787218847,733.1669886059545433,25.3141957202152170,14.7122317804948199,732.9083353668694372,5.2105228087760445,5.4451940851073504,-12.1376786672310377,-8.0037774420899748,0.9576256574703197,555.3219118788509832,-95.9526792636697223,-43.5941212350717109,567.4595913693840430,5.0895086962445060,6.0318087050534341,-1.1257482860082244,611.9531359358372811,-4.9855555051091347,13.7353945025566198,613.0788848986916264,7.8944245081853497,8.3230311731734989,14.8259093143357852,9.7845382173142976,2.3455383437149888,604.3983556104084300,39.9919471755765557,39.3383774441931351,589.5724469333162006,10.5967970538765730,11.8375997694901809,0.3518296953142408,649.3808184810897046,5.3930910830413437,12.6463497072553288,649.0289906837907665,10.7856630094084061,10.4471673961342049,-2.5472831460664271,-0.1277557482621893,758.6573179529838171,3.0704548771516400,6.6640212852058038,761.2046010795681923,4.8473215924198145,5.6868504816640595,474.5625932326574343,3.3992445938317823,4.1092851232275711,2.2231661836811210,472.2795429851190079,2.7285785063959209,3.7191494964133698,2.4036618823578499,-2.2830502330982942,-0.6706643736839355,0.1804951700490867,-0.5682303497643780,-1.7148195240889645,-0.5757680741102787,-0.5881396680277177,-2.5069321038467240,486.4307584627400161,3.8843173648205185,3.6971516824044492,-0.4221901760264897,11.8681652422888302,0.4850718824425195,-2.6453572481885934,4.3241578385276096,7.5440070428319217,2.8115844716391001,2.8716317523708628,473.0399742473229594,9.9536525103880820,9.5416294311773626,6.3258943524541174,-1.5226189729575894,6.5544087622890448,4.1027290408308206,-3.5756152328110331,2.0529936309225949,0.0395091424773781,0.0410796343222970,4.7258647370767246,5.5902406794167518,-0.0013988143207107,6.7413700675598305,1.8710912495712255,-0.7201818923533667,-0.7578655728474046,0.9576256910531488,2.5912734092624312,10.2154914825959278,1.7154914825632746,673.6804981378631965,3.8258120636122777,3.2507448158374337,674.2366986027074063,4.7884285717108250,2.8092637822234248,237.2035173502247574,7.9176417770280931,3.0338966008470249,6.0188620607350050,239.5490544624773861,0.6478693957493368,0.6434179403033711,0.6154759232534829,-2.3455381623801692,748.4366471323060068,273.8740538731856873,3.7235650111581604,10.6530957113374498,-2.2358332349577523,0.5258849972744477,35.8025621989635709,6.8204103665293996,2.1868135002044560,5.8523805703414684,1.6321083540918271,-0.8334663057319192,462.5706152200645533,-4.6357523010359412,0.6745000879209300,426.7680530524775122,-11.4561622353921635,-1.5123134046614675,1.3262733417485588,425.4417797001143526,-0.6162130975395818,-0.6215236429047659,119.8265309747958298,17.9281950059342350,21.8188473070150621,84.0239688043902930,11.1077850209493683,19.6320337801189488,-4.3651538951246565,88.3891226989006071,-4.0963754559907448,-5.4226032569189968,-2.4617337137460709,0.0447564148344100,4.8248745277523994,-19.4430658817291260,-2.4870085716247559,9.9373911619186401,2.0922843590378761,-1.8340949980474943,0.8676198422908783,3.4023632407188416,4.0731495618820190,-0.0000016006514625,-0.0272886790335178,0.1115465871989727,-0.2548188017681241,-0.0234017280163243,-7.9653832344338298,-0.0130148429707333,-0.0839216839522123,-0.3023723042570055,0.0176720110466704,-0.2073519155383110,0.2825627010315657,0.0055908308786456,-0.0173670514486730,0.0007538347854279,0.0479140492097940,-0.0140342911472544,0.1976865271572024,3.3633404821157455,0.0754488047678024,-1.1762082595378160,1.5961678326129913,-0.1265969881787896,-0.0581217674771324,0.2954385753255337,,,,,,,,,,,,,,,,,,,,,,,,,,,,,,,,,,,,,,,,,,,,,,,,,,,,,,,,,,,,,,,,,,,,,,,,,,,,,,,,,,,,,,,,,,,,,,,,,,,,71.0000000000000000,,,,,,,,,,,,,,,,,,,,,,,,,,,,,,,,,,,,,2.6425737399230274,3.7325988703948911,437.0000000000000000,680.0000000000000000,1989.0000000000000000,-12.2171945701357458,0.5196826047996800,0.6163391580900101,131.3359601274161435,27.4761811665547491,,,212.8897550923272775,-1.9351619319999900,,0.1366006707227251,,,,,,,,,,,,,
"2018Q1",10.9425787425156997,762.2848102638420187,740.9884059857799912,613.4233640083620003,504.2757885798250186,601.4886003804630263,652.6241788835369562,474.5444720835967019,472.4239302466627919,484.2514821242140215,476.2011042231470128,5.3775803784337608,10.3655204164490868,674.5342475617491118,752.9675475221989700,0.8358582276811521,38.6973430001632650,2.0917365222048132,-0.8604530107042919,466.5375630409051837,124.7905682192904493,2.5479738623515118,-1.4230103035069703,762.5079626661907923,734.2103607078577170,568.8233538300394230,615.2083006268115923,592.2601265434686866,651.5878648354337201,4.7423505767810976,8.2288360457124856,2.0621934035832865,239.7131224273311147,2.8024325094933142,2.8780625074222996,9.3675041249421316,1.5081312771761042,-0.2231459044084058,10.9425788529059513,9.3675041249421316,0.0669431975896057,1.5081312771761042,0.8509935569106190,6.7780506968187400,2.1457693649234764,3.1182340091285368,740.9884113660471030,31.2856916672790213,24.0046358633238626,734.2103607078577170,5.2081035607605273,5.3073751922066723,-64.5475421449223603,-44.2147380341909226,3.1182338229483761,504.2758123257353873,-204.1843961892573134,-93.6119814135254273,568.8233538300394230,5.4550416123664665,5.5291727587980741,-1.7849360713760363,613.4233639208780460,5.8809168102730949,16.0324714842053240,615.2083006268115923,8.5176670746325414,8.1561212525823041,9.2284793711475164,6.8141178183186391,-1.0945396070968660,601.4886058065189900,-11.6390033922236249,10.6200440018866935,592.2601265434686866,10.7507203038861689,11.1342425506828331,1.0363280538616892,652.6241909188759109,12.9734834462329864,13.4597026587984381,651.5878648354337201,10.2354939197477215,10.5738779734477415,-0.2231459044084058,-6.7901742806553482,762.2848168421023729,14.5099946690445627,9.3592088954210340,762.5079626661907923,5.2134475964766374,5.2442110059669318,474.5444720835967019,-0.0724831504735226,0.4406515971300751,0.8837362714579216,472.4239274938686322,0.5775395284317699,-0.0821125932451983,1.5617771823917772,-2.1205446062010687,0.6500237151362960,0.6780409098017494,-0.2655114418722775,-1.8550325286731313,-0.5608535150391956,-0.5847394676445071,0.0403936109910285,484.2514838404707120,-8.7171004023876737,-1.8367259698322567,-5.0658142543597027,9.7070117408567125,-8.6446164987604419,-5.9495497142832505,1.4781739241302576,8.2288360457124856,2.7393211533901405,2.8550542611415652,476.2011018231401636,12.6445038785919550,11.7444363329100430,6.9926633340129838,1.6566297267789130,12.7169880446655625,6.1089272718097574,-0.4055667859616319,2.0621934035832865,0.0368041695410935,0.0407302377064126,4.7423505767810976,5.3775733010432596,-3.2272160682501254,6.7469318647296870,5.4596865200672848,2.8942519141441321,1.2527137006774258,3.1182337185303801,2.5654347502593144,10.3655203805816800,1.8655203036217700,674.5342466366010967,3.4149964298968660,3.1301970697490877,675.1649478288417185,2.8780625074222996,2.8024325094933142,240.8076618406049363,14.4165787227408035,6.8536508983918178,13.1554434837376935,239.7131224273311147,0.6562686758266477,0.6415678490520437,0.6234552606446222,1.0945396146241575,752.9675515870617346,278.4230791468723396,18.1961032697081464,13.0219417214276518,-2.2552891965158626,0.8358582190213277,38.6973426797392293,11.5791238998434078,5.2852302421207682,9.6593513881527393,2.0917365288844785,-0.8604530068639457,466.5375632655442359,15.8677947224265523,0.5102701525869682,427.8402205564079281,4.2886712665118418,-4.7749602339130348,2.5479739601191786,425.2922465890022750,-0.5981327096841885,-0.6135850750103117,124.7905683216134918,19.8561485733272960,14.7811289307058207,86.0932256200102017,8.2770247804358359,9.4958986290709575,-1.4230101968655482,87.5162358007133179,-3.4915464283364441,-4.5722757018312778,1.6866247653961182,0.0760014979168773,6.5631982088088989,-56.5345799922943115,-1.0532004833221436,-0.9357459545135498,18.4623882770538330,13.0401770003696740,-1.4747688025236130,-10.6616247892379761,1.6477478295564651,0.0000019849044732,0.0715771280229092,0.3215779513120651,-0.1878081122413278,-0.0172476813313551,10.7654242441058159,-0.0410122148932714,0.0141559639014304,0.3760574990883470,0.6533965109847486,0.4398127384483814,-0.2548367613926530,0.0011707003213814,0.0108688748441637,0.0012459356657928,0.0407927747000940,-0.0259048900916241,0.3415263334754854,5.7267427742481232,0.3899972974322736,1.7256846576929092,1.7635519355535507,-0.1103333230130374,-0.0435409393976443,0.1951929517090321,,,,,,,,,,,,,,,,,,,,,,,,,,,,,,,,,,,,,,,,,,,,,,,,,,,,,,,,,,,,,,,,,,,,,,,,,,,,,,,,,,,,,,,,,,,,,,,,,,,,72.0000000000000000,,,,,,,,,,,,,,,,,,,,,,,,,,,,,,,,,,,,,3.4964241240174325,3.9180644729144620,396.0000000000000000,692.0000000000000000,2027.0000000000000000,-14.6028613714849538,0.5261604181224510,0.6687372585134830,,,0.9463393121256554,9.9215175765504906,72.2217433640184083,5.5559222999999101,,0.1183450866355735,,,,,,,,,,,,,
"2018Q2",4.7631965216297401,762.8724870673280520,731.7279900638619665,612.7712335316459757,580.2550167495339792,607.2925813132339954,648.1687450511050201,476.1242155787450088,473.2706080209824790,487.8000751990959998,481.5888406528459882,5.4882181384351840,10.1409062942017627,675.3831877547410159,754.3274033662629563,1.1298309596090350,40.3098753370953631,2.4657815236983174,-0.8430024886792139,466.7085031265555699,133.9788114259756355,1.2470195186997444,6.9217539174274805,764.0245110645222439,735.5294933198985063,570.4171564724643986,617.6097044407747489,595.1165161498561247,653.9092023361517931,4.7819788780685304,8.8703904108500833,2.0696136323812588,239.8835322418317446,2.8134868382424001,-0.0048788938258671,9.5570517373165664,-5.1394628492421441,-1.1520237193215963,4.7631961151380571,9.5570517373165664,0.3456072356692179,-5.1394628492421441,-2.4749576086786913,-3.8015029820998389,-2.0749079660631895,-0.1990099132276375,731.7279904999417113,-37.0416831485261184,5.5077324053589596,735.5294933198985063,5.2765148873485570,5.2528648749113742,9.8378552571854936,6.8099720851035315,-0.1990098643950409,580.2550118985992640,303.9168334596494105,14.7298883852014200,570.4171564724643986,6.3751933159648715,5.5846567149086361,-4.8384717220868891,612.7712328123482166,-2.6085190121053348,8.3318622076929909,617.6097044407747489,9.6056179766268261,8.4811856185122139,12.1760663495766845,8.7267367915815992,-2.5389238069019915,607.2925825525884420,23.2159160037537049,7.3516063767749484,595.1165161498561247,11.4255578913833578,10.9722681555900792,-5.7404593045067402,648.1687433900412998,-17.8217704270970465,3.0304643176077217,653.9092023361517931,9.2853450889835756,10.2764029359421798,-1.1520237193215963,1.4239733338987275,762.8724873335283974,2.3506987105404420,7.7975861978562371,764.0245110645222439,6.0661883058452206,5.3120534142982461,476.1242155787450088,6.3189703234200083,7.1624831486860776,2.4594103120907604,473.2706074637908955,3.3867150064185894,5.2222879036661070,1.7676127337150687,-2.8536081137237761,-2.9322555300792725,-0.6917925394708466,-0.8673359643999652,-1.9862722353677014,-0.5249568133545893,-0.5651011868229957,-0.4138345906407421,487.8000745852208979,14.1943692222820612,11.8724800472077483,1.9699384041615398,11.6758590063392855,7.8753989286156028,-0.4894680946717611,2.8054686914910025,8.8703904108500833,2.5662029914610907,2.7600910411223132,481.5888396554819337,21.5509419062977656,18.4094870754877107,11.5292579272987972,5.4646240769729770,15.2319716065334045,9.0698512919514656,3.3950110769530153,2.0696136323812588,0.0296914154080156,0.0372626524944649,4.7819788780685304,5.4882181579044031,2.7341400541977090,6.8750639605726835,0.2659300976739258,-2.3521118486242250,-1.8399162806294806,-0.1990098746935318,2.6180419113106908,10.1409063324914630,1.6409063558589898,675.3831880358421813,3.3957637004976262,3.4252101650776257,675.9578400118301715,-0.0048788938258671,2.8134868382424001,242.4224559977881199,6.4591795379202956,8.8265801051304500,1.7427738955558940,239.8835322418317446,0.6816395452142818,0.6543280494403673,0.6475575615862574,2.5389237512965197,754.3274034163438273,278.2031879658637763,-0.8795561194269997,8.9277875161791975,-2.2414717324380704,1.1298309774223927,40.3098754326558790,6.4501300435297049,7.1689838750760497,5.5561566809240208,2.4657815236414815,-0.8430024922406679,466.7085032432785283,0.6837600608608296,2.0963008677622188,426.3986278108668557,-5.7663704496652457,-5.0726829114536471,1.2470196495503201,425.1516081659274846,-0.5625534468430253,-0.5992502097850407,133.9788111686144134,36.7529714111727372,21.5171112232879445,93.6689357564668654,30.3028408901972952,14.3481273480148932,6.9217534496525319,86.7471823120108638,-3.0762140445267310,-3.8859826872977306,-4.6556156277656555,0.0578648514347151,-6.6440489590167999,52.8619607090950012,-3.6782626807689667,5.3587511181831360,-8.2747019436210394,-5.1158320112668916,0.3724680580198765,12.7499941587448120,5.7250792756676674,-0.0000013473454913,-1.0336330095306039,-0.0380618292838335,0.1638730338308960,0.0150495637790300,-14.7864421922713518,-0.0096843820583672,0.0848655732115731,0.9489529700949788,1.1243375666672364,0.9684230545535684,-0.6823249910958111,0.0259616865550925,-0.0972123206302058,-0.0034323462386965,0.0581842481333297,-0.0087023968953872,0.3441242438275367,-3.2092209756374359,0.3963397605693899,-0.3327241949737072,7.9605510085821152,-0.0685947812162340,-0.0242340138138388,0.0661777068162337,,,,,,,,,,,,,,,,,,,,,,,,,,,,,,,,,,,,,,,,,,,,,,,,,,,,,,,,,,,,,,,,,,,,,,,,,,,,,,,,,,,,,,,,,,,,,,,,,,,,73.0000000000000000,,,,,,,,,,,,,,,,,,,,,,,,,,,,,,,,,,,,,2.7922436115502851,3.0725954139409382,422.0000000000000000,660.0000000000000000,2057.0000000000000000,-11.5702479338842981,0.5360585339403811,0.6403323030490229,,,,,63.1910445562254992,43.5535842620000011,,0.0740844391454328,,,,,,,,,,,,,
"2018Q3",7.1878851109806501,764.9008574172779618,729.6900774947119999,619.4363039013919661,586.1256452477880430,612.9061827079669911,653.9161850311129456,475.4873033972193639,473.0095585253724266,485.1862002704809811,481.2564343712589903,5.4771290338609218,10.3599045632832123,676.3842002715125545,757.2513744763920158,1.4089789838026445,40.3232332810841569,2.5044745706179139,-0.7685539914947183,459.6190543257863510,143.3685010922368974,-5.7300136964265675,17.0115698706756575,765.4968358497969803,736.8209881771475693,571.9656908615008888,620.0432844295002042,597.8483598157711185,656.1958949357097026,4.7937129721072127,9.5010397508734172,2.0763394980992884,240.0535692506606154,2.8014870850564146,0.6557754428038955,9.8089198604651013,-2.7998282128421770,-0.5959790122084148,7.1878852421528174,9.8089198604651013,0.1787936927094911,-2.7998282128421770,-1.2739800641083172,-7.1309127414253197,-4.6422440539741503,2.8916435546956367,729.6900755871815818,-8.1516545522904131,2.8516327959001453,736.8209881771475693,5.1659802353116735,5.2152814634138247,14.1599593171045584,9.1869244008329574,2.8916435849966797,586.1256499125204300,23.4825467471393701,6.8155632096271477,571.9656908615008888,6.1941324160365330,5.7784744373084074,-0.6069797549570257,619.4363045177456115,26.6602819870818628,6.2367811924094170,620.0432844295002042,9.7343208236814025,8.9380073295935141,15.0578258926012474,10.8466233587149361,-3.6443066136320663,612.9061854312550395,22.4544255682518958,18.5058095208487892,597.8483598157711185,10.9273751666720891,10.9251137147577531,-2.2797050898887781,653.9161891908114512,22.9897840432574974,5.8836463844081548,656.1958949357097026,9.1467662690417448,9.8633184049872700,-0.5959790122084148,0.6455452819906158,764.9008568308402118,8.1134884648311374,7.0111530478842941,765.4968358497969803,5.8893030980143077,5.5040664151000991,475.4873033972193639,-2.5476499787812719,-0.0887158404865929,1.7745234281220723,473.0095585181192064,-1.0441959075999812,0.8376826327947260,1.4121602240708986,-2.4777448757494893,1.5034536880816405,-0.3623609343606151,-0.3625076640733269,-2.1152371174712732,-0.5158606628695626,-0.5443597320918065,0.2520781627702111,485.1862002835925978,-10.4554997511043286,-4.3373928146940788,-0.2734797658315182,9.6988968905703246,-7.9078500289359344,-2.0479993039890072,0.1978570226515757,9.5010397508734172,2.5225998113302470,2.6599295075138647,481.2564341947170874,-1.3296285930774026,-0.7938211281858294,10.7048724748038246,5.7691308015117659,1.2180218415661397,8.9303530464328844,3.6927906585366532,2.0763394980992884,0.0269115814475301,0.0332225879812129,4.7937129721072127,5.4771294045257717,-2.5286541562222666,6.9569209145902029,4.6394461624263945,1.9603778306196173,1.0317389573759514,2.8916434715142225,2.6790686014402230,10.3599045803781529,1.8599045635826836,676.3842004751925288,4.0040501365327845,3.6601553303828709,676.8915061908946882,0.6557754428038955,2.8014870850564146,243.6978753929820698,5.1016787142863986,8.4737702762665386,1.9415732387969267,240.0535692506606154,0.6801426284857699,0.6664818361770218,0.6461355015246857,3.6443066290780268,757.2513743539165034,281.7640708068709614,14.2435359655257798,8.8209087804234176,-2.2794001920169391,1.4089789972667557,40.3232334361069178,0.0534327521474179,6.2257741498127235,0.4387987486713607,2.5044745684924874,-0.7685539879961626,459.6190541106378760,-28.3577957160048300,-4.1104988234467132,419.2958206765326281,-28.4112283443166902,-10.3362728445260270,-5.7300138783220413,425.0258345589984401,-0.5030945507301239,-0.5699984792271090,143.3685016902488201,37.5587609130719500,28.0240197140792375,103.0452682695074742,37.5053283486357643,21.7982457756278301,17.0115700337801741,86.0336982487877862,-2.8539358267903796,-3.3795185296989008,-2.7391302138566971,0.0991038569482043,-3.5549865514039993,8.6155071258544922,2.5380257964134216,6.0744654834270477,-7.1208465639501810,-3.4871068057883265,-3.3337941654026508,-14.6047323346138000,-12.3249256163835526,-0.0000003264318338,0.0357176046818495,0.3830888066440821,0.1862774624023587,0.0171071133227088,11.9633297430118546,-0.0600485646251059,-0.0906596311833709,-0.1062524372537155,0.1759687999146990,-0.1708555333316326,0.0817376200575382,0.0020303707460698,0.0149908652529120,0.0001893128937809,0.0325850852823351,-0.0306510647096729,0.3469378885638434,-5.5027241334319115,0.1357968028169125,-6.5031660199165344,11.9586896896362305,-0.0098517480073497,0.0032035566473496,-0.0853427711408585,,,,,,,,,,,,,,,,,,,,,,,,,,,,,,,,,,,,,,,,,,,,,,,,,,,,,,,,,,,,,,,,,,,,,,,,,,,,,,,,,,,,,,,,,,,,,,,,,,,,74.0000000000000000,,,,,,,,,,,,,,,,,,,,,,,,,,,,,,,,,,,,,2.0880630990831386,2.2271263549674112,494.0000000000000000,753.0000000000000000,2079.0000000000000000,-12.4579124579124585,0.5502246682256448,0.6172242846057768,,,,,-21.4940083059487961,12.9075554329998994,,0.1028861106827448,,,,,,,,,,,,,
"2018Q4",11.7512837947242996,767.2271891878989436,742.7607275282000501,631.3059912618880389,553.2506543840009954,606.4278381426570377,658.2038221007779839,474.8412070911203955,473.5569755299086410,478.4523366528230213,481.1343773370639951,5.3531981191025109,10.0847243946335183,677.4550035831758805,761.9380341475730347,1.6737719505579896,40.0634252473344432,2.7746157156375655,-0.6699934060355571,458.8249599806194396,145.6480338787076789,-6.1601388899845233,20.2527637533114842,766.8399936009246858,738.0694022000906216,573.3838836135786323,622.4259261696147405,600.3539148632178239,658.5144469673142567,4.8199062461212083,10.1075562451068368,2.0822353948676806,240.2250787435409336,2.8052257883450489,0.4714396222095420,10.1347300728659828,1.7327127958610951,0.3871969883456118,11.7512835371726911,10.1347300728659828,-0.1161590488876918,1.7327127958610951,1.0292615183989593,4.6913241669379984,3.0581138616920471,1.7526542435159866,742.7607264275183070,52.2826028213257246,9.5937347090274532,738.0694022000906216,4.9936619351764371,5.1610669005972820,-20.1332263056672112,-13.1506775315416746,1.7526542935295786,553.2506577858182482,-131.4999767211137396,-2.0712596821500853,573.3838836135786323,5.6727600847098971,5.9242826529033081,8.8800644670770659,631.3059905178114377,47.4787483153845074,19.3528521015701003,622.4259261696147405,9.5305649807609818,9.3470434139609804,6.0739243346434515,5.0794777649755467,-3.7363753321171358,606.4278390373187904,-25.9133862965322379,2.0294854715736479,600.3539148632178239,10.0222155802726203,10.7814674028287225,-0.3106235634631442,658.2038232955162584,17.1505363665278807,8.8230010071215386,658.5144469673142567,9.2742061777025899,9.4854530385862130,0.3871969883456118,0.0235279353076855,767.2271906044485377,9.3053298363458907,8.5698701555468713,766.8399936009246858,5.3726289685103277,5.6353909911889613,474.8412070911203955,-2.5843861065143674,0.1600197690092247,0.2786137088086229,473.5569752339936258,2.1896654072698127,2.7708660086707950,1.2774321448775221,-1.2842318558056032,4.7740516691387995,0.9988183062395742,0.9549854383794942,-2.2392173940232807,-0.4959206153828379,-0.5243977953755744,1.0570323955826089,478.4523366743492261,-26.9354538742518557,-12.5493019264982912,-7.9784215760407227,3.6111295852637997,-24.3510666558460898,-8.2570348593988498,-6.4964260934512881,10.1075562451068368,2.4260643936641864,2.5635466608584632,481.1343772822511937,-0.4882281864805687,-0.1115454457304540,8.0943978853392977,6.2931701916924512,2.0961580924999339,7.8157892629108341,4.2109352024268549,2.0822353948676806,0.0235821956150867,0.0292462214599603,4.8199062461212083,5.3531978748048479,-1.9965413992772738,7.1109509115015417,2.5823304665360398,-0.2046348388097277,0.1679297009896357,1.7526541156645892,2.7869652732697379,10.0847243839251757,1.5847243883739823,677.4550035596678299,4.2832135476634736,3.7745051403320495,677.9453940625986661,0.4714396222095420,2.8052257883450489,243.9614535677902154,1.0543156298704139,6.7579383544102285,-0.5036000063852075,240.2250787435409336,0.6860346084699830,0.6760231502683561,0.6517328753475742,3.7363753792387722,761.9380338916575965,287.0968265634909926,21.3310245306005761,13.2227720673786848,-2.2803301135707250,1.6737719485101881,40.0634252408920588,-1.0392319771267469,4.2608634194544202,-0.4353330197252175,2.7746157179188229,-0.6699933971594765,458.8249599635974505,-3.1763771190277428,-3.7456548185530467,418.7615347104481884,-2.1371449499043234,-8.0065180879309246,-6.1601388622413689,424.9216735942169407,-0.4166440847750423,-0.5201060941965981,145.6480336491869991,9.1181285526208633,25.8215026755689827,105.5846084217444911,10.1573608037714322,21.5606392120260395,20.2527636336091135,85.3318447838684051,-2.8074131925189056,-3.0572779385746838,0.8447063453495502,0.1543476711376570,8.8708928525447845,-29.5868707895278931,9.2746019363403320,-4.9241857528686523,1.1348244175314903,0.9472595268937939,1.1255706474184990,-16.4250795841217041,-0.1365110427141190,0.0000009782926281,-0.5385075788944960,-0.0891897222027183,0.2029460594058037,0.0186379035294522,8.1485152277164161,-0.0268428616545862,-0.1579702699091285,-0.4556165668182075,-0.1552027929574251,-0.6027413904666901,0.3408273025415838,0.0176629357520142,-0.0423017113935202,-0.0006382276333170,0.0398991213587578,-0.0161125777667621,0.3493317019892856,-1.4780309945344925,0.3749835159396753,-2.6075304169207811,7.8343175798654556,0.0217051929794252,0.0361410002224147,-0.2388701765885344,,,,,,,,,,,,,,,,,,,,,,,,,,,,,,,,,,,,,,,,,,,,,,,,,,,,,,,,,,,,,,,,,,,,,,,,,,,,,,,,,,,,,,,,,,,,,,,,,,,,75.0000000000000000,,,,,,,,,,,,,,,,,,,,,,,,,,,,,,,,,,,,,1.3838825866160203,1.3816572959939160,440.0000000000000000,772.0000000000000000,2139.0000000000000000,-15.5212716222533889,0.5568454416441908,0.6839388268498878,145.9395249330958677,30.1166670254920099,,,243.6282594661946064,33.1931998820000018,,0.1661819492530716,,,,,,,,,,,,,
"2019Q1",11.9647549001163007,768.5298840114389805,735.4232260272859776,628.0882126345429697,572.2019792648950443,611.3107375183609520,656.7928417201150069,475.4618911832322397,473.9928221191412376,481.5824863576639814,478.0191394492840118,5.3762576164713751,10.1159234835890857,678.6350414289114497,764.3935414663089887,2.4922518694673101,38.9186803763185978,2.7155593222018317,-0.7383209162244652,459.6135685608021504,143.9861413780426744,-4.1474035079132818,20.4591437379933723,768.1163859984817464,739.2818614379336850,574.7460433870866154,624.8080972256919949,602.7069423194224100,660.8137774445998502,4.8541475171915174,10.6819425192427797,2.0868586352894010,240.3992630562231341,2.8207331693510476,1.0862579916634596,10.4463791030615489,1.6424250143029193,0.4134974949646770,11.9647548040582947,10.4463791030615489,-0.1240494584957353,1.6424250143029193,0.9770370825784919,-3.8586344553944247,-3.0391928137642976,2.6885948649755314,735.4232269941574032,-29.3500046396424423,-5.5651840924414939,739.2818614379336850,4.8498316775525891,5.0714969571089279,-2.5440591449786703,-2.2221140301251223,2.6885947450037384,572.2019840691505124,75.8053174532730907,67.9261789610446840,574.7460433870866154,5.4486346619534540,5.9226797985412327,3.2801156620080190,628.0882128029984415,-12.8711123798834812,14.6648500701343103,624.8080972256919949,9.5286817368404240,9.5997962844304094,8.6037959017003107,7.0410463459723154,-3.1616364402923316,611.3107378321868737,19.5316001633436045,9.8221349780946596,602.7069423194224100,9.4121145991761086,10.4468160834108907,-4.0209335803782214,656.7928431348535696,-5.6439206914368398,4.1686550182899271,660.8137774445998502,9.1973189398983664,9.2259092401562892,0.4134974949646770,-1.2789067528820524,768.5298834969147492,5.2107699819334012,6.2450648730971112,768.1163859984817464,5.1055680173551909,5.6084238372108715,475.4618911832322397,2.4827362068244714,2.4169632805164762,0.9174183136820689,473.9928222519832275,1.7433874948238548,1.4535245996070456,1.5688938733676565,-1.4690689295930666,-0.7393482797562503,0.6514753894706470,0.8874742538286640,-2.3565429545000343,-0.4693026126443087,-0.5015102994713918,0.9631258864452842,481.5824864477860956,12.5205997481898592,12.3734226438489419,-2.6689960082992883,6.1205952666788130,10.0378634226940520,-3.5864138098387706,-4.5613469532243665,10.6819425192427797,2.2975452161343477,2.4531036978876837,478.0191393979144436,-12.4609549643453033,-9.7687952201189816,1.8180325538025750,2.5572482163795605,-14.9436900649729090,0.9006154978189698,0.4703862981255611,2.0868586352894010,0.0184965293601186,0.0246709400110430,4.8541475171915174,5.3762579317653669,-2.1828248497244154,7.1291569190186674,3.9227336920093197,1.1784217449747574,1.0726713332128455,2.6885947237291568,2.7443120096761358,10.1159234647679206,1.6159234511346441,678.6350414183323210,4.7201514400918239,4.1007948322674741,679.1227811798758012,1.0862579916634596,2.8207331693510476,243.5608995347584198,-1.6022158848954948,2.7532381588725450,-0.8958063056225939,240.3992630562231341,0.6967365940660262,0.6861393009444512,0.6618997652727110,3.1616365083385949,764.3935420309104529,288.9316506002790561,7.3392967446571165,10.5085741850621908,-2.2569878673802575,2.4922518686812212,38.9186803697195032,-4.5789792127746400,0.2213377317196008,-3.2671307873460353,2.7155593235249476,-0.7383209142240917,459.6135687660010376,3.1544354305911124,-6.9239943155335695,420.6948883956733880,7.7334146217286976,-7.1453320871105728,-4.1474033214754176,424.8422917310153935,-0.3175276434754499,-0.4499548251877670,143.9861414224279486,-6.6475691640678853,19.1955733236309420,105.0674610508847309,-2.0685901603775534,18.9742355922485935,20.4591432462364828,84.6083178017333069,-2.8941081654195613,-2.9079180415952894,1.3144134879112244,0.1299590638955124,-7.2517030835151672,10.3942387104034424,-2.4919259548187256,3.0934550762176514,-4.6806199960410595,0.6227083408993862,-0.1703779846429825,19.4186460971832275,-7.6780866086483002,-0.0000001532190981,-0.4225877225399017,0.1896715136244893,0.1903625633567572,0.0174822756089270,-9.5698131485842168,-0.0026636851071089,-0.1380978925153613,-0.1844383550342172,0.0446321865310892,-0.3529406450688839,0.1428722226992249,0.0283302612551779,-0.0839389932807535,-0.0027274454478174,0.0450037195187178,-0.0039700420929876,0.9189062336226925,-4.1436461396515369,0.0998142047901638,-0.3281172476708889,5.6746257096529007,-0.1353268492966890,0.0574520156151266,-0.3674364328617230,,,,,,,,,,,,,,,,,,,,,,,,,,,,,,,,,,,,,,,,,,,,,,,,,,,,,,,,,,,,,,,,,,,,,,,,,,,,,,,,,,,,,,,,,,,,,,,,,,,,76.0000000000000000,,,,,,,,,,,,,,,,,,,,,,,,,,,,,,,,,,,,,-0.8188549082080289,-1.8756919175343338,426.0000000000000000,722.0000000000000000,2153.0000000000000000,-13.7482582443102643,0.5776282383445245,0.6399498806781236,,,1.1157612234445435,8.5552418586223826,63.6277248230439625,14.3265999999999991,,0.1044210095860316,,,,,,,,,,,,,
"2019Q2",12.2176985539099991,774.7149345387299491,742.9134523246159461,654.9090834794239981,554.4985836674050006,620.5705814359019996,669.5619895281449772,476.4413245788030622,474.7221092993485740,484.5266198897019763,477.2819225958829747,5.2355261053878710,10.0566092032230081,679.6650956238760273,767.3680144150839624,2.9149797102987707,38.1613275410915307,2.4700742638623350,-0.8331486991395393,460.4757873550702243,141.6696140711552516,-2.4725458229398782,19.6658191757100980,769.3645408932493410,740.4693229873993232,576.0855303303040955,627.2247349334741102,604.9460138990772293,663.0617529609885423,4.8674990198903041,11.2469972142726942,2.0914571824747177,240.5709643974540768,2.8188859392321066,0.9724299982896392,10.7611263696025112,3.0616910075159014,5.3503951337983295,12.2176986562474799,10.7611263696025112,-1.6051187342970232,3.0616910075159014,1.6882191658536176,2.4441375047769913,2.0791611280874225,1.2047750159721893,742.9134603527370473,29.9609347691971735,11.1854701465208421,740.4693229873993232,4.7498444378594478,4.9398301519071852,-21.5869519259836551,-13.7379271199849580,1.2047749629299391,554.4985785244172121,-70.8136061063288480,-25.7564327898668992,576.0855303303040955,5.3579488307615000,5.6683693625238565,27.6843494587853201,654.9090842873335987,107.2834866345021823,42.1378488809042295,627.2247349334741102,9.6665524717267477,9.6150301204126798,15.6245646706854924,11.7083382365369317,-2.5333483372547181,620.5705785983749365,37.0393630285995243,13.2779990559857239,604.9460138990772293,8.9562838472423056,9.8294974521346745,6.5002370663994382,669.5619903170381804,51.0765928958315527,21.3932458140476029,663.0617529609885423,8.9919020681793391,9.1525489204379813,5.3503951337983295,0.3979133238045156,774.7149360589946809,24.7402135304421265,11.8424520060411886,769.3645408932493410,4.9926171065347447,5.3400305108291555,476.4413245788030622,3.9177332658789252,4.3149744153715464,0.3171082052477631,474.7221101769492293,2.9171513316853255,3.4089184824962646,1.4515024018478881,-1.7192144043105373,-1.0005819764612780,1.1343937613184789,0.7527539294747501,-2.4719684130181490,-0.4617018664755332,-0.4856964045319219,4.7869861376338534,484.5266203132513283,11.7765353182985564,11.3757109983189650,-3.2734544772283063,8.0852957330172988,7.8588026069260586,-3.5905629944494972,-3.1617011316791874,11.2469972142726942,2.2602190816621226,2.3766073548904596,477.2819207110868547,-2.9488752762266781,-1.7731397890656835,-4.3069208044796872,0.8405961310009923,-6.8666083144039209,-4.6240284647370622,-1.2508607957647124,2.0914571824747177,0.0183938688346436,0.0218451721633853,4.8674990198903041,5.2355289594079668,-0.0156657280689609,7.0439989825762002,1.8266094041888166,-0.8115923365322759,-0.3518339654897367,1.2047750460355922,2.6382018444108342,10.0566091509636379,1.5566091406935578,679.6650949754142630,4.1202146618495448,4.2819076216008094,680.2484226748649689,0.9724299982896392,2.8188859392321066,243.1043122791228654,-1.8263484953984288,0.6818570521532927,-2.1876996235868904,240.5709643974540768,0.6868048430394490,0.6874299408467509,0.6524646026239211,2.5333484056792424,767.3680156878367598,290.9266909951875846,7.9801631247042151,12.7235038607735103,-2.2681751806167183,2.9149797039338821,38.1613274884311551,-3.0294114759829776,-2.1485475645209950,-2.0274766343161521,2.4700742657866126,-0.8331486984371358,460.4757873124191860,3.4488748465207335,-6.2327156108000299,422.3144598283093956,6.4782862981997607,-4.0841679163866527,-2.4725458963700100,424.7870057242608368,-0.2211439389726149,-0.3646024258312995,141.6696146749047216,-9.2661083672673250,7.6908030543450439,103.5082871793487698,-6.2366969559722598,9.8393507841815016,19.6658194820662757,83.8424677039472357,-3.0633994507135260,-2.9047150857161737,0.2932560294866562,0.1235576740000397,2.6234999597072601,-21.9244174957275391,25.5522738695144653,8.3212726116180420,1.6563041601330042,6.1723077936337472,-0.4661524072289467,-0.5226342082023621,3.9313049018383026,-0.0000000363888378,-2.3082826882600784,0.1022780258208513,0.0951302943285555,0.0087364560167771,-4.9885902977548540,-0.0348590278554184,-0.1014465196058154,-0.0622049116063863,0.1843674491392449,-0.2291759941726923,0.0104982056654990,0.0108646035405400,-0.0055978869495448,0.0017469937592978,0.0249050799611723,-0.0197739074210403,0.5722629440715536,0.2377193868160248,-0.0984257385134697,0.0988442450761795,4.7306446284055710,-0.1686598737724125,0.0646309263611329,-0.4587012035772204,,,,,,,,,,,,,,,,,,,,,,,,,,,,,,,,,,,,,,,,,,,,,,,,,,,,,,,,,,,,,,,,,,,,,,,,,,,,,,,,,,,,,,,,,,,,,,,,,,,,77.0000000000000000,,,,,,,,,,,,,,,,,,,,,,,,,,,,,,,,,,,,,-0.5353645268682999,-1.1395576850284490,459.0000000000000000,798.0000000000000000,2347.0000000000000000,-14.4439710268427781,0.5542753999845674,0.5770594639965914,,,,,145.1341947667839918,6.4793197760000201,,0.0756983583784374,,,,,,,,,,,,,
"2019Q3",10.6773712545993007,775.3325903111649495,747.3003858357719764,631.2192235553000046,560.4800690251670403,631.1565392308090168,674.2779274606749595,477.8719540637621321,475.5794447468988437,488.3882573836029906,479.6113924104470243,5.3282443582218297,9.6286326739927972,680.9007541741589193,770.3321882047609961,2.9389407465959305,37.7337816332572658,2.0823348013565162,-0.7224392874546799,458.6956864117046280,136.6232131922323276,-3.7906352396032048,15.8629971873385358,770.7180146430698642,741.6560020280671779,577.5440093703945195,629.7955789944410299,607.2172056170128371,665.1486434056457711,4.8782422046758080,11.8025417122186465,2.0957609747284396,240.7399143794521876,2.8187559133267097,0.4864441586540444,11.0882830943661368,0.9734614034705873,4.6145783391273190,10.6773710696949244,11.0882830943661368,-1.3843733711079467,0.9734614034705873,0.6503091143503156,5.6443880171960101,4.8216518876290229,-0.4007260862681665,747.3003899826118186,17.5477232021775436,17.6103134947773832,741.6560020280671779,4.7467163572564299,4.8350138443214643,-17.0639362614331667,-9.9653879783655093,-0.4007260644237347,560.4800729059205651,23.9259961397430132,-25.6455766435192842,577.5440093703945195,5.8339037278112444,5.5783127486867174,1.4236452718854939,631.2192242901375039,-94.7594388325790931,11.7829213536405746,629.7955789944410299,10.2833782610490907,9.7522939524699144,23.9393328149448621,17.0538210159398673,-2.3151767066391469,631.1565379040425796,42.3438298757536558,18.2503509163806186,607.2172056170128371,9.0847672381715352,9.3688446820193931,9.1292823198329565,674.2779265560424165,18.8637484779972340,20.3617356897807191,665.1486434056457711,8.3475588421235720,8.9527460446577880,4.6145783391273190,3.6023983693684269,775.3325929766120908,2.4706364423089440,10.4317360053284318,770.7180146430698642,5.4138961912898180,5.2211786308550110,477.8719540637621321,5.7225211382702490,6.6883036180934585,2.3846510868618509,475.5794450046026327,3.4293442984792830,5.2866466742528431,2.5698871568205059,-2.2925090652106279,-2.2931770435877556,0.1852360270071839,0.2929228397541606,-2.5854318989670433,-0.4538554458375175,-0.4701949804629571,4.1546977188918914,488.3882567838641080,15.4465469266244888,12.9040582307925877,3.2020568121110231,10.5163027148164971,9.7240260453273102,0.8174058630001486,-1.2862389991877647,11.8025417122186465,2.2221767557002643,2.3015019334182507,479.6113920933564714,9.3178743276635689,8.2509965104208991,-1.6450442447118907,1.7394380245619736,3.5953533416831132,-4.0296940959064269,-0.3563234618900564,2.0957609747284396,0.0172352839612991,0.0194244771952496,4.8782422046758080,5.3282471922428654,2.3495515297292791,7.1627164836237212,0.0416005139861682,-2.6967293227499014,-1.5293586201793348,-0.4007260333120179,2.7383297227796737,9.6286326427930167,1.1286326236213724,680.9007541811641886,4.9426367158009255,4.5165541537820495,681.2661072205236223,0.4864441586540444,2.8187559133267097,243.0550908237262036,-0.1968905331966522,-0.6427844949798023,-4.1405533929130840,240.7399143794521876,0.6758032468340831,0.6863449008374165,0.6420130883961371,2.3151767583475937,770.3321889224631605,292.4602348867665000,6.1341767014393209,10.6961648252524046,-2.2987456244525082,2.9389407464057573,37.7337816327851456,-1.7101831210406453,-2.5894515818730572,-0.9720939812933385,2.0823348039197200,-0.7224392752803472,458.6956864494868000,-7.1204034952818072,-0.9233677091650603,420.9619048065046059,-5.4102203134299973,1.6660839451812612,-3.7906353121088974,424.7525401156972293,-0.1378625177041229,-0.2732945065394936,136.6232118948004484,-20.1856094943241615,-6.7452896711732944,98.8894302425870393,-18.4754262740490489,-4.1558379552324576,15.8629963093000512,83.0264339323603906,-3.2641345703027063,-3.0072644478537649,0.8310968577861786,0.1321500039193779,2.3060981929302216,-4.6519516706466675,-16.5711818039417267,12.0823760032653809,8.9561551036313176,3.5912414834502493,-1.3669942421838641,3.4841922223567963,6.6828852742910385,-0.0000001756940161,-2.6119075464084744,-0.2723156800493598,0.4277421683073044,0.0392824450827902,-0.6075843523722142,-0.0553608883769812,-0.0095868466887623,0.4999015689536463,0.6647012354223989,0.3323466219007969,-0.4386989341583103,0.0095914676094253,-0.0100466949515976,0.0006808028410887,0.0233386353211245,-0.0182414347555095,0.1988598184107104,0.3172937035560608,-0.2897771534044296,-2.2576568461954594,1.5069483816623688,0.0273945536464453,0.0611670227808645,-0.5070745247649029,,,,,,,,,,,,,,,,,,,,,,,,,,,,,,,,,,,,,,,,,,,,,,,,,,,,,,,,,,,,,,,,,,,,,,,,,,,,,,,,,,,,,,,,,,,,,,,,,,,,78.0000000000000000,,,,,,,,,,,,,,,,,,,,,,,,,,,,,,,,,,,,,-0.2518741455285828,-0.4034234525225426,567.0000000000000000,921.0000000000000000,2357.0000000000000000,-15.0190920661858289,0.5781356538180863,0.6515235822231651,,,,,82.0614253990288063,114.4096897784999953,,0.1031455967414203,,,,,,,,,,,,,
"2019Q4",13.0844724864280995,774.8769020640819463,740.9564119114729692,633.7245956031149490,600.4847373587169841,635.1898650457219446,677.5241961499699528,480.7329750780662039,477.2247835156262568,497.5231114994060135,481.7683477851030034,5.3350670168353442,9.9770908887733061,682.2536418474480797,775.2386182445700342,2.5592983895834309,37.5621482553401833,1.9056270409786153,-0.7645871722854498,460.7430719827297025,135.0471798586612806,-1.5531503284795463,15.3203829290508651,772.2817419506886836,742.8632818089587317,579.2256039459241492,632.6255594940979563,609.6361108407902520,666.9907290663854837,4.8837007328226330,12.3488928819703521,2.0994910593695586,240.9053919977190503,2.8252745414880636,-0.0175174062871190,11.3989817165862775,2.4640380975063785,2.5951574553390864,13.0844725778998505,11.3989817165862775,-0.7785469517455981,2.4640380975063785,1.3873682187974765,-1.9068690557458099,1.0107811871782051,-2.6293134924984338,740.9564127310288768,-25.3759108401333968,-1.8043163947358920,742.8632818089587317,4.8291185666773373,4.7938776508897902,21.2591284861363903,16.0434841326683006,-2.6293134871036079,600.4847323771326728,160.0186439666532010,47.2340705705952644,579.2256039459241492,6.7263896007449357,5.8417201815497766,1.0990369812248013,633.7245964118446864,10.0214911056574660,2.4186049457917740,632.6255594940979563,11.3199196405170408,10.1996327516535210,25.5537546866640604,17.7693823086995373,-1.6856148301586376,635.1898656861117161,16.1333170882513386,28.7620265114776785,609.6361108407902520,9.6756244253771779,9.2821969937100732,10.5334678042649266,677.5241978755666423,12.9850870017284485,19.3203734156606899,666.9907290663854837,7.3683460943804571,8.4762817425450798,2.5951574553390864,6.7089240341515186,774.8768994098700205,-1.8227706559954473,7.6497113397165473,772.2817419506886836,6.2549128460766248,5.4417490900581695,480.7329750780662039,11.4440851827623007,11.4973930451760680,5.8917677420784571,477.2247834174809782,6.5813563461143154,9.1655827446710578,3.6678071713168108,-3.5081916650779870,-4.8627295593773656,-2.2239598175982351,-0.8112170952315836,-2.6969747270461246,-0.4461721208997873,-0.4577573989258212,2.4132479747761333,497.5231117618801022,36.5394166383073156,24.5386186586066302,19.0707744854650834,16.7901366798842311,25.0953317242467477,13.1790071661082067,4.4412437195382308,12.3488928819703521,2.1854093138904589,2.2413374813908513,481.7683479614821636,8.6278252168360616,7.7969983662268723,0.6339706536714471,1.0353728797913717,-2.8162605395111870,-5.2577973706122911,-1.0641160798653995,2.0994910593695586,0.0149186542456281,0.0172550814674470,4.8837007328226330,5.3350670464777972,5.8740636890268982,7.1270337514495985,-3.8305155817697303,-6.5200209747346971,-4.1064044326710905,-2.6293134822245694,2.6895051724713244,9.9770909185420873,1.4770909128403422,682.2536420807790591,5.4115508355402140,4.7986386156738998,682.4924012795701174,-0.0175174062871190,2.8252745414880636,242.5910071147853273,-1.8563374834619502,-1.3704465135023964,-7.8508021524117835,240.9053919977190503,0.6619134785203654,0.6803137094012193,0.6288178021988790,1.6856147576099065,775.2386179186362369,294.5056430548745539,8.1816335045177517,7.4088162368063752,-2.3344355145729909,2.5592983988775404,37.5621484604925797,-0.6865331724999715,-2.5012769891358264,-0.1531739824037992,1.9056270421912174,-0.7645871698710776,460.7430719716977592,8.1895418040779937,1.9181119493914811,423.1809235189144260,8.8760748674605381,4.4193888567741695,-1.5531503620003613,424.7340738788550993,-0.0738647675227221,-0.1875996543030370,135.0471795980176637,-6.3041323524886135,-10.6008536033071277,97.4850311425662426,-5.6175992827459282,-8.0995767922547479,15.3203825261217741,82.1646486151650350,-3.4471421439948990,-3.1671957243635083,2.3541343808174133,0.1124969393713400,-7.3108842372894287,30.8929967880249023,0.1736682653427124,8.5449771881103516,0.1627328470349312,-4.5083868298362182,0.0563668608665466,17.3256524950265884,-0.0477685444056988,0.0000003216265508,-3.0098772523924708,0.4613215569406748,0.6347745555103756,0.0582956222642679,4.0030070552602410,-0.0635373794812040,0.0757871849928051,0.9402301472146064,1.0905848952243105,0.8011448048055172,-0.8057855595834553,0.0053811110265087,-0.0125760487280786,-0.0005930984843872,0.0199003931047628,-0.0116057772174827,-0.2033059025416151,0.2855608910322189,-0.1562933460227214,0.7970435321331024,3.7403947710990906,-0.1143918125890195,0.0502114861737937,-0.5094218038138933,,,,,,,,,,,,,,,,,,,,,,,,,,,,,,,,,,,,,,,,,,,,,,,,,,,,,,,,,,,,,,,,,,,,,,,,,,,,,,,,,,,,,,,,,,,,,,,,,,,,79.0000000000000000,,,,,,,,,,,,,,,,,,,,,,,,,,,,,,,,,,,,,0.0316162358111456,0.3327107799833305,579.0000000000000000,924.0000000000000000,2458.0000000000000000,-14.0358014646053704,0.5822434291696682,0.9651717452807159,156.9869714530805993,34.3387603586249028,,,164.8959289316134118,-52.9506728994998994,,0.1383221906411360,,,,,,,,,,,,,
"2020Q1",15.0979472004601991,772.2123738665039809,739.2935741572789539,631.8969422292329909,604.1638337134450012,624.3390043515870502,677.8725874803950546,483.3104480593908079,478.7038454885701526,504.5274024329009990,486.6066515061709765,5.3879943501381540,10.1983554329551769,683.3738453905164079,779.7048700060420288,0.4132112981281022,37.1503685753853006,1.4830154299061040,-0.8869768291037756,461.7474250129075131,129.8444720723618389,-0.1273613859034413,11.4226485027889169,773.9859848552733865,744.0859569094180870,581.0466131589809038,635.6412235768322034,612.1279762608065766,668.6503044254484394,4.8858255188051256,12.8803013452907038,2.1024665408952505,241.0677556027668516,2.8462257418232122,1.7356723296578129,11.6796494711557450,2.8862134418134988,-1.7736150151041545,15.0979474493914925,11.6796494711557450,0.5320845871803144,2.8862134418134988,1.5834406228287632,-4.7923839603758598,-2.1735044452248884,-0.5582850010630935,739.2935731395275525,-6.6513462046898830,3.8703476125559568,744.0859569094180870,4.8906953905353054,4.8040933568571793,23.1172202029516320,15.9734414916958443,-0.5582850452893700,604.1638335496562604,14.7164052998971258,31.9618508277486590,581.0466131589809038,7.2840392886079393,6.3005682296317342,-3.7442791378506008,631.8969445139827030,-7.3106062591481145,3.8087309638004587,635.6412235768322034,12.0626549728642676,10.8331261844887372,12.2110286564932995,8.0787058657560866,-0.7526149615467221,624.3390049904434136,-43.4034439088397264,13.0282666565821650,612.1279762608065766,9.9674660038840539,9.4210334924571235,9.2222866252854434,677.8725906739223319,1.3935738439547087,21.0797472035356712,668.6503044254484394,6.6382995952402677,7.8365256529949221,-1.7736150151041545,3.1707379119229868,772.2123698350969789,-10.6581113752925773,3.6824897304457522,773.9859848552733865,6.8169673711485146,5.8695979062924426,483.3104480593908079,10.3098912133515057,8.9827126850692860,7.8485578408189225,478.7038443814044513,5.9162430060975639,6.7018559440487868,4.7110236753668149,-4.6066036771471603,-4.3936483914698865,-3.1375349058198769,-1.8011963272573945,-2.8054074022727873,-0.4337304702645151,-0.4488647193183721,-1.2683690510696914,504.5274024225886365,28.0171638348653893,17.0744728059094264,22.9449160707847035,21.2169543634340414,17.7072723359062110,15.0963595101306556,8.3366532993047890,12.8803013452907038,2.1256320166138480,2.1983580842209869,486.6066508865239939,19.3532105055071746,16.2446173676849206,8.5875085479543607,3.2962028281303026,9.0433193464328667,0.7389548880400283,1.1937362262156688,2.1024665408952505,0.0119040910370228,0.0156130650278234,4.8858255188051256,5.3879916816173870,2.5540180212392505,7.0283221768172348,-1.3138646809576660,-3.8900919417680848,-2.2566404500852824,-0.5582850089562200,2.5762271315714611,10.1983554588525482,1.6983554621900079,683.3738458909767814,4.4808167329048709,4.7388043126960548,683.8823531849676556,1.7356723296578129,2.8462257418232122,241.8203704247343921,-3.0825435181425349,-1.7405285385439921,-4.5003492205158047,241.0677556027668516,0.6494507617347778,0.6684931434891364,0.6169782271227628,0.7526149593008893,779.7048696843366997,296.3944217419931988,7.5551148384199145,7.4627735617301418,-2.3602727665935404,0.4132113127812920,37.1503689103807346,-1.6471172673247136,-1.7683114777868281,-0.9216412251375277,1.4830154308875736,-0.8869768328027346,461.7474249604635474,4.0174122448363194,2.1338563643345845,424.5970560509557572,5.6645296834271690,3.9021678088709306,-0.1273615147817621,424.7244175698108393,-0.0386255201386483,-0.1178741346604660,129.8444715720354736,-20.8108329505211458,-14.1416699128328389,92.6941026880163434,-19.1637159269392257,-12.3733585522345368,11.4226479764503175,81.2714547020580937,-3.5727760599371665,-3.3368628713392816,3.2606413662433624,0.0799330519512296,-3.8683797717094421,9.3000097274780273,-4.4586527869105339,-4.6807811260223389,2.4886962720192969,-4.6552042528696358,-0.2458085268735886,2.3603092283010483,7.1172430664300919,-0.0000011455889511,-0.9888042295351624,0.3689736439846456,0.2212331993505359,0.0203173341287766,4.5633738385513425,-0.0572537306943559,0.0590818111959379,0.6500184743053978,0.8071443989174441,0.5316719960537739,-0.6055799524328904,0.0025932365788321,-0.0392626338289119,-0.0015227001276799,0.0206329786160495,0.0034786431988323,-1.9925291793188080,-1.4939434081315994,-0.4375387477921322,0.8355916570872068,0.2387684285640717,-0.1988483791938052,0.0278527700284030,-0.4703481361502782,,,,,,,,,,,,,,,,,,,,,,,,,,,,,,,,,,,,,,,,,,,,,,,,,,,,,,,,,,,,,,,,,,,,,,,,,,,,,,,,,,,,,,,,,,,,,,,,,,,,80.0000000000000000,,,,,,,,,,,,,,,,,,,,,,,,,,,,,,,,,,,,,-0.4533846200541202,1.2696807397968433,461.0000000000000000,906.0000000000000000,2410.0000000000000000,-18.4647302904564299,0.6249342834671129,0.8187776627800830,,,1.2418411420081785,9.3513977274697666,193.7704406023040065,-2.5347459259999598,,0.0892578049739772,,,,,,,,,,,,,
"2020Q2",16.5373765504092987,761.6236671154080113,723.4124851062730386,633.4823442007609628,596.8380666866900128,593.2074195075609850,649.6992798606370343,484.7823209401107647,481.4141720928338373,500.0521020350440153,487.7595328585230163,5.2162565732449853,9.4243919361377770,683.9395341435947557,783.5816039216009585,-1.2457597045806956,36.9538583298852004,0.7046779691324399,-0.8740491591831354,456.8699831931310200,110.7628466558895326,-4.7992858115709396,-6.5617849766479708,775.7689810777178536,745.3191171111341191,582.9381445402777899,638.7688935190030861,614.6363196136065881,670.1906836336081597,4.8916880796454194,13.3880452995154720,2.1041188124701411,241.2285349939308787,2.8762350144869679,6.6665608851436646,11.8747923712281942,0.4189891474975697,-14.1453172839693462,16.5373765521341198,11.8747923712281942,4.2435949238572501,0.4189891474975697,0.3070661914749926,-21.9066324665871868,-18.3847044534035398,1.9813006771576687,723.4124848609767469,-63.5243457370807363,-19.5009727739431362,745.3191171111341191,4.9326346619113490,4.8497924135722670,13.8999236972069760,4.9048336189897386,1.9813005845703100,596.8380679468177732,-29.3030400757307703,42.3394977825216401,582.9381445402777899,7.5661271919026687,6.8526142237366345,-5.2865493425270262,633.4823440958174388,6.3416012248624387,-21.4267414213433227,638.7688935190030861,12.5106813817743898,11.5441586773951670,-21.4288999255943118,-14.5611549375379425,1.7493138929505978,593.2074192822309442,-124.5263322197130123,-27.3631576879521461,614.6363196136065881,10.0333804340123791,9.6903083840636519,-20.4914036322684190,649.6992791898436508,-112.6932357568318963,-19.8627072377636011,670.1906836336081597,6.1615173890781243,7.1289318677561573,-14.1453172839693462,-12.8444198756528589,761.6236637970885113,-42.3548283765835336,-13.0912746002052085,775.7689810777178536,7.1319714260116474,6.4044385502409042,484.7823209401107647,5.8874901614141235,0.7429058363619685,8.3409992225131120,481.4141719018458048,10.8413085531736275,2.6741326600116357,6.6920639086826714,-3.3681490279766364,4.9538185393641054,-1.6489343296017753,-0.4592367109602469,-2.9089123217131609,-0.4140199574409742,-0.4369445720188692,-11.6661160173699869,500.0521015462500714,-17.9012028730651913,-10.3778738515411462,15.5254815520354388,15.2697806150759909,-23.7886928998155369,7.1844849463871832,1.8817359484288954,13.3880452995154720,2.0309737640075030,2.1410483791604844,487.7595317494568121,4.6115171723545716,4.5540149775963936,10.4776072619720910,2.9772108188665625,-1.2759726187913021,2.1366099773046692,0.8730898363413888,2.1041188124701411,0.0066181010867540,0.0126687759221906,4.8916880796454194,5.2162557469732711,-7.0921563352752539,7.0908114881343636,2.5421230092469931,-0.0710204058708577,1.0569086129559371,1.9813006087164053,2.6131433570337363,9.4243919176876538,0.9243919388746195,683.9395346399250002,2.2627564937815983,4.2744400295267164,685.1752213970410139,6.6665608851436646,2.8762350144869679,239.4792212468626929,-9.3645934452880013,-3.6250929851716096,5.7336997926496718,241.2285349939308787,0.6431131620881098,0.6575709443930252,0.6109575016059842,-1.7493139426786657,783.5816041273835708,298.7992833758364668,9.6194465375099778,7.8725929608823240,-2.3746765702557338,-1.2457596984409982,36.9538585200973841,-0.7860403804875756,-1.2074688633623418,-0.2327796619616210,0.7046779720572498,-0.8740491531524307,456.8699827884103115,-19.5097681662455180,-3.6058043315071027,419.9161242934886786,-18.7237276818901677,-2.3983354945132369,-4.7992862983475399,424.7154105918817777,-0.0360282289271879,-0.0715950950189285,110.7628461161574336,-76.3265029096946108,-30.9067678783166571,73.8089876096719166,-75.5404625758796584,-29.6992990503987144,-6.5617850619607152,80.3707726621689034,-3.6027286704923553,-3.4716949232205869,0.9476441591978073,-0.0048604741459712,-14.5033878684043884,3.2233381271362305,-2.8527677059173584,-28.5682576298713684,-14.7895428165793419,-4.3136380624174508,8.9713701382279396,-25.6809529662132263,-6.4932848215103149,0.0000011974437560,4.2862208932638168,-0.6041279826313257,-0.9639010988175869,-0.0885215301823337,16.6060926961945370,-0.0484040098774585,0.0425232439301908,0.4023388438508846,0.5198628277285025,0.3203368373215199,-0.3888181000947952,0.0065434889984317,-0.0801213481463492,-0.0040955857839435,0.0261349579523085,0.0146318462248018,-1.6341783170937560,0.1356007158756256,-0.8777869169134647,-4.7203221842646599,-14.9003184735774994,-0.0757700051181018,-0.0012652880977839,-0.3872303368989378,,,,,,,,,,,,,,,,,,,,,,,,,,,,,,,,,,,,,,,,,,,,,,,,,,,,,,,,,,,,,,,,,,,,,,,,,,,,,,,,,,,,,,,,,,,,,,,,,,,,81.0000000000000000,,,,,,,,,,,,,,,,,,,,,,,,,,,,,,,,,,,,,0.3483398705537652,1.9000200871690287,333.0000000000000000,684.0000000000000000,2177.0000000000000000,-16.1231051906293068,0.7288645694291771,0.8952189434542949,,,,,284.7693789596755778,-34.2303869010000028,,0.1436934856268112,,,,,,,,,,,,,
"2020Q3",17.9944040828031007,771.7046923858149512,740.6109263717960403,639.2545867625819938,533.0273616355140121,636.8248877587540164,674.0542393569320438,486.4666895613293605,482.7812788403676905,505.2632129784150266,484.8524470646909776,5.1386790016697930,10.1048133027057467,685.6603131825829678,789.3052727040859509,-2.4261458638398126,38.1082942260461337,0.3101518648046056,-1.0000000000001290,459.2621952022875007,101.9963291642782934,-3.5449113870312772,-15.6056277880099898,777.5288580114827255,746.5541747116660645,584.7877920289607800,641.8842640091872909,617.0674871562337103,671.7151131013455370,4.9394517987438089,13.8318988751440042,2.1031777741132562,241.3964885405148095,2.9203604032671731,5.2933059651741976,12.0708463875867178,4.1763082998874088,-5.8241656907765567,17.9944039529303978,12.0708463875867178,1.7472493061242114,4.1763082998874088,2.1861810693073283,-5.9432453879762912,-7.2719129502833990,3.0720910311280090,740.6109291303674809,68.7937752652544532,-6.6894591716035112,746.5541747116660645,4.9402339533005213,4.8981718889026808,-51.7604164706224807,-37.0544742344967517,3.0720908806508049,533.0273746976886287,-255.2427764446222227,-27.4526914334465957,584.7877920289607800,7.3985896495478913,7.2437870975333478,-2.6296771063979745,639.2545870010601448,23.0889759455927610,8.0353652174358903,641.8842640091872909,12.4614852060254488,12.0886854469818719,19.7574045887655956,11.8925938375807476,0.4091567551098917,636.8248908556408878,174.4698943931591657,5.6683534674079326,617.0674871562337103,9.7246773432614351,9.8502868525235350,2.3391289737431062,674.0542412227151772,97.4198442196286294,-0.2236854368564494,671.7151131013455370,6.0977189381034318,6.5664706656101153,-5.8241656907765567,-10.4663485120813675,771.7046923422002465,40.3241098876003008,-3.6279020420333143,777.5288580114827255,7.0395091688069602,6.8108431166288046,486.4666895613293605,6.7374747651620348,2.3369508947744007,8.5947373191027872,482.7812776584933090,5.4684225292582367,0.6663475673325068,7.2018327368204034,-3.6854119013592865,-1.2690506003963189,-1.3929025874044416,-0.6862315832200836,-2.9991803460633690,-0.3610727430137815,-0.4137486361517964,-4.7411631061775452,505.2632130016087331,20.8444439324775210,14.9575041902472812,16.8749560116886315,18.7965234396114482,14.1069691451790575,8.2802201534740476,4.9646243607299851,13.8318988751440042,1.7754166447870190,2.0293580993520757,484.8524457374442704,-11.6283486031628804,-7.9595727200879658,5.2410532899102336,-1.6142438248100706,-18.3658234062299677,-3.3536830808957983,-3.7174213514160002,2.1031777741132562,-0.0037615450997962,0.0074167158736436,4.9394517987438089,5.1386814579658466,-5.4905114223120854,7.1369562308565140,4.4723337352435113,1.9137572642876570,1.4672779479340945,3.0720912007485648,2.5585771455657218,10.1048132283963543,1.6048132014034915,685.6603140479795684,6.8831201574937984,4.7595606937297692,685.9153508264481616,5.2933059651741976,2.9203604032671731,240.9873310208317605,6.0324412654463222,-2.0677599062496625,9.8977253313620857,241.3964885405148095,0.6718071060403219,0.6565722814509356,0.6382167584030125,-0.4091567359671691,789.3052749906717054,302.8385850363146119,16.1572063123140808,10.3783491979598068,-2.3376645839796475,-2.4261458989381808,38.1082946231225534,4.6177461089061183,0.3745134779072281,4.0902493783579104,0.3101518640029975,-0.9999999994176909,459.2621957533857540,9.5688506612008872,0.5665096450705414,421.1539011097293610,4.9511048344091471,0.1919962469029733,-3.5449113433458463,424.6988124646535425,-0.0663929455996422,-0.0537277230374944,101.9963295201738447,-35.0660655264439498,-34.6268824728738096,63.8880348979153041,-39.6838115594131011,-35.0013958376010308,-15.6056277534485535,79.4936626510628912,-3.5084418758193339,-3.5327711558991739,4.4392758011817932,0.0014808359555900,9.2574341893196106,-59.3967616558074951,0.8065800666809082,34.9401760101318359,17.4064591601490974,10.8774563267408979,0.1546926796436310,23.1860184371471405,-9.6541897356510162,-0.0000002634159467,1.7907437849789858,0.7728604301810265,0.3097296992782503,0.0284445660072379,-3.0751953767612576,0.0015714089749963,0.0102802384644747,-0.0331819658167660,0.0271204700693488,-0.0509842373430729,0.0003265114501119,0.0490309070301009,-0.2504860171466134,-0.0097178397045354,0.0608496220083907,0.0317488923901692,-1.2551317769102752,4.8505256175994873,-0.6496430570259690,-0.5693541392683983,-10.8155247569084167,-0.2133557619526982,-0.0339675213908777,-0.2659871324431151,,,,,,,,,,,,,,,,,,,,,,,,,,,,,,,,,,,,,,,,,,,,,,,,,,,,,,,,,,,,,,,,,,,,,,,,,,,,,,,,,,,,,,,,,,,,,,,,,,,,82.0000000000000000,,,,,,,,,,,,,,,,,,,,,,,,,,,,,,,,,,,,,1.1500643611616579,2.5303594345412002,615.0000000000000000,1010.0000000000000000,2596.0000000000000000,-15.2157164869029273,0.6442043879821918,1.0471220848228044,,,,,57.1355574574419052,165.4223305820000007,,0.1317387408015015,,,,,,,,,,,,,
"2020Q4",11.1993486400636009,773.8710188063630540,741.6893687691959940,644.9595546872290015,590.3013959726230269,600.8412941967079632,660.8148044280919748,485.7016169721879919,481.5151422371995409,505.5465286512160219,487.3838564151290029,5.1123591736483185,10.1025085420101757,687.5288358764931900,792.8283061193010326,-3.1356998251307222,39.8130887713931330,0.2509847695556216,-1.1999999999974893,467.8999795402644395,93.9165184542088411,3.4235076804802134,-24.5636515931088510,779.4390405891567752,747.8200326786793539,586.7937976224045542,645.1514096158756502,619.5995074051924121,673.0845711130812106,4.9651802577650459,14.2381950867773615,2.1011750686154977,241.5654658633706333,2.9447806990073278,1.6468640571979267,12.2298091754254887,-2.7008672080653682,-5.5680218504748265,11.1993485584562844,12.2298091754254887,1.6704067104687479,-2.7008672080653682,-1.2709521899159686,-6.1306649466435772,-6.0724366353118215,5.6052734839234493,741.6893677736781001,4.3137642791398338,0.7329578160499268,747.8200326786793539,5.0634362959679855,4.9567501574028885,3.5075974986754974,0.1757061205605481,5.6052734891621796,590.3013950498059330,229.0961194922747381,-10.1833341758120355,586.7937976224045542,8.0240251532175311,7.5681942772017159,-0.1918548743273344,644.9595548669752816,22.8198755862649740,11.2349575028646242,645.1514096158756502,13.0685834988585370,12.5258514044639462,-18.7582120658607074,-12.9381664238359058,-4.2613164041016098,600.8412954372819286,-143.9343678187929072,-34.3485679159047024,619.5995074051924121,10.1280783867826951,9.9634014044854524,-12.2697662004558943,660.8148049208674593,-52.9577335048187408,-16.7093894878412073,673.0845711130812106,5.4778311586295914,6.0938418753228403,-5.5680218504748265,-5.7852597538300525,773.8710187208803291,8.6653236265118530,-1.0058769413389337,779.4390405891567752,7.6407376930123814,7.1572945975487663,485.7016169721879919,-3.0602928784047787,-2.3334035242851225,4.9686424459735949,481.5151424208203252,-5.0645439846290907,-4.3738078417481976,4.2903563247548204,-4.1864745508049372,-2.0042512417934621,-0.6782833252855711,-1.1047619751176383,-3.0817126050988723,-0.3301285636837629,-0.3847377262689324,-3.6021545091635754,505.5465284325285893,1.1332627944769731,2.5461653056997076,8.0234170231703530,19.8449114606136305,4.1935554882481529,3.0547765381001581,5.6067162404561923,14.2381950867773615,1.6251812290784831,1.8893009220107564,487.3838557589769493,10.1256371570844514,9.6664901354157138,5.6155056063703102,1.6822387872551907,13.1859297186214004,0.6468660131525708,-0.4189358474593963,2.1011750686154977,-0.0080073567313749,0.0016860171484241,4.9651802577650459,5.1123589398665938,-6.1589838192816826,7.0219387729157212,9.4861668650744999,7.0992796742799822,4.0027649173643196,5.6052735183291187,2.3868870746137896,10.1025085372857468,1.6025085399391623,687.5288358763630185,7.4740898844172143,5.2751942581676854,687.4917768383226075,1.6468640571979267,2.9447806990073278,245.8267822795168911,19.3578131162639977,3.2357759777243826,12.7348595958234672,241.5654658633706333,0.6759014465640436,0.6600706924427262,0.6421063734584838,4.2613163440393951,792.8283061458013208,307.1266891806895956,17.1524200934805826,12.6210445526326041,-2.3144298402547752,-3.1356998220916519,39.8130888238677798,6.8191788239147737,2.2509413093259121,5.8513955970580955,0.2509847700918570,-1.2000000001364466,467.8999795420412511,34.5511367786514256,7.1569080324028853,428.0868907153333112,27.7319577392435050,4.9059669558808237,3.4235076707646672,424.6633830438620976,-0.1417186798262773,-0.0706911366491078,93.9165184515632205,-32.3192429040612694,-41.1306610683182541,54.1034296309145404,-39.1384218587244845,-43.3816022033160991,-24.5636516169147363,78.6670812445865266,-3.3063263601237556,-3.4975677635405935,-2.6816818490624428,-0.0263943074969575,0.5988544821739197,39.7640935480594635,1.5174354910850525,-30.4588044881820679,-8.9893471561372280,-2.2389376165082968,-5.7909802272915840,-11.8863815218210220,11.6320408405736089,-0.0000000448237928,1.9638002640567720,0.1581765981391072,0.9865069201332517,0.0905975739515270,2.8348808267619461,-0.0085046427993802,0.1262633157894015,0.7514145870227367,0.6829229489958379,0.6456848494708538,-0.5589524935930967,0.0317720048078627,-0.1707200231321622,-0.0046219675496104,0.0376846300132456,0.0164563507732964,-0.8551227088319138,2.7289300188422203,-0.3931892674299888,5.6213527582585812,-13.1715433076024055,-0.3000000009778887,-0.0819650171579269,-0.1487285277107731,,,,,,,,,,,,,,,,,,,,,,,,,,,,,,,,,,,,,,,,,,,,,,,,,,,,,,,,,,,,,,,,,,,,,,,,,,,,,,,,,,,,,,,,,,,,,,,,,,,,83.0000000000000000,,,,,,,,,,,,,,,,,,,,,,,,,,,,,,,,,,,,,1.9517888517695561,3.1606987819134078,446.0000000000000000,842.0000000000000000,2563.0000000000000000,-15.4506437768240339,0.6875542343531380,0.9317435440499415,195.3874174952236160,38.1978850452204455,,,36.2582382319447021,89.9384679159999934,,0.1377360791170076,,,,,,,,,,,,,
"2021Q1",14.1326688336946642,775.5376334322384082,743.0111501385944166,648.2733759045727311,588.9361973480550887,609.1277474362453859,671.0704175518658303,485.1182660672157567,480.4216904971639224,506.1830697669339543,489.8004783553050174,3.3061794973899583,9.9422576859452469,688.1562499106744326,795.7757418856047025,-2.9475578327661554,41.2759377251316621,0.5968403619970801,-1.0800000001228016,468.0300088219059376,101.2676298583429570,2.1225747558740911,-17.9314656803477632,781.3228930492407471,749.0835865041835859,588.7604913015053398,648.3980815728855305,622.0659137272650696,674.4465437184691154,4.9565638736828648,14.6533674315604632,2.0993734133509552,241.7259924569295322,2.9503026291065950,-1.2867600393130021,12.4095615154250183,-0.0124705668312777,-5.7852596170011177,14.1326688336946642,12.4095615154250183,1.7355778851009154,-0.0124705668312777,0.0836408865841250,-6.0724363655893665,-5.8054117669351459,3.9374670846246667,743.0111501385944166,5.2871294596644915,3.7175769990670497,749.0835865041835859,5.0542153020167468,4.9976295947654332,0.1757060465512497,-1.7605782072144629,3.9374670846246311,588.9361973480550887,-5.4607908070040470,-15.2276362016016797,588.7604913015053398,7.8667747164038122,7.7138781425238170,-0.1247056683127673,648.2733759045727311,13.2552841503891692,16.3764313905900742,648.3980815728855305,12.9866878280393845,12.7568579960530748,-12.9381662910202646,-8.8273174460514241,-7.2845046817117662,609.1277474362453859,33.1458079958546392,-15.2112575541986885,622.0659137272650696,9.8656252882907189,9.9379374664582123,-3.3761261666043496,671.0704175518658303,41.0224505239907415,-6.8021731220570887,674.4465437184691154,5.4478904215452726,5.7962392930203137,-5.7852596170011177,-5.3862060314542894,775.5376334322384082,6.6664588454243878,3.3252635971397622,781.3228930492407471,7.5354098403313667,7.3369081939668508,485.1182660672157567,-2.3334036198871759,-1.5654350997415349,1.8078180078253780,480.4216904971639224,-4.3738076946226876,-3.5404924872442454,1.7178461157593579,-4.6965755700521958,-2.0404040769893510,-0.0899718929051435,-1.5305065282307317,-3.1660690418216264,-0.3374257468915531,-0.3606616395488443,-3.1713067572585798,506.1830697669339543,2.5461653376242497,3.6119583226719265,1.6556673443457759,21.0648036997173769,4.8795689564163167,-0.1521506637162696,6.4114362681576482,14.6533674315604632,1.6606893791324315,1.7730660862697627,489.8004783553050174,9.6664903853060871,8.9908077313866652,3.1938274687807051,4.6822122880880226,11.9998940033306258,1.3860094599574544,2.5828388747360425,2.0993734133509552,-0.0072066210582374,-0.0030931275443116,4.9565638736828648,3.3061794973899583,-5.4136238957756646,7.0994418112990161,6.8466719846322386,4.3663683001243072,2.4952093986796897,3.9374670846248248,2.4803036845078434,9.9422576859452469,1.4422576859452487,688.1562499106744326,2.5096561372439665,4.7824040196983404,689.0451130813851250,-1.2867600393130021,2.9503026291065950,249.0104971386414547,12.7348594364990380,7.1901267139079881,10.1856953091295210,241.7259924569295322,0.6421063742358417,0.6582368541628337,0.6100010555240497,7.2845046817118320,795.7757418856047025,310.6574758183890026,14.1231465507984293,14.2630540763959104,-2.2850139294044927,-2.9475578327661554,41.2759377251316621,5.8513956050554183,4.1255688147509186,5.0771690299679273,0.5968403619970801,-1.0800000001228016,468.0300088219059376,0.5201171194592152,6.2825838614426264,426.7540710967740551,-5.3312784742372594,2.1570150458181319,2.1225747558740911,424.6314963409007532,-0.1275468118436496,-0.0929212289103643,101.2676298583429570,29.4044456271188892,-28.5768417136926942,59.9916921332110036,23.5530500091861725,-32.7024105548053328,-17.9314656803477632,77.9231578135586744,-2.9756937241113803,-3.3482968884994331,0.0000000000000000,0.0000000000000000,0.0000000000000000,0.0000000000000000,0.0000000000000000,0.0000000000000000,0.0000000000000000,0.0000000000000000,0.0000000000000000,0.0000000000000000,0.0000000000000000,0.0000000000000000,0.0000000000000000,0.0000000000000000,0.0000000000000000,0.0000000000000000,0.0000000000000000,0.0000000000000000,0.0000000000000000,0.0000000000000000,0.0000000000000000,0.0000000000000000,0.0000000000000000,0.0000000000000000,0.0000000000000000,0.0000000000000000,0.0000000000000000,0.0000000000000000,0.0000000000000000,0.0000000000000000,0.0000000000000000,0.0000000000000000,0.0000000000000000,0.0000000000000000,0.0000000000000000,0.0000000000000000,,,,,,,,,,,,,,,,,,,,,,,,,,,,,,,,,,,,,,,,,,,,,,,,,,,,,,,,,,,,,,,,,,,,,,,,,,,,,,,,,,,,,,,,,,,,,,,,,,,,84.0000000000000000,,,,,,,,,,,,,,,,,,,,,,,,,,,,,,,,,,,,,5.3302406842007599,6.3950844499859034,494.1223774120684880,953.9373438834068111,2588.8466110889739866,,,,,,,,,,,,246.6033591195478039,,,,40.9857048172993643,49.9271911112206084,4.0136020958016694,-7.1497511372230536,7.8398968214447269,8.9047405872298704,-2.6528567496227189,2857.6572330827766564,974.1472755155539289
"2021Q2",14.1900134065622225,777.7954422314887779,744.5395385766893241,651.5434256669642537,588.9292597946471233,615.6426699923954402,672.5369886480789319,484.7269072922800319,479.5365673753523765,507.0860593476014628,492.0481802881532190,2.7148346344979335,9.7980319173507251,688.5482583586533565,798.5356885872720341,-2.7707043628001884,42.5452299826236882,0.8735248355212586,-0.9720000001105213,468.4640246395005079,106.7088867616038073,1.3159963486419346,-13.0899699466538717,783.1816482629434404,750.3449503436244186,590.6898380018627677,651.6244843513676415,624.4699874384459690,675.8014053987994885,4.9488091280089010,15.0765291101057066,2.0977519236128690,241.8784927208104989,2.9552723661959361,-3.5815126830321402,12.5822574655659789,-0.0081058684403309,-5.3862060314532512,14.1900134065622225,12.5822574655659789,1.6158618094365618,-0.0081058684403309,0.0822950408503133,-5.8054117669357614,-5.4069006583567507,2.8361384029154979,744.5395385766893241,6.1135537523769878,21.1270537157125347,750.3449503436244186,5.0454553577630703,5.0258332324902337,-1.7605782072143865,-2.7937923573146346,2.8361384029154886,588.9292597946471233,-0.0277502136331323,-7.9088081521711562,590.6898380018627677,7.7173868014307798,7.7516934615843596,-0.0810586844032988,651.5434256669642537,13.0801990495660316,18.0610815711469748,651.6244843513676415,12.9056111139284244,12.8555908323643031,-8.8273174460508450,-5.8952527259835605,-9.6784282451131816,615.6426699923954402,26.0596902246019368,22.4352507101642864,624.4699874384459690,9.6162948447233418,9.8336678248391003,-3.2644167507216642,672.5369886480789319,5.8662843848492194,22.8377094582348086,675.8014053987994885,5.4194467213151691,5.6107217651909664,-5.3862060314532512,-4.8981230022879663,777.7954422314887779,9.0312351969939417,16.1717784343987212,783.1816482629434404,7.4350208548063428,7.4126671852250769,484.7269072922800319,-1.5654350997407611,-0.8034915011020443,-0.0554136478301899,479.5365673753523765,-3.5404924872434935,-2.6237619844940672,-1.8776045264934280,-5.1903399169281306,-1.9750573875040880,-1.8221908889516194,-1.9382724447461745,-3.2520674721821434,-0.3439937214426276,-0.3431551504689889,-2.3732791761400169,507.0860593476014628,3.6119583226729124,4.2896954814675645,7.0339578013519590,22.3591520553206138,5.1773934224140525,7.0893714402449604,7.2826229452155902,15.0765291101057066,1.6926467141809851,1.6884838105902362,492.0481802881532190,8.9908077313861661,8.1753244209849569,4.2886485386961448,7.3212729958717375,10.5562428311341776,4.3440621770049708,5.2235210722577827,2.0977519236128690,-0.0064859589524137,-0.0063668888572889,4.9488091280089010,2.7148346344979335,-4.7019919761391140,7.1675887753993957,5.3385966189900298,2.7758232501566984,1.5381064855650539,2.8361384029156711,2.5627733688332617,9.7980319173507251,1.2980319173507264,688.5482583586533565,1.5680337919135514,4.6087237187289354,689.5571543355845279,-3.5815126830321402,2.9552723661959361,251.5569209659239505,10.1856953091304572,12.0776997190621849,7.6551746008978512,241.8784927208104989,0.6100010555240499,0.6499577268797729,0.5795010027478474,9.6784282451132722,798.5356885872720341,313.8087812949922863,12.6052219064135311,15.0094979191558142,-2.2585396096392385,-2.7707043628001884,42.5452299826236882,5.0771690299679326,5.5913714625262863,4.4577877698979389,0.8735248355212586,-0.9720000001105213,468.4640246395005079,1.7360632703787793,11.5940418510904308,425.9187946568766279,-3.3411057595899214,6.0026703633877849,1.3159963486419346,424.6027983082354922,-0.1147921306592846,-0.1126122836465637,106.7088867616038073,21.7650276130432836,-4.0539593545538164,64.1636567789798278,16.6878585830756414,-9.6453308306920782,-13.0899699466538717,77.2536267256336089,-2.6781243517002427,-3.1171459365353225,0.0000000000000000,0.0000000000000000,0.0000000000000000,0.0000000000000000,0.0000000000000000,0.0000000000000000,0.0000000000000000,0.0000000000000000,0.0000000000000000,0.0000000000000000,0.0000000000000000,0.0000000000000000,0.0000000000000000,0.0000000000000000,0.0000000000000000,0.0000000000000000,0.0000000000000000,0.0000000000000000,0.0000000000000000,0.0000000000000000,0.0000000000000000,0.0000000000000000,0.0000000000000000,0.0000000000000000,0.0000000000000000,0.0000000000000000,0.0000000000000000,0.0000000000000000,0.0000000000000000,0.0000000000000000,0.0000000000000000,0.0000000000000000,0.0000000000000000,0.0000000000000000,0.0000000000000000,0.0000000000000000,,,,,,,,,,,,,,,,,,,,,,,,,,,,,,,,,,,,,,,,,,,,,,,,,,,,,,,,,,,,,,,,,,,,,,,,,,,,,,,,,,,,,,,,,,,,,,,,,,,,85.0000000000000000,,,,,,,,,,,,,,,,,,,,,,,,,,,,,,,,,,,,,4.4144396054169341,5.2651060648144812,535.3328072505760247,984.7093806617770042,2635.9376234350825143,,,,,,,,,,,,,,,,32.0421636219324242,12.6994242415772511,7.2106001594339162,-5.1648243667988165,5.9824733973304856,6.8331398567280326,-1.8206350375600255,2937.6255144785845914,977.9735098123425132
"2021Q3",14.2120294940138816,780.1183570135818854,746.1973330379479421,654.7781324982452134,589.7899127150982395,620.9195924432968923,674.1189632821917712,484.5260344170043254,478.8806268792283731,508.1584832179678983,494.0920113934007531,2.7377138457187398,9.6682287256156556,688.6916645702791584,801.2368443598635395,-2.6044621010321793,43.6596769250982177,1.0948724143406015,-0.8748000000994692,469.0525647400923503,110.7550476105423343,0.8159177361579981,-9.5556780610573284,785.0164800158697744,751.6042336963049593,592.5837050724142046,654.8308206431073586,626.8148451692795788,677.1495117003252062,4.9418298569023333,15.5068811890368750,2.0962925828485948,242.0233679714974073,2.9597451295763433,-5.3284368590363336,12.7478614078134260,-0.0052688144862154,-4.8981230022869244,14.2120294940138816,12.7478614078134260,1.4694369006866606,-0.0052688144862154,0.0801675638806152,-5.4069006583573609,-4.9275436732868805,2.0402989110304515,746.1973330379479421,6.6311778450331920,5.5864039075803058,751.6042336963049593,5.0371334107220775,5.0500589846388282,-2.7937923573145564,-3.2445308484539885,2.0402989110304284,589.7899127150982395,3.4426116818033252,56.7625380174092342,592.5837050724142046,7.5754682822063986,7.7959130434528063,-0.0526881448621444,654.7781324982452134,12.9388273251230483,15.5235454971851148,654.8308206431073586,12.8253451669585736,12.9465566339198155,-5.8952527259829450,-3.7920246046325188,-11.4473466446508745,620.9195924432968923,21.1076898036080678,-15.9052984123445427,626.8148451692795788,9.3794309233343345,9.7473580130455915,-3.0305484181343618,674.1189632821917712,6.3278985364488847,0.0647220594761208,677.1495117003252062,5.3924252060965712,5.4343985989793069,-4.8981230022869244,-4.3656588731134303,780.1183570135818854,9.2916591283633316,8.4136646713800864,785.0164800158697744,7.3393270117011262,7.4876220043866528,484.5260344170043254,-0.8034915011009338,-0.0728824323646486,-1.9406551443245497,478.8806268792283731,-2.6237619844933300,-1.6673455710547118,-3.9006507792649359,-5.6454075377764035,-1.8202704833934686,-1.9599956364172411,-2.3058637890851044,-3.3395437486914807,-0.3499051060379162,-0.3403634026281168,-1.6290290728994066,508.1584832179678983,4.2896954814685833,4.6060546906125523,2.8952702163596777,23.6324488009627771,5.0931869825697449,4.8359253613516593,8.1255676119265772,15.5068811890368750,1.7214083157246833,1.6749823138928723,494.0920113934007531,8.1753244209844667,7.2845466985548013,9.2395656559562216,9.5659769763952678,8.9788159220936574,11.1802208012050723,7.4696843935456965,2.0962925828485948,-0.0058373630571724,-0.0068851912646811,4.9418298569023333,2.7377138457187398,-4.0354825497425466,7.2273958329516086,4.4050594167714676,1.7695883346840540,0.8720701854150775,2.0402989110306096,2.6354710820873288,9.6682287256156556,1.1682287256156560,688.6916645702791584,0.5736248465020046,3.0313505223003965,689.8379540721138028,-5.3284368590363336,2.9597451295763433,253.4707146161485127,7.6551746008992669,12.4833835953175942,5.3206135636486058,242.0233679714974073,0.5795010027478478,0.6268794309827507,0.5505259526104554,11.4473466446510148,801.2368443598635395,316.7108099428592141,11.6081145914685564,13.8722249065447141,-2.2347127218505096,-2.6044621010321793,43.6596769250982177,4.4577877698979433,5.5513823019756465,3.9622827618419483,1.0948724143406015,-0.8748000000994692,469.0525647400923503,2.3541604023678220,9.7903689867068309,425.3928878149939123,-2.1036273675311139,4.2389867052644430,0.8159177361579981,424.5769700788367231,-0.1033129175933562,-0.1218423858170976,110.7550476105423343,16.1846433957539837,8.7587180903682995,67.0953706854438252,11.7268556258562864,3.2073357875285353,-9.5556780610573284,76.6510487465010470,-2.4103119165302189,-2.8426139045618579,0.0000000000000000,0.0000000000000000,0.0000000000000000,0.0000000000000000,0.0000000000000000,0.0000000000000000,0.0000000000000000,0.0000000000000000,0.0000000000000000,0.0000000000000000,0.0000000000000000,0.0000000000000000,0.0000000000000000,0.0000000000000000,0.0000000000000000,0.0000000000000000,0.0000000000000000,0.0000000000000000,0.0000000000000000,0.0000000000000000,0.0000000000000000,0.0000000000000000,0.0000000000000000,0.0000000000000000,0.0000000000000000,0.0000000000000000,0.0000000000000000,0.0000000000000000,0.0000000000000000,0.0000000000000000,0.0000000000000000,0.0000000000000000,0.0000000000000000,0.0000000000000000,0.0000000000000000,0.0000000000000000,,,,,,,,,,,,,,,,,,,,,,,,,,,,,,,,,,,,,,,,,,,,,,,,,,,,,,,,,,,,,,,,,,,,,,,,,,,,,,,,,,,,,,,,,,,,,,,,,,,,86.0000000000000000,,,,,,,,,,,,,,,,,,,,,,,,,,,,,,,,,,,,,3.4986385266330737,4.1351276796430181,570.1152344285544586,1012.2574151314597657,2691.1860446219347978,,,,,,,,,,,,,,,,25.1799531767431475,11.0366510625939078,8.2972208813594150,-3.1658817984920584,4.0722633731350779,4.7087525261450232,-0.9944382470039173,3018.0567518229854613,979.3769906723093754
"2021Q4",14.2126347781905409,782.4628453419982179,747.9339969132760189,657.9830438188115522,591.1993356461942994,625.3114231141519213,675.7618317150964913,484.5078138089128856,478.4637904864640063,509.3099968906207664,495.9131480680410391,3.0625279745865601,9.5514058530540922,688.6144108779664066,803.9612387383541545,-2.4481943749702504,44.6502476155587473,1.2719504773960757,-0.7873200000895224,469.7098412843538995,113.7833311962690317,0.5058689964179580,-6.9756449845718516,786.8285042151117068,752.8615405865632511,594.4438664946497966,658.0172911129719751,629.1034477187832863,678.4912003919866947,4.9355485129064220,15.9437046283153716,2.0949791761607517,242.1609994596499575,2.9637706166187097,-6.5675407462331838,12.9063618456722704,-0.0034247294160404,-4.3656588731123778,14.2126347781905409,12.9063618456722704,1.3096976619343015,-0.0034247294160404,0.0775378542214009,-4.9275436732874951,-4.4030426711781914,1.4212951053188847,747.9339969132760189,6.9466555013114775,6.2446291395975360,752.8615405865632511,5.0292275610331343,5.0415079078838305,-3.2445308484539126,-3.3240024482468105,1.4212951053188714,591.1993356461942994,5.6376917243841422,0.8979405963879776,594.4438664946497966,7.4406456889432366,7.6500688722446251,-0.0342472941603940,657.9830438188115522,12.8196452822648155,13.0234889518363168,658.0172911129719751,12.7458818794584214,12.8658814970960726,-3.7920246046319073,-2.2831111633039245,-12.6398685474104315,625.3114231141519213,17.5673226834212635,24.4701276768694385,629.1034477187832863,9.1544101980147765,9.5039403135905971,-2.7293686768911889,675.7618317150964913,6.5714737316157068,14.9470267942286696,678.4912003919866947,5.3667547666389028,5.4066292789050072,-4.3656588731123778,-3.8190926857439380,782.4628453419982179,9.3779533136565103,8.5918266211164500,786.8285042151117068,7.2480967969632912,7.3894636259543081,484.5078138089128856,-0.0728824323635754,0.6135689448360584,-1.1938031632745640,478.4637904864640063,-1.6673455710539720,-0.7059800066778344,-3.0513519343563185,-6.0440233224491688,-1.5944631386914341,-1.8575487716443511,-2.6156732357146053,-3.4283500867347514,-0.3552253521736645,-0.3466374816358863,-0.9645533890078921,509.3099968906207664,4.6060546906135329,4.6278646355271658,3.7634684580925750,24.8021830817068327,4.6789371229773353,4.9572716210935504,8.8584784533922001,15.9437046283153716,1.7472937571140121,1.7055095415380153,495.9131480680410391,7.2845466985543377,6.3709674998109262,8.5292923090637682,11.4053342591266791,7.3574291309252251,9.7230954718712219,9.3103550829649482,2.0949791761607517,-0.0052536267514552,-0.0061958924547680,4.9355485129064220,3.0625279745865601,-3.4192037844677237,7.2797734322417389,3.7685079812623985,1.0690577097531995,0.3698892522650898,1.4212951053190417,2.6994502715091202,9.5514058530540922,1.0514058530540928,688.6144108779664066,-0.3090147692517344,1.0855750016043089,689.8857440923545710,-6.5675407462331838,2.9637706166187097,254.8008680070606999,5.3206135636491538,8.9740857275445922,3.2577729030309168,242.1609994596499575,0.5505259526104557,0.5955335962794770,0.5229996549799331,12.6398685474104955,803.9612387383541545,319.4534249294412120,10.9704599463286687,12.3267357487517870,-2.2132685228406537,-2.4481943749702504,44.6502476155587473,3.9622827618419518,4.8371587916909569,3.5658787553971552,1.2719504773960757,-0.7873200000895224,469.7098412843538995,2.6291061770467188,1.8098617423128238,425.0595936687948893,-1.3331765847960326,-3.0272970465385325,0.5058689964179580,424.5537246723777685,-0.0929816258340206,-0.1096583714846073,113.7833311962690317,12.1131343429067329,19.8668127447056229,69.1330835807099930,8.1508515810649822,15.0296539497954704,-6.9756449845718516,76.1087285652817513,-2.1692807248771975,-2.5583526793048033,0.0000000000000000,0.0000000000000000,0.0000000000000000,0.0000000000000000,0.0000000000000000,0.0000000000000000,0.0000000000000000,0.0000000000000000,0.0000000000000000,0.0000000000000000,0.0000000000000000,0.0000000000000000,0.0000000000000000,0.0000000000000000,0.0000000000000000,0.0000000000000000,0.0000000000000000,0.0000000000000000,0.0000000000000000,0.0000000000000000,0.0000000000000000,0.0000000000000000,0.0000000000000000,0.0000000000000000,0.0000000000000000,0.0000000000000000,0.0000000000000000,0.0000000000000000,0.0000000000000000,0.0000000000000000,0.0000000000000000,0.0000000000000000,0.0000000000000000,0.0000000000000000,0.0000000000000000,0.0000000000000000,,,,,,,,,,,,,,,,,,,,,,,,,,,,,,,,,,,,,,,,,,,,,,,,,,,,,,,,,,,,,,,,,,,,,,,,,,,,,,,,,,,,,,,,,,,,,,,,,,,,87.0000000000000000,,,,,,,,,,,,,,,,,,,,,,,,,,,,,,,,,,,,,2.5828374478492195,3.0051492944715501,599.1076927181532028,1035.9842302352151364,2753.6517738571737937,,,,,,,,,,,,,,,,19.8411453620187501,9.2676082568355227,9.1783773273062348,-1.2596039856136003,2.2738226785974849,2.6961345252198159,-0.1995759863502747,3101.4108113550087182,978.6206779627148080
"2022Q1",14.2012707834937828,784.7996890893215323,749.7139271663420459,661.1618336779760057,592.9480051027372838,629.0554966827205590,677.4298382698200385,484.6612060451216735,478.2872954847942424,510.4669630495022261,497.5058899429952817,3.5255351461596542,9.4462652677486840,688.3608894132048590,806.7575621772501790,-2.3013027124720367,45.5417173044080883,1.4136129278404552,-0.7085880000805702,470.3881598887513178,116.0701368678553962,0.3136387777791333,-5.0922208387374530,788.6187817750659406,754.1169698375202870,596.2720075509853359,661.1840944191802691,631.3386078460235922,679.8267923542769040,4.9298953033101016,16.3863522919064799,2.0937971101416974,242.2917493733948788,2.9673935549568400,-7.3559399478617031,13.0577690518907517,-0.0022260741204267,-3.8190926857428877,14.2012707834937828,13.0577690518907517,1.1457278057234550,-0.0022260741204267,0.0745905660490262,-4.4030426711787971,-3.8600260499553429,0.9170676084326578,749.7139271663420459,7.1197210122626906,6.7027770277474739,754.1169698375202870,5.0217170038286376,5.0333833333367481,-3.3240024482467341,-3.1729395941814116,0.9170676084326349,592.9480051027372838,6.9946778261709897,4.0118077546815796,596.2720075509853359,7.3125642253432330,7.5115162494793797,-0.0222607412042563,661.1618336779760057,12.7151594366574123,12.8884577734033243,661.1840944191802691,12.6672132248332705,12.7860128462944864,-2.2831111633033276,-1.2084132527786398,-13.3235618594231582,629.0554966827205590,14.9762942742766576,19.9277492464748462,631.3386078460235922,8.9406405089611969,9.2726941187582455,-2.3969540844576160,677.4298382698200385,6.6720262188921557,6.3594207179538484,679.8267923542769040,5.3423678491541180,5.3802486358073116,-3.8190926857428877,-3.2798018436672711,784.7996890893215323,9.3473749892861591,9.2620556570815680,788.6187817750659406,7.1611102398123467,7.2958887258245708,484.6612060451216735,0.6135689448368287,1.2500735961088962,-0.4570600220937113,478.2872954847942424,-0.7059800066770964,0.2319232713846185,-2.1343950123698483,-6.3739105603279835,-1.3195489515155852,-1.6773349902758936,-2.8555570801695875,-3.5183534801585656,-0.3600135736958449,-0.3522844383369456,-0.3905617767097559,510.4669630495022261,4.6278646355279633,4.4402108679126648,4.2838932825686680,25.8057570043796218,4.0142956906924692,4.7409533046626464,9.4194047124738951,16.3863522919064799,1.7705906543644081,1.7329848603460094,497.5058899429952817,6.3709674998104378,5.4760559748212589,7.7054115876899409,12.8446838978723754,5.7573985549821449,8.1624716097840864,10.7508867877296499,2.0937971101416974,-0.0047282640763097,-0.0055763032092816,4.9298953033101016,3.5255351461596542,-2.8548965922396778,7.3255369567213222,3.2936118747730578,0.5379566476657751,-0.0291976593157264,0.9170676084328231,2.7556552271072050,9.4462652677486840,0.9462652677486854,688.3608894132048590,-1.0140858590479462,0.2046395025310072,689.7324851012484714,-7.3559399478617031,2.9673935549568400,255.6153112328182431,3.2577729030310230,6.6048140941776303,1.4914533637334719,242.2917493733948788,0.5229996549799332,0.5657569164654993,0.4968496722309366,13.3235618594232861,806.7575621772501790,322.0963561321286761,10.5717248107509274,11.4388803137397890,-2.1939687437317832,-2.3013027124720367,45.5417173044080883,3.5658787553971583,4.2657795792764084,3.2487555502413201,1.4136129278404552,-0.7085880000805702,470.3881598887513178,2.7132744175901005,2.3581510668455552,424.8464425843429808,-0.8526043378076628,-1.9076285124311847,0.3136387777791333,424.5328038065646865,-0.0836834632506185,-0.0986925343363449,116.0701368678553962,9.1472226863453727,14.8025070095122491,70.5284195634470308,5.5813439309484378,10.5367274302360290,-5.0922208387374530,75.6206404021843781,-1.9523526523894781,-2.3025174113743243,0.0000000000000000,0.0000000000000000,0.0000000000000000,0.0000000000000000,0.0000000000000000,0.0000000000000000,0.0000000000000000,0.0000000000000000,0.0000000000000000,0.0000000000000000,0.0000000000000000,0.0000000000000000,0.0000000000000000,0.0000000000000000,0.0000000000000000,0.0000000000000000,0.0000000000000000,0.0000000000000000,0.0000000000000000,0.0000000000000000,0.0000000000000000,0.0000000000000000,0.0000000000000000,0.0000000000000000,0.0000000000000000,0.0000000000000000,0.0000000000000000,0.0000000000000000,0.0000000000000000,0.0000000000000000,0.0000000000000000,0.0000000000000000,0.0000000000000000,0.0000000000000000,0.0000000000000000,0.0000000000000000,,,,,,,,,,,,,,,,,,,,,,,,,,,,,,,,,,,,,,,,,,,,,,,,,,,,,,,,,,,,,,,,,,,,,,,,,,,,,,,,,,,,,,,,,,,,,,,,,,,,88.0000000000000000,,,,,,,,,,,,,,,,,,,,,,,,,,,,,,,,,,,,,0.0890872519263717,-0.1362714778700845,620.5273050754865380,1050.3842967836428670,2823.5623359265432555,,,,,,,,,,,,,,,,14.0512956671550828,5.5216688819741249,10.0285515530619254,1.3695373513031972,-0.9249986071215746,-1.1503573369180309,0.6811765637757656,3189.3602330820722273,976.1428067803140038
"2022Q2",14.1846064963037914,787.1085195153748373,751.5105892811856165,664.3169577515860738,594.8967896655331060,632.3145844193359153,679.0991661960282499,484.9737244441488428,478.3452763026397179,511.5770157664799171,498.8749039367020828,4.0398695937315017,9.3516387409738186,687.9795446844235585,809.6513184528182592,-2.1632245497237159,46.3539061919684627,1.5269428881959590,-0.6377292000725133,471.0623372615237940,117.8179460350872603,0.1944560422230623,-3.7173212122783417,790.3883213590421519,755.3706153311412663,598.0697292597159276,664.3314272333689132,633.5229976721136609,681.1565924236645060,4.9248074146734133,16.8342417573789298,2.0927332507245513,242.4159617914525597,2.9706541994611566,-7.7565224808442705,13.2021128913816082,-0.0014469481782777,-3.2798018436662102,14.1846064963037914,13.2021128913816082,0.9839405531004550,-0.0014469481782777,0.0714484456562887,-3.8600260499559558,-3.3189953840838515,0.4983198341770456,751.5105892811856165,7.1866484593735152,6.9710507044964780,755.3706153311412663,5.0145819744843658,5.0256649875168939,-3.1729395941813294,-2.8860279278329397,0.4983198341770073,594.8967896655331060,7.7951382511825216,5.9675298708854800,598.0697292597159276,7.1908868349232300,7.3798912578525444,-0.0144694817827669,664.3169577515860738,12.6204962944395707,12.7735320846219835,664.3314272333689132,12.5893312567543720,12.7069428820010195,-1.2084132527780578,-0.4562432727950579,-13.5722127822987044,632.3145844193359153,13.0363509464635499,16.6719144269400381,633.5229976721136609,8.7375593043602962,9.0530102336674148,-2.0574262276371011,679.0991661960282499,6.6773117048301440,6.5621775479487310,681.1565924236645060,5.3192002775435725,5.3551870248645406,-3.2798018436662102,-2.7631895858890720,787.1085195153748373,9.2353217042046456,9.3130772838846170,790.3883213590421519,7.0781583359004481,7.2066730960980889,484.9737244441488428,1.2500735961102829,1.8346291200576563,0.2468171518694101,478.3452763026397179,0.2319232713853319,1.1232593561645734,-1.1912910727127701,-6.6284481415093053,-1.0181503247256412,-1.4381082245812782,-3.0190139180846098,-3.6094342234248722,-0.3643229730658141,-0.3573667512427338,0.0906010815267169,511.5770157664799171,4.4402108679136205,4.1303142773032988,4.4909564188790219,26.6032913223303353,3.1901372718040015,4.2441392670100697,9.7690495649520983,16.8342417573789298,1.7915578618897643,1.7577126472732123,498.8749039367020828,5.4760559748208149,4.6315020015787862,6.8267236485484233,13.9011794925519272,4.2259823787178030,6.5799064966799836,11.8084462418263403,2.0927332507245513,-0.0042554376686787,-0.0050186728883430,4.9248074146734133,4.0398695937315017,-2.3426233329634623,7.3654166296154955,2.9166102375649245,0.1116780495568100,-0.3533189067964844,0.4983198341772051,2.8049321880080331,9.3516387409738186,0.8516387409738186,687.9795446844235585,-1.5253789151270443,-0.5687136742289890,689.4228987023711852,-7.7565224808442705,2.9706541994611566,255.9881745737513654,1.4914533637334935,4.4312536078283689,0.0207912546360632,242.4159617914525597,0.4968496722309368,0.5374690706422135,0.4720071886193901,13.5722127822988554,809.6513184528182592,324.6775940086697005,10.3249515061643251,10.8688127136774177,-2.1765989425337997,-2.1632245497237159,46.3539061919684627,3.2487555502413232,3.8086762093447719,2.9950569861166523,1.5269428881959590,-0.6377292000725133,471.0623372615237940,2.6967094910904752,2.5983126220234620,424.7084310695551039,-0.5520460591516164,-1.2103635873216916,0.1944560422230623,424.5139750273328332,-0.0753151169255567,-0.0888232809029372,117.8179460350872603,6.9912366689273364,11.1090592734832629,71.4640398431185133,3.7424811186861833,7.3003830641386855,-3.7173212122783417,75.1813610553967493,-1.7571173871505306,-2.0722656702368876,0.0000000000000000,0.0000000000000000,0.0000000000000000,0.0000000000000000,0.0000000000000000,0.0000000000000000,0.0000000000000000,0.0000000000000000,0.0000000000000000,0.0000000000000000,0.0000000000000000,0.0000000000000000,0.0000000000000000,0.0000000000000000,0.0000000000000000,0.0000000000000000,0.0000000000000000,0.0000000000000000,0.0000000000000000,0.0000000000000000,0.0000000000000000,0.0000000000000000,0.0000000000000000,0.0000000000000000,0.0000000000000000,0.0000000000000000,0.0000000000000000,0.0000000000000000,0.0000000000000000,0.0000000000000000,0.0000000000000000,0.0000000000000000,0.0000000000000000,0.0000000000000000,0.0000000000000000,0.0000000000000000,,,,,,,,,,,,,,,,,,,,,,,,,,,,,,,,,,,,,,,,,,,,,,,,,,,,,,,,,,,,,,,,,,,,,,,,,,,,,,,,,,,,,,,,,,,,,,,,,,,,89.0000000000000000,,,,,,,,,,,,,,,,,,,,,,,,,,,,,,,,,,,,,0.2140703629760962,0.0496034887244663,638.9857889521422294,1064.1325229856324768,2898.9139470460841039,,,,,,,,,,,,,,,,11.7250423943126023,5.2015362784275663,10.5347353625904177,2.4182946057586521,-1.3113085521509480,-1.4757754264025780,1.2994136583857721,3283.0008766484124862,972.4274263475350608
"2022Q3",14.1674571671680880,789.3748923979818528,753.3035708712092173,667.4500790972991808,596.9525246603873256,635.2029124393170605,680.7538744208103481,485.4323817241628944,478.6260911416803765,512.6095943358052409,500.0327794370982701,4.5587473332875863,9.2664748668764378,687.5167930905937510,812.6522771123858320,-2.0334310767402943,47.1026704384976682,1.6176068564803621,-0.5739562800652621,471.7202623106995247,119.1750355968227524,0.1205627461782983,-2.7136444849631900,792.1380819838711886,756.6225662552930089,599.8385525882217735,667.4594842604579981,635.6591557121109872,682.4808901947945969,4.9202283149003945,17.2868488445445827,2.0917757772491217,242.5339635886073495,2.9735887795150417,-7.8322183304269855,13.3394408077169739,-0.0009405163158809,-2.7631895858880160,14.1674571671680880,13.3394408077169739,0.8289568757669934,-0.0009405163158809,0.0681937000097412,-3.3189953840844626,-2.7958428212084563,0.1511842585124493,753.3035708712092173,7.1719263600922387,7.1062378332611198,756.6225662552930089,5.0078036966073078,5.0183325589880958,-2.8860279278328642,-2.5273903565412912,0.1511842585124148,596.9525246603873256,8.2229399794164557,7.1626119452888108,599.8385525882217735,7.0752933140242265,7.2548475158069534,-0.0094051631587987,667.4500790972991808,12.5324853828518545,12.6719465990540172,667.4594842604579981,12.5122281083562612,12.6286636173503872,-0.4562432727944916,0.0532568948103475,-13.4594087988029791,635.2029124393170605,11.5533120799260018,14.2833199960197348,635.6591557121109872,8.5446321599894404,8.8443105428311313,-1.7270157739854577,680.7538744208103481,6.6188328991246390,6.6349111386181034,682.4808901947945969,5.2971910845135541,5.3313784944689147,-2.7631895858880160,-2.2803048186593107,789.3748923979818528,9.0654915304203332,9.2565353843982976,792.1380819838711886,6.9990424993118312,7.1216019680009053,485.4323817241628944,1.8346291200579254,2.3671072527511154,0.9063473071590544,478.6260911416803765,1.1232593561653335,1.9498434025632940,-0.2545357375481077,-6.8062905824828768,-0.7113697638946005,-1.1608830447065841,-3.1048060009336340,-3.7014845815494186,-0.3682014324987721,-0.3619408328579425,0.4813300910501568,512.6095943358052409,4.1303142773042847,3.7767567342075954,4.4511111178378533,27.1772126116416466,2.2956851572463632,3.5447638106792096,9.8903637670977478,17.2868488445445827,1.8104283486625850,1.7799676555076969,500.0327794370982701,4.6315020015783137,3.8604886361134940,5.9407680436970738,14.6003977129341180,2.7968728815281203,5.0344207365386398,12.5086219356838928,2.0917757772491217,-0.0038298939018109,-0.0045168055994990,4.9202283149003945,4.5587473332875863,-1.8816926905093943,7.4000662110396851,2.6089039307223252,-0.2391353979159444,-0.6152906083636979,0.1511842585126216,2.8480393286381998,9.2664748668764378,0.7664748668764385,687.5167930905937510,-1.8510063753199066,-1.1748714796845974,689.0039840036934038,-7.8322183304269855,2.9735887795150417,255.9933723874105738,0.0207912546378346,2.5226577712631308,-1.1681232382571276,242.5339635886073495,0.4720071886193903,0.5105956171100948,0.4484068291884208,13.4594087988031283,812.6522771123858320,327.2198953882233354,10.1692055182147882,10.5090854453641835,-2.1609661214556146,-2.0334310767402943,47.1026704384976682,2.9950569861166549,3.4429935133994474,2.7920981348169178,1.6176068564803621,-0.5739562800652621,471.7202623106995247,2.6317001967034415,2.6676975706073494,424.6175918722016149,-0.3633567894141136,-0.7752959427924081,0.1205627461782983,424.4970291260241311,-0.0677836052330010,-0.0799409528128702,119.1750355968227524,5.4283582469419125,8.4199879862802280,72.0723651583247999,2.4333012608254005,4.9769944728809730,-2.7136444849631900,74.7860096432878834,-1.5814056484354777,-1.8650391032131917,0.0000000000000000,0.0000000000000000,0.0000000000000000,0.0000000000000000,0.0000000000000000,0.0000000000000000,0.0000000000000000,0.0000000000000000,0.0000000000000000,0.0000000000000000,0.0000000000000000,0.0000000000000000,0.0000000000000000,0.0000000000000000,0.0000000000000000,0.0000000000000000,0.0000000000000000,0.0000000000000000,0.0000000000000000,0.0000000000000000,0.0000000000000000,0.0000000000000000,0.0000000000000000,0.0000000000000000,0.0000000000000000,0.0000000000000000,0.0000000000000000,0.0000000000000000,0.0000000000000000,0.0000000000000000,0.0000000000000000,0.0000000000000000,0.0000000000000000,0.0000000000000000,0.0000000000000000,0.0000000000000000,,,,,,,,,,,,,,,,,,,,,,,,,,,,,,,,,,,,,,,,,,,,,,,,,,,,,,,,,,,,,,,,,,,,,,,,,,,,,,,,,,,,,,,,,,,,,,,,,,,,90.0000000000000000,,,,,,,,,,,,,,,,,,,,,,,,,,,,,,,,,,,,,0.3390534740258149,0.2354784553190888,655.2295370990840411,1077.5265653290493901,2979.2278277063551286,,,,,,,,,,,,,,,,10.0413591786319110,5.0033049791238211,10.9311931560902771,3.3132678515116725,-1.5119529012940918,-1.6155279200008179,1.8657016256699430,3383.0155697627023983,967.9378986253416315
"2022Q4",14.1532960722721857,791.5886706757027014,755.0770645172401601,670.5623449022651812,599.0525320989711417,637.8027504501319527,682.3834200499360350,486.0241585373502744,479.1135519923205948,513.5537835193566707,500.9979015961282016,5.0565564171836348,9.1898273801887953,687.0141985979653327,815.7598088282941262,-1.9114252121358779,47.8006949722019385,1.6901380311078844,-0.5165606520587360,472.3572216896781129,120.2499278705691097,0.0747489026305448,-1.9809604740231292,793.8689754943620756,757.8729073384489539,601.5799224555140654,670.5684582583185147,637.7494935553203277,683.7999607825801149,4.9161071251046771,17.7437017912341268,2.0909140511212372,242.6460652959044069,2.9762299015635385,-7.6430939173972874,13.4698159622794353,-0.0006113356053230,-2.2803048186582564,14.1532960722721857,13.4698159622794353,0.6840914455980662,-0.0006113356053230,0.0648819094785685,-2.7958428212090896,-2.3026882776451791,-0.1315466930432347,755.0770645172401601,7.0939745841229147,7.1430676039639858,757.8729073384489539,5.0013643326241031,5.0113667518857490,-2.5273903565412184,-2.1405043941528827,-0.1315466930432541,599.0525320989711417,8.4000297543357618,7.8531964527763387,601.5799224555140654,6.9654794691701731,7.1360559608636542,-0.0061133560532194,670.5623449022651812,12.4490632198640245,12.5793010834537924,670.5684582583185147,12.4358959914421323,12.5511671453462874,0.0532568948108993,0.3787270299917247,-13.0552762819416124,637.8027504501319527,10.3993520432599666,12.4913273359793706,637.7494935553203277,8.3613513728371274,8.6460458365367643,-1.4165407326450132,682.3834200499360350,6.5181825164999365,6.6215883348390703,683.7999607825801149,5.2762823511350367,5.3087603905929441,-2.2803048186582564,-1.8387960806983668,791.5886706757027014,8.8551131108747221,9.1258253337028101,793.8689754943620756,6.9235740419590517,7.0404712792497461,486.0241585373502744,2.3671072527517452,2.8481848753630610,1.5163447284378744,479.1135519923205948,1.9498434025639895,2.6981906165177820,0.6497615058565348,-6.9106065450300713,-0.4172638501891685,-0.8665832225810139,-3.1161989519838773,-3.7944075930463792,-0.3716920459884288,-0.3660575063116329,0.7868114014616799,513.5537835193566707,3.7767567342085724,3.4432647607757767,4.2437866287364150,27.5296249820055010,1.4096494814567808,2.7274419002990831,9.7859231907721380,17.7437017912341268,1.8274117867581237,1.7999971629187372,500.9979015961282016,3.8604886361130291,3.1789016564037214,5.0847535280868312,14.9737430587765292,1.4933813833687903,3.5684087996495872,12.8828290076541965,2.0909140511212372,-0.0034469045116298,-0.0040651250395405,4.9161071251046771,5.0565564171836348,-1.4711058118875444,7.4300708163499136,2.3583658006638895,-0.5272899365699896,-0.8213740732317187,-0.1315466930430689,2.8856557372338019,9.1898273801887953,0.6898273801887962,687.0141985979653327,-2.0103779705144942,-1.6002122800003764,688.5199247058138781,-7.6430939173972874,2.9762299015635385,255.7013415778460796,-1.1681232382568705,0.9004735707862226,-2.0959227173188797,242.6460652959044069,0.4484068291884211,0.4850658362546019,0.4259864877290001,13.0552762819417350,815.7598088282941262,329.7356502909439655,10.0630196108831793,10.2822253615028174,-2.1468965824852480,-1.9114252121358779,47.8006949722019385,2.7920981348169200,3.1504473566431881,2.6297310537771299,1.6901380311078844,-0.5165606520587360,472.3572216896781129,2.5478375159149858,2.6473804053244452,424.5565267174759470,-0.2442606189027138,-0.5030669513190530,0.0747489026305448,424.4817778148462253,-0.0610052447097009,-0.0719468575318213,120.2499278705691097,4.2995690949853547,6.4665966742998879,72.4492328983668870,1.5074709601685872,3.3161493176568775,-1.9809604740231292,74.4301933723898941,-1.4232650835919300,-1.6785351928918852,0.0000000000000000,0.0000000000000000,0.0000000000000000,0.0000000000000000,0.0000000000000000,0.0000000000000000,0.0000000000000000,0.0000000000000000,0.0000000000000000,0.0000000000000000,0.0000000000000000,0.0000000000000000,0.0000000000000000,0.0000000000000000,0.0000000000000000,0.0000000000000000,0.0000000000000000,0.0000000000000000,0.0000000000000000,0.0000000000000000,0.0000000000000000,0.0000000000000000,0.0000000000000000,0.0000000000000000,0.0000000000000000,0.0000000000000000,0.0000000000000000,0.0000000000000000,0.0000000000000000,0.0000000000000000,0.0000000000000000,0.0000000000000000,0.0000000000000000,0.0000000000000000,0.0000000000000000,0.0000000000000000,,,,,,,,,,,,,,,,,,,,,,,,,,,,,,,,,,,,,,,,,,,,,,,,,,,,,,,,,,,,,,,,,,,,,,,,,,,,,,,,,,,,,,,,,,,,,,,,,,,,91.0000000000000000,,,,,,,,,,,,,,,,,,,,,,,,,,,,,,,,,,,,,0.4640365850755654,0.4213534219136866,669.8930945024940229,1090.8869622822819565,3064.0933312417855632,,,,,,,,,,,,,,,,8.8530106578210379,4.9291579678991289,11.2350253125750310,4.0625923104742681,-1.5463413854389287,-1.5890245486008077,2.3799122017003089,3489.7943511309631504,963.0853007144763751
"2023Q1",14.1445569719008812,793.7430728334162495,756.8190307950134184,673.6545663758081446,601.1547071404991129,640.1750292415737249,683.9811022327044157,486.7362047561908298,479.7880996464494388,514.4145997095500888,501.7926270102306034,5.5191283864133425,9.1208446421699172,686.5073328093201326,818.9666407177465999,-1.7967396994077265,48.4581277356462650,1.7481629708099020,-0.4649045868528626,472.9725236900627010,121.1219853181914914,0.0463443196309376,-1.4461011460368847,795.5818689141148070,759.1217190726588342,603.2952115346535038,673.6585400572428171,639.7963022115809508,685.1140655461881579,4.9123980542885315,18.2043760114951638,2.0901384976061435,242.7525619178366014,2.9786069114071854,-7.2448775904670173,13.5933155158345560,-0.0003973681434604,-1.8387960806973120,14.1445569719008812,13.5933155158345560,0.5516388242097835,-0.0003973681434604,0.0615510927058286,-2.3026882776458040,-1.8484086694437025,-0.3547283399670579,756.8190307950134184,6.9678651110921015,7.1051036286713307,759.1217190726588342,4.9952469368400587,5.0047492351385925,-2.1405043941528055,-1.7546346689543177,-0.3547283399670955,601.1547071404991129,8.4087001661117284,8.2067020377615538,603.2952115346535038,6.8611563165588230,7.0232039836675542,-0.0039736814345929,673.6545663758081446,12.3688858941712923,12.4927326978323023,673.6585400572428171,12.3603271956971437,12.4744456380622957,0.3787270299922822,0.5643995426604472,-12.4247989806796522,640.1750292415737249,9.4891151657684816,11.1195325588527325,639.7963022115809508,8.1872346250424304,8.4576943655570815,-1.1329633134849513,683.9811022327044157,6.3907287310698626,6.5512639628839029,685.1140655461881579,5.2564190544254457,5.2872731919107778,-1.8387960806973120,-1.4435326076617570,793.7430728334162495,8.6176086308457585,8.9433837440931576,795.5818689141148070,6.8515736790062549,6.9630871390482447,486.7362047561908298,2.8481848753640189,3.2788150786670345,2.0749987110695280,479.7880996464494388,2.6981906165184926,3.3592672407717372,1.5008041616551999,-6.9481051097416877,-0.1499942588467571,-0.5741945494138067,-3.0599891171633384,-3.8881159925785154,-0.3748335981291319,-0.3697625124199552,1.0139229315780047,514.4145997095500888,3.4432647607766600,3.1761001335844967,3.9476366600481465,27.6783949533585272,0.5950798854132106,1.8726379489792533,9.4740189418640544,18.2043760114951638,1.8426968810441084,1.8180237195886695,501.7926270102306034,3.1789016564032542,2.5964460972688523,4.2867370672349878,15.0564222540385373,0.3307167810474281,2.2117383561658959,12.9662837564312952,2.0901384976061435,-0.0031022140604668,-0.0036586125355805,4.9123980542885315,5.5191283864133425,-1.1097110961342271,7.4559539440561364,2.1598611456396073,-0.7585283422573247,-0.9755729821366761,-0.3547283399668909,2.9183894878968730,9.1208446421699172,0.6208446421699180,686.5073328093201326,-2.0274631545820170,-1.8535566038841416,688.0097760443401285,-7.2448775904670173,2.9786069114071854,255.1773608985164685,-2.0959227173178969,-0.4379503343008744,-2.7867234839130424,242.7525619178366014,0.4259864877290003,0.4608125444418751,0.4046871633425503,12.4247989806796557,818.9666407177465999,332.2304359615560543,9.9791426824489644,10.1340798294274439,-2.1342339974119180,-1.7967396994077265,48.4581277356462650,2.6297310537771317,2.9164104312381731,2.4998373889452994,1.7481629708099020,-0.4649045868528626,472.9725236900627010,2.4612080015388607,2.5843638013116150,424.5143959544162158,-0.1685230522390899,-0.3320466299268759,0.0463443196309376,424.4680516347860930,-0.0549047202387308,-0.0647521717788716,121.1219853181914914,3.4882297904894548,5.0518484503359051,72.6638575825449351,0.8584987367124911,2.1354380190979012,-1.4461011460368847,74.1099587285817165,-1.2809385752327371,-1.5106816736026896,0.0000000000000000,0.0000000000000000,0.0000000000000000,0.0000000000000000,0.0000000000000000,0.0000000000000000,0.0000000000000000,0.0000000000000000,0.0000000000000000,0.0000000000000000,0.0000000000000000,0.0000000000000000,0.0000000000000000,0.0000000000000000,0.0000000000000000,0.0000000000000000,0.0000000000000000,0.0000000000000000,0.0000000000000000,0.0000000000000000,0.0000000000000000,0.0000000000000000,0.0000000000000000,0.0000000000000000,0.0000000000000000,0.0000000000000000,0.0000000000000000,0.0000000000000000,0.0000000000000000,0.0000000000000000,0.0000000000000000,0.0000000000000000,0.0000000000000000,0.0000000000000000,0.0000000000000000,0.0000000000000000,,,,,,,,,,,,,,,,,,,,,,,,,,,,,,,,,,,,,,,,,,,,,,,,,,,,,,,,,,,,,,,,,,,,,,,,,,,,,,,,,,,,,,,,,,,,,,,,,,,,92.0000000000000000,,,,,,,,,,,,,,,,,,,,,,,,,,,,,,,,,,,,,0.4598482181571573,1.1118943894473510,683.2917239181133482,1105.9215752411814719,3151.6532648542543029,,,,,,,,,,,,,,,,7.9215002293436214,5.4751599659351964,11.2701796548227193,4.4612221498634552,-1.5676149364248597,-0.9155687651346660,2.6525710239769609,3603.5199375466931997,958.2161013871334490
"2023Q2",14.1428305359375344,795.8340540712085840,758.5206692559263502,676.7273356862876881,603.2310891960922845,642.3661576829018713,685.5430453021699577,487.5559085258573191,480.6279164566418558,515.2086247429456307,502.4417385345493585,5.9387238456942697,9.0587601779529265,686.0255094012979953,822.2614719054765828,-1.6889353174432640,49.0830870828826349,1.7945829225715162,-0.4184141281675764,473.5675186337851414,121.8491807954304562,0.0287334781711812,-1.0556538366069261,797.2775866788704207,760.3690779253699930,604.9857238650478166,676.7299185792202252,641.8017581402402811,686.4234527768277303,4.9090598905540004,18.6684893779705448,2.0894404994425622,242.8537337086721948,2.9807462202664676,-6.6882221314313339,13.7100290429319802,-0.0002582892932497,-1.4435326076607093,14.1428305359375344,13.7100290429319802,0.4330597822987994,-0.0002582892932497,0.0582276189020859,-1.8484086694443267,-1.4390394587807567,-0.5228468387293552,758.5206692559263502,6.8065538436496071,7.0100799747406919,760.3690779253699930,4.9894354108452159,4.9984625942287719,-1.7546346689542507,-1.3890723723801479,-0.5228468387293876,603.2310891960922845,8.3055282223710236,8.3342995305585621,604.9857238650478166,6.7620493215780408,6.9159946053312753,-0.0025828929324857,676.7273356862876881,12.2910772419176499,12.4103779347016641,676.7299185792202252,12.2855140879096059,12.3984913458510597,0.5643995426610255,0.6444841553087957,-11.6269463188656985,642.3661576829018713,8.7645137653139429,10.0515732635654089,641.8017581402402811,8.0218237146374687,8.2787604681263431,-0.8804074746584419,685.5430453021699577,6.2477722778603333,6.4438791061412335,686.4234527768277303,5.2375489225513343,5.2668603531627491,-1.4435326076607093,-1.0970629649897725,795.8340540712085840,8.3639249511605875,8.7255345558319561,797.2775866788704207,6.7828710590181167,6.8892653198277607,487.5559085258573191,3.2788150786675199,3.6600352907818596,2.5821840817087915,480.6279164566418558,3.3592672407724637,3.9281477051297951,2.2826401540021428,-6.9279920692157884,0.0804521621032687,-0.2995439277065988,-2.9454608278736631,-3.9825312413423077,-0.3776609950557565,-0.3730970179174411,1.1705631776445351,515.2086247429456307,3.1761001335854351,3.0040908713479739,3.6316089764662252,27.6527162170877041,-0.1027149450822141,1.0494248947577025,8.9842268391178397,18.6684893779705448,1.8564534659014948,1.8342476205916041,502.4417385345493585,2.5964460972683781,2.1176646924067493,3.5668345978468827,14.8858300086907906,-0.6823689813915778,0.9846505161385990,12.7963895092472537,2.0894404994425622,-0.0027919926544201,-0.0032927512820158,4.9090598905540004,5.9387238456942697,-0.7961963679391194,7.4781837927724197,2.0105761405624749,-0.9362087567119007,-1.0816070166819847,-0.5228468387291862,2.9467848972743136,9.0587601779529265,0.5587601779529274,686.0255094012979953,-1.9272936320904641,-1.9540352831249768,687.5065902018468478,-6.6882221314313339,2.9807462202664676,254.4806800275380567,-2.7867234839128292,-1.5074945462124363,-3.2663703992105804,242.8537337086721948,0.4046871633425505,0.4377719172197875,0.3844528051754231,11.6269463188657820,822.2614719054765828,334.7055633796196048,9.9005096722544010,10.0279693709499131,-2.1228376708459211,-1.6889353174432640,49.0830870828826349,2.4998373889453012,2.7291808909141686,2.3959224570798350,1.7945829225715162,-0.4184141281675764,473.5675186337851414,2.3799797748904759,2.5051813722615792,424.4844315509022863,-0.1198576140556756,-0.2239995186529287,0.0287334781711812,424.4556980727319342,-0.0494142482148577,-0.0582769546011771,121.8491807954304562,2.9087819089558056,4.0312347603430059,72.7660937125475300,0.4089445200106975,1.3020538694290134,-1.0556538366069261,73.8217475491543524,-1.1528447177094636,-1.3596135062424248,0.0000000000000000,0.0000000000000000,0.0000000000000000,0.0000000000000000,0.0000000000000000,0.0000000000000000,0.0000000000000000,0.0000000000000000,0.0000000000000000,0.0000000000000000,0.0000000000000000,0.0000000000000000,0.0000000000000000,0.0000000000000000,0.0000000000000000,0.0000000000000000,0.0000000000000000,0.0000000000000000,0.0000000000000000,0.0000000000000000,0.0000000000000000,0.0000000000000000,0.0000000000000000,0.0000000000000000,0.0000000000000000,0.0000000000000000,0.0000000000000000,0.0000000000000000,0.0000000000000000,0.0000000000000000,0.0000000000000000,0.0000000000000000,0.0000000000000000,0.0000000000000000,0.0000000000000000,0.0000000000000000,,,,,,,,,,,,,,,,,,,,,,,,,,,,,,,,,,,,,,,,,,,,,,,,,,,,,,,,,,,,,,,,,,,,,,,,,,,,,,,,,,,,,,,,,,,,,,,,,,,,93.0000000000000000,,,,,,,,,,,,,,,,,,,,,,,,,,,,,,,,,,,,,0.6690017306582610,0.9646802667682888,696.2351374501236023,1120.6309662550322628,3244.0165965373921608,,,,,,,,,,,,,,,,7.5062218638817395,5.2851589125381579,11.5540364689951005,5.0965701260916756,-1.2582919014322032,-0.9626133653221753,3.1901115178345121,3724.2274713166561924,953.6102967441173632
"2023Q3",14.1490080716021556,797.8598497932812279,760.1760170818763527,679.7811019766140817,605.2636259117526834,644.4124131329883767,687.0675002683118464,488.4709173485525753,481.6099533829239476,515.9596474607822074,502.9711547076525449,6.3114338201849680,9.0028841601576346,685.5919731135073789,825.6307867687628459,-1.5875991983966691,49.6820676971526467,1.8317188839808076,-0.3765727153508188,474.1444623205013045,122.4737978840997243,0.0178147564661323,-0.7706273007230563,798.9569127582710735,761.6150565406574060,606.6526982841342033,679.7827808570202706,643.7679289776784799,687.7283583511472216,4.9060555431929220,19.1356979760388377,2.0888123010953401,242.9498469099659985,2.9826715982398215,-6.0183622767184808,13.8200570701455554,-0.0001678880406127,-1.0970629649887167,14.1490080716021556,13.8200570701455554,0.3291188894972039,-0.0001678880406127,0.0549300695864798,-1.4390394587813775,-1.0781311221548773,-0.6408003106113715,760.1760170818763527,6.6213913037994709,6.8724462106672073,761.6150565406574060,4.9839144611501158,4.9924902853644424,-1.3890723723800784,-1.0559868692304606,-0.6408003106114049,605.2636259117526834,8.1301468626405295,8.3111012513647395,606.6526982841342033,6.6678976763462972,6.8141456959118170,-0.0016788804061160,679.7811019766140817,12.2150651613048389,12.3310228793150642,679.7827808570202706,12.2114491111999435,12.3232965965620203,0.6444841553093799,0.6460018369359233,-10.7142405177692694,644.4124131329883767,8.1850218003470978,9.2095006936706554,643.7679289776784799,7.8646833497527560,8.1087732655672156,-0.6608580828363112,687.0675002683118464,6.0978198645647153,6.3136258475010241,687.7283583511472216,5.2196222972709281,5.2474681563521504,-1.0970629649887167,-0.7999957847663280,797.8598497932812279,8.1031828882820456,8.4849573952975845,798.9569127582710735,6.7173043175982352,6.8188307743993768,488.4709173485525753,3.6600352907823517,3.9929700080555803,3.0385356243899393,481.6099533829239476,3.9281477051305118,4.4035740297654069,2.9838622412434050,-6.8609639656290486,0.2681124143466157,-0.0546733831462770,-2.7833813112146402,-4.0775826544145906,-0.3802056522897190,-0.3760980728651779,1.2651977315628458,515.9596474607822074,3.0040908713490246,2.9404168768482344,3.3500531249772503,27.4887301122288754,-0.6559444194341303,0.3115175005876512,8.3530321361908015,19.1356979760388377,1.8688343922731425,1.8488491314942441,502.9711547076525449,2.1176646924062918,1.7428619189026806,2.9383752705538799,14.5002373590987919,-1.5423705983685789,-0.1001603538355883,12.4114250580024255,2.0888123010953401,-0.0025127933889781,-0.0029634761538078,4.9060555431929220,6.3114338201849680,-0.5290073230827405,7.4971789387087222,1.9078597904175738,-1.0634692573881501,-1.1436844707687059,-0.6408003106112024,2.9713290478056544,9.0028841601576346,0.5028841601576358,685.5919731135073789,-1.7341451511644721,-1.9248199770857846,687.0372882293864905,-6.0183622767184808,2.9826715982398215,253.6640874277355806,-3.2663703992097610,-2.3292849596741765,-3.5613815369314352,242.9498469099659985,0.3844528051754232,0.4158833213588015,0.3652301649166522,10.7142405177693849,825.6307867687628459,337.1598694202107254,9.8172241623648731,9.9399740319875143,-2.1125809769365236,-1.5875991983966691,49.6820676971526467,2.3959224570798363,2.5793972586549674,2.3127905115874636,1.8317188839808076,-0.3765727153508188,474.1444623205013045,2.3077747468651433,2.4242000098020116,424.4623946233484730,-0.0881477102154331,-0.1551972488533099,0.0178147564661323,424.4445798668831458,-0.0444728233933720,-0.0524492591412634,122.4737978840997243,2.4984683546769459,3.2987622872767672,72.7917301869467792,0.1025458975972411,0.7193650286219757,-0.7706273007230563,73.5623574876697290,-1.0375602459385174,-1.2236521556181823,0.0000000000000000,0.0000000000000000,0.0000000000000000,0.0000000000000000,0.0000000000000000,0.0000000000000000,0.0000000000000000,0.0000000000000000,0.0000000000000000,0.0000000000000000,0.0000000000000000,0.0000000000000000,0.0000000000000000,0.0000000000000000,0.0000000000000000,0.0000000000000000,0.0000000000000000,0.0000000000000000,0.0000000000000000,0.0000000000000000,0.0000000000000000,0.0000000000000000,0.0000000000000000,0.0000000000000000,0.0000000000000000,0.0000000000000000,0.0000000000000000,0.0000000000000000,0.0000000000000000,0.0000000000000000,0.0000000000000000,0.0000000000000000,0.0000000000000000,0.0000000000000000,0.0000000000000000,0.0000000000000000,,,,,,,,,,,,,,,,,,,,,,,,,,,,,,,,,,,,,,,,,,,,,,,,,,,,,,,,,,,,,,,,,,,,,,,,,,,,,,,,,,,,,,,,,,,,,,,,,,,,94.0000000000000000,,,,,,,,,,,,,,,,,,,,,,,,,,,,,,,,,,,,,0.8781552431594299,0.8174661440891887,709.1095472901051835,1135.2407483783360931,3340.9854707220974888,,,,,,,,,,,,,,,,7.3290318923420559,5.1811408574894315,11.7814249087854694,5.6214842755784815,-0.8559899080050422,-0.9166790070752834,3.6782420205034243,3851.8462881195191585,949.4849988566576258
"2023Q4",14.1633993379335408,799.8205968868415994,761.7815928082371784,682.8162207808205721,607.2413248182461984,646.3427808153934393,688.5543369474580686,489.4691598505663137,482.7108468903647918,516.6947516799937148,503.4068701873796954,6.6358118183611170,8.9525957441418722,685.2243236088183949,829.0601125629510761,-1.4923432464928699,50.2602653250495592,1.8614276531082408,-0.3389154438157371,474.7058839556771659,123.0266138278556980,0.0110451490090020,-0.5625579295278312,800.6205926716078238,762.8597239303921924,608.2973116874779862,682.8173120530846063,645.6967789784565639,689.0290063519626074,4.9033516305679523,19.6056922825407511,2.0882469225828428,243.0411544511950979,2.9844044384158401,-5.2750007939221870,13.9235097297297692,-0.0001091272263987,-0.7999957847652817,14.1633993379335408,13.9235097297297692,0.2399987354301715,-0.0001091272263987,0.0516717661789053,-1.0781311221555097,-0.7670938285554931,-0.7140737839284699,761.7815928082371784,6.4223029054422103,6.7045282909969766,762.8597239303921924,4.9786695589397709,4.9868165919432839,-1.0559868692303966,-0.7623925499923772,-0.7140737839284946,607.2413248182461984,7.9107956259728773,8.1887927192745522,608.2973116874779862,6.5784536133761407,6.7173892319633088,-0.0010912722639757,682.8162207808205721,12.1404752168254984,12.2538758785555544,682.8173120530846063,12.1381247842573767,12.2488537947658394,0.6460018369364970,0.5906289078306325,-9.7325875923072740,646.3427808153934393,7.7214707296222205,8.5400303652611669,645.6967789784565639,7.7154000031122782,7.9472854231359600,-0.4746694045056057,688.5543369474580686,5.9473467165814711,6.1709168975215594,689.0290063519626074,5.2025920032545425,5.2290455693820181,-0.7999957847652817,-0.5513417227835292,799.8205968868415994,7.8429883742321236,8.2319262111374485,800.6205926716078238,6.6547196533425108,6.7516171772451266,489.4691598505663137,3.9929700080563606,4.2789274551118996,3.4450013132165251,482.7108468903647918,4.4035740297661059,4.7874397392779171,3.5972948980440878,-6.7583129602018142,0.4106040217086136,0.1522935848281521,-2.5851063448375013,-4.1732066153645171,-0.3824958438002868,-0.3787990223181438,1.3065208906491992,516.6947516799937148,2.9404168768492758,2.9854001003801223,3.1409681606375557,27.2255918294268291,-1.0525531312070389,-0.3040331525783205,7.6198995468867876,19.6056922825407511,1.8799772260076255,1.8619904913066134,503.4068701873796954,1.7428619189022443,1.4689392494648594,2.4089685912512118,13.9377103368121968,-2.2501080891472149,-1.0360327219646068,11.8494634142282607,2.0882469225828428,-0.0022615140500803,-0.0026671285384212,4.9033516305679523,6.6358118183611170,-0.3062514582424269,7.5133134380384474,1.8483720790812159,-1.1440855721897738,-1.1666695280700492,-0.7140737839282980,2.9924576512709220,8.9525957441418722,0.4525957441418734,685.2243236088183949,-1.4705980187574892,-1.7898749891462353,686.6229192343184877,-5.2750007939221870,2.9844044384158401,252.7737420435027218,-3.5613815369310768,-2.9275995343425416,-3.6982201256381906,243.0411544511950979,0.3652301649166523,0.3950891552908434,0.3469686566708198,9.7325875923074143,829.0601125629510761,339.5909527123852740,9.7243331686986778,9.8553024214413796,-2.1033499524180659,-1.4923432464928699,50.2602653250495592,2.3127905115874645,2.4595703528476096,2.2462849551935657,1.8614276531082408,-0.3389154438157371,474.7058839556771659,2.2456865407040318,2.3486622659992280,424.4456186306273366,-0.0671039708844028,-0.1109080868487216,0.0110451490090020,424.4345734816191680,-0.0400255410540348,-0.0472043332273354,123.0266138278556980,2.2112637750238262,2.7766859572863978,72.7663485028058545,-0.1015267365634526,0.3171156044389496,-0.5625579295278312,73.3289064323335680,-0.9338042213446658,-1.1012869400563541,0.0000000000000000,0.0000000000000000,0.0000000000000000,0.0000000000000000,0.0000000000000000,0.0000000000000000,0.0000000000000000,0.0000000000000000,0.0000000000000000,0.0000000000000000,0.0000000000000000,0.0000000000000000,0.0000000000000000,0.0000000000000000,0.0000000000000000,0.0000000000000000,0.0000000000000000,0.0000000000000000,0.0000000000000000,0.0000000000000000,0.0000000000000000,0.0000000000000000,0.0000000000000000,0.0000000000000000,0.0000000000000000,0.0000000000000000,0.0000000000000000,0.0000000000000000,0.0000000000000000,0.0000000000000000,0.0000000000000000,0.0000000000000000,0.0000000000000000,0.0000000000000000,0.0000000000000000,0.0000000000000000,,,,,,,,,,,,,,,,,,,,,,,,,,,,,,,,,,,,,,,,,,,,,,,,,,,,,,,,,,,,,,,,,,,,,,,,,,,,,,,,,,,,,,,,,,,,,,,,,,,,95.0000000000000000,,,,,,,,,,,,,,,,,,,,,,,,,,,,,,,,,,,,,1.0873087556605818,0.6702520214100729,722.2385441179563941,1149.9428475381992030,3442.3986249272115856,,,,,,,,,,,,,,,,7.3381814665253131,5.1470007192340548,11.9610754025636368,6.0472482960865515,-0.3832892630969074,-0.8003459973474163,4.1180870283315132,3986.2296992972196676,946.0006310165558716
"2024Q1",14.1858371049407079,801.7179936800735049,763.3360518272960462,685.8329861512589787,609.1582895758726863,648.1808030922392163,690.0046534134989997,490.5388917143440040,483.9077068251838227,517.4411017050883856,503.7741049997474079,6.9121252525921042,8.9073361697276869,684.9350572734294929,832.5348950655177305,-1.4028026517032985,50.8218365638480023,1.8851946684101875,-0.3050238994341635,475.2542522911145397,123.5299697578241052,0.0068479923855812,-0.4106672885553169,802.2693354028568820,764.1031456558521313,609.9206821258663922,685.8336954782306520,647.5901741844074877,690.3256096579490304,4.9009181092054792,20.0781937266329251,2.0877380819215969,243.1278966153627437,2.9859639945742567,-4.4923426988353654,14.0205055208025282,-0.0000709326971596,-0.5513417227824710,14.1858371049407079,14.0205055208025282,0.1654025168353288,-0.0000709326971596,0.0484624291877980,-0.7670938285561216,-0.5055392876702688,-0.7486270308613474,763.3360518272960462,6.2178360762356908,6.5170210322826998,764.1031456558521313,4.9736869018399430,4.9814265831933415,-0.7623925499923068,-0.5115453109653574,-0.7486270308613764,609.1582895758726863,7.6678590305049035,8.0035824353731808,609.9206821258663922,6.4934817535544926,6.6254705912122764,-0.0007093269715845,685.8329861512589787,12.0670614817531803,12.1784197754509975,685.8336954782306520,12.0655337005842362,12.1751554209875827,0.5906289078312106,0.4959119104531582,-8.7212903967300228,648.1808030922392163,7.3520891073847023,8.0057738506650544,647.5901741844074877,7.5735808238038249,7.7938719728262607,-0.3209562444510335,690.0046534134989997,5.8012658641607269,6.0235511807938824,690.3256096579490304,5.1864132239389757,5.2115441117603991,-0.5513417227824710,-0.3488320602973027,801.7179936800735049,7.5895871729182733,7.9749208466555750,802.2693354028568820,6.5949709249918032,6.6874664887414532,490.5388917143440040,4.2789274551123055,4.5195213365094959,3.8026869581535467,483.9077068251838227,4.7874397392786081,5.0842294140511859,4.1196071787342179,-6.6311848891605685,0.5085122841646925,0.3169202205810205,-2.3618390197564403,-4.2693458694043196,-0.3845570161597949,-0.3812298768258101,1.3031847011199496,517.4411017050883856,2.9854001003811597,3.1297076547692835,3.0265019955388084,26.9022099907435432,-1.2935273547320187,-0.7761849626146394,6.8240162641113207,20.0781937266329251,1.8900057763686602,1.8738177151377504,503.7741049997474079,1.4689392494644171,1.2901466314703551,1.9814779895165779,13.2352132854022297,-2.8099882056402521,-1.8212089686365760,11.1474752034795905,2.0877380819215969,-0.0020353626450723,-0.0024004156845721,4.9009181092054792,6.9121252525921042,-0.1256237276224896,7.5269214120229249,1.8278958385389499,-1.1826644804385078,-1.1559632005887424,-0.7486270308611799,3.0105603189773720,8.9073361697276869,0.4073361697276872,684.9350572734294929,-1.1570653415576779,-1.5722755358900493,686.2791182601504261,-4.4923426988353654,2.9859639945742567,251.8491870120929832,-3.6982201256381027,-3.3281738864225829,-3.7027266965672840,243.1278966153627437,0.3469686566708199,0.3753346975262947,0.3296202238372790,8.7212903967300992,832.5348950655177305,341.9960033511739539,9.6202025551551085,9.7655673896179156,-2.0950420303514541,-1.4028026517032985,50.8218365638480023,2.2462849551935671,2.3637088282017262,2.1930805100784481,1.8851946684101875,-0.3050238994341635,475.2542522911145397,2.1934733417500301,2.2817286010520128,424.4324157272662887,-0.0528116134440993,-0.0819802271500383,0.0068479923855812,424.4255677348815539,-0.0360229869486313,-0.0424838999048172,123.5299697578241052,2.0134237198735399,2.4079844396324233,72.7081331939758115,-0.2328612353198902,0.0442756114308584,-0.4106672885553169,73.1188004825310145,-0.8404237992101994,-0.9911582460507299,0.0000000000000000,0.0000000000000000,0.0000000000000000,0.0000000000000000,0.0000000000000000,0.0000000000000000,0.0000000000000000,0.0000000000000000,0.0000000000000000,0.0000000000000000,0.0000000000000000,0.0000000000000000,0.0000000000000000,0.0000000000000000,0.0000000000000000,0.0000000000000000,0.0000000000000000,0.0000000000000000,0.0000000000000000,0.0000000000000000,0.0000000000000000,0.0000000000000000,0.0000000000000000,0.0000000000000000,0.0000000000000000,0.0000000000000000,0.0000000000000000,0.0000000000000000,0.0000000000000000,0.0000000000000000,0.0000000000000000,0.0000000000000000,0.0000000000000000,0.0000000000000000,0.0000000000000000,0.0000000000000000,,,,,,,,,,,,,,,,,,,,,,,,,,,,,,,,,,,,,,,,,,,,,,,,,,,,,,,,,,,,,,,,,,,,,,,,,,,,,,,,,,,,,,,,,,,,,,,,,,,,96.0000000000000000,,,,,,,,,,,,,,,,,,,,,,,,,,,,,,,,,,,,,1.6302483010138664,0.2436275775140174,736.5069394126562656,1164.0808592400312591,3549.7591467618321985,,,,,,,,,,,,,,,,7.8252720668408910,4.8878281001170665,12.2845008450805331,6.5042268347505772,0.4731829594561885,-0.9134377640436606,4.6949136721622606,4127.1771383664554378,943.2681236757372290
"2024Q2",14.2157736825011192,803.5549831597413686,764.8398447125799748,688.8316515476360564,611.0123264365799969,649.9457992457267892,691.4204613087649705,491.6687720484711122,485.1787641786962126,518.2235286187805059,504.0966416576166012,7.1419120645756964,8.8666025527549195,684.7321628252802839,836.0411104668936559,-1.3186344926011015,51.3701066913676669,1.9042082806517446,-0.2745215094907472,475.7918150094637895,124.0000246984314032,0.0042457552790603,-0.2997871206453814,803.9038152200389504,765.3453840002507604,611.5238717475471049,688.8321126101676555,649.4498873352727060,691.6183705038480412,4.8987279399792536,20.5529515945563297,2.0872801253264779,243.2103016713220143,2.9873675951168317,-3.6992379975620784,14.1111701706647921,-0.0000461062531542,-0.3488320602962489,14.2157736825011192,14.1111701706647921,0.1046496180894609,-0.0000461062531542,0.0453092718045546,-0.5055392876708958,-0.2916174255438368,-0.7506668307751282,764.8398447125799748,6.0151715411362270,6.3191754566534692,765.3453840002507604,4.9689533775951062,4.9763060748808119,-0.5115453109652780,-0.3039648856466707,-0.7506668307751510,611.0123264365799969,7.4161474428298693,7.7812372404874335,611.5238717475471049,6.4127584867239271,6.5381478824986772,-0.0004610625315302,688.8316515476360564,11.9946615855076271,12.1043158613485318,688.8321126101676555,11.9936685277478272,12.1021940309471780,0.4959119104537779,0.3760853043638058,-7.7132036666289903,649.9457992457267892,7.0599846139526212,7.5796415628243672,649.4498873352727060,7.4388526034607940,7.6481291950321486,-0.1979091950841771,691.4204613087649705,5.6632315810606171,5.8774160065946521,691.6183705038480412,5.1710433835891871,5.1949177270198375,-0.3488320602962489,-0.1892174954659995,803.5549831597413686,7.3479579186635986,7.7209290885313306,803.9038152200389504,6.5379192687239360,6.6262285411680226,491.6687720484711122,4.5195213365102580,4.7167740807629519,4.1128635226142798,485.1787641786962126,5.0842294140518849,5.3004453393609214,4.5508477220542476,-6.4900078697754111,0.5647080775402410,0.4379841994402840,-2.1240589825505820,-4.3659488872250130,-0.3864120712833531,-0.3834176458827110,1.2635750850887302,518.2235286187805059,3.1297076547703493,3.3575352033474601,3.0149038758351594,26.5547565703083635,-1.3898136817395941,-1.0979596467789958,6.0018049757527363,20.5529515945563297,1.8990314716935914,1.8844622165857741,504.0966416576166012,1.2901466314699104,1.1987540649794837,1.6549031230669016,12.4278696091440892,-3.2293747050331802,-2.4579603995469106,10.3405894838164460,2.0872801253264779,-0.0018318263805650,-0.0021603741161099,4.8987279399792536,7.1419120645756964,0.0156274794749881,7.5383011669672602,1.8414667252128163,-1.1845185730587628,-1.1172693835297420,-0.7506668307749530,3.0259852982714994,8.8666025527549195,0.3666025527549195,684.7321628252802839,-0.8115777925983090,-1.2933465760171197,686.0166619237227223,-3.6992379975620784,2.9873675951168317,250.9235053379512124,-3.7027266965664718,-3.5571746895859979,-3.5996444902377451,243.2103016713220143,0.3296202238372792,0.3565679626499719,0.3131392126454153,7.7132036666290631,836.0411104668936559,344.3723384184228848,9.5053402689961306,9.6667750388032978,-2.0875649004915036,-1.3186344926011015,51.3701066913676669,2.1930805100784490,2.2870196084850205,2.1505169539863536,1.9042082806517446,-0.2745215094907472,475.7918150094637895,2.1502508733975110,2.2242963756788221,424.4217083180959094,-0.0428296366816751,-0.0627232328065452,0.0042457552790603,424.4174625628176614,-0.0324206882537682,-0.0382355099145509,124.0000246984314032,1.8802197624291641,2.1508439030007565,72.6299180070634520,-0.3128607476491521,-0.1361757054840961,-0.2997871206453814,72.9297051277087149,-0.7563814192891796,-0.8920424214456654,0.0000000000000000,0.0000000000000000,0.0000000000000000,0.0000000000000000,0.0000000000000000,0.0000000000000000,0.0000000000000000,0.0000000000000000,0.0000000000000000,0.0000000000000000,0.0000000000000000,0.0000000000000000,0.0000000000000000,0.0000000000000000,0.0000000000000000,0.0000000000000000,0.0000000000000000,0.0000000000000000,0.0000000000000000,0.0000000000000000,0.0000000000000000,0.0000000000000000,0.0000000000000000,0.0000000000000000,0.0000000000000000,0.0000000000000000,0.0000000000000000,0.0000000000000000,0.0000000000000000,0.0000000000000000,0.0000000000000000,0.0000000000000000,0.0000000000000000,0.0000000000000000,0.0000000000000000,0.0000000000000000,,,,,,,,,,,,,,,,,,,,,,,,,,,,,,,,,,,,,,,,,,,,,,,,,,,,,,,,,,,,,,,,,,,,,,,,,,,,,,,,,,,,,,,,,,,,,,,,,,,,97.0000000000000000,,,,,,,,,,,,,,,,,,,,,,,,,,,,,,,,,,,,,1.6172874389836760,0.2744179292395115,751.1331204592281665,1179.0947616138889771,3660.3384121440676608,,,,,,,,,,,,,,,,7.8656942603379880,5.1260717177018194,12.2703401080971055,6.6866704221684250,0.8057096463853670,-0.5371598633587975,4.9223821894335069,4274.4516522701424037,941.3562252454016743
"2024Q3",14.2523708689132551,805.3354559082185915,766.2948807070970361,691.8124434211821381,612.8039247077074378,651.6536878381709812,692.8044240916586887,492.8479655686617775,486.5038755135358883,519.0629124196166231,504.3963301738629639,7.3276832205957474,8.8299422974794268,684.6197337990639653,839.5656916821499181,-1.2395164230450362,51.9077359298643017,1.9194191704449901,-0.2470693585416726,476.3205362060967900,124.4484106401622370,0.0026323682730174,-0.2188445980711285,805.5246734036845737,766.5864981326412817,613.1078895933555941,691.8127431118276718,651.2776025338064301,692.9074810126639932,4.8967567876756499,21.0297402439278436,2.0868679643908723,243.2885864744833100,2.9886308356051492,-2.9194114670562890,14.1956355893377228,-0.0000299690645507,-0.1892174954649427,14.2523708689132551,14.1956355893377228,0.0567652486400688,-0.0000299690645507,0.0422177248041883,-0.2916174255444663,-0.1223410692832931,-0.7263949767933860,766.2948807070970361,5.8201439780681481,6.1188636252208690,766.5864981326412817,4.9644565295625114,4.9714415919839201,-0.3039648856466043,-0.1382053025113247,-0.7263949767934154,612.8039247077074378,7.1663930845091075,7.5402987959543637,613.1078895933555941,6.3360713832348896,6.4551913092207798,-0.0002996906454949,691.8124434211821381,11.9231674941835468,12.0313414445681062,691.8127431118276718,11.9225220066397828,12.0299622548071490,0.3760853043643835,0.2426410067151896,-6.7350077409080775,651.6536878381709812,6.8315543697797487,7.2412747051822803,651.2776025338064301,7.3108607941349151,7.5096735561276740,-0.1030569210057617,692.8044240916586887,5.5358511315737688,5.7369238233463671,692.9074810126639932,5.1564420352568883,5.1791226615162991,-0.1892174954649427,-0.0685452731831229,805.3354559082185915,7.1218909938997159,7.4756061149357951,805.5246734036845737,6.4834327345781180,6.5677606454129931,492.8479655686617775,4.7167740807642362,4.8731778169169102,4.3770482201096890,486.5038755135358883,5.3004453393616142,5.4440489781105850,4.8939221306119460,-6.3440900551261885,0.5836712585965631,0.5168739105027518,-1.8811207626778768,-4.4629692924485065,-0.3880816208945577,-0.3853866380339200,1.1956275518096753,519.0629124196166231,3.3575352033483981,3.6494824953416583,3.1032649588349277,26.2149468509543730,-1.3592388774147974,-1.2737832612741504,5.1852066070272436,21.0297402439278436,1.9071545974860296,1.8940422678889950,504.3963301738629639,1.1987540649790323,1.1856462139012161,1.4251754662100768,11.5483646051999287,-3.5180200157770161,-2.9518727538990679,9.4614966408080186,2.0868679643908723,-0.0016486437425085,-0.0019443367044922,4.8967567876756499,7.3276832205957474,0.1206884569760769,7.5477188958575772,1.8836342424832024,-1.1554094865934976,-1.0563372742725121,-0.7263949767932115,3.0390437290766212,8.8299422974794268,0.3299422974794285,684.6197337990639653,-0.4497161048669720,-0.9722393144429342,685.8420659432475759,-2.9194114670562890,2.9886308356051492,250.0235942153917676,-3.5996444902373459,-3.6404932123429377,-3.4122176032608946,243.2885864744833100,0.3131392126454154,0.3387395645174638,0.2974822520131447,6.7350077409082170,839.5656916821499181,346.7177261134885384,9.3815507802630727,9.5578566932778877,-2.0808354836175478,-1.2395164230450362,51.9077359298643017,2.1505169539863545,2.2256682327116435,2.1164661091126780,1.9194191704449901,-0.2470693585416726,476.3205362060967900,2.1148847865327882,2.1760738855957165,424.4128002762323035,-0.0356321674545329,-0.0495943471163378,0.0026323682730174,424.4101679079601013,-0.0291786194283913,-0.0344119589233225,124.4484106401622370,1.7935437669232754,1.9746127560623221,72.5406747102976510,-0.3569731870630057,-0.2510554766491463,-0.2188445980711285,72.7595193083686524,-0.6807432773602617,-0.8028381793011045,0.0000000000000000,0.0000000000000000,0.0000000000000000,0.0000000000000000,0.0000000000000000,0.0000000000000000,0.0000000000000000,0.0000000000000000,0.0000000000000000,0.0000000000000000,0.0000000000000000,0.0000000000000000,0.0000000000000000,0.0000000000000000,0.0000000000000000,0.0000000000000000,0.0000000000000000,0.0000000000000000,0.0000000000000000,0.0000000000000000,0.0000000000000000,0.0000000000000000,0.0000000000000000,0.0000000000000000,0.0000000000000000,0.0000000000000000,0.0000000000000000,0.0000000000000000,0.0000000000000000,0.0000000000000000,0.0000000000000000,0.0000000000000000,0.0000000000000000,0.0000000000000000,0.0000000000000000,0.0000000000000000,,,,,,,,,,,,,,,,,,,,,,,,,,,,,,,,,,,,,,,,,,,,,,,,,,,,,,,,,,,,,,,,,,,,,,,,,,,,,,,,,,,,,,,,,,,,,,,,,,,,98.0000000000000000,,,,,,,,,,,,,,,,,,,,,,,,,,,,,,,,,,,,,1.6043265769535495,0.3052082809649788,766.2805115424889664,1195.0946068489531626,3773.9666377445455510,,,,,,,,,,,,,,,,7.9861648418663265,5.3913433076717752,12.2284005634605233,6.8001806113354775,1.1546104720865775,-0.1445078239019932,5.1065095695608074,4427.7946473747360869,940.2984623358217959
"2024Q4",14.2945830129028550,807.0639746157660284,767.7042031943404936,694.7755700505937284,614.5354889495725956,653.3175606843416290,694.1596358858561189,494.0662600228906740,487.8648877580631051,519.9752830434513271,504.6927417273398646,7.4726927285384761,8.7969480677314866,684.5985751154975105,843.0968195879970608,-1.1651454376623347,52.4368524571425212,1.9315878822795867,-0.2223624226875054,476.8420872440594280,124.8834479715136041,0.0016320683292707,-0.1597565565919238,807.1325198889494459,767.8265442636241005,614.6736942520855109,694.7757648495133935,653.0749196776253029,694.1931237012510110,4.8949827506024066,21.5083565966026562,2.0864970195488306,243.3629570374865523,2.9897677520446351,-2.1717650246188835,14.2740389108396073,-0.0000194798919584,-0.0685452731820699,14.2945830129028550,14.2740389108396073,0.0205635819552076,-0.0000194798919584,0.0391919208049610,-0.1223410692839273,0.0061090956585984,-0.6817787887245648,767.7042031943404936,5.6372899489730592,5.9226103861032735,767.8265442636241005,4.9601845239315461,4.9668203332319516,-0.1382053025112546,-0.0114496601768438,-0.6817787887245857,614.5354889495725956,6.9262569674600485,7.2941641313260055,614.6736942520855109,6.2632186349203041,6.3763825646069145,-0.0001947989195720,694.7755700505937284,11.8525065176457964,11.9593492697733232,694.7757648495133935,11.8520869507428177,11.9584527964285350,0.2426410067158047,0.1047448588211521,-5.8075827770896851,653.3175606843416290,6.6554913846838195,6.9747798689477509,653.0749196776253029,7.1892685752753298,7.3781406991684637,-0.0334878153957995,694.1596358858561189,5.4208471767871265,5.6052989383975751,694.1931237012510110,5.1425707543412047,5.1641173492879302,-0.0685452731820699,0.0175890428938546,807.0639746157660284,6.9140748301821304,7.2433777289227459,807.1325198889494459,6.4313859410551588,6.5119272173411149,494.0662600228906740,4.8731778169171402,4.9917042921417307,4.5971001723247333,487.8648877580631051,5.4440489781112724,5.5239395220313927,5.1540408676982610,-6.2013722648279934,0.5708711611924027,0.5569406953737259,-1.6410069184936731,-4.5603653463345228,-0.3895842155446447,-0.3871587309700089,1.1066803368722562,519.9752830434513271,3.6494824953427307,3.9849549295588451,3.2805313634582385,25.9090230205601735,-1.2236953215756730,-1.3165688088663143,4.4006664239582243,21.5083565966026562,1.9144654106992238,1.9026643140618942,504.6927417273398646,1.1856462139007684,1.2408424856963149,1.2858715399598830,10.6264817044478974,-3.6875316030089689,-3.3112286323645663,8.5399846848980214,2.0864970195488306,-0.0014837793682577,-0.0017499030340372,4.8949827506024066,7.4726927285384761,0.1931257384846577,7.5554120038272465,1.9487532065051341,-1.1012602622645504,-0.9787268564557520,-0.6817787887243940,3.0500134687696168,8.7969480677314866,0.2969480677314867,684.5985751154975105,-0.0846347342670195,-0.6257484933202901,685.7581919616387722,-2.1717650246188835,2.9897677520446351,249.1705398145765855,-3.4122176032605607,-3.6032022289253445,-3.1618605626807241,243.3629570374865523,0.2974822520131449,0.3218025862916067,0.2826081394124877,5.8075827770897401,843.0968195879970608,349.0305595651070689,9.2513338064745128,9.4396068527218713,-2.0747790084309878,-1.1651454376623347,52.4368524571425212,2.1164661091126789,2.1765871320929508,2.0892254332137377,1.9315878822795867,-0.2223624226875054,476.8420872440594280,2.0862041518512440,2.1362032883824931,424.4052347869167079,-0.0302619572623580,-0.0403838437107403,0.0016320683292707,424.4036027185882745,-0.0262607574855522,-0.0309707630311716,124.8834479715136041,1.7401493254053357,1.8568341436577156,72.4465955143707987,-0.3763167837072271,-0.3197529884350739,-0.1597565565919238,72.6063520709626005,-0.6126689496242357,-0.7225543613709954,0.0000000000000000,0.0000000000000000,0.0000000000000000,0.0000000000000000,0.0000000000000000,0.0000000000000000,0.0000000000000000,0.0000000000000000,0.0000000000000000,0.0000000000000000,0.0000000000000000,0.0000000000000000,0.0000000000000000,0.0000000000000000,0.0000000000000000,0.0000000000000000,0.0000000000000000,0.0000000000000000,0.0000000000000000,0.0000000000000000,0.0000000000000000,0.0000000000000000,0.0000000000000000,0.0000000000000000,0.0000000000000000,0.0000000000000000,0.0000000000000000,0.0000000000000000,0.0000000000000000,0.0000000000000000,0.0000000000000000,0.0000000000000000,0.0000000000000000,0.0000000000000000,0.0000000000000000,0.0000000000000000,,,,,,,,,,,,,,,,,,,,,,,,,,,,,,,,,,,,,,,,,,,,,,,,,,,,,,,,,,,,,,,,,,,,,,,,,,,,,,,,,,,,,,,,,,,,,,,,,,,,99.0000000000000000,,,,,,,,,,,,,,,,,,,,,,,,,,,,,,,,,,,,,1.5913657149233233,0.3359986326905162,782.0775165659365484,1212.1624082171474583,3890.4944744690424159,,,,,,,,,,,,,,,,8.1622223653401242,5.6722110752106234,12.1638627717691126,6.8539552105572739,1.5067309806563038,0.2513638984234967,5.2497879415869821,4586.9389991898115113,940.0995286062171772
"2025Q1",14.3412322403419843,808.7455238685902259,769.0716848889278481,697.7212272915668336,616.2107467229125177,654.9481035282874473,695.4894344134462472,495.3141860959258338,489.2458726385705177,520.9715217758404151,505.0029523487652909,7.5807391412263421,8.7672532609583378,684.6667884970314617,846.6241114807888835,-1.0952367114025954,52.9591588154460027,1.9413228517472638,-0.2001261804187550,477.3578647459630702,125.3110380864314521,0.0010118823641478,-0.1166222863121044,808.7279348256968206,769.0655757932695451,616.2221963830907043,697.7213539108646501,654.8433586694650330,695.4754719606205526,4.8933861172364876,21.9886178822504377,2.0861631691909945,243.4336090723396069,2.9907909768401724,-1.4707401472866732,14.3465216151396344,-0.0000126619297734,0.0175890428948971,14.3412322403419843,14.3465216151396344,-0.0052767128678819,-0.0000126619297734,0.0362350211851266,0.0061090956579545,0.0981061576186720,-0.6223656723181511,769.0716848889278481,5.4699267783484009,5.7356330616318738,769.0655757932695451,4.9561261185821293,4.9624301374174573,-0.0114496601767799,0.0800230783533404,-0.6223656723181828,616.2107467229125177,6.7010310933584787,7.0524571470392123,616.2221963830907043,6.1940085240214477,6.3015142572237020,-0.0001266192977221,697.7212272915668336,11.7826289638917210,11.8882411403080219,697.7213539108646501,11.7823562454048236,11.8876584326337458,0.1047448588217529,-0.0304400719703154,-4.9464656015663220,654.9481035282874473,6.5221713757838371,6.7673004360476776,654.8433586694650330,7.0737559673587240,7.2531844850572700,0.0139624528244218,695.4894344134462472,5.3191941103565066,5.4847809999466586,695.4754719606205526,5.1293930374713055,5.1498623026710488,0.0175890428948971,0.0738188022935939,808.7455238685902259,6.7261970112890550,7.0275301885151507,808.7279348256968206,6.3816597469847594,6.4585994228393186,495.3141860959258338,4.9917042921425256,5.0757654879945955,4.7752943815822597,489.2458726385705177,5.5239395220320500,5.5494858245635159,5.3381658133865857,-6.0683134573557940,0.5322352298884447,0.5628714318046681,-1.4102139733391863,-4.6580994840168053,-0.3909365507297097,-0.3887536146124906,1.0033643546291406,520.9715217758404151,3.9849549295598794,4.3440211861996660,3.5304200707524274,25.6573356799139987,-1.0067493625837112,-1.2448743108292424,3.6687177976642342,21.9886178822504377,1.9210451425910986,1.9104241556175017,505.0029523487652909,1.2408424856958657,1.3539449503255783,1.2288473490176532,9.6887662528383753,-3.7508618064386940,-3.5464470325640574,7.6026030836463310,2.0861631691909945,-0.0013354014314319,-0.0015749127306261,4.8933861172364876,7.5807391412263421,0.2367978741883635,7.5615920953699201,2.0312533166608544,-1.0278892122025123,-0.8896189332761927,-0.6223656723179896,3.0591425288632799,8.7672532609583378,0.2672532609583390,684.6667884970314617,0.2728535261332534,-0.2682687763974358,685.7648432435455561,-1.4707401472866732,2.9907909768401724,248.3800746739062220,-3.1618605626811895,-3.4691123381859974,-2.8679037076542837,243.4336090723396069,0.2826081394124878,0.3057124569770155,0.2684777324418635,4.9464656015663770,846.6241114807888835,351.3099253848634476,9.1174632790260457,9.3139220336897424,-2.0693281807630837,-1.0952367114025954,52.9591588154460027,2.0892254332137381,2.1373222515979893,2.0674328924945851,1.9413228517472638,-0.2001261804187550,477.3578647459630702,2.0631100076152218,2.1036124548488173,424.3987059305169396,-0.0261154255993143,-0.0337097967495176,0.0010118823641478,424.3976940481535962,-0.0236346817369970,-0.0278736867282357,125.3110380864314521,1.7103604596713531,1.7810683286071423,72.3518792709851652,-0.3788649735423151,-0.3562539229906644,-0.1166222863121044,72.4685015572971452,-0.5514020546618122,-0.6502989252338972,0.0000000000000000,0.0000000000000000,0.0000000000000000,0.0000000000000000,0.0000000000000000,0.0000000000000000,0.0000000000000000,0.0000000000000000,0.0000000000000000,0.0000000000000000,0.0000000000000000,0.0000000000000000,0.0000000000000000,0.0000000000000000,0.0000000000000000,0.0000000000000000,0.0000000000000000,0.0000000000000000,0.0000000000000000,0.0000000000000000,0.0000000000000000,0.0000000000000000,0.0000000000000000,0.0000000000000000,0.0000000000000000,0.0000000000000000,0.0000000000000000,0.0000000000000000,0.0000000000000000,0.0000000000000000,0.0000000000000000,0.0000000000000000,0.0000000000000000,0.0000000000000000,0.0000000000000000,0.0000000000000000,,,,,,,,,,,,,,,,,,,,,,,,,,,,,,,,,,,,,,,,,,,,,,,,,,,,,,,,,,,,,,,,,,,,,,,,,,,,,,,,,,,,,,,,,,,,,,,,,,,,100.0000000000000000,,,,,,,,,,,,,,,,,,,,,,,,,,,,,,,,,,,,,1.5382167549571710,-1.2742764355089862,798.5415216128020575,1225.3178832348253309,4014.6107227224933922,,,,,,,,,,,,,,,,8.3332416568742609,4.3177712009807738,12.5616492605714285,7.5601873785074938,1.8110702810904244,-1.0014229093757328,5.8354522492823726,4751.6210610029020245,940.7410210514345863
"2025Q2",14.3910748541728744,810.3852888629403424,770.4017496092624242,700.6496023201011667,617.8342841911090773,656.5539233449553649,696.7972444685539131,496.5831274679242142,490.6332440947109035,522.0575270723898029,505.3414385863483744,7.6559843072288745,8.7405279348625058,684.8203258031344376,850.1387277319787472,-1.0295225087184403,53.4760170385696938,1.9491108273214057,-0.1801135623768795,477.8690206503971467,125.7353188645605258,0.0006273670657717,-0.0851342690078363,810.3114700606471388,770.3036434516445752,617.7542611127573764,700.6496846226447133,656.5843634169245888,696.7546905122335374,4.8919491472071615,22.4703596075738901,2.0858627038689432,243.5007285054500130,2.9917118791561559,-0.8267276564793209,14.4132287251150242,-0.0000082302543532,0.0738188022946500,14.3910748541728744,14.4132287251150242,-0.0221456406878076,-0.0000082302543532,0.0333494398605169,0.0981061576180402,0.1583303733491934,-0.5531488482205980,770.4017496092624242,5.3202588813391101,5.5619048966826350,770.3036434516445752,4.9522706335001834,4.9582594513937446,0.0800230783534169,0.1404689719842072,-0.5531488482206206,617.8342841911090773,6.4941498727863589,6.8219577545284604,617.7542611127573764,6.1282589186675347,6.2303893652096614,-0.0000823025435196,700.6496023201011667,11.7135001141367887,11.8179507724651636,700.6496846226447133,11.7133228471202084,11.8175720124768056,-0.0304400719696741,-0.1574864002678352,-4.1623702415425239,656.5539233449553649,6.4232792666729779,6.6081240992282488,656.5843634169245888,6.9640189898379488,7.1344760816514938,0.0425539563194167,696.7972444685539131,5.2312402204274591,5.3767831597883537,696.7546905122335374,5.1168742064449004,5.1363200083850229,0.0738188022946500,0.1048151642772479,810.3852888629403424,6.5590599773925398,6.8303057031975163,810.3114700606471388,6.3341409397965274,6.4076548406075684,496.5831274679242142,5.0757654879955822,5.1291333815529789,4.9143554194535319,490.6332440947109035,5.5494858245642256,5.5301222806575874,5.4544799160146953,-5.9498833732137806,0.4737203365677775,0.5401244965615342,-1.1937454760982369,-4.7561378971157318,-0.3921536523962851,-0.3901890098907229,0.8915290901441708,522.0575270723898029,4.3440211862007496,4.7087274501064211,3.8339984536096949,25.4743996044648320,-0.7317443017954350,-1.0803569658431755,3.0040399968916631,22.4703596075738901,1.9269669012937860,1.9174080130175495,505.3414385863483744,1.3539449503251524,1.5145167432872457,1.2447969287314293,8.7583111184226432,-3.7218205376633104,-3.6695584907216485,6.6724484145526484,2.0858627038689432,-0.0012018612882887,-0.0014174214575576,4.8919491472071615,7.6559843072288745,0.2557448293432788,7.5664476574097916,2.1258620265693411,-0.9407901360297877,-0.7936767830828103,-0.5531488482204369,3.0666521625990457,8.7405279348625058,0.2405279348625061,684.8203258031344376,0.6141492244108546,0.0881629778548639,685.8593354235449624,-0.8267276564793209,2.9917118791561559,247.6630987469928300,-2.8679037076528786,-3.2604065909575888,-2.5474180959673434,243.5007285054500130,0.2684777324418636,0.2904268341281510,0.2550538458197705,4.1623702415425141,850.1387277319787472,353.5556002640551583,8.9826995167672550,9.1832618456324102,-2.0644224358619701,-1.0295225087184403,53.4760170385696938,2.0674328924945855,2.1059103472020224,2.0499988599192629,1.9491108273214057,-0.1801135623768795,477.8690206503971467,2.0446236177370620,2.0772056409335873,424.3930036118272824,-0.0228092747587679,-0.0287047062687954,0.0006273670657717,424.3923762447623176,-0.0212712135632973,-0.0250863180556218,125.7353188645605258,1.6971231125161634,1.7352941661289178,72.2593018259905335,-0.3703097799783435,-0.3706161810729365,-0.0851342690078363,72.3444360949982439,-0.4962618491956311,-0.5852690327104989,0.0000000000000000,0.0000000000000000,0.0000000000000000,0.0000000000000000,0.0000000000000000,0.0000000000000000,0.0000000000000000,0.0000000000000000,0.0000000000000000,0.0000000000000000,0.0000000000000000,0.0000000000000000,0.0000000000000000,0.0000000000000000,0.0000000000000000,0.0000000000000000,0.0000000000000000,0.0000000000000000,0.0000000000000000,0.0000000000000000,0.0000000000000000,0.0000000000000000,0.0000000000000000,0.0000000000000000,0.0000000000000000,0.0000000000000000,0.0000000000000000,0.0000000000000000,0.0000000000000000,0.0000000000000000,0.0000000000000000,0.0000000000000000,0.0000000000000000,0.0000000000000000,0.0000000000000000,0.0000000000000000,,,,,,,,,,,,,,,,,,,,,,,,,,,,,,,,,,,,,,,,,,,,,,,,,,,,,,,,,,,,,,,,,,,,,,,,,,,,,,,,,,,,,,,,,,,,,,,,,,,,101.0000000000000000,,,,,,,,,,,,,,,,,,,,,,,,,,,,,,,,,,,,,1.5519805010000409,0.0631512792704843,815.8744544597020649,1243.5518231968235341,4137.7165286512672537,,,,,,,,,,,,,,,,8.5894089920838734,5.9085407241087982,12.0814742319069879,6.9608219098445439,2.1661297254108955,0.6773005036813389,5.5224142545144490,4921.5917191615908450,942.1865188778092488
"2025Q3",14.4428581742554432,811.9884657097687750,771.6991258056611969,703.5608760716960433,619.4111792831350840,658.1418192319563332,698.0864497046195538,497.8654108133122236,492.0157746648746979,523.2347089349161706,505.7200677721717170,7.7027859008706452,8.7164751413762556,685.0535021343266635,853.6334110704560771,-0.9677511581953345,53.9885167535495540,1.9553412077807191,-0.1621022061391917,478.3764959428398242,126.1591459161034834,0.0003889675807784,-0.0621480163757205,811.8836505454919461,771.5407954323126205,619.2707103111524702,703.5609295683493656,658.2993056322228540,698.0309358414776852,4.8906558741807675,22.9534337286054431,2.0855922850790982,243.5644919669049102,2.9925406912405412,-0.2465115372686038,14.4743080732036624,-0.0000053496653300,0.1048151642783049,14.4428581742554432,14.4743080732036624,-0.0314445492829029,-0.0000053496653300,0.0305369992116533,0.1583303733485582,0.1915575478668649,-0.4784832200786120,771.6991258056611969,5.1895047855952798,5.4042450985644601,771.5407954323126205,4.9486079226723350,4.9542972996712678,0.1404689719842793,0.1743878287492661,-0.4784832200786229,619.4111792831350840,6.3075803681039826,6.6072545754269125,619.2707103111524702,6.0657967935813168,6.1628207177962668,-0.0000534966532880,703.5608760716960433,11.6450950063788383,11.7484326505139585,703.5609295683493656,11.6449797828184405,11.7481864565214416,-0.1574864002672254,-0.2724695176811898,-3.4617522560956404,658.1418192319563332,6.3515835480045331,6.4881313937846832,658.2993056322228540,6.8597688611932117,7.0217030984161486,0.0555138631410260,698.0864497046195538,5.1568209442604411,5.2820256129601626,698.0309358414776852,5.1049813169698162,5.1234548288132196,0.1048151642783049,0.1151289628823878,811.9884657097687750,6.4127073873062121,6.6530098015487242,811.8836505454919461,6.2887219393745690,6.3589771418067533,497.8654108133122236,5.1291333815539950,5.1558307946583497,5.0174452446509896,492.0157746648746979,5.5301222806582571,5.4750140775648859,5.5118991513386995,-5.8496361484378721,0.4009888991032326,0.4944539066882059,-0.9951859903484434,-4.8544501580896338,-0.3932490438961906,-0.3914808656411313,0.7762025826417477,523.2347089349161706,4.7087274501074594,5.0639159678839611,4.1717965152999454,25.3692981216029239,-0.4204059314466522,-0.8456487293510830,2.4158643929982060,22.9534337286054431,1.9322964841262047,1.9236934846775957,505.7200677721717170,1.5145167432867905,1.7123940922188303,1.3237375983083517,7.8546569588580981,-3.6146166382585809,-3.6937076463420389,5.7690646737779421,2.0855922850790982,-0.0010816751594599,-0.0012756793117949,4.8906558741807675,7.7027859008706452,0.2540668869121281,7.5701464689145697,2.2277718233038226,-0.8449678153264042,-0.6949583614545580,-0.4784832200784430,3.0727396386301309,8.7164751413762556,0.2164751413762565,685.0535021343266635,0.9327053247672152,0.4337683352632956,686.0370323502974088,-0.2465115372686038,2.9925406912405412,247.0262442230008162,-2.5474180959675268,-2.9973499923901574,-2.2151203971034370,243.5644919669049102,0.2550538458197706,0.2759054924217525,0.2423011535287821,3.4617522560956302,853.6334110704560771,355.7680002571444220,8.8495999723573568,9.0502741436559635,-2.0600072654509676,-0.9677511581953345,53.9885167535495540,2.0499988599192633,2.0807808236852479,2.0360516338590049,1.9553412077807191,-0.1621022061391917,478.3764959428398242,2.0299011697714442,2.0559597367432643,424.3879791892900926,-0.0200976901491476,-0.0248210869423795,0.0003889675807784,424.3875902217101270,-0.0191440922069676,-0.0225776862502523,126.1591459161034834,1.6953082061717883,1.7107352759410417,72.1706291625536380,-0.3546906537473678,-0.3700455477440451,-0.0621480163757205,72.2327771789292257,-0.4466356642760680,-0.5267421294394546,0.0000000000000000,0.0000000000000000,0.0000000000000000,0.0000000000000000,0.0000000000000000,0.0000000000000000,0.0000000000000000,0.0000000000000000,0.0000000000000000,0.0000000000000000,0.0000000000000000,0.0000000000000000,0.0000000000000000,0.0000000000000000,0.0000000000000000,0.0000000000000000,0.0000000000000000,0.0000000000000000,0.0000000000000000,0.0000000000000000,0.0000000000000000,0.0000000000000000,0.0000000000000000,0.0000000000000000,0.0000000000000000,0.0000000000000000,0.0000000000000000,0.0000000000000000,0.0000000000000000,0.0000000000000000,0.0000000000000000,0.0000000000000000,0.0000000000000000,0.0000000000000000,0.0000000000000000,0.0000000000000000,,,,,,,,,,,,,,,,,,,,,,,,,,,,,,,,,,,,,,,,,,,,,,,,,,,,,,,,,,,,,,,,,,,,,,,,,,,,,,,,,,,,,,,,,,,,,,,,,,,,102.0000000000000000,,,,,,,,,,,,,,,,,,,,,,,,,,,,,,,,,,,,,1.5657442470428489,1.4005789940500064,834.1269183847795148,1267.0570422327941742,4259.3754791871515408,,,,,,,,,,,,,,,,8.8500331198145972,7.4901052630776626,11.5913903447580608,6.3273544084411837,2.4984495718100641,2.3332843188172214,5.1786829574518478,5096.6264054502908039,944.3860382181793511
"2025Q4",14.4953674666408983,813.5601046375545593,772.9686350670256161,706.4552248328145652,620.9467125835876686,659.7170189242875722,699.3602909042367628,499.1543685119765428,493.3845281842653208,524.5006879268865987,506.1481662952278953,7.7255450564344574,8.6948276272386309,685.3594626459769188,857.1024694869656742,-0.9096860887036150,54.4975296620143510,1.9603255121481697,-0.1458919855252725,478.8810536228768910,126.5844457645276151,0.0002411599000826,-0.0453680519542760,813.4449756746722642,772.7770775191590928,620.7723247548395875,706.4552596056392986,659.9894884419680920,699.3043566094714834,4.8894919284570131,23.4377070057742891,2.0853489081682395,243.6250672552870356,2.9932866221164880,0.2662669384098164,14.5299096327878008,-0.0000034772824650,0.1151289628834405,14.4953674666408983,14.5299096327878008,-0.0345386888644448,-0.0000034772824650,0.0277990411508356,0.1915575478662361,0.2024837239172274,-0.4020459574956969,772.9686350670256161,5.0780370454565036,5.2644318726850807,772.7770775191590928,4.9451283473858787,4.9505332555349213,0.1743878287493436,0.1862961048260847,-0.4020459574957093,620.9467125835876686,6.1421332018088375,6.4112236340145659,620.7723247548395875,6.0064577747494106,6.0986305027534682,-0.0000347728246375,706.4552248328145652,11.5773950444735458,11.6796547822210037,706.4552596056392986,11.5773201491596893,11.6794947561256528,-0.2724695176805689,-0.3727564725178731,-2.8473968684377553,659.7170189242875722,6.3007987693279857,6.3994582399456146,659.9894884419680920,6.7607312389807124,6.9145687643425147,0.0559342947641874,699.3602909042367628,5.0953647984656874,5.2006550183798277,699.3043566094714834,5.0936830719684858,5.1112329082199999,0.1151289628834405,0.1090654472205231,813.5601046375545593,6.2865557111342163,6.4961300217870708,813.4449756746722642,6.2453005167165028,6.3124557857221992,499.1543685119765428,5.1558307946593320,5.1600063014928637,5.0881084890862418,493.3845281842653208,5.4750140775655680,5.3927928935352814,5.5196404262022769,-5.7698403277115311,0.3191832829049140,0.4315319371163526,-0.8168314455607204,-4.9530088821510159,-0.3942348962461145,-0.3926435358164979,0.6615825439942777,524.5006879268865987,5.0639159678848991,5.3976232902831081,4.5254048834358969,25.3463194149093027,-0.0919148267732791,-0.5627036056504798,1.9086124091357333,23.4377070057742891,1.9370931086753813,1.9293504091716291,506.1481662952278953,1.7123940922183711,1.9379357099686589,1.4554245678876856,6.9937977832501366,-3.4434367024324715,-3.6326839211979687,4.9084488750808388,2.0853489081682395,-0.0009735076435139,-0.0011481113806115,4.8894919284570131,7.7255450564344574,0.2358039317991097,7.5728377646543210,2.3327521628972048,-0.7448285695464287,-0.5968735847340226,-0.4020459574955221,3.0775807324435576,8.6948276272386309,0.1948276272386318,685.3594626459769188,1.2238420465984530,0.7608875304800065,686.2918396535662851,0.2662669384098164,2.9932866221164880,246.4724641237251035,-2.2151203971025124,-2.6980756908506875,-1.8833543513131372,243.6250672552870356,0.2423011535287822,0.2621102178006355,0.2301860958523432,2.8473968684377762,857.1024694869656742,357.9481009749896998,8.7204028713815092,8.9175414098827126,-2.0560336120810656,-0.9096860887036150,54.4975296620143510,2.0360516338590058,2.0606772048718254,2.0248938530107989,1.9603255121481697,-0.1458919855252725,478.8810536228768910,2.0182307201492087,2.0389663788177499,424.3835239608623624,-0.0178209137111011,-0.0217108260544572,0.0002411599000826,424.3832828009631157,-0.0172296829862708,-0.0203199176254367,126.5844457645276151,1.7011993936964620,1.7009977930138063,72.0869161025129728,-0.3348522401624704,-0.3596794118578581,-0.0453680519542760,72.1322841544671149,-0.4019720978484613,-0.4740679164955134,0.0000000000000000,0.0000000000000000,0.0000000000000000,0.0000000000000000,0.0000000000000000,0.0000000000000000,0.0000000000000000,0.0000000000000000,0.0000000000000000,0.0000000000000000,0.0000000000000000,0.0000000000000000,0.0000000000000000,0.0000000000000000,0.0000000000000000,0.0000000000000000,0.0000000000000000,0.0000000000000000,0.0000000000000000,0.0000000000000000,0.0000000000000000,0.0000000000000000,0.0000000000000000,0.0000000000000000,0.0000000000000000,0.0000000000000000,0.0000000000000000,0.0000000000000000,0.0000000000000000,0.0000000000000000,0.0000000000000000,0.0000000000000000,0.0000000000000000,0.0000000000000000,0.0000000000000000,0.0000000000000000,,,,,,,,,,,,,,,,,,,,,,,,,,,,,,,,,,,,,,,,,,,,,,,,,,,,,,,,,,,,,,,,,,,,,,,,,,,,,,,,,,,,,,,,,,,,,,,,,,,,103.0000000000000000,,,,,,,,,,,,,,,,,,,,,,,,,,,,,,,,,,,,,1.5795079930856988,2.7380067088294755,853.3296591567183214,1296.0743378071824736,4379.1718914413722814,,,,,,,,,,,,,,,,9.1041488090121376,9.0572135538936163,11.0948368910704147,5.6675373829013624,2.8033500396841520,3.9618487554279285,4.8082811799361993,5276.5338581349160449,947.2799113697101347
"2026Q1",14.5474630152670148,815.1049860035578831,774.2150169307917622,709.3328212812625679,622.4461422863788584,661.2833933439210341,700.6217888317149800,500.4443700873494549,494.7327264076487268,525.8500937494567324,506.6326502227216224,7.7285719983723213,8.6753448645147682,685.7305988182791907,860.5417121922005208,-0.8551049233813987,55.0037531252670959,1.9643129556421304,-0.1313027869727453,479.3833087666952224,127.0124748797921086,0.0001495191380512,-0.0331186779266215,814.9959205563376372,774.0125332068749913,622.2598461815541668,709.3328438835986844,661.6561498164378463,700.5750940442775345,4.8884443773056336,23.9230595234667014,2.0851298689484685,243.6826137792500617,2.9939579599048400,0.7106383637728786,14.5801849096664959,-0.0000022602336027,0.1090654472215918,14.5474630152670148,14.5801849096664959,-0.0327196341658871,-0.0000022602336027,0.0251365083225451,0.2024837239165928,0.1955858305667874,-0.3268342947614060,774.2150169307917622,4.9855274550640347,5.1433320418640998,774.0125332068749913,4.9418227508637456,4.9469574136053751,0.1862961048261628,0.1805538771114949,-0.3268342947614311,622.4461422863788584,5.9977188111636330,6.2353955634657199,622.2598461815541668,5.9500857068590989,6.0376497984628541,-0.0000226023360147,709.3328212812625679,11.5103857937919489,11.6115939896959013,709.3328438835986844,11.5103371118375257,11.6114899727337821,-0.3727564725172324,-0.4568103117562416,-2.3190117566467894,661.2833933439210341,6.2654976785353238,6.3352898156331436,661.6561498164378463,6.6666454978788376,6.8127911469725388,0.0466947874364604,700.6217888317149800,5.0459917099098748,5.1323544182680303,700.5750940442775345,5.0829497392172218,5.0996220836565094,0.1090654472215918,0.0905905527822255,815.1049860035578831,6.1795254640049482,6.3594621349660834,814.9959205563376372,6.2037795266567040,6.2679857306401976,500.4443700873494549,5.1600063014934010,5.1458054284968373,5.1301839914241079,494.7327264076487268,5.3927928935359990,5.2913606458074094,5.4868537690780999,-5.7116436797012113,0.2327865920410273,0.3566697776544916,-0.6598542567102662,-5.0517894229911287,-0.3951221633610415,-0.3936899389743282,0.5510547091065375,525.8500937494567324,5.3976232902841934,5.7011456910100966,4.8785719736168289,25.4057236621067482,0.2376169887907871,-0.2516120178068988,1.4826641386407784,23.9230595234667014,1.9414100707696405,1.9344416412162564,506.6326502227216224,1.9379357099682228,2.1822139159465817,1.6296978739559858,6.1882801353708174,-3.2220705915179053,-3.5004861174677657,4.1031502664213395,2.0851298689484685,-0.0008761568791625,-0.0010333002425461,4.8884443773056336,7.7285719983723213,0.2048240775208974,7.5746541779362735,2.4372113525629451,-0.6441206114289644,-0.5021791592758704,-0.3268342947612311,3.0813319639918197,8.6753448645147682,0.1753448645147695,685.7305988182791907,1.4845446892073579,1.0638103212484418,686.6166506703440291,0.7106383637728786,2.9939579599048400,246.0016255358971478,-1.8833543513111404,-2.3784491380082216,-1.5621418607805984,243.6826137792500617,0.2301860958523432,0.2490047069106071,0.2186767910597261,2.3190117566468387,860.5417121922005208,360.0973421048515775,8.5969645194482496,8.7874167199883839,-2.0524573240481536,-0.8551049233813987,55.0037531252670959,2.0248938530107998,2.0445943098210813,2.0159676283322341,1.9643129556421304,-0.1313027869727453,479.3833087666952224,2.0090205752743850,2.0254440207323823,424.3795556414279417,-0.0158732777377442,-0.0191502890891096,0.0001495191380512,424.3794061222907317,-0.0155067146876437,-0.0182879258631426,127.0124748797921086,1.7121164610578770,1.7014367933604659,72.0087217545247142,-0.3127773919528190,-0.3431575164604689,-0.0331186779266215,72.0418404324512096,-0.3617748880636152,-0.4266611248459634,0.0000000000000000,0.0000000000000000,0.0000000000000000,0.0000000000000000,0.0000000000000000,0.0000000000000000,0.0000000000000000,0.0000000000000000,0.0000000000000000,0.0000000000000000,0.0000000000000000,0.0000000000000000,0.0000000000000000,0.0000000000000000,0.0000000000000000,0.0000000000000000,0.0000000000000000,0.0000000000000000,0.0000000000000000,0.0000000000000000,0.0000000000000000,0.0000000000000000,0.0000000000000000,0.0000000000000000,0.0000000000000000,0.0000000000000000,0.0000000000000000,0.0000000000000000,0.0000000000000000,0.0000000000000000,0.0000000000000000,0.0000000000000000,0.0000000000000000,0.0000000000000000,0.0000000000000000,0.0000000000000000,,,,,,,,,,,,,,,,,,,,,,,,,,,,,,,,,,,,,,,,,,,,,,,,,,,,,,,,,,,,,,,,,,,,,,,,,,,,,,,,,,,,,,,,,,,,,,,,,,,,104.0000000000000000,,,,,,,,,,,,,,,,,,,,,,,,,,,,,,,,,,,,,1.6138467072304394,5.7608522956258312,873.5415238871869406,1336.5189394675171570,4491.1024936444355262,,,,,,,,,,,,,,,,9.3638890749731214,12.2913886947430626,10.0954300889797324,4.2662674372049212,3.0983913964377976,7.2453969848331887,3.9159046249747838,5461.1633943075103161,950.8021418664851581
"2026Q2",14.5981077542907478,816.6275277726083459,775.4427896459831118,712.1938351683023711,623.9145331192549975,662.8436555156406484,701.8736895133682765,501.7308214444734631,496.0555665691001650,527.2753801722089975,507.1782037017098332,7.7159724401838545,8.6578103780632922,686.1589116074524100,863.9483474816361195,-0.8037986279785153,55.5077450323501935,1.9675029104372990,-0.1181725082754709,479.8837548457007074,127.4440094801010872,0.0000927018655917,-0.0241766348864337,816.5369372198264273,775.2472038154169240,623.7339792421447555,712.1938498598208298,663.3004658273958967,701.8432823125551749,4.8875015812693920,24.4093833576303219,2.0849327336506756,243.7372829770149281,2.9945621639143569,1.0878404367425676,14.6252863892769707,-0.0000014691518422,0.0905905527832795,14.5981077542907478,14.6252863892769707,-0.0271771658343923,-0.0000014691518422,0.0225500052293158,0.1955858305661543,0.1750165725071676,-0.2551924157107674,775.4427896459831118,4.9110908607655404,5.0410400367208732,775.2472038154169240,4.9386824341677187,4.9435603637722769,0.1805538771115700,0.1612378336227220,-0.2551924157107969,623.9145331192549975,5.8735633315031048,6.0802489281453003,623.7339792421447555,5.8965322423633033,5.9797181293867716,-0.0000146915184098,712.1938351683023711,11.4440555481587172,11.5442328482012577,712.1938498598208298,11.4440239048885832,11.5441652371758643,-0.4568103117556221,-0.5240072744563486,-1.8738070936867470,662.8436555156406484,6.2410486868800623,6.2897321706847258,663.3004658273958967,6.5772640438320567,6.7161024104710334,0.0304072008121490,701.8736895133682765,5.0076027266100285,5.0764450448134335,701.8432823125551749,5.0727530731035211,5.0885918003211650,0.0905905527832795,0.0632663493433337,816.6275277726083459,6.0901670761937492,6.2422389096664288,816.5369372198264273,6.1640666539506057,6.2254671591786694,501.7308214444734631,5.1458054284976980,5.1172485197228035,5.1476939765497356,496.0555665691001650,5.2913606458080924,5.1777562825530765,5.4223224743892082,-5.6752548753737715,0.1455552173094442,0.2746284978398950,-0.5244852764418526,-5.1507695989321025,-0.3959207037644821,-0.3946317018163756,0.4472338609639077,527.2753801722089975,5.7011456910112317,5.9688600170418749,5.2178530998194788,25.5445587277345965,0.5553402625126750,0.0701591232701163,1.1351753701050045,24.4093833576303219,1.9452953366544736,1.9390237500564245,507.1782037017098332,2.1822139159461487,2.4371524103828017,1.8367651153609983,5.4473822572351098,-2.9635915125434646,-3.3109288611877412,3.3624495235833090,2.0849327336506756,-0.0007885411912462,-0.0009299702182869,4.8875015812693920,7.7159724401838545,0.1647282419013721,7.5757134846503948,2.5382161576288049,-0.5459164495169029,-0.4130027937737696,-0.2551924157106010,3.0841326071456252,8.6578103780632922,0.1578103780632935,686.1589116074524100,1.7132511566907680,1.3385858043185723,687.0037411288971043,1.0878404367425676,2.9945621639143569,245.6110900707019198,-1.5621418607805981,-2.0520086762900855,-1.2592940898739711,243.7372829770149281,0.2186767910597262,0.2365544715650673,0.2077429515067400,1.8738070936867666,863.9483474816361195,362.2175260371630543,8.4807357292472645,8.6619257731082069,-2.0492386648185330,-0.8037986279785153,55.5077450323501935,2.0159676283322350,2.0317279937804948,2.0088266485893822,1.9675029104372990,-0.1181725082754709,479.8837548457007074,2.0017843160227882,2.0147341953037903,424.3760098133503220,-0.0141833123107517,-0.0169937984771290,0.0000927018655917,424.3759171114855349,-0.0139560432188794,-0.0164591332770607,127.4440094801010872,1.7261384012358341,1.7086906155403709,71.9362644477505881,-0.2898292270962727,-0.3230373782399774,-0.0241766348864337,71.9604410826368905,-0.3255973992572537,-0.3839950123613812,0.0000000000000000,0.0000000000000000,0.0000000000000000,0.0000000000000000,0.0000000000000000,0.0000000000000000,0.0000000000000000,0.0000000000000000,0.0000000000000000,0.0000000000000000,0.0000000000000000,0.0000000000000000,0.0000000000000000,0.0000000000000000,0.0000000000000000,0.0000000000000000,0.0000000000000000,0.0000000000000000,0.0000000000000000,0.0000000000000000,0.0000000000000000,0.0000000000000000,0.0000000000000000,0.0000000000000000,0.0000000000000000,0.0000000000000000,0.0000000000000000,0.0000000000000000,0.0000000000000000,0.0000000000000000,0.0000000000000000,0.0000000000000000,0.0000000000000000,0.0000000000000000,0.0000000000000000,0.0000000000000000,,,,,,,,,,,,,,,,,,,,,,,,,,,,,,,,,,,,,,,,,,,,,,,,,,,,,,,,,,,,,,,,,,,,,,,,,,,,,,,,,,,,,,,,,,,,,,,,,,,,105.0000000000000000,,,,,,,,,,,,,,,,,,,,,,,,,,,,,,,,,,,,,1.6138467072304394,5.7608522956258517,894.6888750395737588,1378.8815408207397013,4604.7017125790935097,,,,,,,,,,,,,,,,9.5681465508012700,12.4817061789266468,9.9918708281728250,4.1479634182895895,3.3270978639212077,7.4741034523166192,3.9017037519790749,5650.4104912297407282,954.8832828250617695
"2026Q3",,,,,,,,,,,,,,,,,,,,,,,,,,,,,,,,,,,,,,,,,,,,,,,,,,,,,,,,,,,,,,,,,,,,,,,,,,,,,,,,,,,,,,,,,,,,,,,,,,,,,,,,,,,,,,,,,,,,,,,,,,,,,,,,,,,,,,,,,,,,,,,,,,,,,,,,,,,,,,,,,,,,,,,,,,,,,,,,,,,,,,,,,,,,,,,,,,,,,,,,,,,,,,,,,,,,,,,,,,,,,,,,,,,,,,,,,,,,,,,,,,,,,,,,,,,,,,,,,,,,,,,,,,,,,,,,,,,,,,,,,,,,,,,,,,,,,,,,,,,,,,,,,,,,,,,,,,,,,,,,,,,,,,,,,,,,,,,,,,,,,,,,,,,,,,,,,,,,,,,,,1.6138467072304394,5.7608522956258312,,,,,,,,,,,,,,,,,,,,,,,,,,,
"2026Q4",,,,,,,,,,,,,,,,,,,,,,,,,,,,,,,,,,,,,,,,,,,,,,,,,,,,,,,,,,,,,,,,,,,,,,,,,,,,,,,,,,,,,,,,,,,,,,,,,,,,,,,,,,,,,,,,,,,,,,,,,,,,,,,,,,,,,,,,,,,,,,,,,,,,,,,,,,,,,,,,,,,,,,,,,,,,,,,,,,,,,,,,,,,,,,,,,,,,,,,,,,,,,,,,,,,,,,,,,,,,,,,,,,,,,,,,,,,,,,,,,,,,,,,,,,,,,,,,,,,,,,,,,,,,,,,,,,,,,,,,,,,,,,,,,,,,,,,,,,,,,,,,,,,,,,,,,,,,,,,,,,,,,,,,,,,,,,,,,,,,,,,,,,,,,,,,,,,,,,,,,1.6138467072304394,5.7608522956258312,,,,,,,,,,,,,,,,,,,,,,,,,,,