"Variables ->","obs_def_y","obs_grants_y","obs_grev_y","obs_l_y","obs_l_y_agr","obs_l_cons","obs_l_gdem","obs_l_inv","obs_l_exp","obs_l_imp","obs_l_cpi","obs_l_cpi_core","obs_l_cpi_food","obs_l_cpi_ener","obs_i","obs_prem_d","obs_l_s","obs_l_md","obs_l_ystar_gap","obs_l_cpistar","obs_istar","obs_rstar_tnd","obs_l_foodstar","obs_l_enerstar","obs_l_rp_foodstar_gap","obs_l_rp_enerstar_gap","tune_gdem_y","tune_oexp_y","tune_gdem_y_str","tune_oexp_y_str","tune_grev_y_str","tune_gdem_y_cyc","tune_oexp_y_cyc","tune_grev_y_cyc","tune_l_y_tnd","tune_l_cons_tnd","tune_l_inv_tnd","tune_l_gdem_tnd","tune_l_exp_tnd","tune_l_imp_tnd","tune_d4l_cpi_tar","tune_l_rp_cpi_food_tnd","tune_l_rp_cpi_ener_tnd","tune_r_tnd","tune_l_z_tnd","tune_prem","tune_dl_s_tar","tune_def_y_str","tune_def_y_discr","tune_grants_y","tune_l_y_gap","tune_l_cons_gap","tune_l_inv_gap","tune_l_gdem_gap","tune_l_exp_gap","tune_l_imp_gap","tune_l_y_agr_gap","tune_l_z_gap","tune_l_y","tune_d4l_y","tune_shock_dl_cons_tnd","fisc_imp","def_y","def_y_str","def_y_cyc","def_y_discr","gdem_y","gdem_y_str","gdem_y_cyc","gdem_y_discr","oexp_y","oexp_y_cyc","oexp_y_str","oexp_y_discr","grev_y","grev_y_str","grev_y_cyc","grev_y_discr","grants_y","l_cons_gap","e_l_cons_gap","l_cons","dl_cons","d4l_cons","l_cons_tnd","dl_cons_tnd","d4l_cons_tnd","l_inv_gap","e_l_inv_gap","l_inv","dl_inv","d4l_inv","l_inv_tnd","dl_inv_tnd","d4l_inv_tnd","l_gdem_gap","l_gdem","dl_gdem","d4l_gdem","l_gdem_tnd","dl_gdem_tnd","d4l_gdem_tnd","l_exp_gap","e_l_exp_gap","rmci_exp","l_exp","dl_exp","d4l_exp","l_exp_tnd","dl_exp_tnd","d4l_exp_tnd","l_imp_gap","l_imp","dl_imp","d4l_imp","l_imp_tnd","dl_imp_tnd","d4l_imp_tnd","l_y_gap","e_l_y_gap","l_y","dl_y","d4l_y","l_y_tnd","dl_y_tnd","d4l_y_tnd","l_y_agr_gap","e_l_y_agr_gap","l_y_agr","dl_y_agr","d4l_y_agr","l_y_agr_tnd","dl_y_agr_tnd","d4l_y_agr_tnd","l_cpi","dl_cpi","e_dl_cpi","d4l_cpi","l_cpi_core","dl_cpi_core","e_dl_cpi_core","d4l_cpi_core","l_cpi_food","dl_cpi_food","e_dl_cpi_food","d4l_cpi_food","l_cpi_ener","dl_cpi_ener","e_dl_cpi_ener","d4l_cpi_ener","rmc","l_rp_cpi_core","dl_rp_cpi_core","d4l_rp_cpi_core","l_rp_cpi_core_gap","l_rp_cpi_core_tnd","dl_rp_cpi_core_tnd","d4l_rp_cpi_core_tnd","dl_cpi_core_direct","l_rp_cpi_food","dl_rp_cpi_food","d4l_rp_cpi_food","l_rp_cpi_food_gap","l_rp_cpi_food_tnd","dl_rp_cpi_food_tnd","d4l_rp_cpi_food_tnd","dl_cpi_food_direct","l_rp_cpi_ener","dl_rp_cpi_ener","d4l_rp_cpi_ener","l_rp_cpi_ener_gap","l_rp_cpi_ener_tnd","dl_rp_cpi_ener_tnd","d4l_rp_cpi_ener_tnd","dl_cpi_ener_direct","i","i_tnd","r","r_gap","e4_r_gap","r4_gap","r_tnd","prem_d","prem_d_gap","d4l_cpi_tar","d4l_cpi_dev","d4l_cpi_core_tar","d4l_cpi_food_tar","d4l_cpi_ener_tar","rmci_cons","rmci_inv","l_s","dl_s","d4l_s","e_l_s","dl_s_tar","prem","l_z","dl_z","d4l_z","e_dl_z","l_z_tnd","dl_z_tnd","d4l_z_tnd","e_dl_z_tnd","l_z_gap","l_md","l_rmd","dl_rmd","d4l_rmd","dl_v","l_ystar_gap","l_cpistar","dl_cpistar","d4l_cpistar","e_dl_cpistar","istar","rstar_tnd","l_foodstar","dl_foodstar","d4l_foodstar","l_rp_foodstar","dl_rp_foodstar","d4l_rp_foodstar","l_rp_foodstar_gap","l_rp_foodstar_tnd","dl_rp_foodstar_tnd","d4l_rp_foodstar_tnd","l_enerstar","dl_enerstar","d4l_enerstar","l_rp_enerstar","dl_rp_enerstar","d4l_rp_enerstar","l_rp_enerstar_gap","l_rp_enerstar_tnd","dl_rp_enerstar_tnd","d4l_rp_enerstar_tnd","aux_shock_dl_cons_tnd","shock_grants_y","shock_gdem_y_str","shock_gdem_y_cyc","shock_gdem_y_discr","shock_oexp_y_str","shock_oexp_y_cyc","shock_oexp_y_discr","shock_grev_y_str","shock_grev_y_cyc","shock_grev_y_discr","shock_l_cons_gap","shock_l_inv_gap","shock_l_exp_gap","shock_l_imp_gap","shock_l_y_gap","shock_l_y_agr_gap","shock_dl_cpi_core","shock_dl_cpi_food","shock_dl_cpi_ener","shock_l_cpi","shock_i","shock_prem_d_gap","shock_l_s","shock_dl_s_tar","shock_dl_rmd","shock_dl_v","shock_dl_cons_tnd","shock_dl_inv_tnd","shock_dl_exp_tnd","shock_dl_imp_tnd","shock_d4l_cpi_tar","shock_dl_rp_cpi_food_tnd","shock_dl_rp_cpi_ener_tnd","shock_dl_z_tnd","shock_prem","shock_dl_y_agr_tnd","shock_l_ystar_gap","shock_dl_cpistar","shock_istar","shock_l_rp_foodstar_gap","shock_l_rp_enerstar_gap","shock_rstar_tnd","shock_dl_rp_foodstar_tnd","shock_dl_rp_enerstar_tnd","ttrend","ss_grev_y_str","ss_oexp_y_str","ss_gdem_y_str","ss_bor_str","ss_debt_fcy_rat","ss_grants_y","ss_prem_debt_fcy","ss_prem_debt_lcy","ss_dl_y_tnd","ss_dl_y_agr_tnd","ss_d4l_cpi_tar","ss_dl_rp_cpi_food_tnd","ss_dl_rp_cpi_ener_tnd","ss_dl_z_tnd","ss_prem","ss_prem_d","ss_dl_v","d7","v1","v2","v3","v4","u1","u2","u3","t1","t2","t3","t4","s1","a1_cons","a2_cons","a3_cons","a4_cons","a5_cons","a6_cons","a1_inv","a2_inv","a3_inv","a4_inv","a5_inv","a6_inv","a1_exp","a2_exp","a3_exp","a5_exp","a6_exp","a1_imp","r1_y_agr","b1","b2","b3","b4","bf1","bf2","bf3","bf4","be1","be2","be3","c1","c2","c3","c4","c5","c6","e1","e2","e3","e4","e5","e6","m1","m2","m3","w_imp_cons","w_imp_inv","w_imp_gdem","w_imp_exp","w_y_cons","w_y_inv","w_y_gdem","w_y_exp","w_y_imp","w_core","w_food","w_ener","r_cons","r_inv","r_gdem","r_exp","r_imp","r2_y_agr","r_z","r_rp_food","r_rp_ener","ss_dl_cpistar","ss_rstar_tnd","ss_dl_rp_foodstar_tnd","ss_dl_rp_enerstar_tnd","r_ystar","r_cpistar","r_istar","r_rstar_tnd","r_rp_foodstar_gap","r_rp_enerstar_gap","r_rp_foodstar_tnd","r_rp_enerstar_tnd","mu_pimp","mu_pexp","r_debt_fcy_rat","r_debt_fcy_intrate_pers","r_debt_lcy_intrate_pers","gamma_r","gamma_k","gamma_BP_tnd","lam_imp_cons","lam_imp_inv","lam_imp_gdem","lam_imp_exp","std_shock_grants_y","std_shock_gdem_y_str","std_shock_gdem_y_cyc","std_shock_gdem_y_discr","std_shock_oexp_y_str","std_shock_oexp_y_cyc","std_shock_oexp_y_discr","std_shock_grev_y_str","std_shock_grev_y_cyc","std_shock_grev_y_discr","std_shock_l_cons_gap","std_shock_l_inv_gap","std_shock_l_exp_gap","std_shock_l_imp_gap","std_shock_l_y_gap","std_shock_l_y_agr_gap","std_shock_dl_cpi_core","std_shock_dl_cpi_food","std_shock_dl_cpi_ener","std_shock_l_cpi","std_shock_i","std_shock_prem_d_gap","std_shock_l_s","std_shock_dl_s_tar","std_shock_dl_rmd","std_shock_dl_v","std_shock_dl_cons_tnd","std_shock_dl_inv_tnd","std_shock_dl_exp_tnd","std_shock_dl_imp_tnd","std_shock_d4l_cpi_tar","std_shock_dl_rp_cpi_food_tnd","std_shock_dl_rp_cpi_ener_tnd","std_shock_dl_z_tnd","std_shock_prem","std_shock_dl_y_agr_tnd","std_shock_l_ystar_gap","std_shock_dl_cpistar","std_shock_istar","std_shock_l_rp_foodstar_gap","std_shock_l_rp_enerstar_gap","std_shock_rstar_tnd","std_shock_dl_rp_foodstar_tnd","std_shock_dl_rp_enerstar_tnd","dl_pexpstar","dl_pimpstar","ncons","ninv","nexp","nimp","ny","tb_rat","ngdem","nginv","ngrev","ngrev_ny","ngexp","ngexp_ny","md","dl_md","dl_py","l_rm","nfa_nbr","ncg_nbr","NFA","dNFA_usd","NCG","intp_lcy_y","intp_fcy_y","debt_fcy_y","debt_lcy_y","debt_y","def_lcy_y","def_fcy_y","i_debt_fcy","i_debt_lcy","dBP_usd","dBPG_eurobond","l_BP","dl_BP","l_BP_tnd","dBG_usd","dBG_bop_usd","NFG_usd","dBnbf","dBbf","pct_y","pct4_y","pct_cons","pct4_cons","pct_inv","pct4_inv","pct_gdem","pct4_gdem","pct_exp","pct4_exp","pct_imp","pct4_imp","pct_cpi","pct4_cpi","pct_cpi_core","pct4_cpi_core","pct_cpi_food","pct4_cpi_food","pct_cpi_ener","pct4_cpi_ener","pct_s","pct4_s","pct_z","pct4_z","pct_i","pct_r","s","dl_pexp","dl_pimp","dl_pdom","dl_nexp","dl_nimp","dl_ny","dl_ngdem","dl_ncons","dl_ninv","rstar","dl_BP_tnd","debt_fcy_rat","def_lcy_bank_y","dNCP"
"Comments ->","obs_def_y","obs_grants_y","obs_grev_y","obs_l_y","obs_l_y_agr","obs_l_cons","obs_l_gdem","obs_l_inv","obs_l_exp","obs_l_imp","obs_l_cpi","obs_l_cpi_core","obs_l_cpi_food","obs_l_cpi_ener","obs_i","obs_prem_d","obs_l_s","obs_l_md","obs_l_ystar_gap","obs_l_cpistar","obs_istar","obs_rstar_tnd","obs_l_foodstar","obs_l_enerstar","obs_l_rp_foodstar_gap","obs_l_rp_enerstar_gap","tune_gdem_y","tune_oexp_y","tune_gdem_y_str","tune_oexp_y_str","tune_grev_y_str","tune_gdem_y_cyc","tune_oexp_y_cyc","tune_grev_y_cyc","tune_l_y_tnd","tune_l_cons_tnd","tune_l_inv_tnd","tune_l_gdem_tnd","tune_l_exp_tnd","tune_l_imp_tnd","tune_d4l_cpi_tar","tune_l_rp_cpi_food_tnd","tune_l_rp_cpi_ener_tnd","tune_r_tnd","tune_l_z_tnd","tune_prem","tune_dl_s_tar","tune_def_y_str","tune_def_y_discr","tune_grants_y","tune_l_y_gap","tune_l_cons_gap","tune_l_inv_gap","tune_l_gdem_gap","tune_l_exp_gap","tune_l_imp_gap","tune_l_y_agr_gap","tune_l_z_gap","tune_l_y","tune_d4l_y","tune_shock_dl_cons_tnd","Fiscal impulse, % of GDP","Budget deficit, % of GDP","Struct. deficit, % of GDP","Cyc. deficit, % of GDP","Discr. deficit, % of GDP","Govt. demand (G&S), % GDP","Struct. govt. demand (G&S), % GDP","Cyc. govt. demand (G&S), % GDP","Discr. govt. demand (G&S), % GDP","Other govt. exp., % to GDP","Cyc. other govt. exp., % to GDP","Struct. other govt. exp., % to GDP","Discr. other govt. exp., % to GDP","Govt. rev., % of GDP","Struct. govt. rev., % of GDP","Cyc. govt. rev., % of GDP","Discr. govt. rev., % of GDP","Fiscal grants, % of GDP","Consumption gap, %","Exptd. cons. gap, %","Consumption, 100*log","Consumption, ann. QQ %","Consumption, YY %","Consumption tnd., 100*log","Consumption tnd., ann. QQ %","Consumption tnd., YY %","Investment gap, %","Exptd. investment gap, %","Investment, 100*log","Investment, ann. QQ %","Investment, YY %","Investment tnd., 100*log","Investment tnd., ann. QQ %","Investment tnd., YY %","Gov. demand gap, %","Gov. demand, 100*log","Gov. demand, ann. QQ %","Gov. demand, YY %","Gov. demand, tnd., 100*log","Gov. demand, tnd., ann. QQ %","Gov. demand, tnd., YY %","Export gap, %","Exptd. export gap, %","Export RMCI, %","Export, 100*log","Export, ann. QQ %","Export, YY %","Export tnd., 100*log","Export tnd., ann. QQ %","Export tnd., YY %","Import gap, %","Import, 100*log","Import, ann. QQ %","Import, YY %","Import tnd., 100*log","Import tnd., ann. QQ %","Import tnd., YY %","Output gap, %","Exptd. output gap, %","GDP, 100*log","GDP, ann. QQ %","GDP, YY %","GDP tnd., 100*log","GDP tnd., ann. QQ %","GDP tnd., YY %","Agric. output gap, %","Exptd. agric. output gap, %","Agric. GDP, 100*log","Agric. GDP, ann.QQ %","Agric. GDP, YY %","Agric. GDP tnd., 100*log","Agric. GDP tnd., ann.QQ %","Agric. GDP tnd., YY %","Headline CPI, 100*log","Headline CPI, ann. QQ %","Exptd. Headline CPI, ann. QQ %","Headline CPI, YY %","Core CPI, 100*log","Core CPI, ann. QQ %","Exptd. Core CPI, ann. QQ %","Core CPI, YY %","Food CPI, 100*log","Food CPI, ann. QQ %","Exptd. Food CPI, ann. QQ %","Food CPI, YY %","Energy CPI, 100*log","Energy CPI, ann. QQ %","Exptd. energy CPI, ann. QQ %","Energy CPI, YY %","RMC, %","Core rel. price, 100*log","Core rel. price, ann. QQ %","Core rel. price, YY %","Core rel. price gap, %","Core rel. price tnd., 100*log","Core rel. price tnd., ann. QQ %","Core rel. price tnd., YY %","Dir. ext. eff. in core, ann. QQ %","Food rel. price, 100*log","Food rel. price, ann QQ. %","Food rel. price, YY %","Food rel. price gap, %","Food rel. price tnd., 100*log","Food rel. price tnd., ann. QQ %","Food rel. price tnd., YY %","Dir. ext. eff. in food, ann. QQ %","Energy rel. price, 100*log","Energy rel. price, ann. QQ %","Energy rel. price, YY %","Energy rel. price gap, %","Energy rel. price tnd., 100*log","Energy rel. price tnd., ann. QQ %","Energy rel. price tnd., YY %","Dir. ext. eff. in energy, ann. QQ %","Policy rate (IB rate used), %","Policy rate tnd (IB rate used), %","Real interest (policy) rate, %","RIR (policy) gap, %","Exptd. RIR (policy) gap, %","Exptd. RIR (lending) gap, 4-Q ahead av., %","RIR (policy) trend, %","Lending premium, %","Lending premium gap, %","Inflation target, YY %","Headline CPI dev, 4-Q ahead YY %","Impl. core infl. target, YY %","Impl. food infl. target, YY %","Impl. ener. infl. target, YY %","RMCI cons., %","RMCI invest., %","Exchng. rate, 100*log","Exchng. rate, ann. QQ %","Exchng. rate, YY %","Exptd. exchng. rate, 100*log","Exchng rate target, ann. QQ %","Risk premium, %","Real exchng. rate, 100*log","Real exchng. rate, ann. QQ %","Real exchng. rate, YY %","Exptd. RER, ann. QQ %","Real exchng. rate trend, 100*log","Real exchng. rate trend, ann. QQ %","Real exchng. rate trend, YY %","Exp. RER trend., ann. QQ %","Real exchng. rate gap, %","Money, 100*log","Real money, 100*log","Real money, ann. QQ %","Real money, YY %","Change of velocity, ann. QQ %","Foreign output gap, %","Foreign CPI, 100*log","Foreign CPI, ann. QQ %","Foreign CPI, YY %","Exptd. foreign CPI, 100*log","Foreign interest rate, %","Foreign real interest rate trend, %","Foreign food price, 100*log","Foreign food price, ann. QQ %","Foreign food price, YY %","Foreign rel. food price, 100*log","Foreign rel. food price, ann. QQ %","Foreign rel. food price, YY %","Foreign rel. food price gap, %","Foreign rel. food price tnd., 100*log","Foreign rel. food price tnd., ann. QQ %","Foreign rel. food price tnd., YY %","Foreign ener. price, 100*log","Foreign ener. price, ann. QQ %","Foreign ener. price, YY %","Foreign rel. ener. price, 100*log","Foreign rel. ener. price, ann. QQ %","Foreign rel. ener. price, YY %","Foreign rel. ener. price gap, %","Foreign rel. ener. price tnd., 100*log","Foreign rel. ener. price tnd., ann. QQ %","Foreign rel. ener. price tnd., YY %","aux_shock_dl_cons_tnd","Fiscal grants, % of GDP","Gdem. cyc. shock, % of GDP","Gdem. str. shock, % of GDP","Gdem. discr. shock, % of GDP","Gov exp. cyc. shock, % of GDP","Gov exp. str. shock, % of GDP","Gov exp. discr. shock, % of GDP","Gov rev. str. shock, % of GDP","Gov rev. cyc. shock, % of GDP","Gov rev. discr. shock, % of GDP","Cons. gap shock, %","Inv. gap shock, %","Export gap shock, %","Import gap shock, %","Output gap shock, %","Agric. output gap shock, %","Core infl. shock, ann. QQ %","Food infl. shock, ann. QQ %","Energy infl. shock, ann. QQ %","CPI discr. shock, 100*log","Policy rate shock, %","Lending premium shock, %","Exchng. rate shock, 100*log","Exchng. rate target shock, ann. QQ %","Real money dem. shock, ann. QQ %","Chng. of vel. shock, ann. QQ %","Cons. tnd. shock, ann. QQ %","Inv. tnd. shock, ann. QQ %","Export shock, ann. QQ %","Import tnd. shock, ann. QQ %","CPI target shocck, YY %","Food rel. price. tnd. shock, ann. QQ %","Energy rel. price. tnd. shock, ann. QQ %","RER tnd. shock, ann. QQ %","Premium shock, %","Agric. output tnd. shock, %","Foreign output gap shock, %","Foreign CPI shock, ann. QQ %","Foreign intr. rate shock, %","Foreign rel. food price gap shock, %","Foreign rel. ener. price gap shock, %","Foreign rel intr. rate rtnd. shock, %","Foreign rel. food price tnd. shock, ann. QQ %","Foreign rel. ener. price tnd. shock, ann. QQ %","Time trend","","","","","","","","","","","","","","","","","","","","","","","","","","","","","","","","","","","","","","","","","","","","","","","","","","","","","","","","","","","","","","","","","","","","","","","","","","","","","","","","","","","","","","","","","","","","","","","","","","","","","","","","","","","","","","","","","","","","","","","","","","","","","","","","","","","","","","","","","","","","","","","","","","","","","","","","","","","","","","","","","","","","","","","","","","","","","","","","","","","","","","","","","","","","","","","","","","","","","","","","","","","","","","","","","","","","","","","","","","","","","","","","","","","","","","","","","","","","","","","","","","","","","","",""
"1995Q1",,,,,,,,,,,,,,,,,,,,,,,,,,,,,,,,,,,,,,,,,,,,,,,,,,,,,,,,,,,,,,,,,,,,,,,,,,,,,,,,,,,,,,,,,,,,,,,,,,,,,,,,,,,,,,,,,,,,,,,,,,,,,,,,,,,,,,,,,,,,,,,,,,,,,,,,,,,,,,,,,,,,,,,,,,,,,,,,,,,,,,,,,,,,,,,,,,,,,,,,,,,,,,,,,,,,,,,,,,,,,,,,,,,,,,,,,,,,,,,,,,,,,,,,,,,,,,,,,,,,,,,,,,,,,,,,,,,,,,,,,,,,,21.0000000000000000,6.0000000000000000,26.0000000000000000,6.0000000000000000,0.8461538461538461,5.0000000000000000,,,7.2320661579626080,7.2320661579626080,4.8790164169432053,1.9802627296179729,0.0000000000000000,0.0000000000000000,2.0000000000000000,8.5000000000000000,-2.0202707317519466,0.5000000000000000,0.0120000000000000,0.0060000000000000,0.0200000000000000,0.9900000000000000,0.0000000000000000,0.0120000000000000,0.9500000000000000,0.0000000000000000,0.0230000000000000,0.9500000000000000,0.7000000000000000,1.0000000000000000,0.6500000000000000,0.0000000000000000,0.1000000000000000,0.2000000000000000,0.1000000000000000,1.0000000000000000,0.6500000000000000,0.0000000000000000,0.1000000000000000,0.2000000000000000,0.1500000000000000,1.0000000000000000,0.6500000000000000,0.0000000000000000,0.2000000000000000,0.3000000000000000,0.0000000000000000,0.3000000000000000,0.4000000000000000,0.4500000000000000,0.2000000000000000,0.0500000000000000,0.8000000000000000,0.3500000000000000,0.1000000000000000,0.1000000000000000,1.5000000000000000,0.2500000000000000,0.0400000000000000,0.0200000000000000,0.8000000000000000,0.5000000000000000,0.2000000000000000,0.0000000000000000,0.9000000000000000,0.9000000000000000,0.2000000000000000,0.2000000000000000,0.9000000000000000,0.0000000000000000,0.3000000000000000,0.8500000000000000,0.7000000000000000,0.5000000000000000,0.9000000000000000,0.4457142857142858,0.1560000000000001,0.2760000000000000,0.1222857142857140,0.7800000000000000,0.1300000000000001,0.2300000000000000,0.2100000000000000,0.3500000000000000,0.7747000000000001,0.1577000000000000,0.0676000000000000,0.9500000000000000,0.9500000000000000,0.9500000000000000,0.9500000000000000,0.9500000000000000,0.8000000000000000,0.9500000000000000,0.9000000000000000,0.9000000000000000,1.9802627296179729,0.0000000000000000,0.0000000000000000,0.0000000000000000,0.9399999999999999,0.8000000000000000,0.9500000000000000,0.9000000000000000,0.6200000000000000,0.7300000000000000,0.9000000000000000,0.9000000000000000,0.3500000000000000,0.2000000000000000,0.9000000000000000,0.9000000000000000,0.9000000000000000,0.5000000000000000,0.8000000000000000,0.9000000000000000,0.2000000000000000,0.4200000000000000,0.4200000000000000,0.2038095238095233,2.5000000000000000,0.0750000000000000,0.0000000000000000,1.7321000000000000,0.1732000000000000,0.0000000000000000,1.7321000000000000,0.1000000000000000,0.0000000000000000,1.7321000000000000,2.5000000000000000,6.0000000000000000,6.0000000000000000,0.5000000000000000,0.0001000000000000,0.3000000000000000,2.0000000000000000,9.0000000000000000,7.0999999999999996,0.0001000000000000,1.0000000000000000,0.8000000000000000,0.3500000000000000,0.3000000000000000,1.0000000000000000,0.1000000000000000,0.2500000000000000,0.5000000000000000,0.7500000000000000,0.2500000000000000,0.1000000000000000,0.5000000000000000,0.1500000000000000,0.1000000000000000,0.1000000000000000,0.0600000000000000,0.4500000000000000,3.7999999999999998,0.4500000000000000,5.2999999999999998,13.9000000000000004,0.5000000000000000,0.5000000000000000,2.5000000000000000,,,,,,,,,,0.0000000000000000,0.0000000000000000,,0.0000000000000000,,38.0953515456007992,,,,,,2.0526368029090998,,25.9609284459687011,,,,,,,,,,,,,,,0.0000000000000000,0.0000000000000000,0.0000000000000000,0.0000000000000000,0.0000000000000000,,,,,,,,,,,,,,,,,,,,,,,,,0.0000000000000000,,,,,,,,,,,,,,,,
"1995Q2",,,,,,,,,,,,,,,,,,,,,,,,,,,,,,,,,,,,,,,,,,,,,,,,,,,,,,,,,,,,,,,,,,,,,,,,,,,,,,,,,,,,,,,,,,,,,,,,,,,,,,,,,,,,,,,,,,,,,,,,,,,,,,,,,,,,,,,,,,,,,,,,,,,,,,,,,,,,,,,,,,,,,,,,,,,,,,,,,,,,,,,,,,,,,,,,,,,,,,,,,,,,,,,,,,,,,,,,,,,,,,,,,,,,,,,,,,,,,,,,,,,,,,,,,,,,,,,,,,,,,,,,,,,,,,,,,,,,,,,,,,,,,,,,,,,,,,,,,,,,,,,,,,,,,,,,,,,,,,,,,,,,,,,,,,,,,,,,,,,,,,,,,,,,,,,,,,,,,,,,,,,,,,,,,,,,,,,,,,,,,,,,,,,,,,,,,,,,,,,,,,,,,,,,,,,,,,,,,,,,,,,,,,,,,,,,,,,,,,,,,,,,,,,,,,,,,,,,,,0.0000000000000000,0.0000000000000000,,0.0000000000000000,,45.8781584064512984,74.3587536359011665,,,,,4.4469895446857697,2.9008384624200687,23.8880678899319001,,,,,,,,,,,,,,,0.0000000000000000,0.0000000000000000,0.0000000000000000,0.0000000000000000,0.0000000000000000,,,,,,,,,,,,,-87.9553787644130267,,-72.2288797399981917,,-48.2714771331451900,,-40.8086287844792963,,484.4953886261005209,,,,0.0000000000000000,,,,,,,,,,,,,,,,
"1995Q3",,,,,,,,,,,,,,,,,,,,,,,,,,,,,,,,,,,,,,,,,,,,,,,,,,,,,,,,,,,,,,,,,,,,,,,,,,,,,,,,,,,,,,,,,,,,,,,,,,,,,,,,,,,,,,,,,,,,,,,,,,,,,,,,,,,,,,,,,,,,,,,,,,,,,,,,,,,,,,,,,,,,,,,,,,,,,,,,,,,,,,,,,,,,,,,,,,,,,,,,,,,,,,,,,,,,,,,,,,,,,,,,,,,,,,,,,,,,,,,,,,,,,,,,,,,,,,,,,,,,,,,,,,,,,,,,,,,,,,,,,,,,,,,,,,,,,,,,,,,,,,,,,,,,,,,,,,,,,,,,,,,,,,,,,,,,,,,,,,,,,,,,,,,,,,,,,,,,,,,,,,,,,,,,,,,,,,,,,,,,,,,,,,,,,,,,,,,,,,,,,,,,,,,,,,,,,,,,,,,,,,,,,,,,,,,,,,,,,,,,,,,,,,,,,6.2928056510248513,6.6900484193630394,,,,,,,,0.0000000000000000,0.0000000000000000,,0.0000000000000000,,55.5425975830412995,76.4644393093501549,,,,,13.7458873873380991,26.7150428485987632,20.9448375921451984,,,,,,,,,,,,,,,0.0000000000000000,0.0000000000000000,0.0000000000000000,0.0000000000000000,0.0000000000000000,,,,,,,,,,,,,-86.8371633428747600,,-71.0946618943426785,,-48.2353558061140362,,-41.0261258328409539,,64.4671591152302170,,,,0.0000000000000000,,,,,,,,,,,,,,,,
"1995Q4",,,,,,,,,,,,,,,,,,,,,,,,,,,,,,,,,,,,,,,,,,,,,,,,,,,,,,,,,,,,,,,,,,,,,,,,,,,,,,,,,,,,,,,,,,,,,,,,,,,,,,,,,,,,,,,,,,,,,,,,,,,,,,,,,,,,,,,,,,,,,,,,,,,,,,,,,,,,,,,,,,,,,,,,,,,,,,,,,,,,,,,,,,,,,,,,,,,,,,,,,,,,,,,,,,,,,,,,,,,,,,,,,,,,,,,,,,,,,,,,,,,,,,,,,,,,,,,,,,,,,,,,,,,,,,,,,,,,,,,,,,,,,,,,,,,,,,,,,,,,,,,,,,,,,,,,,,,,,,,,,,,,,,,,,,,,,,,,,,,,,,,,,,,,,,,,,,,,,,,,,,,,,,,,,,,,,,,,,,,,,,,,,,,,,,,,,,,,,,,,,,,,,,,,,,,,,,,,,,,,,,,,,,,,,,,,,,,,,,,,,,,,,,,,,4.0353190603823172,4.1798484714041866,,,,,,,,0.0000000000000000,0.0000000000000000,,0.0000000000000000,,60.8200520319783990,36.3077149525338427,,,,,23.5084650630343006,38.6096836230169416,15.6271494468649994,,,,,,,,,,,,,,,0.0000000000000000,0.0000000000000000,0.0000000000000000,0.0000000000000000,0.0000000000000000,,,,,,,,,,,,,-87.0098881536366093,,-70.7072961811137191,,-48.2845834158712321,,-41.8804955565499100,,-6.1543652808927707,,,,0.0000000000000000,,,,,,,,,,,,,,,,
"1996Q1",,,,,,,,,,,,,,,,,,,,,,,,,,,,,,,,,,,,,,,,,,,,,,,,,,,,,,,,,,,,,,,,,,,,,,,,,,,,,,,,,,,,,,,,,,,,,,,,,,,,,,,,,,,,,,,,,,,,,,,,,,,,,,,,,,,,,,,,,,,,,,,,,,,,,,,,,,,,,,,,,,,,,,,,,,,,,,,,,,,,,,,,,,,,,,,,,,,,,,,,,,,,,,,,,,,,,,,,,,,,,,,,,,,,,,,,,,,,,,,,,,,,,,,,,,,,,,,,,,,,,,,,,,,,,,,,,,,,,,,,,,,,,,,,,,,,,,,,,,,,,,,,,,,,,,,,,,,,,,,,,,,,,,,,,,,,,,,,,,,,,,,,,,,,,,,,,,,,,,,,,,,,,,,,,,,,,,,,,,,,,,,,,,,,,,,,,,,,,,,,,,,,,,,,,,,,,,,,,,,,,,,,,,,,,,,,,,,,,,,,,,,,,,,,,-0.0600250132449816,-1.1010912799704613,,,,,,,,0.0000000000000000,0.0000000000000000,,0.0000000000000000,,61.0019151710932022,1.1942888685339312,,,,,31.4070833366068989,26.9363312887714130,13.0167324255798995,,,,,,,,,,,,,,,0.0000000000000000,0.0000000000000000,0.0000000000000000,0.0000000000000000,0.0000000000000000,,,,,,,,,,,,,-86.6085006219223743,,-70.1968648946917000,,-48.1550116445138983,,-41.6339642750362273,,6.4308525869530841,76.4251300828674403,,,0.0000000000000000,,,,,,,,,,,,,,,,
"1996Q2",,,,,,,,,,,,,,,,,,,,,,,,,,,,,,,,,,,,,,,,,,,,,,,,,,,,,,,,,,,,,,,,,,,,,,,,,,,,,,,,,,,,,,,,,,,,,,,,,,,,,,,,,,,,,,,,,,,,,,,,,,,,,,,,,,,,,,,,,,,,,,,,,,,,,,,,,,,,,,,,,,,,,,,,,,,,,,,,,,,,,,,,,,,,,,,,,,,,,,,,,,,,,,,,,,,,,,,,,,,,,,,,,,,,,,,,,,,,,,,,,,,,,,,,,,,,,,,,,,,,,,,,,,,,,,,,,,,,,,,,,,,,,,,,,,,,,,,,,,,,,,,,,,,,,,,,,,,,,,,,,,,,,,,,,,,,,,,,,,,,,,,,,,,,,,,,,,,,,,,,,,,,,,,,,,,,,,,,,,,,,,,,,,,,,,,,,,,,,,,,,,,,,,,,,,,,,,,,,,,,,,,,,,,,,,,,,,,,,,,,,,,,,,,,,-1.1458466006631056,-1.6920868770537503,,,,,,,,0.0000000000000000,0.0000000000000000,,0.0000000000000000,,62.3084719653949008,8.4768572894511180,,,,,35.6420096096170980,2.1922566055780521,12.0896543804296996,,,,,,,,,,,,,,,0.0000000000000000,0.0000000000000000,0.0000000000000000,0.0000000000000000,0.0000000000000000,,,,,,,,,,,,,-84.9937691168399283,,-68.3403751969091502,,-47.7054316893869483,,-40.5977749513235153,,-3.0916153602973395,12.3369339933188549,,,0.0000000000000000,,,,,,,,,,,,,,,,
"1996Q3",,,,,,,,,,,,,,,,,,,,,,,,,,,,,,,,,,,,,,,,,,,,,,,,,,,,,,,,,,,,,,,,,,,,,,,,,,,,,,,,,,,,,,,,,,,,,,,,,,,,,,,,,,,,,,,,,,,,,,,,,,,,,,,,,,,,,,,,,,,,,,,,,,,,,,,,,,,,,,,,,,,,,,,,,,,,,,,,,,,,,,,,,,,,,,,,,,,,,,,,,,,,,,,,,,,,,,,,,,,,,,,,,,,,,,,,,,,,,,,,,,,,,,,,,,,,,,,,,,,,,,,,,,,,,,,,,,,,,,,,,,,,,,,,,,,,,,,,,,,,,,,,,,,,,,,,,,,,,,,,,,,,,,,,,,,,,,,,,,,,,,,,,,,,,,,,,,,,,,,,,,,,,,,,,,,,,,,,,,,,,,,,,,,,,,,,,,,,,,,,,,,,,,,,,,,,,,,,,,,,,,,,,,,,,,,,,,,,,,,,,,,,,,,,,-2.2316681880812723,-2.2830824741369753,,,,,,,,0.0000000000000000,0.0000000000000000,,0.0000000000000000,,64.3366749607016999,12.8129752522509079,,,,,37.3244587686982001,7.9535805626040883,11.3979466385447008,,,,,,,,,,,,,,,0.0000000000000000,0.0000000000000000,0.0000000000000000,0.0000000000000000,0.0000000000000000,,,,,,,,,,,,,-82.7504308928491668,,-67.0244013075487146,,-47.4386491290858103,,-40.5166774774323954,,-3.4892330378783476,-1.9183451743125968,,,0.0000000000000000,,,,,,,,,,,,,,,,
"1996Q4",,,,,,,,,,,,,,,,,,,,,,,,,,,,,,,,,,,,,,,,,,,,,,,,,,,,,,,,,,,,,,,,,,,,,,,,,,,,,,,,,,,,,,,,,,,,,,,,,,,,,,,,,,,,,,,,,,,,,,,,,,,,,,,,,,,,,,,,,,,,,,,,,,,,,,,,,,,,,,,,,,,,,,,,,,,,,,,,,,,,,,,,,,,,,,,,,,,,,,,,,,,,,,,,,,,,,,,,,,,,,,,,,,,,,,,,,,,,,,,,,,,,,,,,,,,,,,,,,,,,,,,,,,,,,,,,,,,,,,,,,,,,,,,,,,,,,,,,,,,,,,,,,,,,,,,,,,,,,,,,,,,,,,,,,,,,,,,,,,,,,,,,,,,,,,,,,,,,,,,,,,,,,,,,,,,,,,,,,,,,,,,,,,,,,,,,,,,,,,,,,,,,,,,,,,,,,,,,,,,,,,,,,,,,,,,,,,,,,,,,,,,,,,,,,-3.3174897754994213,-2.8740780712200973,,,,,,,,0.0000000000000000,0.0000000000000000,,0.0000000000000000,,66.3199929053356954,12.1446250274598242,,,,,37.3468905765450003,8.8493826300669696,10.8880351782187006,,,,,,,,,,,,,,,0.0000000000000000,0.0000000000000000,0.0000000000000000,0.0000000000000000,0.0000000000000000,,,,,,,,,,,,,-81.7982267737591258,,-66.4512871800042149,,-47.2335821677460714,,-41.0080144922787184,,5.7438706832585895,1.2252540294323655,,,0.0000000000000000,,,,,,,,,,,,,,,,
"1997Q1",,,,,,,,,,,,,,,,,,,,,,,,,,,,,,,,,,,,,,,,,,,,,,,,,,,,,,,,,,,,,,,,,,,,,,,,,,,,,,,,,,,,,,,,,,,,,,,,,,,,,,,,,,,,,,,,,,,,,,,,,,,,,,,,,,,,,,,,,,,,,,,,,,,,,,,,,,,,,,,,,,,,,,,,,,,,,,,,,,,,,,,,,,,,,,,,,,,,,,,,,,,,,,,,,,,,,,,,,,,,,,,,,,,,,,,,,,,,,,,,,,,,,,,,,,,,,,,,,,,,,,,,,,,,,,,,,,,,,,,,,,,,,,,,,,,,,,,,,,,,,,,,,,,,,,,,,,,,,,,,,,,,,,,,,,,,,,,,,,,,,,,,,,,,,,,,,,,,,,,,,,,,,,,,,,,,,,,,,,,,,,,,,,,,,,,,,,,,,,,,,,,,,,,,,,,,,,,,,,,,,,,,,,,,,,,,,,,,,,,,,,,,,,,,,-6.3089847375083847,-4.2666122096847161,,,,,,,,0.0000000000000000,0.0000000000000000,,0.0000000000000000,,70.7310926513428058,25.7575421120002375,,,,,42.4699617590520972,16.1924032490670555,12.2552402604693995,,,,,,,,,,,,,,,0.0000000000000000,0.0000000000000000,0.0000000000000000,0.0000000000000000,0.0000000000000000,,,,,,,,,,,,,-79.7405613429710911,,-65.6546362536211632,,-46.8292718398374959,,-40.4694962416112105,,-1.0178089981271565,-0.0273083771179849,,,3.0000000000000027,,,,,,,,,,,,,,,,
"1997Q2",,,,,,,,,,,,,,,,,,,,,,,,,,,,,,,,,,,,,,,,,,,,,,,,,,,,,,,,,,,,,,,,,,,,,,,,,,,,,,,,,,,,,,,,,,,,,,,,,,,,,,,,,,,,,,,,,,,,,,,,,,,,,,,,,,,,,,,,,,,,,,,,,,,,,,,,,,,,,,,,,,,,,,,,,,,,,,,,,,,,,,,,,,,,,,,,,,,,,,,,,,,,,,,,,,,,,,,,,,,,,,,,,,,,,,,,,,,,,,,,,,,,,,,,,,,,,,,,,,,,,,,,,,,,,,,,,,,,,,,,,,,,,,,,,,,,,,,,,,,,,,,,,,,,,,,,,,,,,,,,,,,,,,,,,,,,,,,,,,,,,,,,,,,,,,,,,,,,,,,,,,,,,,,,,,,,,,,,,,,,,,,,,,,,,,,,,,,,,,,,,,,,,,,,,,,,,,,,,,,,,,,,,,,,,,,,,,,,,,,,,,,,,,,,,-6.0943786298479719,-4.8302929708776770,,,,,,,,0.0000000000000000,0.0000000000000000,,0.0000000000000000,,84.4601248317747064,70.9577073490659131,,,,,51.8614883985020967,21.8334935445888334,14.3037376370015004,,,,,,,,,,,,,,,0.0000000000000000,0.0000000000000000,0.0000000000000000,0.0000000000000000,0.0000000000000000,,,,,,,,,,,,,-76.2666065819341839,,-63.7262211403777812,,-46.2177331011120316,,-39.2492581793527719,,-7.4506089513615485,-1.7798808348076234,,,9.0000000000000071,,,,,,,,,,,,,,,,
"1997Q3",,,,,,,,,,,,,,,,,,,,,,,,,,,,,,,,,,,,,,,,,,,,,,,,,,,,,,,,,,,,,,,,,,,,,,,,,,,,,,,,,,,,,,,,,,,,,,,,,,,,,,,,,,,,,,,,,,,,,,,,,,,,,,,,,,,,,,,,,,,,,,,,,,,,,,,,,,,,,,,,,,,,,,,,,,,,,,,,,,,,,,,,,,,,,,,,,,,,,,,,,,,,,,,,,,,,,,,,,,,,,,,,,,,,,,,,,,,,,,,,,,,,,,,,,,,,,,,,,,,,,,,,,,,,,,,,,,,,,,,,,,,,,,,,,,,,,,,,,,,,,,,,,,,,,,,,,,,,,,,,,,,,,,,,,,,,,,,,,,,,,,,,,,,,,,,,,,,,,,,,,,,,,,,,,,,,,,,,,,,,,,,,,,,,,,,,,,,,,,,,,,,,,,,,,,,,,,,,,,,,,,,,,,,,,,,,,,,,,,,,,,,,,,,,,-5.8797725221874524,-5.3939737320706858,,,,,,,,0.0000000000000000,0.0000000000000000,,0.0000000000000000,,80.7656451481509947,-17.8911344810749142,,,,,50.1242353142929034,-0.4038037010111566,16.5875909131504997,,,,,,,,,,,,,,,0.0000000000000000,0.0000000000000000,0.0000000000000000,0.0000000000000000,0.0000000000000000,,,,,,,,,,,,,-71.4944038009814875,,-62.1650848743256859,,-45.6857986824831386,,-38.8880917476905026,,-4.4382833850037500,-2.3750570144002170,,,9.0000000000000071,,,,,,,,,,,,,,,,
"1997Q4",,,,,,,,,,,,,,,,,,,,,,,,,,,,,,,,,,,,,,,,,,,,,,,,,,,,,,,,,,,,,,,,,,,,,,,,,,,,,,,,,,,,,,,,,,,,,,,,,,,,,,,,,,,,,,,,,,,,,,,,,,,,,,,,,,,,,,,,,,,,,,,,,,,,,,,,,,,,,,,,,,,,,,,,,,,,,,,,,,,,,,,,,,,,,,,,,,,,,,,,,,,,,,,,,,,,,,,,,,,,,,,,,,,,,,,,,,,,,,,,,,,,,,,,,,,,,,,,,,,,,,,,,,,,,,,,,,,,,,,,,,,,,,,,,,,,,,,,,,,,,,,,,,,,,,,,,,,,,,,,,,,,,,,,,,,,,,,,,,,,,,,,,,,,,,,,,,,,,,,,,,,,,,,,,,,,,,,,,,,,,,,,,,,,,,,,,,,,,,,,,,,,,,,,,,,,,,,,,,,,,,,,,,,,,,,,,,,,,,,,,,,,,,,,,-5.6651664145270217,-5.9576544932637265,,,,,,,,0.0000000000000000,0.0000000000000000,,0.0000000000000000,,85.7286696738952969,23.8542454572680072,,,,,52.5164665575442982,14.1750373496663826,19.1708683706095009,,,,,,,,,,,,,,,0.0000000000000000,0.0000000000000000,0.0000000000000000,0.0000000000000000,0.0000000000000000,,,,,,,,,,,,,-67.8383297880817935,,-61.2396397157799015,,-45.1719451266558849,,-39.0410831089421961,,7.9596935968662574,-1.3053749716053331,,,8.6666666666666679,,,,,,,,,,,,,,,,
"1998Q1",,,,,,,,,,,,,,,,,,,,,,,,,,,,,,,,,,,,,,,,,,,,,,,,,,,,,,,,,,,,,,,,,,,,,,,,,,,,,,,,,,,,,,,,,,,,,,,,,,,,,,,,,,,,,,,,,,,,,,,,,,,,,,,,,,,,,,,,,,,,,,,,,,,,,,,,,,,,,,,,,,,,,,,,,,,,,,,,,,,,,,,,,,,,,,,,,,,,,,,,,,,,,,,,,,,,,,,,,,,,,,,,,,,,,,,,,,,,,,,,,,,,,,,,,,,,,,,,,,,,,,,,,,,,,,,,,,,,,,,,,,,,,,,,,,,,,,,,,,,,,,,,,,,,,,,,,,,,,,,,,,,,,,,,,,,,,,,,,,,,,,,,,,,,,,,,,,,,,,,,,,,,,,,,,,,,,,,,,,,,,,,,,,,,,,,,,,,,,,,,,,,,,,,,,,,,,,,,,,,,,,,,,,,,,,,,,,,,,,,,,,,,,,,,,-5.7075524433865485,-8.7770192508091061,,,,,,,,0.0000000000000000,0.0000000000000000,,0.0000000000000000,,86.0200201682844039,1.3571027488121672,,,,,46.4323034836117969,-24.6758516174157876,17.7159727589987988,,,,,,,,,,,,,,,0.0000000000000000,0.0000000000000000,0.0000000000000000,0.0000000000000000,0.0000000000000000,,,,,,,,,,,,,-61.8828270527952640,,-60.1212445400379352,,-44.4976571730559129,,-38.2227159092530826,,5.6679242678856934,0.7119381132407732,,,8.0000000000000071,,,,,,,,,,,,,,,,
"1998Q2",,,,,,,,,,,,,,,,,,,,,,,,,,,,,,,,,,,,,,,,,,,,,,,,,,,,,,,,,,,,,,,,,,,,,,,,,,,,,,,,,,,,,,,,,,,,,,,,,,,,,,,,,,,,,,,,,,,,,,,,,,,,,,,,,,,,,,,,,,,,,,,,,,,,,,,,,,,,,,,,,,,,,,,,,,,,,,,,,,,,,,,,,,,,,,,,,,,,,,,,,,,,,,,,,,,,,,,,,,,,,,,,,,,,,,,,,,,,,,,,,,,,,,,,,,,,,,,,,,,,,,,,,,,,,,,,,,,,,,,,,,,,,,,,,,,,,,,,,,,,,,,,,,,,,,,,,,,,,,,,,,,,,,,,,,,,,,,,,,,,,,,,,,,,,,,,,,,,,,,,,,,,,,,,,,,,,,,,,,,,,,,,,,,,,,,,,,,,,,,,,,,,,,,,,,,,,,,,,,,,,,,,,,,,,,,,,,,,,,,,,,,,,,,,,-5.2413401494731673,-7.3456787592232295,,,,,,,,0.0000000000000000,0.0000000000000000,,0.0000000000000000,,82.6382514278867006,-16.0429584543644523,,,,,46.2366795591514972,-9.2831694228674451,15.3524390340948003,,,,,,,,,,,,,,,0.0000000000000000,0.0000000000000000,0.0000000000000000,0.0000000000000000,0.0000000000000000,,,,,,,,,,,,,-53.9418688851903667,,-58.1402708583948140,,-43.6879641207018850,,-36.8206776984280495,,1.8231357480112509,2.5293311676112928,,,8.0000000000000071,,,,,,,,,,,,,,,,
"1998Q3",,,,,,,,,,,,,,,,,,,,,,,,,,,,,,,,,,,,,,,,,,,,,,,,,,,,,,,,,,,,,,,,,,,,,,,,,,,,,,,,,,,,,,,,,,,,,,,,,,,,,,,,,,,,,,,,,,,,,,,,,,,,,,,,,,,,,,,,,,,,,,,,,,,,,,,,,,,,,,,,,,,,,,,,,,,,,,,,,,,,,,,,,,,,,,,,,,,,,,,,,,,,,,,,,,,,,,,,,,,,,,,,,,,,,,,,,,,,,,,,,,,,,,,,,,,,,,,,,,,,,,,,,,,,,,,,,,,,,,,,,,,,,,,,,,,,,,,,,,,,,,,,,,,,,,,,,,,,,,,,,,,,,,,,,,,,,,,,,,,,,,,,,,,,,,,,,,,,,,,,,,,,,,,,,,,,,,,,,,,,,,,,,,,,,,,,,,,,,,,,,,,,,,,,,,,,,,,,,,,,,,,,,,,,,,,,,,,,,,,,,,,,,,,,,-4.7751278555597594,-5.9143382676372340,,,,,,,,0.0000000000000000,0.0000000000000000,,0.0000000000000000,,81.6620265342027949,-4.7534253464725680,,,,,44.0911798443752971,-5.9496224593507918,14.7956929039808003,,,,,,,,,,,,,,,0.0000000000000000,0.0000000000000000,0.0000000000000000,0.0000000000000000,0.0000000000000000,,,,,,,,,,,,,-44.3567570629338732,,-56.3165422080717164,,-42.8700538852531210,,-36.1755678144600381,,7.6106571331565842,5.2680126814617312,,,8.2999999999999972,,,,,,,,,,,,,,,,
"1998Q4",,,,,,,,,,,,,,,,,,,,,,,,,,,,,,,,,,,,,,,,,,,,,,,,,,,,,,,,,,,,,,,,,,,,,,,,,,,,,,,,,,,,,,,,,,,,,,,,,,,,,,,,,,,,,,,,,,,,,,,,,,,,,,,,,,,,,,,,,,,,,,,,,,,,,,,,,,,,,,,,,,,,,,,,,,,,,,,,,,,,,,,,,,,,,,,,,,,,,,,,,,,,,,,,,,,,,,,,,,,,,,,,,,,,,,,,,,,,,,,,,,,,,,,,,,,,,,,,,,,,,,,,,,,,,,,,,,,,,,,,,,,,,,,,,,,,,,,,,,,,,,,,,,,,,,,,,,,,,,,,,,,,,,,,,,,,,,,,,,,,,,,,,,,,,,,,,,,,,,,,,,,,,,,,,,,,,,,,,,,,,,,,,,,,,,,,,,,,,,,,,,,,,,,,,,,,,,,,,,,,,,,,,,,,,,,,,,,,,,,,,,,,,,,,,-4.3089155616463835,-4.4829977760513486,,,,,,,,0.0000000000000000,0.0000000000000000,,0.0000000000000000,,85.7524817189119943,19.5503698567190440,,,,,42.5709330027438995,-4.7466517959809948,17.8105101692304011,,,,,,,,,,,,,,,0.0000000000000000,0.0000000000000000,0.0000000000000000,0.0000000000000000,0.0000000000000000,,,,,,,,,,,,,-37.2361499580503477,,-54.9654411707475106,,-42.0370597774739423,,-35.9645921947576284,,12.3671643623576966,6.9168728440152760,,,8.0999999999999961,,,,,,,,,,,,,,,,
"1999Q1",,,,,,,,,,,,,,,,,,,,,,,,,,,,,,,,,,,,,,,,,,,,,,,,,,,,,,,,,,,,,,,,,,,,,,,,,,,,,,,,,,,,,,,,,,,,,,,,,,,,,,,,,,,,,,,,,,,,,,,,,,,,,,,,,,,,,,,,,,,,,,,,,,,,,,,,,,,,,,,,,,,,,,,,,,,,,,,,,,,,,,,,,,,,,,,,,,,,,,,,,,,,,,,,,,,,,,,,,,,,,,,,,,,,,,,,,,,,,,,,,,,,,,,,,,,,,,,,,,,,,,,,,,,,,,,,,,,,,,,,,,,,,,,,,,,,,,,,,,,,,,,,,,,,,,,,,,,,,,,,,,,,,,,,,,,,,,,,,,,,,,,,,,,,,,,,,,,,,,,,,,,,,,,,,,,,,,,,,,,,,,,,,,,,,,,,,,,,,,,,,,,,,,,,,,,,,,,,,,,,,,,,,,,,,,,,,,,,,,,,,,,,,,,,,-4.9178676064145961,-0.9730329116101473,131.0000000000000000,7.5460135081999979,9.5000000000000000,37.2500000000000000,151.7500000000000000,-18.2866556836902809,41.2039864918000021,12.4539864918000021,16.4945437499999983,10.7585850607515994,34.2125961598124988,22.6700302847198003,90.4964865023625009,21.5383999272996789,,,,,39.1073168836937981,-14.6111797648903661,24.4885707420579983,0.9751164519769357,0.0000000000000000,,,,,,,,,,,,,6.6735863403462670,6.6735863403462670,44.4427337415427814,-1.7307250000000001,-0.1027500000000000,,,,,,,,,,,,,-24.2449946354420618,,-53.4285876728983666,,-40.9921413723409955,,-34.8711016282722852,,9.8447413254589158,8.2935587399336939,,,8.0000000000000071,,,,,,,,,,,,,,,,
"1999Q2",,,,,,,,,,,,,,,,,,,,,,,,,,,,,,,,,,,,,,,,,,,,,,,,,,,,,,,,,,,,,,,,,,,,,,,,,,,,,,,,,,,,,,,,,,,,,,,,,,,,,,,,,,,,,,,,,,,,,,,,,,,,,,,,,,,,,,,,,,,,,,,,,,,,,,,,,,,,,,,,,,,,,,,,,,,,,,,,,,,,,,,,,,,,,,,,,,,,,,,,,,,,,,,,,,,,,,,,,,,,,,,,,,,,,,,,,,,,,,,,,,,,,,,,,,,,,,,,,,,,,,,,,,,,,,,,,,,,,,,,,,,,,,,,,,,,,,,,,,,,,,,,,,,,,,,,,,,,,,,,,,,,,,,,,,,,,,,,,,,,,,,,,,,,,,,,,,,,,,,,,,,,,,,,,,,,,,,,,,,,,,,,,,,,,,,,,,,,,,,,,,,,,,,,,,,,,,,,,,,,,,,,,,,,,,,,,,,,,,,,,,,,,,,,,-3.7906510314644919,-0.8992836379896403,131.0000000000000000,7.5460135081999979,9.5000000000000000,37.2500000000000000,151.7500000000000000,-18.2866556836902809,41.2039864918000021,12.4539864918000021,16.4945437499999983,10.8283225439407005,34.2125961598124988,22.5470678328616003,91.9061577554892040,6.1828021197361522,0.3577035640890358,,,,37.3248441697027005,-10.6849374409660811,25.2513221909154986,0.9751164519769357,0.0000000000000000,,,,,,,,,,,,,6.6235049758488422,6.6235049758488422,44.1092170034261173,-1.7307250000000001,-0.1027500000000000,8.6166665122489494,,8.9517932736692618,,19.3321361815139028,,5.2612950728484487,,8.7871470580782152,,2.4574642096136357,,-8.9999975859438752,,-51.3793133972952702,,-39.9596257440641338,,-33.2112250242377485,,4.5403373206416964,8.3874492173570125,12.4440748045109970,,8.2000000000000064,,,,,,,,,,,,,,,,
"1999Q3",,,,,,,,,,,,,,,,,,,,,,,,,,,,,,,,,,,,,,,,,,,,,,,,,,,,,,,,,,,,,,,,,,,,,,,,,,,,,,,,,,,,,,,,,,,,,,,,,,,,,,,,,,,,,,,,,,,,,,,,,,,,,,,,,,,,,,,,,,,,,,,,,,,,,,,,,,,,,,,,,,,,,,,,,,,,,,,,,,,,,,,,,,,,,,,,,,,,,,,,,,,,,,,,,,,,,,,,,,,,,,,,,,,,,,,,,,,,,,,,,,,,,,,,,,,,,,,,,,,,,,,,,,,,,,,,,,,,,,,,,,,,,,,,,,,,,,,,,,,,,,,,,,,,,,,,,,,,,,,,,,,,,,,,,,,,,,,,,,,,,,,,,,,,,,,,,,,,,,,,,,,,,,,,,,,,,,,,,,,,,,,,,,,,,,,,,,,,,,,,,,,,,,,,,,,,,,,,,,,,,,,,,,,,,,,,,,,,,,,,,,,,,,,,,-2.6634344565142953,-0.8255343643692257,131.0000000000000000,7.5460135081999979,9.5000000000000000,37.2500000000000000,151.7500000000000000,-18.2866556836902809,41.2039864918000021,12.4539864918000021,16.4945437499999983,10.9399274159949993,34.2125961598124988,22.5362896415376994,95.3480409038800047,14.7063013579215749,2.6818138832748559,,,,43.3642830211381991,20.5590870677772699,21.6723926615389004,0.9751164519769357,0.0000000000000000,,,,,,,,,,,,,6.6446474102763116,6.6446474102763116,44.2500149995841028,-1.7307250000000001,-0.1027500000000000,8.8719610613967159,,7.3022967936649419,,23.5987838926820643,,4.2960784492772852,,17.6302612830649288,,4.8915143464055122,,-1.9148796707081028,,-49.2693948524127947,,-38.8848038338092223,,-32.2639276429400823,,-1.1251518980545550,5.9410964816060563,1.9302893337610927,,9.1666666666666785,,,,,,,,,,,,,,,,
"1999Q4",,,,,,,,,,,,,,,,,,,,,,,,,,,,,,,,,,,,,,,,,,,,,,,,,,,,,,,,,,,,,,,,,,,,,,,,,,,,,,,,,,,,,,,,,,,,,,,,,,,,,,,,,,,,,,,,,,,,,,,,,,,,,,,,,,,,,,,,,,,,,,,,,,,,,,,,,,,,,,,,,,,,,,,,,,,,,,,,,,,,,,,,,,,,,,,,,,,,,,,,,,,,,,,,,,,,,,,,,,,,,,,,,,,,,,,,,,,,,,,,,,,,,,,,,,,,,,,,,,,,,,,,,,,,,,,,,,,,,,,,,,,,,,,,,,,,,,,,,,,,,,,,,,,,,,,,,,,,,,,,,,,,,,,,,,,,,,,,,,,,,,,,,,,,,,,,,,,,,,,,,,,,,,,,,,,,,,,,,,,,,,,,,,,,,,,,,,,,,,,,,,,,,,,,,,,,,,,,,,,,,,,,,,,,,,,,,,,,,,,,,,,,,,,,,-1.5362178815641130,-0.7517850907487258,131.0000000000000000,7.5460135081999979,9.5000000000000000,37.2500000000000000,151.7500000000000000,-18.2866556836902809,41.2039864918000021,12.4539864918000021,16.4945437499999983,10.9449035221479001,34.2125961598124988,22.4498356636466987,95.7285282996217006,1.5930279687665916,1.2426323319913308,,,,41.2865852906635027,-7.8415606592619298,25.4090033908479001,0.9751164519769357,0.0000000000000000,,,,,,,,,,,,,6.4798775802027260,6.4798775802027260,43.1527306740141654,-1.7307250000000001,-0.1027500000000000,8.5572896911563667,,9.4612484113072881,,19.4225115144865512,,7.3883151885477449,,16.3543964354482263,,3.5013280581101869,,-6.8988045396686681,,-47.4280941668345903,,-37.6499764996341781,,-31.6613041663588604,,7.8421708073840746,5.3826201402566332,13.4376381208499716,,8.6333333333333364,,,,,,,,,,,,,,,,
"2000Q1",,,,,,,,,,,,,,,,,,,,,,,,,,,,,,,,,,,,,,,,,,,,,,,,,,,,,,,,,,,,,,,,,,,,,,,,,,,,,,,,,,,,,,,,,,,,,,,,,,,,,,,,,,,,,,,,,,,,,,,,,,,,,,,,,,,,,,,,,,,,,,,,,,,,,,,,,,,,,,,,,,,,,,,,,,,,,,,,,,,,,,,,,,,,,,,,,,,,,,,,,,,,,,,,,,,,,,,,,,,,,,,,,,,,,,,,,,,,,,,,,,,,,,,,,,,,,,,,,,,,,,,,,,,,,,,,,,,,,,,,,,,,,,,,,,,,,,,,,,,,,,,,,,,,,,,,,,,,,,,,,,,,,,,,,,,,,,,,,,,,,,,,,,,,,,,,,,,,,,,,,,,,,,,,,,,,,,,,,,,,,,,,,,,,,,,,,,,,,,,,,,,,,,,,,,,,,,,,,,,,,,,,,,,,,,,,,,,,,,,,,,,,,,,,,2.3845152278700681,0.9470439036775673,146.2500000000000000,10.0525542540999986,10.7500000000000000,42.0000000000000000,169.0000000000000000,-18.4911242603550292,43.9474457458999979,12.4474457459000014,17.9147937500000012,10.5024690273565007,36.8653333767812512,21.9056983149570002,94.0081482727384952,-7.2539572497059908,6.3681248342343224,,,,41.3526078108924011,-3.8870566457724749,25.1635688579486008,0.8025781703772190,0.0000000000000000,,,,,,,,,,,,,4.3270885600595372,4.3270885600595372,48.4071933225531339,-0.9844812500000000,-1.2867500000000001,7.3797611611382541,8.3570210346787910,25.5994773119329295,12.5865324103209488,109.1295306692394718,38.4210615161342233,0.1491385035461645,4.4002135577810630,-30.9659263298007197,0.7575757575757569,117.6683427572233711,24.4604316546762632,-1.5674221441353220,-5.0223684449584578,-45.4850494144675821,,-36.0786866390816598,,-30.2192827974855263,,26.3688301670668608,9.0580010328793250,17.7202698978140987,11.2428934684056347,8.9833333333333201,,,,,,,,,,,,,,,,
"2000Q2",,,,,,,,,,,,,,,,,,,,,,,,,,,,,,,,,,,,,,,,,,,,,,,,,,,,,,,,,,,,,,,,,,,,,,,,,,,,,,,,,,,,,,,,,,,,,,,,,,,,,,,,,,,,,,,,,,,,,,,,,,,,,,,,,,,,,,,,,,,,,,,,,,,,,,,,,,,,,,,,,,,,,,,,,,,,,,,,,,,,,,,,,,,,,,,,,,,,,,,,,,,,,,,,,,,,,,,,,,,,,,,,,,,,,,,,,,,,,,,,,,,,,,,,,,,,,,,,,,,,,,,,,,,,,,,,,,,,,,,,,,,,,,,,,,,,,,,,,,,,,,,,,,,,,,,,,,,,,,,,,,,,,,,,,,,,,,,,,,,,,,,,,,,,,,,,,,,,,,,,,,,,,,,,,,,,,,,,,,,,,,,,,,,,,,,,,,,,,,,,,,,,,,,,,,,,,,,,,,,,,,,,,,,,,,,,,,,,,,,,,,,,,,,,,1.6360424658109238,-0.1549194667754463,146.2500000000000000,10.0525542540999986,10.7500000000000000,42.0000000000000000,169.0000000000000000,-18.4911242603550292,43.9474457458999979,12.4474457459000014,17.9147937500000012,10.5622911641684993,36.8653333767812512,21.8195340926029999,99.7803942992441932,23.8361007382054595,0.1117667123697288,,,,39.2984729709747000,-16.5371377086792108,28.1619372238247010,0.8025781703772190,0.0000000000000000,,,,,,,,,,,,,4.1386587071432750,4.1386587071432750,46.2992262238320791,-0.9844812500000000,-1.2867500000000001,8.7732882790980238,8.3570210346787910,9.2303271685169932,12.5865324103209488,19.4005030999446326,38.4210615161342233,5.8493451982056133,4.4002135577810630,8.9077702596832999,0.7575757575757569,1.4154006929594232,24.4604316546762632,6.3211952837611163,-1.3050478398499488,-43.1512235468267207,,-34.7761014744026298,,-28.2847801066927751,,22.0858211917126503,13.1676470345509102,6.6685400735301492,9.7746438154782354,8.5749999999999993,,,,,,,,,,,,,,,,
"2000Q3",,,,,,,,,,,,,,,,,,,,,,,,,,,,,,,,,,,,,,,,,,,,,,,,,,,,,,,,,,,,,,,,,,,,,,,,,,,,,,,,,,,,,,,,,,,,,,,,,,,,,,,,,,,,,,,,,,,,,,,,,,,,,,,,,,,,,,,,,,,,,,,,,,,,,,,,,,,,,,,,,,,,,,,,,,,,,,,,,,,,,,,,,,,,,,,,,,,,,,,,,,,,,,,,,,,,,,,,,,,,,,,,,,,,,,,,,,,,,,,,,,,,,,,,,,,,,,,,,,,,,,,,,,,,,,,,,,,,,,,,,,,,,,,,,,,,,,,,,,,,,,,,,,,,,,,,,,,,,,,,,,,,,,,,,,,,,,,,,,,,,,,,,,,,,,,,,,,,,,,,,,,,,,,,,,,,,,,,,,,,,,,,,,,,,,,,,,,,,,,,,,,,,,,,,,,,,,,,,,,,,,,,,,,,,,,,,,,,,,,,,,,,,,,,,0.8875697037517725,-1.2568828372284457,146.2500000000000000,10.0525542540999986,10.7500000000000000,42.0000000000000000,169.0000000000000000,-18.4911242603550292,43.9474457458999979,12.4474457459000014,17.9147937500000012,10.6665140101957991,36.8653333767812512,21.7988291332302992,101.7343823649000001,7.7574432637513837,3.4929635968356934,,,,42.7057165871147006,3.6510809945053353,27.5688759957028999,0.8025781703772190,0.0000000000000000,,,,,,,,,,,,,3.8726253250104747,3.8726253250104747,43.3231074824634135,-0.9844812500000000,-1.2867500000000001,8.6838584627130224,8.3570210346787910,6.7960132802671991,12.5865324103209488,22.4419687977176707,38.4210615161342233,4.6135148321891917,4.4002135577810630,17.6920358188030775,0.7575757575757569,4.4922576286009708,24.4604316546762632,14.4255229082403957,2.7238546336741498,-40.7674880959799566,,-33.5784805963290154,,-26.9554120703094711,,30.4492887004973696,21.3278474671727096,7.1459826327165077,11.1300716683993439,9.2999999999999972,,,,,,,,,,,,,,,,
"2000Q4",,,,,,,,,,,,,,,,,,,,,,,,,,,,,,,,,,,,,,,,,,,,,,,,,,,,,,,,,,,,,,,,,,,,,,,,,,,,,,,,,,,,,,,,,,,,,,,,,,,,,,,,,,,,,,,,,,,,,,,,,,,,,,,,,,,,,,,,,,,,,,,,,,,,,,,,,,,,,,,,,,,,,,,,,,,,,,,,,,,,,,,,,,,,,,,,,,,,,,,,,,,,,,,,,,,,,,,,,,,,,,,,,,,,,,,,,,,,,,,,,,,,,,,,,,,,,,,,,,,,,,,,,,,,,,,,,,,,,,,,,,,,,,,,,,,,,,,,,,,,,,,,,,,,,,,,,,,,,,,,,,,,,,,,,,,,,,,,,,,,,,,,,,,,,,,,,,,,,,,,,,,,,,,,,,,,,,,,,,,,,,,,,,,,,,,,,,,,,,,,,,,,,,,,,,,,,,,,,,,,,,,,,,,,,,,,,,,,,,,,,,,,,,,,,0.1390969416926353,-2.3588462076814523,146.2500000000000000,10.0525542540999986,10.7500000000000000,42.0000000000000000,169.0000000000000000,-18.4911242603550292,43.9474457458999979,12.4474457459000014,17.9147937500000012,10.6763921309213003,36.8653333767812512,21.7556609787589998,105.8940984519259985,16.0296804915653865,2.4050035770779346,,,,51.6922959248910985,16.7332531768991686,24.2449948599211993,0.8025781703772190,0.0000000000000000,,,,,,,,,,,,,3.6925417781770462,3.6925417781770462,41.3085106132796582,-0.9844812500000000,-1.2867500000000001,8.0564500459048958,8.3570210346787910,9.2252332822657870,12.5865324103209488,18.9797266937357101,38.4210615161342233,7.9486634386774613,4.4002135577810630,18.1584107838956399,0.7575757575757569,3.8608527281752458,24.4604316546762632,32.3309136014687581,12.4367433729051911,-38.5118181184365014,,-31.7798509937870506,,-25.8387241202670204,,17.5717916565998351,24.0896091515730326,-17.9685009710678685,2.4883553605626663,8.9966666666666750,,,,,,,,,,,,,,,,
"2001Q1",,,,,,,,,,,,,,,,,,,,,,,,,,,,,,,,,,,,,,,,,,,,,,,,,,,,,,,,,,,,,,,,,,,,,,,,,,,,,,,,,,,,,,,,,,,,,,,,,,,,,,,,,,,,,,,,,,,,,,,,,,,,,,,,,,,,,,,,,,,,,,,,,,,,,,,,,,,,,,,,,,,,,,,,,,,,,,,,,,,,,,,,,,,,,,,,,,,,,,,,,,,,,,,,,,,,,,,,,,,,,,,,,,,,,,,,,,,,,,,,,,,,,,,,,,,,,,,,,,,,,,,,,,,,,,,,,,,,,,,,,,,,,,,,,,,,,,,,,,,,,,,,,,,,,,,,,,,,,,,,,,,,,,,,,,,,,,,,,,,,,,,,,,,,,,,,,,,,,,,,,,,,,,,,,,,,,,,,,,,,,,,,,,,,,,,,,,,,,,,,,,,,,,,,,,,,,,,,,,,,,,,,,,,,,,,,,,,,,,,,,,,,,,,,,-2.1416315048700199,-6.9852586756584856,154.7500000000000000,13.9306349999999988,15.7500000000000000,45.0000000000000000,185.5000000000000000,-15.7681940700808632,46.3193650000000048,11.5693650000000012,21.2194624999999988,11.3209591211277996,39.8473687500000011,21.5418064398109017,123.1013806848989987,60.2274902359172302,-2.7220451911495047,,,,70.0567713083460006,47.0690268500389237,22.8467078444637011,0.7873584905660378,0.0000000000000000,,,,,,,,,,,,,3.5111109394431543,3.5111109394431543,39.7557284764317700,0.0612937500000000,-2.3896937500000002,9.1067284756641165,8.4994753410283295,-9.5476310158420841,3.5215204024594771,30.2099829949443048,22.2747617571187781,-20.1275182737413303,-0.9016343797951132,149.0696471202946327,39.8496240601503757,-25.7024811535362616,-5.2023121387283267,-7.4706785288254585,10.4745167185963375,-36.0751941904895261,,-29.3482556257492959,,-23.9884160365728576,,8.8812291745236305,19.5081975796892451,10.9412338573516834,1.0456686289716854,9.5833333333333215,,,,,,,,,,,,,,,,
"2001Q2",,,,,,,,,,,,,,,,,,,,,,,,,,,,,,,,,,,,,,,,,,,,,,,,,,,,,,,,,,,,,,,,,,,,,,,,,,,,,,,,,,,,,,,,,,,,,,,,,,,,,,,,,,,,,,,,,,,,,,,,,,,,,,,,,,,,,,,,,,,,,,,,,,,,,,,,,,,,,,,,,,,,,,,,,,,,,,,,,,,,,,,,,,,,,,,,,,,,,,,,,,,,,,,,,,,,,,,,,,,,,,,,,,,,,,,,,,,,,,,,,,,,,,,,,,,,,,,,,,,,,,,,,,,,,,,,,,,,,,,,,,,,,,,,,,,,,,,,,,,,,,,,,,,,,,,,,,,,,,,,,,,,,,,,,,,,,,,,,,,,,,,,,,,,,,,,,,,,,,,,,,,,,,,,,,,,,,,,,,,,,,,,,,,,,,,,,,,,,,,,,,,,,,,,,,,,,,,,,,,,,,,,,,,,,,,,,,,,,,,,,,,,,,,,,-1.9079988966412245,-5.7702688666542983,154.7500000000000000,13.9306349999999988,15.7500000000000000,45.0000000000000000,185.5000000000000000,-15.7681940700808632,46.3193650000000048,11.5693650000000012,21.2194624999999988,11.4022711756402000,39.8473687500000011,21.4831545196268010,126.3981310242329954,10.5713785253724382,0.7974785631869281,,,,80.4750880153160040,10.3563967029407706,15.6824006015507997,0.7873584905660378,0.0000000000000000,,,,,,,,,,,,,3.4611392146190716,3.4611392146190716,39.1899069009049441,0.0612937500000000,-2.3896937500000002,8.1920572371097613,8.4994753410283295,9.2611263196531013,3.5215204024594771,18.5381352239760275,22.2747617571187781,6.5445630893295803,-0.9016343797951132,10.2955723161885171,39.8496240601503757,-0.4887973432594839,-5.2023121387283267,-7.2568832223367625,6.6262010311453956,-33.3550756381456708,,-27.7247157372356945,,-21.7448743463347967,,8.6353439892473016,15.9543406340734162,9.6209771180513890,1.6049102799941872,10.3266666666667071,,,,,,,,,,,,,,,,
"2001Q3",,,,,,,,,,,,,,,,,,,,,,,,,,,,,,,,,,,,,,,,,,,,,,,,,,,,,,,,,,,,,,,,,,,,,,,,,,,,,,,,,,,,,,,,,,,,,,,,,,,,,,,,,,,,,,,,,,,,,,,,,,,,,,,,,,,,,,,,,,,,,,,,,,,,,,,,,,,,,,,,,,,,,,,,,,,,,,,,,,,,,,,,,,,,,,,,,,,,,,,,,,,,,,,,,,,,,,,,,,,,,,,,,,,,,,,,,,,,,,,,,,,,,,,,,,,,,,,,,,,,,,,,,,,,,,,,,,,,,,,,,,,,,,,,,,,,,,,,,,,,,,,,,,,,,,,,,,,,,,,,,,,,,,,,,,,,,,,,,,,,,,,,,,,,,,,,,,,,,,,,,,,,,,,,,,,,,,,,,,,,,,,,,,,,,,,,,,,,,,,,,,,,,,,,,,,,,,,,,,,,,,,,,,,,,,,,,,,,,,,,,,,,,,,,,-1.6743662884125072,-4.5552790576501110,154.7500000000000000,13.9306349999999988,15.7500000000000000,45.0000000000000000,185.5000000000000000,-15.7681940700808632,46.3193650000000048,11.5693650000000012,21.2194624999999988,11.5123603255663998,39.8473687500000011,21.4644561422216000,124.7171550413929992,-5.3553126713477468,4.7123336400399012,,,,75.7389534593362015,-10.8914657295699726,15.3672089154794005,0.7873584905660378,0.0000000000000000,,,,,,,,,,,,,3.4226869533355657,3.4226869533355657,38.7545183058825629,0.0612937500000000,-2.3896937500000002,8.4757338328132370,8.4994753410283295,6.0063633355345258,3.5215204024594771,20.1542562968470840,22.2747617571187781,5.4916823284370642,-0.9016343797951132,18.1553947702252287,39.8496240601503757,4.3356047456281743,-5.2023121387283267,-15.6722706662461242,-1.1044048027652131,-30.6628160310688642,,-26.8214843808062469,,-19.8863751573019378,,3.9387376605001689,9.7197391464627572,23.0771591646671261,5.2866546919200230,9.9233333333333285,,,,,,,,,,,,,,,,
"2001Q4",,,,,,,,,,,,,,,,,,,,,,,,,,,,,,,,,,,,,,,,,,,,,,,,,,,,,,,,,,,,,,,,,,,,,,,,,,,,,,,,,,,,,,,,,,,,,,,,,,,,,,,,,,,,,,,,,,,,,,,,,,,,,,,,,,,,,,,,,,,,,,,,,,,,,,,,,,,,,,,,,,,,,,,,,,,,,,,,,,,,,,,,,,,,,,,,,,,,,,,,,,,,,,,,,,,,,,,,,,,,,,,,,,,,,,,,,,,,,,,,,,,,,,,,,,,,,,,,,,,,,,,,,,,,,,,,,,,,,,,,,,,,,,,,,,,,,,,,,,,,,,,,,,,,,,,,,,,,,,,,,,,,,,,,,,,,,,,,,,,,,,,,,,,,,,,,,,,,,,,,,,,,,,,,,,,,,,,,,,,,,,,,,,,,,,,,,,,,,,,,,,,,,,,,,,,,,,,,,,,,,,,,,,,,,,,,,,,,,,,,,,,,,,,,,-1.4407336801837829,-3.3402892486458668,154.7500000000000000,13.9306349999999988,15.7500000000000000,45.0000000000000000,185.5000000000000000,-15.7681940700808632,46.3193650000000048,11.5693650000000012,21.2194624999999988,11.5414665478347001,39.8473687500000011,21.4662646447307992,125.8838415001989972,3.7244700667858979,3.8956721972026003,,,,79.3707123542559003,4.0905338441026515,14.1245987615626003,0.7873584905660378,0.0000000000000000,,,,,,,,,,,,,3.3352473920075911,3.3352473920075911,37.7644546143022026,0.0612937500000000,-2.3896937500000002,7.5362623880190771,8.4994753410283295,8.7545111727992175,3.5215204024594771,18.7191768879939175,22.2747617571187781,9.0242337557882237,-0.9016343797951132,20.4141412124879231,39.8496240601503757,4.7322217104309283,-5.2023121387283267,-9.0288289319394153,-9.8574404512062337,-27.9282191490230822,,-24.3355431122146655,,-18.0618674869299376,,7.8552997160084681,7.3603278601137800,24.0341906287479219,16.7758669822224640,11.3166666666667091,,,,,,,,,,,,,,,,
"2002Q1",,,,,,,,,,,,,,,,,,,,,,,,,,,,,,,,,,,,,,,,,,,,,,,,,,,,,,,,,,,,,,,,,,,,,,,,,,,,,,,,,,,,,,,,,,,,,,,,,,,,,,,,,,,,,,,,,,,,,,,,,,,,,,,,,,,,,,,,,,,,,,,,,,,,,,,,,,,,,,,,,,,,,,,,,,,,,,,,,,,,,,,,,,,,,,,,,,,,,,,,,,,,,,,,,,,,,,,,,,,,,,,,,,,,,,,,,,,,,,,,,,,,,,,,,,,,,,,,,,,,,,,,,,,,,,,,,,,,,,,,,,,,,,,,,,,,,,,,,,,,,,,,,,,,,,,,,,,,,,,,,,,,,,,,,,,,,,,,,,,,,,,,,,,,,,,,,,,,,,,,,,,,,,,,,,,,,,,,,,,,,,,,,,,,,,,,,,,,,,,,,,,,,,,,,,,,,,,,,,,,,,,,,,,,,,,,,,,,,,,,,,,,,,,,,-3.7757979678490514,-3.3946499438100588,166.7500000000000000,15.7895849999999989,14.0000000000000000,47.2500000000000000,199.2500000000000000,-16.6875784190715173,50.2104149999999976,11.2104150000000011,25.5078812500000005,12.6526260099960002,45.5798571874999965,22.8967975476273011,128.4778169627240061,8.1586679605052268,-32.3951182221288718,,,,66.4732731026172985,-20.3056765499070764,27.7713741327283010,0.9357904642409033,0.0000000000000000,,,,,,,,,,,,,3.5009385136305298,3.5009385136305298,38.2470482775144305,0.2217393750000000,-1.6363875000000001,30.9054118036285352,13.1528046421663483,32.2789458972044159,13.3369330453563695,7.0140901825645585,15.4105033730515437,15.9051203702079036,9.5376829615576142,-24.8902395329164143,4.8387096774193505,34.0109953526604798,9.3495934959349611,-3.3099279475075627,-8.8819858319393319,-25.0634719230935943,,-19.5236175833302994,,-15.6441444131559138,,5.0062217779964335,6.2557058777545249,2.9023144371553844,14.5701717544737477,10.5533333333333026,,,,,,,,,,,,,,,,
"2002Q2",,,,,,,,,,,,,,,,,,,,,,,,,,,,,,,,,,,,,,,,,,,,,,,,,,,,,,,,,,,,,,,,,,,,,,,,,,,,,,,,,,,,,,,,,,,,,,,,,,,,,,,,,,,,,,,,,,,,,,,,,,,,,,,,,,,,,,,,,,,,,,,,,,,,,,,,,,,,,,,,,,,,,,,,,,,,,,,,,,,,,,,,,,,,,,,,,,,,,,,,,,,,,,,,,,,,,,,,,,,,,,,,,,,,,,,,,,,,,,,,,,,,,,,,,,,,,,,,,,,,,,,,,,,,,,,,,,,,,,,,,,,,,,,,,,,,,,,,,,,,,,,,,,,,,,,,,,,,,,,,,,,,,,,,,,,,,,,,,,,,,,,,,,,,,,,,,,,,,,,,,,,,,,,,,,,,,,,,,,,,,,,,,,,,,,,,,,,,,,,,,,,,,,,,,,,,,,,,,,,,,,,,,,,,,,,,,,,,,,,,,,,,,,,,,-1.8553143639758218,-1.3393367830555150,166.7500000000000000,15.7895849999999989,14.0000000000000000,47.2500000000000000,199.2500000000000000,-16.6875784190715173,50.2104149999999976,11.2104150000000011,25.5078812500000005,12.7322528622781004,45.5798571874999965,22.8703869744532007,133.2230891876779992,14.5075306165929305,2.5059141784726648,,,,67.1827648373800059,-9.7116952143040294,28.7540472726833016,0.9357904642409033,0.0000000000000000,,,,,,,,,,,,,3.4550781873296068,3.4550781873296068,37.7460334475695873,0.2217393750000000,-1.6363875000000001,7.5008388259364622,13.1528046421663483,8.5685095042000050,13.3369330453563695,17.6714863486402649,15.4105033730515437,7.1044243346953584,9.5376829615576142,13.1187010712271235,4.8387096774193505,-3.4335424558090355,9.3495934959349611,5.3164421866691791,-6.0117675489295923,-21.9167982148151133,,-19.1895353662631329,,-13.0206899919569459,,7.8172101512374859,6.1337184786476318,7.6759668771392953,13.9345918554940376,9.8899999999999988,,,,,,,,,,,,,,,,
"2002Q3",,,,,,,,,,,,,,,,,,,,,,,,,,,,,,,,,,,,,,,,,,,,,,,,,,,,,,,,,,,,,,,,,,,,,,,,,,,,,,,,,,,,,,,,,,,,,,,,,,,,,,,,,,,,,,,,,,,,,,,,,,,,,,,,,,,,,,,,,,,,,,,,,,,,,,,,,,,,,,,,,,,,,,,,,,,,,,,,,,,,,,,,,,,,,,,,,,,,,,,,,,,,,,,,,,,,,,,,,,,,,,,,,,,,,,,,,,,,,,,,,,,,,,,,,,,,,,,,,,,,,,,,,,,,,,,,,,,,,,,,,,,,,,,,,,,,,,,,,,,,,,,,,,,,,,,,,,,,,,,,,,,,,,,,,,,,,,,,,,,,,,,,,,,,,,,,,,,,,,,,,,,,,,,,,,,,,,,,,,,,,,,,,,,,,,,,,,,,,,,,,,,,,,,,,,,,,,,,,,,,,,,,,,,,,,,,,,,,,,,,,,,,,,,,,0.0651692398974717,0.7159763776990786,166.7500000000000000,15.7895849999999989,14.0000000000000000,47.2500000000000000,199.2500000000000000,-16.6875784190715173,50.2104149999999976,11.2104150000000011,25.5078812500000005,12.9061715470494001,45.5798571874999965,22.8719297070600014,140.2765427948970114,20.6362778408365557,5.8945206931764460,,,,76.5333131583659991,12.9597418446730615,23.0670815582902016,0.9357904642409033,0.0000000000000000,,,,,,,,,,,,,3.3467284708198801,3.3467284708198801,36.5623346130804734,0.2217393750000000,-1.6363875000000001,7.9245270207042973,13.1528046421663483,4.7680896460766231,13.3369330453563695,16.5587049090844438,15.4105033730515437,6.8401871932616487,9.5376829615576142,19.0979699771571809,4.8387096774193505,3.8126007735899581,9.3495934959349611,13.6365396739916545,1.2800965076656734,-18.8096066418913530,,-18.0986788587669594,,-10.4934631242784686,,12.6017969516337924,8.3524893018055213,10.4586343937486337,10.9753537151773273,10.2200000000000060,,,,,,,,,,,,,,,,
"2002Q4",,,,,,,,,,,,,,,,,,,,,,,,,,,,,,,,,,,,,,,,,,,,,,,,,,,,,,,,,,,,,,,,,,,,,,,,,,,,,,,,,,,,,,,,,,,,,,,,,,,,,,,,,,,,,,,,,,,,,,,,,,,,,,,,,,,,,,,,,,,,,,,,,,,,,,,,,,,,,,,,,,,,,,,,,,,,,,,,,,,,,,,,,,,,,,,,,,,,,,,,,,,,,,,,,,,,,,,,,,,,,,,,,,,,,,,,,,,,,,,,,,,,,,,,,,,,,,,,,,,,,,,,,,,,,,,,,,,,,,,,,,,,,,,,,,,,,,,,,,,,,,,,,,,,,,,,,,,,,,,,,,,,,,,,,,,,,,,,,,,,,,,,,,,,,,,,,,,,,,,,,,,,,,,,,,,,,,,,,,,,,,,,,,,,,,,,,,,,,,,,,,,,,,,,,,,,,,,,,,,,,,,,,,,,,,,,,,,,,,,,,,,,,,,,,1.9856528437707581,2.7712895384535940,166.7500000000000000,15.7895849999999989,14.0000000000000000,47.2500000000000000,199.2500000000000000,-16.6875784190715173,50.2104149999999976,11.2104150000000011,25.5078812500000005,12.9428095560098999,45.5798571874999965,22.8946545387262006,143.6768345157649946,9.5803171546947397,4.8408883797277440,,,,86.0513371845329971,14.1108191467036477,17.5708887013196993,0.9357904642409033,0.0000000000000000,,,,,,,,,,,,,3.2134349161247755,3.2134349161247755,35.1061293693561538,0.2217393750000000,-1.6363875000000001,7.0759400859288446,13.1528046421663483,8.9633062436553104,13.3369330453563695,16.4850783009560686,15.4105033730515437,10.5831301959939736,9.5376829615576142,20.8298442016954688,4.8387096774193505,7.7253806202808972,9.3495934959349611,24.4435669546269274,9.4356757025853444,-15.4488334878400853,,-13.9956061942555170,,-7.2970650550060583,,14.7325969387003255,9.9640526674568797,3.6807651229942451,6.3513521881957580,9.7099999999999973,,,,,,,,,,,,,,,,
"2003Q1",,,,,,,,,,,,,,,,,,,,,,,,,,,,,,,,,,,,,,,,,,,,,,,,,,,,,,,,,,,,,,,,,,,,,,,,,,,,,,,,,,,,,,,,,,,,,,,,,,,,,,,,,,,,,,,,,,,,,,,,,,,,,,,,,,,,,,,,,,,,,,,,,,,,,,,,,,,,,,,,,,,,,,,,,,,,,,,,,,,,,,,,,,,,,,,,,,,,,,,,,,,,,,,,,,,,,,,,,,,,,,,,,,,,,,,,,,,,,,,,,,,,,,,,,,,,,,,,,,,,,,,,,,,,,,,,,,,,,,,,,,,,,,,,,,,,,,,,,,,,,,,,,,,,,,,,,,,,,,,,,,,,,,,,,,,,,,,,,,,,,,,,,,,,,,,,,,,,,,,,,,,,,,,,,,,,,,,,,,,,,,,,,,,,,,,,,,,,,,,,,,,,,,,,,,,,,,,,,,,,,,,,,,,,,,,,,,,,,,,,,,,,,,,,,6.2197282286389211,7.4029544280668702,203.5000000000000000,22.4303200000000018,21.0000000000000000,58.5000000000000000,248.2500000000000000,-15.1057401812688816,59.8196799999999982,12.0696800000000000,30.6324062499999989,12.1913869746234997,53.6007050509687488,21.5903830592252000,150.2328820459669885,17.8480257165467719,64.1337614187419831,,,,93.6670341352699012,23.0110150344622753,10.2464780890905995,0.9855307150050352,0.0000000000000000,,,,,,,,,,,,,1.4957334243849847,1.4957334243849847,42.8078371946824277,0.4686725000000000,-2.1994437499999999,-11.1096195052192250,2.2222222222222143,-36.0142957070043934,-5.8599333015721733,46.7439277214999152,22.0514573444091191,1.0010215047158377,6.5475937489875680,28.3129972455949073,20.5128205128205074,-44.8904380262125287,-12.6394052044609637,0.3304482162150624,10.6650146530779857,-12.5328516915224064,,-6.7445781346521683,,-4.1668175488620900,,11.2239613664957503,11.5051997858133692,29.3967326208064215,12.2864448082576452,9.4300000000000050,,,,,,,,,,,,,,,,
"2003Q2",,,,,,,,,,,,,,,,,,,,,,,,,,,,,,,,,,,,,,,,,,,,,,,,,,,,,,,,,,,,,,,,,,,,,,,,,,,,,,,,,,,,,,,,,,,,,,,,,,,,,,,,,,,,,,,,,,,,,,,,,,,,,,,,,,,,,,,,,,,,,,,,,,,,,,,,,,,,,,,,,,,,,,,,,,,,,,,,,,,,,,,,,,,,,,,,,,,,,,,,,,,,,,,,,,,,,,,,,,,,,,,,,,,,,,,,,,,,,,,,,,,,,,,,,,,,,,,,,,,,,,,,,,,,,,,,,,,,,,,,,,,,,,,,,,,,,,,,,,,,,,,,,,,,,,,,,,,,,,,,,,,,,,,,,,,,,,,,,,,,,,,,,,,,,,,,,,,,,,,,,,,,,,,,,,,,,,,,,,,,,,,,,,,,,,,,,,,,,,,,,,,,,,,,,,,,,,,,,,,,,,,,,,,,,,,,,,,,,,,,,,,,,,,,,6.6057532393270435,7.7440737358975156,203.5000000000000000,22.4303200000000018,21.0000000000000000,58.5000000000000000,248.2500000000000000,-15.1057401812688816,59.8196799999999982,12.0696800000000000,30.6324062499999989,12.2245086625641992,53.6007050509687488,21.5241000996646008,155.3912192442959963,13.5037180013505349,3.9089999121644041,,,,96.5450754776492062,-10.5280765323198580,17.5393932922914999,0.9855307150050352,0.0000000000000000,,,,,,,,,,,,,1.4523249005485186,1.4523249005485186,41.5654867925598026,0.4686725000000000,-2.1994437499999999,6.3325139524678331,2.2222222222222143,8.8671647989118529,-5.8599333015721733,9.9705201522156450,22.0514573444091191,6.9515891461914503,6.5475937489875680,12.1273042262461708,20.5128205128205074,-7.5352062189411040,-12.6394052044609637,12.8360240523215374,12.5555112975979775,-8.7839582849297830,,-8.4133458577552283,,-0.7041858291203296,,14.7395920147600492,13.3336645977632386,20.8528502095501658,15.5064764353354700,9.7733333333333228,,,,,,,,,,,,,,,,
"2003Q3",,,,,,,,,,,,,,,,,,,,,,,,,,,,,,,,,,,,,,,,,,,,,,,,,,,,,,,,,,,,,,,,,,,,,,,,,,,,,,,,,,,,,,,,,,,,,,,,,,,,,,,,,,,,,,,,,,,,,,,,,,,,,,,,,,,,,,,,,,,,,,,,,,,,,,,,,,,,,,,,,,,,,,,,,,,,,,,,,,,,,,,,,,,,,,,,,,,,,,,,,,,,,,,,,,,,,,,,,,,,,,,,,,,,,,,,,,,,,,,,,,,,,,,,,,,,,,,,,,,,,,,,,,,,,,,,,,,,,,,,,,,,,,,,,,,,,,,,,,,,,,,,,,,,,,,,,,,,,,,,,,,,,,,,,,,,,,,,,,,,,,,,,,,,,,,,,,,,,,,,,,,,,,,,,,,,,,,,,,,,,,,,,,,,,,,,,,,,,,,,,,,,,,,,,,,,,,,,,,,,,,,,,,,,,,,,,,,,,,,,,,,,,,,,,6.9917782500152263,8.0851930437281467,203.5000000000000000,22.4303200000000018,21.0000000000000000,58.5000000000000000,248.2500000000000000,-15.1057401812688816,59.8196799999999982,12.0696800000000000,30.6324062499999989,12.4672782293420994,53.6007050509687488,21.6207755571058016,165.1498934602159920,24.3630298438915815,6.9526276535852958,,,,94.0870969442914031,-16.0580267045383493,18.2345324720036999,0.9855307150050352,0.0000000000000000,,,,,,,,,,,,,1.3947948174903144,1.3947948174903144,39.9189778697784590,0.4686725000000000,-2.1994437499999999,7.1452428855370398,2.2222222222222143,1.7755184077992814,-5.8599333015721733,17.8114549226740877,22.0514573444091191,7.1086972735060483,6.5475937489875680,23.7158145951418931,20.5128205128205074,5.4994375854428679,-12.6394052044609637,18.1994543669519189,13.5945137949028414,-5.1041155839341101,,-6.7059810116533498,,2.7839555259470572,,16.2813596771144162,14.3075690321070592,9.9804792869451209,15.6605272801878304,10.3366666666667051,,,,,,,,,,,,,,,,
"2003Q4",,,,,,,,,,,,,,,,,,,,,,,,,,,,,,,,,,,,,,,,,,,,,,,,,,,,,,,,,,,,,,,,,,,,,,,,,,,,,,,,,,,,,,,,,,,,,,,,,,,,,,,,,,,,,,,,,,,,,,,,,,,,,,,,,,,,,,,,,,,,,,,,,,,,,,,,,,,,,,,,,,,,,,,,,,,,,,,,,,,,,,,,,,,,,,,,,,,,,,,,,,,,,,,,,,,,,,,,,,,,,,,,,,,,,,,,,,,,,,,,,,,,,,,,,,,,,,,,,,,,,,,,,,,,,,,,,,,,,,,,,,,,,,,,,,,,,,,,,,,,,,,,,,,,,,,,,,,,,,,,,,,,,,,,,,,,,,,,,,,,,,,,,,,,,,,,,,,,,,,,,,,,,,,,,,,,,,,,,,,,,,,,,,,,,,,,,,,,,,,,,,,,,,,,,,,,,,,,,,,,,,,,,,,,,,,,,,,,,,,,,,,,,,,,,7.3778032607033381,8.4263123515588561,203.5000000000000000,22.4303200000000018,21.0000000000000000,58.5000000000000000,248.2500000000000000,-15.1057401812688816,59.8196799999999982,12.0696800000000000,30.6324062499999989,12.4969719571382996,53.6007050509687488,21.7509602967456992,170.9585223491239958,13.8269843964556003,5.1470346208720343,,,,94.8828117738996042,-1.3282359659389158,17.1291217051931000,0.9855307150050352,0.0000000000000000,,,,,,,,,,,,,1.3476741603838154,1.3476741603838154,38.5703863460242431,0.4686725000000000,-2.1994437499999999,7.5564019807968341,2.2222222222222143,8.9036044592582630,-5.8599333015721733,10.6443830627503733,22.0514573444091191,13.0939317761843643,6.5475937489875680,20.3931412083731871,20.5128205128205074,7.6697725757485014,-12.6394052044609637,11.2340717757366093,10.2266860645640492,-1.1027329317831347,,0.1814393367054024,,8.4019760428392765,,12.4773961161025007,13.5924436203754606,18.6466492993880628,19.7425053229891780,10.9866666666667001,,,,,,,,,,,,,,,,
"2004Q1",,,,,,,,,,,,,,,,,,,,,,,,,,,,,,,,,,,,,,,,,,,,,,,,,,,,,,,,,,,,,,,,,,,,,,,,,,,,,,,,,,,,,,,,,,,,,,,,,,,,,,,,,,,,,,,,,,,,,,,,,,,,,,,,,,,,,,,,,,,,,,,,,,,,,,,,,,,,,,,,,,,,,,,,,,,,,,,,,,,,,,,,,,,,,,,,,,,,,,,,,,,,,,,,,,,,,,,,,,,,,,,,,,,,,,,,,,,,,,,,,,,,,,,,,,,,,,,,,,,,,,,,,,,,,,,,,,,,,,,,,,,,,,,,,,,,,,,,,,,,,,,,,,,,,,,,,,,,,,,,,,,,,,,,,,,,,,,,,,,,,,,,,,,,,,,,,,,,,,,,,,,,,,,,,,,,,,,,,,,,,,,,,,,,,,,,,,,,,,,,,,,,,,,,,,,,,,,,,,,,,,,,,,,,,,,,,,,,,,,,,,,,,,,,,10.0997715218858133,10.8487456626592937,242.0000000000000000,29.0276363719999999,33.5000000000000000,74.7500000000000000,301.5000000000000000,-13.6815920398009947,71.4723636279999965,16.2223636280000001,37.1224827396249992,12.1739185549495996,64.6528103837143959,21.3031199345278992,172.6775066401660013,4.0019054686304116,32.0522496225399891,,,,103.1027790828849930,21.4528278579367679,13.5680927160130995,0.9411579365257048,0.0000000000000000,,,,,,,,,,,,,0.3679690963210651,0.3679690963210651,53.4333402645921183,0.2413331250000000,-6.9972500000000002,9.2897328018053607,7.4414715719063551,8.8125835566786659,6.4271255060728727,10.9697873470324900,10.3910300780094556,17.5872114639202159,10.6568748959323223,79.1458548466057863,31.9148936170212671,113.1513581556239671,21.0638297872340452,10.5843543112165825,13.2989536174615175,1.4312845476124103,,8.9194880452112777,,14.1222978119529117,,10.3617979389757799,13.3908032181404124,11.2478821374072169,14.9086759731995357,10.8600000000000030,,,,,,,,,,,,,,,,
"2004Q2",,,,,,,,,,,,,,,,,,,,,,,,,,,,,,,,,,,,,,,,,,,,,,,,,,,,,,,,,,,,,,,,,,,,,,,,,,,,,,,,,,,,,,,,,,,,,,,,,,,,,,,,,,,,,,,,,,,,,,,,,,,,,,,,,,,,,,,,,,,,,,,,,,,,,,,,,,,,,,,,,,,,,,,,,,,,,,,,,,,,,,,,,,,,,,,,,,,,,,,,,,,,,,,,,,,,,,,,,,,,,,,,,,,,,,,,,,,,,,,,,,,,,,,,,,,,,,,,,,,,,,,,,,,,,,,,,,,,,,,,,,,,,,,,,,,,,,,,,,,,,,,,,,,,,,,,,,,,,,,,,,,,,,,,,,,,,,,,,,,,,,,,,,,,,,,,,,,,,,,,,,,,,,,,,,,,,,,,,,,,,,,,,,,,,,,,,,,,,,,,,,,,,,,,,,,,,,,,,,,,,,,,,,,,,,,,,,,,,,,,,,,,,,,,,8.9410913637241549,9.8460740980937000,242.0000000000000000,29.0276363719999999,33.5000000000000000,74.7500000000000000,301.5000000000000000,-13.6815920398009947,71.4723636279999965,16.2223636280000001,37.1224827396249992,12.1293282790028005,64.6528103837143959,21.3136164845968992,174.2403762770310038,3.6040349300865273,4.6699561189724932,,,,104.4413796200349935,-5.1372718467555956,12.3271234884087004,0.9411579365257048,0.0000000000000000,,,,,,,,,,,,,0.3697906599431594,0.3697906599431594,53.6978522298796719,0.2413331250000000,-6.9972500000000002,7.0430609934234445,7.4414715719063551,8.1199745714469973,6.4271255060728727,-0.6592908848790824,10.3910300780094556,3.9502430091394203,10.6568748959323223,10.7559302987162653,31.9148936170212671,-13.6472104246884829,21.0638297872340452,8.5029188445115533,12.2085495238729802,5.9277085823838283,,15.2496375789880734,,18.9219617819925467,,-0.5044919328827335,9.5576794969314030,-1.7735859337575488,9.1752670430419023,10.8700000000000010,,,,,,,,,,,,,,,,
"2004Q3",,,,,,,,,,,,,,,,,,,,,,,,,,,,,,,,,,,,,,,,,,,,,,,,,,,,,,,,,,,,,,,,,,,,,,,,,,,,,,,,,,,,,,,,,,,,,,,,,,,,,,,,,,,,,,,,,,,,,,,,,,,,,,,,,,,,,,,,,,,,,,,,,,,,,,,,,,,,,,,,,,,,,,,,,,,,,,,,,,,,,,,,,,,,,,,,,,,,,,,,,,,,,,,,,,,,,,,,,,,,,,,,,,,,,,,,,,,,,,,,,,,,,,,,,,,,,,,,,,,,,,,,,,,,,,,,,,,,,,,,,,,,,,,,,,,,,,,,,,,,,,,,,,,,,,,,,,,,,,,,,,,,,,,,,,,,,,,,,,,,,,,,,,,,,,,,,,,,,,,,,,,,,,,,,,,,,,,,,,,,,,,,,,,,,,,,,,,,,,,,,,,,,,,,,,,,,,,,,,,,,,,,,,,,,,,,,,,,,,,,,,,,,,,,,7.7824112055626156,8.8434025335281330,242.0000000000000000,29.0276363719999999,33.5000000000000000,74.7500000000000000,301.5000000000000000,-13.6815920398009947,71.4723636279999965,16.2223636280000001,37.1224827396249992,12.4957280167988998,64.6528103837143959,21.4890358095420986,180.9944556554870019,15.2122321374799867,7.5499723781709349,,,,111.6264405280950029,7.4576403681059844,4.8221788148398996,0.9411579365257048,0.0000000000000000,,,,,,,,,,,,,0.3720341187210761,0.3720341187210761,54.0236282188105719,0.2413331250000000,-6.9972500000000002,4.3772316375449760,7.4414715719063551,-2.2123506011638150,6.4271255060728727,25.4623530497244630,10.3910300780094556,6.0315546915983509,10.6568748959323223,30.4895778529147741,31.9148936170212671,7.4961794546576810,21.0638297872340452,13.7170737899622086,11.0310179659778740,11.1675792824170053,,40.2626197249819313,,23.7514788310727134,,-3.3380645635747053,4.5833463909209948,-6.8972819051767225,4.8273103202395529,11.1033333333333104,,,,,,,,,,,,,,,,
"2004Q4",,,,,,,,,,,,,,,,,,,,,,,,,,,,,,,,,,,,,,,,,,,,,,,,,,,,,,,,,,,,,,,,,,,,,,,,,,,,,,,,,,,,,,,,,,,,,,,,,,,,,,,,,,,,,,,,,,,,,,,,,,,,,,,,,,,,,,,,,,,,,,,,,,,,,,,,,,,,,,,,,,,,,,,,,,,,,,,,,,,,,,,,,,,,,,,,,,,,,,,,,,,,,,,,,,,,,,,,,,,,,,,,,,,,,,,,,,,,,,,,,,,,,,,,,,,,,,,,,,,,,,,,,,,,,,,,,,,,,,,,,,,,,,,,,,,,,,,,,,,,,,,,,,,,,,,,,,,,,,,,,,,,,,,,,,,,,,,,,,,,,,,,,,,,,,,,,,,,,,,,,,,,,,,,,,,,,,,,,,,,,,,,,,,,,,,,,,,,,,,,,,,,,,,,,,,,,,,,,,,,,,,,,,,,,,,,,,,,,,,,,,,,,,,,,6.6237310474008932,7.8407309689625482,242.0000000000000000,29.0276363719999999,33.5000000000000000,74.7500000000000000,301.5000000000000000,-13.6815920398009947,71.4723636279999965,16.2223636280000001,37.1224827396249992,12.4768442845072993,64.6528103837143959,21.8362301959504990,190.9269568635149881,21.3698124184970766,4.3875455039655549,,,,144.4512364283910131,62.6248691479590889,-18.6925104206325017,0.9411579365257048,0.0000000000000000,,,,,,,,,,,,,0.3768715073351674,0.3768715073351674,54.7260726207808901,0.2413331250000000,-6.9972500000000002,7.9011103717395947,7.4414715719063551,8.8574318544782482,6.4271255060728727,-0.7100281042965673,10.3910300780094556,15.4422061934006436,10.6568748959323223,16.6489253590849984,31.9148936170212671,7.7829357165210666,21.0638297872340452,14.0486594487043917,11.3863054183955583,13.5260797762163598,,39.4685453415985137,,21.2794300872491284,,-6.2298693303114110,-0.2468598019755408,-9.3841961105997065,-1.7659743365416092,11.2500000000000036,,,,,,,,,,,,,,,,
"2005Q1",,,,,,,,,,,,,,,,,,,,,,,,,,,,,,,,,,,,,,,,,,,,,,,,,,,,,,,,,,,,,,,,,,,,,,,,,,,,,,,,,,638.2846249078771734,,,642.7131358881117649,,,,,428.9500891632702633,,,439.4259933116738353,,,,510.4694443046705601,,,528.9155372549665799,,,,,,435.8920786223358732,,,438.6758029816373323,,,,515.3031431302230203,,,525.5342378849418310,,,,,658.6540375077626095,,,664.7164439427624529,,,,,554.1168559571730157,,,554.1406713265026838,,,401.2636186972059704,,,,407.1013479010302376,,,,371.0740176361527460,,,,404.7904126696012099,,,,,5.8377292038253579,,,,3.9902685805640883,,,,-30.1896010610523611,,,,-21.2042963769119339,,,,3.5267939723958590,,,,3.7375217261252209,,,,,,,,,,,,,,,,,,,,634.3027170577522611,,,,,,235.3772985869798333,,,,231.3691725904077146,,,,,,135.0377476209598626,,,,,8.1759294302578951,,,,,,463.3562392473313594,,,455.1803098170709632,,,,456.2499311315798991,,,384.6775840504202506,,,376.5016546201626397,,,,374.1912752611079895,,,,,,,,,,,,,,,,,,,,,,,,,,,,,,,,,,,,,,,,,,,,,,,,,,,,,,,,,,,,,,,,,,,,,,,,,,,,,,,,,,,,,,,,,,,,,,,,,,,,,,,,,,,,,,,,,,,,,,,,,,,,,,,,,,,,,,,,,,,,,,,,,,,,,,,,,,,,,,,,,,,,,,,,,,,,,,,,,,,,,,,,,,,,,,,,,,,,,,,,,,,,,,,,,,,,,2.7526898930774468,4.3882108115022751,287.5000000000000000,35.3158316388499998,41.2500000000000000,90.7500000000000000,360.0000000000000000,-13.7500000000000000,86.9341683611500002,21.4341683611500002,44.5586467292500004,12.2206146913613996,79.1937975552413036,21.8003458327589001,207.6254910443819881,33.5380011518454921,18.9375078232465057,,,,164.1802352740160131,52.4230805045899899,-21.1997142369535005,0.8015013492361110,0.0000000000000000,,,,,,,,,,,,,1.5033039404180477,1.5033039404180477,69.5831688823688523,-1.0055937500000001,-7.6272500000000001,20.1380788077628807,9.3774319066147971,26.3043142057723500,8.8920589633856295,41.4693414111279921,12.4613606182093726,30.4671234621772804,12.5423533322708494,-8.9152188085439459,10.9677419354838648,63.0687737925057519,11.7750439367310999,11.2049372744870581,11.9599370680793839,4.7958898322815635,8.7985168246252918,-4.8871155007233931,21.0190106974341937,61.3001164058275734,29.6561477834337950,-3.3975028249857542,-3.3775832821210661,-8.7367168235069954,-6.8902432195783962,6.4466666666666672,,,,,,,,,,,,,,,,
"2005Q2",,,,,,,,,,,,,,,,,,,,,,,,,,,,,,,,,,,,,,,,,,,,,,,,,,,,,,,,,,,,,,,,,,,,,,,,,,,,,,,,,,639.4150751247055950,,,644.6777924078774049,,,,,427.3848231685981887,,,442.1913716610824849,,,,508.4920430601271164,,,531.1586059333543517,,,,,,438.6295812920582193,,,441.1728951587846268,,,,514.4559836488906512,,,527.3639571921551124,,,,,659.7488831899514707,,,667.0082686093074926,,,,,555.8127935954818213,,,555.9246267664304924,,,401.9978800161935624,,,,407.6665170968988150,,,,372.0979014554868627,,,,406.7868367025086513,,,,,5.6686370807059827,,,,3.8966806841472801,,,,-29.8999785607064972,,,,-20.7422095861888565,,,,4.7889566863149788,,,,3.7320698983443412,,,,,,,,,,,,,,,,,,,,633.9538727931281983,,,,,,237.0381653849477459,,,,231.3689052953837404,,,,,,136.9688240846871281,,,,,10.7508096887178937,,,,,,465.2476156674619574,,,454.4968059787422021,,,,456.3759752439904673,,,390.4506049935903320,,,379.6997953048723957,,,,376.1559032656723502,,,,,,,,,,,,,,,,,,,,,,,,,,,,,,,,,,,,,,,,,,,,,,,,,,,,,,,,,,,,,,,,,,,,,,,,,,,,,,,,,,,,,,,,,,,,,,,,,,,,,,,,,,,,,,,,,,,,,,,,,,,,,,,,,,,,,,,,,,,,,,,,,,,,,,,,,,,,,,,,,,,,,,,,,,,,,,,,,,,,,,,,,,,,,,,,,,,,,,,,,,,,,,,,,,,,,3.3994287868228277,4.9708961149089514,287.5000000000000000,35.3158316388499998,41.2500000000000000,90.7500000000000000,360.0000000000000000,-13.7500000000000000,86.9341683611500002,21.4341683611500002,44.5586467292500004,12.1764585070135993,79.1937975552413036,21.5512522915770006,220.2168004407990054,23.5506338692111967,4.3743932250594071,,,,176.6738838428809970,15.0691629078843903,-29.1349497322361017,0.8015013492361110,0.0000000000000000,,,,,,,,,,,,,1.5165280925409421,1.5165280925409421,70.1952729191863227,-1.0055937500000001,-7.6272500000000001,8.0816569266614948,9.3774319066147971,6.4525014417517568,8.8920589633856295,-14.2673985030904120,12.4613606182093726,2.2415880558031898,12.5423533322708494,4.6896444207892074,10.9677419354838648,-19.6335036782783412,11.7750439367310999,7.5871625012116528,11.7302725634599536,5.0005885315671295,8.6116590219510449,12.4319002208062024,19.8841389670209026,22.8164244312966105,31.1299572181479753,-2.2088305214235326,-3.7459917929213993,-3.6483534541539298,-7.2865818162291980,7.7199999999999935,,,,,,,,,,,,,,,,
"2005Q3",,,,,,,,,,,,,,,,,,,,,,,,,,,,,,,,,,,,,,,,,,,,,,,,,,,,,,,,,,,,,,,,,,,,,,,,,,,,,,,,,,641.3036986813792737,,,646.6456999363410887,,,,,424.6060122631477611,,,445.0038086747315447,,,,506.7687729173679827,,,533.4199286929034542,,,,,,442.1107887456542471,,,443.6941555836879729,,,,513.9158184805742167,,,529.1970592884584903,,,,,661.3845233871816163,,,669.3168364835024704,,,,,557.3672061657111954,,,557.7025669313657090,,,402.5992541637446607,,,,408.0104745250901033,,,,373.3378928563343493,,,,408.8484296615241647,,,,,5.4112203613454781,,,,3.8029913710739982,,,,-29.2613613074106382,,,,-20.2794311657081749,,,,6.2491754977789418,,,,3.7261668501078526,,,,,,,,,,,,,,,,,,,,633.3545817298271459,,,,,,238.6652506955347235,,,,231.3674333374368359,,,,,,139.1078876380587701,,,,,13.3211434907976063,,,,,,466.8666032421282921,,,453.5454597513286785,,,,456.5160242563266593,,,397.0107160368091286,,,383.6895725460112772,,,,378.3388231634737053,,,,,,,,,,,,,,,,,,,,,,,,,,,,,,,,,,,,,,,,,,,,,,,,,,,,,,,,,,,,,,,,,,,,,,,,,,,,,,,,,,,,,,,,,,,,,,,,,,,,,,,,,,,,,,,,,,,,,,,,,,,,,,,,,,,,,,,,,,,,,,,,,,,,,,,,,,,,,,,,,,,,,,,,,,,,,,,,,,,,,,,,,,,,,,,,,,,,,,,,,,,,,,,,,,,,,4.0461676805681890,5.5535814183155772,287.5000000000000000,35.3158316388499998,41.2500000000000000,90.7500000000000000,360.0000000000000000,-13.7500000000000000,86.9341683611500002,21.4341683611500002,44.5586467292500004,12.5945731447342997,79.1937975552413036,22.1494726531613999,228.5000229511720136,14.7695172476446714,7.3271215275581199,,,,182.5955664916099863,3.8343253566341104,-35.3800427451754018,0.8015013492361110,0.0000000000000000,,,,,,,,,,,,,1.5263009731495558,1.5263009731495558,70.6476285497232084,-1.0055937500000001,-7.6272500000000001,0.2403650305627281,9.3774319066147971,-6.4400779908367785,8.8920589633856295,37.9949045068711300,12.4613606182093726,0.6026609319438547,12.5423533322708494,41.6133578051501658,10.9677419354838648,10.6296244137223503,11.7750439367310999,1.9656914940629377,8.6539233333744683,3.4196369524226444,6.6323556691751495,-7.7303263138324692,8.5770514333236569,36.8162014944606568,34.9694216938459164,-3.4601001458199998,-3.7820865799318870,-3.7535243619063796,-6.3673609114559548,9.5233333333333281,,,,,,,,,,,,,,,,
"2005Q4",,,,,,,,,,,,,,,,,,,,,,,,,,,,,,,,,,,,,,,,,,,,,,,,,,,,,,,,,,,,,,,10.0712821157661061,15.6638925211823761,,-6.1652361024592306,19.8523222024054000,25.6793331027786742,0.1765507366417005,-6.0035616370152169,4.6644285312625682,0.0921134278129232,4.6531523361716491,,14.4454686179018612,14.6685929177679633,-0.3039615325880879,,7.6855957971884497,-4.0714464463170446,,644.5434431872220102,,,648.6148896335367908,7.8767587887854562,,-27.7635992045078837,,420.1007552915661449,,,447.8643544960733038,11.4421832853670065,,-30.0876993704612161,505.6109278129976587,,,535.6986271834584841,,,0.4925869452434479,,,446.7282579978397052,,,446.2356710525967287,10.1660618756380376,,-16.9302992573470412,514.1043831887920987,,,531.0346824461395272,7.3504926307239913,,-7.6761189844096700,,663.9632072157911580,,6.1585136749164251,671.6393262002015945,,,-0.8929816533171947,,558.5800063490612501,,,559.4729880023785427,7.0816842840511267,,403.3288642744000754,,,,408.3003445224694019,1.1594799895180445,,,375.5237377834591257,8.7433797084999973,,,411.2203243173266856,9.4875786232140591,,,,4.9714802480702502,,,,3.7091668037576411,,,,-27.8051264909410207,,,,-19.8157795911399397,1.8546062982731173,,,7.8914600429276156,,,,3.7197768951537480,-0.0255598198165419,,,8.4434315734804333,,,,,,3.1410586926996085,5.9132466530566798,-2.5867533469433170,5.0697321369080086,,,,,,,632.5540214947637878,,,,-4.5232026850408813,2.0473061651569111,239.9222300208424201,,,,231.3645443715418253,-0.0115558635749317,,,8.5576856493006463,545.0522093036146316,141.7233450292137888,10.4618295646228301,,-2.0128771161963903,-0.0247236435417448,15.6685530485490290,9.3896382310042465,,,4.6634036176775071,1.1047305979388842,468.1037408167691183,,,452.4351877682204304,,,-4.2364464976234331,456.6716342658434655,0.6224400380654028,,404.5688912275030589,,,388.9003381789550531,,,8.1360487739745295,380.7642894049802749,9.7018649660258696,,0.0371068727285601,,,,,,,,,,,,,,,,,,,,,,,,,,,,,,,,,,,,,,,,,,,,,,,,,,,,,,,,,,,,,,,,,,,,,,,,,,,,,,,,,,,,,,,,,,,,,,,,,,,,,,,,,,,,,,,,,,,,,,,,,,,,,,,,,,,,,,,,,,,,,,,,,,,,,,,,,,,,,,,,,,,,,,,,,,,,,,,,,,,,,,,,,,,,,,,,,,,,,,,,,,,,,,,,,,4.6929065743135929,6.1362667217221833,287.5000000000000000,35.3158316388499998,41.2500000000000000,90.7500000000000000,360.0000000000000000,-13.7500000000000000,86.9341683611500002,21.4341683611500002,44.5586467292500004,12.5378857741750007,79.1937975552413036,22.7195585391351003,235.4946690395480005,12.0607862593974460,2.6778706636424090,,,,205.8633855470810090,45.5454348230867936,-53.7494399693117018,0.8015013492361110,0.0000000000000000,,,,,,,,,,,,,1.5282546207247953,1.5282546207247953,70.7380566963604878,-1.0055937500000001,-7.6272500000000001,7.1464326234038644,9.3774319066147971,8.3330974772725988,8.8920589633856295,-8.2390336767971917,12.4613606182093726,12.1264804684263261,12.5423533322708494,11.4522729078211363,10.9677419354838648,5.3688434736442359,11.7750439367310999,-1.3138745966399523,4.5324393306722000,2.8833290111095700,3.9786066135472309,-19.6537454603367259,-5.5506555313718948,41.1629422208229485,40.7528155346821706,-1.0730352140113530,-2.6556089785848336,-4.5170231504891074,-5.0565214379605710,9.4466666666666690,,,,,,,,,,,,,,,,
"2006Q1",10.7331463467897006,10.3711915943768993,13.1176823585059008,668.5392305736379512,558.9590627828922607,650.2723731591355545,505.7517978315813139,413.4013286339047113,453.0170187329520672,513.3735389879691411,404.7409477855582054,408.8389396348223386,380.3531582324981173,414.6705354614845760,8.7766647256778239,5.5929574666620852,631.6914775859103202,550.0968877300349504,-0.0236566680295809,17.3764287327884119,4.7863385636498688,1.1147130000000001,469.0176598421111294,413.6800453206251404,-5.2033030483582934,12.8443646127103079,18.6991827435399394,5.1516460536732112,25.6695888818994895,4.5822694400403883,14.6047308162049134,0.1249349797396661,0.0651834658624672,-0.2293884616016993,673.9711858784608012,650.5823720723484485,450.7735033024359268,537.9930091054591230,448.7911002058503982,532.8784364577837778,5.0846616266288818,-19.3516124800579341,3.7128292596066146,3.1447114504257558,231.3599994323223825,2.0472689541671167,-4.8711880729239994,15.6471275570801502,-5.3334879561036335,10.3711915943768993,-5.4319556632912347,-0.3099982292884122,-37.3721742164275810,-32.2412102243888441,4.2259182012376764,-19.5048971802754210,-2.2749474196926736,8.8689672876707064,668.5392301938372839,9.8851927596662090,0.0254049740709422,-5.3502529235569849,10.7331463616682825,15.6471275570801502,0.4195069104269019,-5.3334879561036335,18.6991827435399394,25.6695888818994895,0.1249349797396661,-7.0953410759319038,5.1516460536732112,0.0651834658624672,4.5822694400403883,0.5041931577521761,13.1176823578326438,14.6047308162049134,-0.2293884616016993,-1.2576599780965039,10.3711915943768993,-0.3099982292884122,-1.3255045192385160,650.2723739084002545,22.9157231730365325,11.9877489709364546,650.5823720723484485,7.8699291319952565,7.8692360266043924,-37.3721742164275810,-25.6630827920471916,413.4013291661954099,-26.7977039187111146,-15.5487598335839650,450.7735033024359268,11.6365945233431933,11.3475098115120048,-32.2412102243888441,505.7517991537279158,0.5634853173566245,-4.7176449087908967,537.9930091054591230,9.1775273443059557,9.0774717507279412,4.2259182012376764,4.5104627282604648,-8.8689676682137595,453.0170184969186380,25.1550419092660320,17.1249401543196988,448.7911002058503982,10.2217164665928042,10.1152971913455225,-19.5048971802754210,513.3735394309142066,-2.9233742322360285,-1.9296035974364347,532.8784364577837778,7.3750157126746743,7.3441984905167912,-5.4319556632912347,-4.1289582533688911,668.5392301938372839,18.3040924099205782,9.8851927596662090,673.9711858784608012,9.3274382621989620,9.2547418193355035,-2.2749474196926736,-0.9099789702513044,558.9590627813995525,1.5162257242599724,4.8422068229123223,561.2340102045438925,7.0440888128947936,7.0933388792379777,404.7409467585960670,5.6483298599615619,5.1578847926091305,3.4773279888845936,408.8389392469795212,2.1543787081242520,2.2515256888515047,1.7375914825480470,380.3531577654001126,19.3176798976179604,18.4611841859161032,9.2791400803707678,414.6705353985418014,13.8008444285613248,7.4304247361509947,9.8801226757838858,-2.5717710269255463,4.0979924985934559,-3.4939510057144414,-1.7397367049169565,0.4827056146899966,3.6152868089897807,-0.3755199866745179,-0.3749817736675075,3.3995054435301535,-24.3877889912765085,13.6693499098099558,5.8018120678145646,-5.0361762881626060,-19.3516124800579341,1.8566683444485474,1.8526838741602598,1.7642676278735401,9.9295886507420033,8.1525141662364451,6.4027945568110054,6.2167593944215387,3.7128292596066146,-0.0277904374845576,-0.0246924378558662,22.5805037370188764,8.7766644559890725,7.8538530926212138,6.5251389502803159,3.3804276655139907,1.6699380481712818,-1.2371045589522536,3.1447114504257558,5.5929574655391825,-2.9070425425094455,5.0846616266288818,0.1753020104306332,4.7096798570346294,6.9373455030961386,5.0599691927713604,-1.2371045532066116,-1.2371045039099642,631.6914776876147926,-3.4501754232681772,-2.6112394729387507,633.2809360486462538,-4.8711880729239994,2.0472689541671167,240.2289668365066007,1.2269470749230409,4.8516681981789365,-0.0874010605606142,231.3599994323223825,-0.0181794786169524,-0.0091730879456274,-0.0172705024276686,8.8689672876707064,550.0968874554027934,145.3559406765502615,14.5303828030362148,10.3181930842441396,-2.0059026573267356,-0.0236566644758457,17.3764283935877906,6.8315014192319676,9.2004988414724735,5.8612536214576743,4.7863385541726426,1.1147129988876054,469.0176596148961039,3.6556751519252026,5.6614202519865202,451.6412311954046004,-3.1758262905167101,-3.5390786118968531,-5.2033030667122828,456.8445342610706348,0.6916000086600574,0.5946031362446540,413.6800455634931950,36.4446179702029411,29.0024620583789563,396.3036172042085923,29.6131167403337159,19.8019627783538432,12.8443660235157484,383.4592512224390930,10.7798475513000955,9.2679760279513008,0.0254049740709422,4.0283936957826745,-0.0257775548561767,0.0000000000000000,-2.8928479999303818,-0.1382252885232447,0.0000000000000000,0.5041931597515941,-0.1271761860807601,0.0000000000000000,-1.2576599800959229,3.8341482579708099,-17.5606158077716827,2.1390403062105179,-2.4941725790267810,-0.6304529180229627,-1.9177547643066646,0.8512291051447392,1.5965432440862060,4.9139582896605134,-0.0000006574321656,0.9768140381202102,-0.5789645300246775,0.0634637076291256,0.0093252787992242,0.9756814982392825,0.0077138204103449,0.0254049746436067,0.4049170945072547,0.2023543743416667,0.0304444051434984,0.0340010656800587,-0.0105035932501778,-0.0047865890592220,-0.0072014058278000,0.0046934049396441,-0.0676718453825346,-0.0004164379206486,-1.0762617141008377,0.2570919813297223,-2.5767062474042177,6.9050502777099609,0.1204554602736607,0.1314039749377116,2.0481690727174282,-56.0000000000000000,,,,,,,,,,,,,,,,,,,,,,,,,,,,,,,,,,,,,,,,,,,,,,,,,,,,,,,,,,,,,,,,,,,,,,,,,,,,,,,,,,,,,,,,,,,,,,,,,,,,,,,,,,,,,,,,,,,,,,,,,,,,,,,,,,,,,,,,,,,,,,,,,,,,,,,,,,,,,,,,,,,,,5.6719429195708102,7.4614857695643693,328.0000000000000000,33.9858202668499985,41.0000000000000000,90.0000000000000000,401.0000000000000000,-12.2194513715710720,89.0141797331500015,25.0141797331500015,53.3493327396249981,13.1176823585059008,96.3618631599956501,23.7882522151539000,244.9291236090699897,15.7122403499342909,-27.7050256160435993,,,,254.4842643335300068,103.3997565734534305,-99.4874216093310935,0.7551371393079800,0.0000000000000000,,,,,,,,,,,,,10.2983878883814892,10.2983878883814892,72.5742819837746538,0.2900562500000000,-3.5674999999999999,57.5905699532099220,15.6883671291355498,77.9651972317547290,16.5065502183406210,2.9287396814976496,1.7497543143543126,51.7990141414936573,12.9125509939407515,3.0780380632444260,13.9534883720930267,25.7212905142880217,3.1446540880503138,18.7625998631157032,6.5606038124929489,8.3266131042336156,4.8712074167405195,39.4430925877100407,3.9067252083460735,47.3785734074748461,35.7330954525797893,0.3590860057827161,-1.6090700976692962,-20.8645223662191839,-8.6030813746496015,9.1733333333333213,,,,,,,,,,,,,,,,
"2006Q2",8.9604420091544696,7.9422266857260704,11.6093905093611003,677.8233251611814012,561.5893456220214830,655.5512266850970491,521.6398458729355525,440.8031109949485540,471.0425324458409477,529.8639746437560234,408.0773876162747342,410.5299531448041535,390.2054297856785752,421.6632638726834443,8.0934617495999248,6.3886967042740412,631.3628779733038527,559.2607100382367662,0.2726834315857971,17.6817863170945522,5.1914484742198859,1.3141560000000001,478.6138962374425887,425.3574179525805903,3.8954647094433312,21.2219777885089229,20.4162104817734118,0.1536221269125561,25.5851567988401669,4.5055231197549901,14.5434576262808566,-0.0369586640069010,-0.0192827791438743,0.0390286355931883,676.2164261573182102,652.5436892463332015,453.7309009242366642,539.9135105996238053,451.3505935169027339,534.7306026471514997,5.0991836620232993,-18.8886195172300511,3.7051363712197607,3.3361859286100262,231.3535190645083048,2.0466559770658916,-4.1499452350601596,15.5472223222863484,-6.4915101027548712,7.9422266857260704,1.6068983995302157,3.0075374214335149,-12.9277896538374417,-18.2736645803347280,19.6919390611618539,-4.8666276545116300,-1.3939382032628254,7.1611922002532911,677.8233245345090836,18.0744414689957011,0.0072350924302375,-6.5914154079140275,8.9604418211783354,15.5472223222863484,-0.0952700444103506,-6.4915101027548712,20.4162104817734118,25.5851567988401669,-0.0369586640069010,-5.1319877499945816,0.1536221269125561,-0.0192827791438743,4.5055231197549901,-4.3326182101322450,11.6093905025051054,14.5434576262808566,0.0390286355931883,-2.9730957796396624,7.9422266857260704,3.0075374214335149,2.3931459454562236,655.5512265926794271,21.1154127617611813,16.1361501318459624,652.5436892463332015,7.8452712671051614,7.8658975162790004,-12.9277896538374417,-8.1428912428139419,440.8031111167130689,109.6071263901868349,13.4182859922961679,453.7309009242366642,11.8295921654512810,11.5395298513526470,-18.2736645803347280,521.6398457488588747,63.5521882258436932,13.1478014957329279,539.9135105996238053,7.6820080380390294,8.7549057748262342,19.6919390611618539,13.9391602416599127,-7.1611927395848660,471.0425324472797683,72.1020555624867967,32.4129514742724538,451.3505935169027339,10.2379724038786186,10.1776986408354855,-4.8666276545116300,529.8639749238330978,65.9617449785090315,15.4079884771789626,534.7306026471514997,7.4086677934755398,7.3666453573370916,1.6068983995302157,2.1910476393458267,677.8233245345090836,37.1363757982405929,18.0744414689957011,676.2164261573182102,8.9809611957007682,9.2081580695503913,-1.3939382032628254,-0.5575752809686245,561.5893456210426393,10.5211313375595470,5.7765520251354481,562.9832838227875982,6.9970944735372695,7.0586570571515841,408.0773874632623119,13.3457590772281733,9.7156273442466095,6.0795065747226200,410.5299530267824935,6.7640552622353365,7.3853098092818010,2.8634351554322919,390.2054293120766033,39.4090858622435718,21.0543785374980956,18.1075290920707772,421.6632639741799267,27.9709138860685051,9.9697140810575462,14.8764278004781225,2.7177566757773208,2.4525654949715507,-6.5817060545077712,-3.2160719093207364,-1.0691433784541742,3.5217090646538680,-0.3743072719467933,-0.3749714703227409,-0.0670427308646779,-17.8719582188900823,26.0633266252832101,12.0280223239903918,1.0166608480912751,-18.8886195172300511,1.8519704036654991,1.8535895348714060,38.5543037957824311,13.5858764417680487,14.6251547755168527,8.7969209391496737,9.8807392115719992,3.7051363712197607,-0.0307731126339036,-0.0269339315436453,33.7869452323810435,8.0934617260418928,8.0610623426866823,0.7081518508656419,-2.6280340060104872,-2.0604112904370240,-4.1717146354263868,3.3361859286100262,6.3886967105647745,-2.1113032869276513,5.0991836620232993,2.7787342199925442,4.7242121989508323,6.9527732128360418,5.0722497380018448,-4.1717146501582771,-4.1717146224460020,631.3628779942574738,-1.3143957458172559,-2.5909937301126447,632.6428739248593729,-4.1499452350601596,2.0466559770658916,238.5147112842604429,-6.8570186784789993,1.4765481619375294,-7.4193228661074953,231.3535190645083048,-0.0259221576300607,-0.0153864514385311,-0.0246260388406025,7.1611922002532911,559.2607098412337336,151.1833223624807090,23.3095272467469421,14.2144974597323319,-1.9955162772374029,0.2726834298913589,17.6817863226049745,1.2214306015109424,6.9309765513323622,1.3731972408848563,5.1914484743994000,1.3141560000640431,478.6138958034854909,38.3849442595007275,13.3662800296743534,460.9321094848623375,37.1635137474090129,6.4353033843474341,3.8954642704437372,457.0366452176054395,0.7684444128070715,0.6606701351410786,425.3574175392757866,46.7094900553419308,34.9068131222553504,407.6756312606593156,45.4880602469488906,27.9758363938889474,21.2219777597735018,386.4536534250663067,11.9776049430484868,10.2977503844804481,0.0072350924302375,0.2566308885376207,-0.1009525104891509,0.0000000000000000,-0.1652490496635437,-0.1476327822892927,0.0000000000000000,-4.3326182095333934,-0.1252258325221192,0.0000000000000000,-2.9730957811698318,3.1296263784170151,11.6142837405204773,15.4310479164123535,0.5934514525579289,-0.6940521041761994,-0.4839592356438516,1.5617299303412437,14.2245665192604065,15.8697415925562382,0.0000000746643947,-0.9786456697620451,0.5050349943339825,0.3538784722331911,0.0519984690909041,1.3938307636417449,0.0118231831866069,0.0072350925765932,0.4132238809834234,0.1657379746902734,0.0407998669543304,0.0350865575892385,-0.0170573363429867,-0.0057617227575975,-0.0086516641076742,0.0041139100048895,-0.0845898083483769,0.2949206829071045,-4.6398234032094479,0.5454137018896290,7.1215121299028397,11.8455924987792969,0.3109143038454931,0.1460043966035300,2.2757417708635330,-55.0000000000000000,,,,,,,,,,,,,,,,,,,,,,,,,,,,,,,,,,,,,,,,,,,,,,,,,,,,,,,,,,,,,,,,,,,,,,,,,,,,,,,,,,,,,,,,,,,,,,,,,,,,,,,,,,,,,,,,,,,,,,,,,,,,,,,,,,,,,,,,,,,,,,,,,,,,,,,,,,,,,,,,,,,,,6.1170296589227000,7.6008724237896672,349.0000000000000000,46.9858202668499985,57.0000000000000000,107.0000000000000000,452.0000000000000000,-11.0619469026548671,105.0141797331500015,25.0141797331500015,53.3493327396249981,11.6093905093611003,96.3618631599956501,20.5135110457651990,268.4345440372309781,36.6552892328072630,22.4569693334094040,,,,280.3949050734390198,40.1805769540092115,-103.7432648209140069,0.6699336125276548,0.0000000000000000,,,,,,,,,,,,,10.3322840118524191,10.3322840118524191,72.8131530429732834,0.2900562500000000,-3.5674999999999999,44.9710358182680494,24.2262540021344748,23.5102720405391281,21.7467248908296931,199.2386694100463558,41.9547164915063746,88.8007276235490934,32.6578902047592692,105.6530929637248448,36.0465116279069733,93.4052275180005296,30.1886792452830122,14.2772803802569292,8.1622954804537073,6.7072054928936309,5.3178312934320626,48.3035294294606103,10.7728689762641707,32.2745018064432472,38.8519779398257583,-0.3739735992779991,-1.0691731101914348,-11.4994350846226219,-10.4514264349521042,8.4300000000000033,,,,,,,,,,,,,,,,
"2006Q3",9.1051002312955305,9.1228250258624595,11.3458956655173004,686.0142459391549892,573.4444209530875014,666.9061988824699938,521.1512873667708163,449.8459025035664354,457.8355311676147039,532.3983675642515436,409.5303283658499822,411.6696475197676932,394.8177711784114763,419.3356496664264910,7.6961041136128392,7.3439759531396929,631.2260986486811589,565.4957941219794293,0.5829254868264186,18.9374324599570123,5.3448503588170588,1.4776990000000001,476.7054198943932306,425.7038359762901791,0.5847013189729182,17.5107144015172480,18.1595452925744354,2.2914510237367796,25.5160872504124185,4.4750910243570488,14.4900558912054009,-0.1718587921582743,-0.0896654542170549,0.2731282115238783,678.5421237625707818,654.5244109322909480,456.7575218976618885,541.9735560229429439,453.9669187114825490,536.5476438168301456,5.1074713689659559,-18.4280256177730735,3.6962609368067314,3.4833471143442836,231.3421757245485537,2.0487527836024646,-4.0411672019649822,15.5011222222194682,-5.8613694120416007,9.1228250258624595,7.4721213219973173,12.3817862798706209,-6.9116194134177178,-20.8222707867792423,3.8686127720275780,-4.1492763794779028,8.7319244104192748,7.1517075266504779,686.0142451751589761,24.6297219659645279,0.1082754442312413,-5.9074694440670390,9.1051003794746563,15.5011222222194682,-0.5346524622513955,-5.8613694120416007,18.1595452925744354,25.5160872504124185,-0.1718587921582743,-7.1846833206688885,2.2914510237367796,-0.0896654542170549,4.4750910243570488,-2.0939745502653659,11.3458957565111032,14.4900558912054009,0.2731282115238783,-3.4172883508619725,9.1228250258624595,12.3817862798706209,8.8304983849143195,666.9061971412081675,45.4198836306013192,25.6024991638514727,654.5244109322909480,7.9228865516575979,7.8787116627084428,-6.9116194134177178,-3.9599122781129434,449.8459024138830955,36.1711660410063445,25.2398904300972902,456.7575218976618885,12.1064841654342601,11.7537134000088912,-20.8222707867792423,521.1512850641407795,-1.9542329801500529,14.3825160163526498,541.9735560229429439,8.2401791369176074,8.5536271517185778,3.8686127720275780,3.8513374793095396,-7.1517078357719592,457.8355316231155143,-52.8280020050374759,15.7247429968362056,453.9669187114825490,10.4652996079520619,10.2727627827621006,-4.1492763794779028,532.3983672633819424,10.1375717895908561,18.4825489825741016,536.5476438168301456,7.2681650869609582,7.3505844532057774,7.4721213219973173,4.4292727789096986,686.0142451751589761,32.7636837572781303,24.6297219659645279,678.5421237625707818,9.3027909155579884,9.2252866411086583,8.7319244104192748,3.4927697627410046,573.4444209521315088,47.4203013240232139,16.0772147869140341,564.7124965440012829,6.9168508849405086,7.0099296129084676,409.5303285456986373,5.8117638378748326,6.3923304123021634,6.9310741727064791,411.6696476920130863,4.5587779842110372,7.5499541284542957,3.6591723240321126,394.8177708288657755,18.4493650247856458,3.1104954385534747,21.4798783456091904,419.3356495797585239,-9.3104571975302850,0.7818990523253131,10.4872199965950976,7.4080386436129384,2.1393191387792858,-1.2529852746357895,-3.2719014438222760,-1.2894046610348640,3.4287237191148265,-0.3719410631841173,-0.3742674314776460,4.5208411243709374,-14.7125577007275865,12.6376014732386839,14.5488043399788864,3.7154679688962542,-18.4280256177730735,1.8423758390743108,1.8514051446450108,-6.5078953410547618,9.8053210310028991,-15.1222209195070594,3.5561463438855716,6.1090602343824774,3.6962609368067314,-0.0355020010071487,-0.0299068229068347,-9.9877718666705348,7.6961042419685457,8.2188773940215718,0.1461504172426132,-3.3371967442421955,-3.2720158159102519,-4.4280397338632094,3.4833471143442836,7.3439759457393654,-1.1560240433982365,5.1074713689659559,2.4832701802821640,4.7332039202512792,6.9588764914242223,5.0775645319465452,-4.4280397186525891,-4.4280397138670482,631.2260986832851586,-0.5471171832741665,-2.1284827917703710,632.3161286389514544,-4.0411672019649822,2.0487527836024646,238.4938834678851833,-0.0833107440345984,-0.1713664208361998,-5.2028568324220617,231.3421757245485537,-0.0453733385238607,-0.0252581494649718,-0.0431046791253852,7.1517075266504779,565.4957939463932917,155.9654654476143492,19.1285726955644968,16.8575782634781177,-1.9802087479207771,0.5829255016877462,18.9374324473961053,5.0225851681710525,5.6162891124139867,4.4141205406117061,5.3448503585158944,1.4776990001743147,476.7054198302555506,-7.6339050650019917,9.8388167998398828,457.7679873933550425,-12.6564900671891571,4.2225275245111016,0.5847012713437006,457.1832861259935612,0.5865633534621295,0.6672620491617484,425.7038360464009088,1.3856724523853021,28.6931205995190126,406.7664036530746898,-3.6369117892240101,23.0768313149728286,17.5107145934675863,389.2556889463266998,11.2081403181590336,10.9168665210746703,0.1082754442312413,2.6517116829994247,-0.0898119212361053,0.0000000000000000,-3.5922917723655701,-0.1051558412145823,0.0000000000000000,-2.0939745521172881,-0.1179671266072546,0.0000000000000000,-3.4172883490100503,9.0804058015346527,0.4403358399868011,-10.5363665670156479,-1.1704197754152119,1.2373054162435397,9.2894996888935566,-3.9676730334758759,16.4209348559379578,-17.3647746462374926,0.0000001104288724,-1.4179796278476715,0.7441489053890109,0.4959290929837152,0.0728712153722881,-7.5328478203155100,0.0177829727153949,0.1082754442468286,0.5067682135850191,0.3776223643217236,-0.1316724778153002,0.0303044464817503,-0.0224238175433129,-0.0078061233652988,-0.0207472910988145,0.0067624078992594,-0.1272379248626284,0.3266030841041356,3.6493881642818451,0.3139611744991271,-1.8304867744445801,2.0186712741851807,0.2949585999886040,-0.1050366825948004,0.4282951578497887,-54.0000000000000000,,,,,,,,,,,,,,,,,,,,,,,,,,,,,,,,,,,,,,,,,,,,,,,,,,,,,,,,,,,,,,,,,,,,,,,,,,,,,,,,,,,,,,,,,,,,,,,,,,,,,,,,,,,,,,,,,,,,,,,,,,,,,,,,,,,,,,,,,,,,,,,,,,,,,,,,,,,,,,,,,,,,,6.5621163982745969,7.7402590780147875,390.0000000000000000,42.9858202668499985,50.0000000000000000,107.0000000000000000,479.0000000000000000,-11.8997912317327774,103.0141797331500015,25.0141797331500015,53.3493327396249981,11.3458956655173004,96.3618631599956501,20.4642529473861003,285.7044660924689765,24.9403363349706524,-7.8670452067714791,,,,285.5910083154440144,0.0856197504570559,-96.8236382826070070,0.6321711750782881,0.0037995087986087,,,,,,,,,,,,,10.3464261096700483,10.3464261096700483,72.9128145245549462,0.2900562500000000,-3.5674999999999999,38.7684916787828939,36.4638918534329477,57.4911197100849378,39.9126637554585244,43.5784888549388043,40.6109308245028657,-1.9352626541958906,33.9697370630078979,-41.0381788756548858,8.1395348837209234,10.6692366597625146,29.5597484276729503,5.9839657299054050,9.2138968915552297,5.7898943793661228,5.9330381287271861,20.2609351557364583,19.1747758603284311,-8.8901776632293483,26.3728062168054898,-1.2437348171150941,-0.5677343268843837,-2.2534753181795431,-10.1056608538160120,8.0000000000000071,,,,,,,,,,,,,,,,
"2006Q4",8.9594402503062405,7.9044941498753598,10.8390851467603007,687.5115936859233443,576.0379608276630279,668.9029657716923793,514.8670608524405452,465.6419482177541340,462.7734594722789438,537.9162377410515319,411.2906926396896665,413.2113867189471534,396.8009284977086963,423.0817296513704946,7.1669286690359684,7.8444685154639515,630.9936581089322090,571.5808502471377324,0.9117000131987893,20.9797079005478082,5.2328974552316430,1.5146489999999999,477.6174261893383459,410.5355155880466214,-0.6251864636574851,-2.3019449472308793,16.1363357494911135,3.6621896831601313,25.4077723524358170,4.4652010247871416,14.4466360699599683,-0.1512532820554991,-0.0789147572280015,0.2775854994653542,680.9353636992286738,656.5407668303531636,459.8714437332781699,543.9502002168029549,456.6972583976265696,538.2971490111464163,5.0957595826993050,-17.9506682837327531,3.6879615124028873,3.4681302584897509,231.3196076129019048,2.0392394851770455,-4.6920746693704993,15.4263372494364699,-5.9591436444328405,7.9044941498753598,6.5762296985507342,12.3621978693385426,5.7705062272979477,-29.0831419128094311,6.0762012522977713,-0.3809115695711533,9.6386579309740501,7.4423717103685325,687.5115935060141510,23.5483863494289025,0.1770779921487100,-6.0339286619220873,8.9594403698705989,15.4263372494364699,-0.5077535316970746,-5.9591436444328405,16.1363357494911135,25.4077723524358170,-0.1512532820554991,-9.1201832193807046,3.6621896831601313,-0.0789147572280015,4.4652010247871416,-0.7240966065190663,10.8390852828645752,14.4466360699599683,0.2775854994653542,-3.8851362829692713,7.9044941498753598,12.3621978693385426,8.8178181535841631,668.9029646985849240,7.9870682782146396,24.3595221947315892,656.5407668303531636,8.0654235355802406,7.9258775375504413,5.7705062272979477,4.2160528481609703,465.6419499529249038,63.1841880493515049,45.5411949559168505,459.8714437332781699,12.4556880137511889,12.0070896434864220,-29.0831419128094311,514.8670587288244178,-25.1369062123773972,9.2561323713718302,543.9502002168029549,7.9065806317887359,8.2515730797157723,6.0762012522977713,5.4534726469898036,-7.4423717377866563,462.7734596132133333,19.7517099589516150,16.0452015020708139,456.6972583976265696,10.9213588341862771,10.4615870898100880,-0.3809115695711533,537.9162373225640295,22.0714795199369362,23.8118543660591477,538.2971490111464163,6.9980224181725719,7.2624674678389809,6.5762296985507342,4.6801792623375675,687.5115935060141510,5.9893899676622127,23.5483863494289025,680.9353636992286738,9.5729608343452206,9.2960377902457250,9.6386579309740501,3.8554631760337856,576.0379608260616351,10.3741594989087336,17.4579544778626712,566.3993028891507038,6.7472253771238355,6.9263148862659829,411.2906928500744357,7.0414578353454509,7.4672683857324653,7.9618283527640221,413.2113867978134749,6.1669575306574274,9.1822107719431667,4.9110424268325055,396.8009286476181501,7.9326297923227047,-0.9394858040947669,21.2771910501330552,423.0817295242108571,14.9843188114631616,7.4255520526526997,11.8614052013659954,6.7494580863383247,1.9206939397682299,-0.8745002388505609,-3.0507864735966539,-1.4115818388605699,3.3322757975561550,-0.3857921765474214,-0.3768909973166054,7.3296116264447297,-14.4897641982443517,0.8911719733460282,13.3153626221719534,3.4609041175065052,-17.9506682837327531,1.9094306431067631,1.8651111220374883,4.7852827320440960,11.7910366800248987,7.9428611936468236,3.8995772971273808,8.1030750471908064,3.6879615124028873,-0.0331960560361278,-0.0318155838157404,-71.5684251338472706,7.1669283647367905,8.1780976856526735,-2.0152820983272712,-5.4834124195317910,-4.8958406089487578,-5.5513720801851711,3.4681302584897509,7.8444684814316474,-0.6555315175092498,5.0957595826993050,3.6090424855586409,4.7188686101582942,6.9608707349895473,5.0639440242139662,-5.5513721230384849,-5.5513720996338085,630.9936581949614265,-0.9297618678702830,-1.5603635862851157,632.1020079349781327,-4.6920746693704993,2.0392394851770455,238.7619792685118227,1.0723822076137992,-1.1602504996948881,-4.9183922664158199,231.3196076129019048,-0.0902718150317432,-0.0449366060697868,-0.0857582234090853,7.4423717103685325,571.5808501235076164,160.2901572792543163,17.2987670526068733,18.5668129914204521,-1.9895655810865078,0.9117000170554662,20.9797078650191189,8.1691017274068951,5.3111545092903274,6.9313338555495445,5.2328974537056947,1.5146490033897211,477.6174259508800901,3.6480242107793983,9.5136848156305156,456.6377180665467108,-4.5210774704638945,4.2025302105808162,-0.6251866018378094,457.2629046726150364,0.3184742728867646,0.5912705874273064,410.5355175109502284,-60.6732756121320165,5.9666262077820527,389.5558096408789197,-68.8423778434773510,0.6554718538505249,-2.3019429851794158,391.8577527885973950,10.4082565792225008,11.0934630479429650,0.1770779921487100,0.8430816369441301,-0.1325103661292815,0.0000000000000000,-4.0909051001071930,-0.0861354786902666,0.0000000000000000,-0.7240966055542231,-0.1085191271631629,0.0000000000000000,-3.8851362839341164,3.0470461845397949,9.2977644056081772,1.7996180653572083,2.7255071392282844,1.4633506414527928,6.1458881743019447,-2.1919708549976349,15.7770578004419804,13.4976177383214235,0.0000001396245981,-1.6441016038879752,0.3848901297897100,0.5255322141456418,0.0772210607683519,1.6667550764977932,-0.0053506340657350,0.1770779921207577,0.5929247562307864,0.6177209317684174,-0.2683377178036608,0.0111337420821656,0.0532661053584889,-0.0012442576262401,-0.0471671411360148,-0.0046380246531044,-0.2326685621059287,0.3637500681215897,3.7549809962511063,0.0562764769201749,-0.9877014420926571,-15.0847635269165039,0.1847198984469287,-0.2094327544182306,0.3209303170442581,-53.0000000000000000,,,,,,,,,,,,,,,,,,,,,,,,,,,,,,,,,,,,,,,,,,,,,,,,,,,,,,,,,,,,,,,,,,,,,,,,,,,,,,,,,,,,,,,,,,,,,,,,,,,,,,,,,,,,,,,,,,,,,,,,,,,,,,,,,,,,,,,,,,,,,,,,,,,,,,,,,,,,,,,,,,,,,7.0072031376264974,7.8796457322400428,404.0000000000000000,51.9858202668499985,51.0000000000000000,105.0000000000000000,499.0000000000000000,-10.8216432865731456,97.0141797331500015,25.0141797331500015,53.3493327396249981,10.8390851467603007,96.3618631599956501,19.8867767953118992,303.6295893718120169,24.3402245006332123,15.4527379446563486,,,,281.9969102856899781,-1.5637632037490903,-78.8230738985621997,0.6068336530310621,0.0280088677995795,,,,,,,,,,,,,10.3705033701807352,10.3705033701807352,73.0824905857636082,0.2900562500000000,-3.5674999999999999,6.1723902144208198,36.7484880825329014,8.3146981249698992,40.2620087336244410,88.1072002763703495,70.0508337870260362,-22.2264712844436403,25.3278458515373792,21.8373938200455271,11.6279069767441854,24.6967753463443564,36.4779874213836379,7.2952904171883270,11.3418954114913539,8.6995720234367404,7.3994581124512848,8.2557495134088157,28.2983735971112935,16.1652080701252920,20.9115209476869346,-1.1171022422336585,-0.6716101601812685,0.7016178714864374,-8.8022564508099865,7.4300000000000033,,,,,,,,,,,,,,,,
"2007Q1",10.1093155023104000,5.4202600383696602,10.9957362714284006,681.8441684677084140,566.5990946085870519,658.5973630786287458,521.3121021169260985,457.1939258455504387,493.5995729415676578,534.4706589839961453,415.9380320956618107,417.5894248161429800,406.1205501139205012,419.9155907933518961,7.6312682849163513,7.1992373133975773,630.6039301684758129,573.9961481231492826,1.5482468510560707,22.8129177924511772,5.2241661212206205,1.5789409999999999,481.8590438423921682,407.2747549979753785,1.7918116086673876,-9.8013462537820715,19.2855795513079897,1.8194724749879114,25.3924698049691457,4.4534335685013495,14.4173371539609967,0.0412316603665324,0.0215121774881497,-0.0689547275198342,683.6368491173860775,658.6286834465928450,463.1044708030657375,546.5928296432850857,459.6235101439023651,539.9248632201678220,5.0763349174370855,-17.4553531283311898,3.6799084888954257,3.4725244702189810,231.2826489457280275,2.0340256691918617,-3.3461272180315480,15.4285658761764459,-5.4509486945352652,5.4202600383696602,-1.7926809452039918,-0.0313214669486257,-5.9105475615671983,-25.2807203837166767,33.9760651463081658,-5.4542035673344342,-1.4415961690124768,4.5447736425406129,681.8441679729482985,13.3049371610754434,0.3279116366551997,-5.4487203758044940,10.1093153139706828,15.4285658761764459,0.1316985359999209,-5.4509486945352652,19.2855795513079897,25.3924698049691457,0.0412316603665324,-6.1481217547599734,1.8194724749879114,0.0215121774881497,4.4534335685013495,-2.6554732155054839,10.9957366592268109,14.4173371539609967,-0.0689547275198342,-3.3526457268744676,5.4202600383696602,-0.0313214669486257,0.6453521132971280,658.5973618909347351,-41.2224149166423217,8.3249878332029787,658.6286834465928450,8.3516672759006365,8.0463116416661293,-5.9105475615671983,-3.3892334081016733,457.1939236213250979,-33.7921070683789466,43.7925942111291846,463.1044708030657375,12.9321071123587483,12.3309673905267978,-25.2807203837166767,521.3121104556436194,25.7802064409488523,15.5603129189836160,546.5928296432850857,10.5705145258710012,8.5998200076582183,33.9760651463081658,22.9772664958690633,-4.5447736755801333,493.5995749149662402,123.3044620431234222,40.5825557936337447,459.6235101439023651,11.7050076875567957,10.8324094833049962,-5.4542035673344342,534.4706598570246570,-13.7823085330861748,21.0971217988258566,539.9248632201678220,6.5108582314620644,7.0464284262221497,-1.7926809452039918,2.3000251439963493,681.8441679729482985,-22.6697028293022278,13.3049371610754434,683.6368491173860775,10.8059439864869464,9.6656643068573800,-1.4415961690124768,-0.5766384727121681,566.5990946144663667,-37.7554648595542375,7.6400318295505247,568.0406907950356299,6.5655516300359364,6.8066805910886057,415.9380320344458255,18.5893569314244864,15.1579709968336793,11.1970846132981983,417.5894257541394268,17.5121564228351083,15.2955935774530865,8.7504868261390794,406.1205496048464738,37.2784836781598514,20.2337128925658583,25.7673915042364641,419.9155914143643713,-12.6645545356049176,1.7398585008077410,5.2450555415382958,-0.5251906466977934,1.6513937754419057,-1.0772005098099848,-2.4465984094028728,-1.5807580742299256,3.2321520230175649,-0.4004954045943582,-0.3831343034243886,5.9217628493179619,-9.8174823863849046,18.6891272046441657,14.5703069644008725,7.6378703384074900,-17.4553531283311898,1.9812615008619350,1.8962591615988944,17.9715121414144967,3.9775593850997817,-31.2539112419194325,-5.9520297242100781,0.2976505654950774,3.6799084888954257,-0.0322095333690290,-0.0329205367641054,-23.7075390749025594,7.6312678910176226,8.1483639527795813,-7.6643262819469076,-11.1368503868980433,-7.2812565578137409,-8.5820193013816297,3.4725244702189810,7.1992373406442729,-1.3007626505863903,5.0763349174370855,6.8240050698568160,4.6932005870735880,6.9725940374098263,5.0434143525823636,-8.5820192891221545,-8.5820193127957403,630.6039306027582825,-1.5589100222703909,-1.0875468230126220,631.9267151430344711,-3.3461272180315480,2.0340256691918617,235.8274226871253632,-11.7382272712335407,-4.4015446072090016,-9.1951619590473950,231.2826489457280275,-0.1478338963871032,-0.0773505045656074,-0.1404422119551341,4.5447736425406129,573.9961477813483270,158.0581156235982405,-8.9281662647681284,12.7021748456505854,-1.9930253915751568,1.5482468528679734,22.8129178587718258,7.3328389915537935,5.4364889328726900,6.2623237510462655,5.2241661220901410,1.5789409977263211,481.8590438731790755,16.9664717013274284,12.8413842900091879,459.0461260873805145,9.6336325008943149,7.4048953073365329,1.7918115421693543,457.2543145205501105,-0.0343600050189663,0.4097805915427672,407.2747603296489842,-13.0430172948452103,-6.4052850276443722,384.4618423518134591,-20.3758619309356561,-11.8417736266522304,-9.8013419503479380,394.2631836129066301,9.6217200312836386,10.8039309785967035,0.3279116366551997,-1.0319870365680197,-0.0449143131554592,0.0000000000000000,0.2360067069530487,-0.0885074848192744,0.0000000000000000,-2.6554732359945774,-0.0948325773642864,0.0000000000000000,-3.3526457101106644,-8.0215449333190918,-9.3437332510948181,28.6531044244766235,-0.3320743031799793,-4.2292582194532589,-5.2970593568170443,6.8981777876615524,19.7021801471710205,-16.9211810454726219,-0.0000008016740107,-0.2350804843008518,-0.7107842937111855,0.1115402218420058,0.0163895789883099,-14.7567350293975323,-0.0003892986042047,0.3279116367921233,0.7376001738011837,0.9681135797873139,-0.4988663713447750,0.0022496176243294,0.0647477018646896,-0.0023331067059189,-0.0620756769203581,-0.0012898652785225,-0.2786419038779337,0.6912488262169063,0.4015050232410431,0.1539004021760775,2.1794271469116211,-8.1209192276000977,0.2157569017726928,-0.3209869959391654,0.2542892843484879,-52.0000000000000000,,,,,,,,,,,,,,,,,,,,,,,,,,,,,,,,,,,,,,,,,,,,,,,,,,,,,,,,,,,,,,,,,,,,,,,,,,,,,,,,,,,,,,,,,,,,,,,,,,,,,,,,,,,,,,,,,,,,,,,,,,,,,,,,,,,,,,,,,,,,,,,,,,,,,,,,,,,,,,,,,,,,,7.7856288135100229,6.8688736899840634,383.0000000000000000,54.4414080000000027,68.0000000000000000,106.0000000000000000,507.0000000000000000,-7.4950690335305721,107.5585920000000044,32.5585919999999973,56.6266999999999996,10.9957362714284006,106.0833499292723445,21.0987069624111996,311.0524293941149949,9.6611915040462009,16.4531941520988596,,,,265.9104629633890227,-19.3165631318256601,-66.1659322166772057,0.1508430773175543,0.0634076683825236,,,,,,,,,,,,,17.9892383291121014,17.9892383291121014,44.2041248314354647,5.2325299999999997,0.0000000000000000,-20.2837721084988445,13.4071340713407103,-33.7824139301833952,7.6461769115442335,-28.6748292477186020,55.9093977955411816,29.4082112729109539,14.8084802356406531,243.1661474421341893,48.9795918367347056,-12.8747241073437042,22.5609756097560954,20.4294090459710347,11.8340315180325284,16.0632738257151075,9.2005262338027194,45.1771978759035093,29.4547877391651447,-11.8954099827430539,4.4572721604990262,-1.5469856475933352,-1.0816550007954673,-12.5407551092513554,-6.6072351975803745,7.9299999999999926,,,,,,,,,,,,,,,,
"2007Q2",12.4355750980954003,15.7599363927452991,12.1643766719679007,685.8699635904230263,567.9996218250755646,662.7681641322543555,519.1358615084615167,457.0712933537363369,497.4961189614682553,538.6412326925991465,416.4509952089558169,419.1683065087092928,401.6532356308647422,419.8312558827121848,7.1669286690359684,7.5888277667255011,630.3292680378898467,582.7253896941376752,2.0235252549789706,24.2958066622292286,5.2328974552316430,1.7459180000000001,486.1568225361335180,422.9400055315227860,4.7250781140886602,2.1703169437523684,17.6730479248186896,6.9269042597688877,25.3600752468623689,4.4659354861126719,14.3985584501201078,0.0151703384249442,0.0079149474450742,-0.0062646533677666,686.5295422471580196,660.7982784104993925,466.4599784870196117,549.3609285032964635,462.7335505192265828,541.4265186557462357,5.0294657858254128,-16.9119382324163894,3.6742023502822674,3.5395201895048514,231.2269429712387137,2.0052893727441790,-1.9347364876835342,15.4274524195688869,-3.0212267789246710,15.7599363927452991,-0.6595797275750241,1.9698859980782737,-9.3886847960454656,-30.2250698316173541,34.7625651409302279,-2.7852859946397013,-1.6576840519033951,4.2298256078813736,685.8699621555889507,8.0466377304706835,0.3826860351007549,-3.0223407323385461,12.4355754330620112,15.4274524195688869,0.0293499330558940,-3.0212267789246710,17.6730479248186896,25.3600752468623689,0.0151703384249442,-7.7021979895907160,6.9269042597688877,0.0079149474450742,4.4659354861126719,2.4530538434126576,12.1643765600311315,14.3985584501201078,-0.0062646533677666,-2.2279172094502648,15.7599363927452991,1.9698859980782737,1.5822361275991672,662.7681642466338872,16.6832061725141720,7.2169355972785665,660.7982784104993925,8.6783732245946830,8.2545871869093883,-9.3886847960454656,-6.0682773918321473,457.0712937225077326,-0.4905203456832972,16.2681803776573766,466.4599784870196117,13.4220298898700978,12.7290782952548867,-30.2250698316173541,519.1358576771929165,-8.7049817098614142,-2.5039880136471062,549.3609285032964635,11.0723917816159023,9.4474172524366455,34.7625651409302279,23.8668309728692876,-4.2298261883904367,497.4961156174551320,15.5861695601820678,26.4535853378625205,462.7335505192265828,12.4401601828505566,11.3829569066755631,-2.7852859946397013,538.6412328768237785,16.6822980504001492,8.7772584744855404,541.4265186557462357,6.0066190775016350,6.6959159616325854,-0.6595797275750241,2.4155322537541042,685.8699621555889507,16.1031784445352706,8.0466377304706835,686.5295422471580196,11.5707620587178663,10.3131149844877683,-1.6576840519033951,-0.6630736249407213,567.9996218243024941,5.6021088639769445,6.4102762054614377,569.6573058883328713,6.4664603586412852,6.6740220642358663,416.4509952077772255,2.0518524792990238,6.0276115032324631,8.3736074461583510,419.1683062591430371,6.3155202823446057,7.6943232343629413,8.6383533398345200,401.6532348581507676,-17.8692619384298723,-1.7531268298382123,11.4478048207847749,419.8312555445476164,-0.3373404632396195,5.0782431621071273,-1.8320076773652074,0.3183014922180460,2.7173109213608320,4.2636682737145994,0.2647454632501757,-0.4047188648633802,3.1220293693472412,-0.4404896449183473,-0.3996798068853976,5.0557353428806158,-14.7977604936527083,-19.9211130509589722,3.0741973360704975,2.1141782439180723,-16.9119382324163894,2.1736579769854374,1.9766811332580931,19.4029497716167967,3.3802601711712814,-2.3891932686271780,-10.2056158256842906,-0.2939418625327761,3.6742023502822674,-0.0228287471919672,-0.0309344191553269,53.3600466527775694,7.1669286606277129,8.1284963465772577,-0.5273948998210107,-4.0669152616595605,-3.3036637949305243,-4.2148363506546200,3.5395201895048514,7.5888277694351318,-0.9111722433393339,5.0294657858254128,2.3854890311908412,4.6297860259314509,7.0061470674934476,4.9985313961799127,-4.2148363964091242,-4.2148363980344534,630.3292679481185132,-1.0986483334223354,-1.0336099218677997,631.4749823017991730,-1.9347364876835342,2.0052893727441790,235.4567683009730672,-1.4826143991074927,-3.0579426445916358,-3.1204144628420738,231.2269429712387137,-0.2228286263032081,-0.1265767021837610,-0.2116872149590590,4.2298256078813736,582.7253889827180728,166.2743937022031560,32.8651112773855374,15.0910716843229107,-2.0453715969477821,2.0235252376089421,24.2958066727357505,5.9315549887474690,6.6140203574452414,5.1412966364446024,5.2328974581204077,1.7459180031283641,486.1568224810173433,17.1911145969577426,7.5429264982085042,461.8610158361660751,11.2595588972178540,0.9289062489235054,4.7250781344947770,457.1359376790360329,-0.4735076767545473,0.0992925617349984,422.9400027219706999,62.6609862877366339,-2.4174140486038507,398.6441960200803578,56.7294297880986704,-9.0314355250882929,2.1703158631942494,396.4738796608881444,8.8427796087861665,10.0202249056721620,0.3826860351007549,10.5498063735604681,-0.0627705561928451,0.0000000000000000,-3.3985120058059692,-0.0648263049661182,0.0000000000000000,2.4530538376420736,-0.0846054273570189,0.0000000000000000,-2.2279172055423260,2.0029116868972778,-5.3830463886260986,11.2251017689704895,3.1614448232576251,-2.2987838386512953,-1.0810455885948613,-5.7285579442977905,-35.0229328274726868,-2.1970943510532379,0.0000004715057109,-0.7363766282796860,0.2595141492784023,-0.0654880199581385,-0.0096227314497810,33.8144978526979685,-0.0496216710744193,0.3826860352419317,0.7749248282052577,0.9587997870985419,-0.5402994650648907,-0.0271373119321652,0.1924963910132647,0.0061597838939633,-0.0823864196427166,-0.0253337354006362,-0.2323941762267985,0.5681732073426247,-0.3307688534259796,0.1709264963574242,3.6141550242900848,9.3253006935119629,0.3248711118940264,-0.4425836692971643,0.1832308284938335,-51.0000000000000000,,,,,,,,,,,,,,,,,,,,,,,,,,,,,,,,,,,,,,,,,,,,,,,,,,,,,,,,,,,,,,,,,,,,,,,,,,,,,,,,,,,,,,,,,,,,,,,,,,,,,,,,,,,,,,,,,,,,,,,,,,,,,,,,,,,,,,,,,,,,,,,,,,,,,,,,,,,,,,,,,,,,,8.0179874264723949,7.7153224744840401,431.0000000000000000,54.0553839999999965,76.0000000000000000,118.0000000000000000,547.0000000000000000,-7.6782449725776969,102.9446159999999963,31.9446160000000035,67.6945021159999953,12.1643766719679007,141.9794705464887272,24.4407958276354016,339.4253012245579839,34.9169662839535704,22.8785637104511750,,,,295.3820968278939745,51.8043906719476013,-77.0609422746393022,0.1401224862888482,0.0912706889059407,,,,,,,,,,,,,15.9050701182984167,15.9050701182984167,193.0565460865536522,-7.5663999999999998,0.0000000000000000,17.4722330156054753,7.7892325315005673,18.1555797064469431,7.1736011477761874,-0.4893288337882939,17.3193268792140458,-8.3368392732738776,-4.3603217385481008,16.8664730146807820,30.7692307692307701,18.1545052280148482,9.1787439613526534,2.0730476622190297,8.7529470493966635,6.6431253560737868,9.1936092607939344,-16.3637024847508954,11.6489370388062508,-0.3367712916570675,-2.3462280865104379,-0.4527809670541116,-1.0282865447397205,3.7038170624956068,-2.7713221881955130,7.4300000000000033,,,,,,,,,,,,,,,,
"2007Q3",10.6234328511498006,6.2526086254043598,11.0300652070491996,689.5008648934604025,572.2087720863353297,665.1606328379702973,533.5134449295494505,454.0583092599299562,499.2639570386152172,542.5890108320528498,417.3642926089125353,420.5493485786958558,399.7648120349900864,421.9201391579717892,5.9086184125836718,8.9793485445485004,630.6147602397662695,589.0502502420273458,2.3402639452545912,26.0823593316135529,5.2288482357023600,1.9544420000000000,488.9575589326565250,431.3141815384794882,5.9878824328383189,6.7461996778446292,20.4671889786355408,1.1863116142208157,25.4330296123019473,4.4475985449250839,14.3868813009041201,0.0062659184117135,0.0032691617946455,0.0185758197038045,689.7732941177876000,663.0574947679888282,469.9433579949716773,552.8852740199854452,466.0467440996253572,542.7912247488412731,5.0477164587249037,-16.3884160177403437,3.6677835443758258,3.7610919613792047,231.1667333756844585,2.0354467543701493,-2.8165135385066375,15.4937467555773853,-4.8612708527213444,6.2526086254043598,-0.2724313683501527,2.1031392350713056,-15.8850477940877806,-19.3718188683642936,33.2172117012446648,-0.2022105486550640,0.9552820514403264,4.9810371539484724,689.5008624944949815,3.4866149384006797,0.4308062422698490,-4.7949755511889629,10.6234345429708945,15.4937467555773853,-0.0090409179671104,-4.8612708527213444,20.4671889786355408,25.4330296123019473,0.0062659184117135,-4.9721076549337431,1.1863116142208157,0.0032691617946455,4.4475985449250839,-3.2645560844545951,11.0300652628145404,14.3868813009041201,0.0185758197038045,-3.3753920191223035,6.2526086254043598,2.1031392350713056,2.1226383625114678,665.1606340394586141,9.5698813960144040,-1.7455652463651710,663.0574947679888282,9.0368641546439665,8.5330822102327648,-15.8850477940877806,-9.7417131145178217,454.0583104178387543,-12.0519298363457246,4.2124088858079993,469.9433579949716773,13.9335208412909459,13.1858369141449092,-19.3718188683642936,533.5134522202408789,57.5103775372029205,12.3621693838604259,552.8852740199854452,14.0973753496222258,10.9117151235617342,33.2172117012446648,23.0971779069041183,-4.9810380566491137,499.2639556060222503,7.0713656721078166,41.4284259561377439,466.0467440996253572,13.2527741372591166,12.0798251237494441,-0.2022105486550640,542.5890136150031822,15.7911254661253118,10.1906462340437471,542.7912247488412731,5.4588219865737786,6.2435807260741196,-0.2724313683501527,3.5408291171701163,689.5008624944949815,14.5236058571827940,3.4866149384006797,689.7732941177876000,12.9750028145142871,11.2311682820595902,0.9552820514403264,0.3821127996088086,572.2087720868439646,16.8366010134062627,-1.2356488806779589,571.2534900621877796,6.3847367579932666,6.5409935363273819,417.3642929540150135,3.6531901071450013,7.0469745952459961,7.8339640799446908,420.5493489627854728,5.5241701179131404,8.0983868789118372,8.8797029691955878,399.7648128271150654,-7.5536898853986356,1.4915745202140003,4.9470420785454587,421.9201392225687073,8.3555334080702313,7.9575818122720046,2.5844894682051258,0.7782645135552984,3.1850560398615806,1.8709809266032695,1.0457369812992465,0.1690349661775253,3.0160206220616659,-0.4240334333220168,-0.4127030097628910,8.5290184351129419,-17.5994800887880558,-11.2068785415139551,-2.8869225050864937,-1.2110628280062736,-16.3884160177403437,2.0940864513288049,2.0396086118570005,16.0983568019718355,4.5558462643944786,4.7023445994551256,-5.2494747268031183,0.8880636548716283,3.6677835443758258,-0.0256756804739478,-0.0284771030964345,27.2308882393977250,5.9086182208816789,8.3847748914339917,-2.1897694044077078,-5.9508613537605992,-5.1140654036303470,-4.6347170515825198,3.7610919613792047,8.9793485571855811,0.4793485743498613,5.0477164587249037,3.5729532510844910,4.6350134252006709,7.0873251442605190,5.0192392804299795,-4.6347169408356024,-4.6347169543645101,630.6147600874362524,1.1419697916811555,-0.6113381311009786,631.2850547131733947,-2.8165135385066375,2.0354467543701493,236.1477706246810442,2.7640097324617834,-2.3461132386624963,-3.2322539375156496,231.1667333756844585,-0.2408387571654763,-0.1754423997551959,-0.2287967960494086,4.9810371539484724,589.0502499499724536,171.6859571083946037,21.6462509964196954,15.7204905497156684,-1.9852817132285849,2.3402639188575316,26.0823595628016882,7.1462102232881648,7.1449265098584904,6.1130205674316951,5.2288482409464576,1.9544420010141419,488.9575594428752083,11.2029470009161365,12.2521390989647472,462.8751998884692966,4.0567372040397789,5.1072126244425355,5.9878825733186360,456.8873173290405134,-0.9944810525807458,-0.2959685096961124,431.3141786693079212,33.4967041956609179,5.6103430302435262,405.2318195628077433,26.3504948676208564,-1.5345830138801650,6.7461958326253937,398.4856228096360837,8.0469742066321324,9.2299333731674693,0.4308062422698490,-4.1273595709682898,0.0409579903353006,0.0000000000000000,0.4194309711456299,-0.0950401735899504,0.0000000000000000,-3.2645560726523399,-0.0776914744783426,0.0000000000000000,-3.3753920271992683,0.8932266831398010,-9.4721412658691406,8.9232582449913025,4.1174008119851351,-2.4386926722918196,1.6183556175092235,-1.9491105377674103,-3.5316276550292969,1.6458885520696640,-0.0000001131530696,-1.8319322373718023,1.2994035482406616,0.5898540904745460,0.0866724359802902,-5.9405700042843819,0.0575798026402481,0.4308062414638698,0.8209893007297069,1.0730191331822425,-0.6090695164166391,0.0332955764315557,-0.0602318930905312,-0.0051299419719726,-0.0291515504650306,0.0306863092191634,-0.2348447603769521,0.4381501779425889,2.0049140155315399,0.1585825093497988,3.0583341717720032,5.1618661880493164,0.3831158148823306,-0.5683239352656528,0.0884713046252728,-50.0000000000000000,,,,,,,,,,,,,,,,,,,,,,,,,,,,,,,,,,,,,,,,,,,,,,,,,,,,,,,,,,,,,,,,,,,,,,,,,,,,,,,,,,,,,,,,,,,,,,,,,,,,,,,,,,,,,,,,,,,,,,,,,,,,,,,,,,,,,,,,,,,,,,,,,,,,,,,,,,,,,,,,,,,,,8.2503460394349730,8.5617712589839670,449.0000000000000000,51.0621199999999931,81.0000000000000000,132.0000000000000000,574.0000000000000000,-8.8850174216027877,124.9378800000000069,43.9378800000000069,62.0336359100000010,11.0300652070491996,121.5987655361099087,21.8074103924233000,361.5869370390129802,25.2994421915586827,2.0733350384964808,,,,332.0305972882289893,61.9682306784054617,-95.7560900154110044,0.2835592334494773,0.1087026071518360,,,,,,,,,,,,,19.4089324059558592,19.4089324059558592,56.4546264434857363,-5.4873399999999997,0.0000000000000000,15.6312488071259850,3.7539103232533844,10.0427508319483660,-1.3732833957553092,-11.3540078011124983,3.7834516662793805,77.7314179462075430,12.7654216818495101,7.3273713681383468,51.6129032258064484,17.1062112614410289,10.1941747572815480,3.7207386255146080,8.2037988118860206,5.9411400912256829,9.2622977523844519,-7.2754526102561057,5.2564534469706103,8.7145366480310127,3.2216959067742135,0.6897879651412975,-0.6094735378234684,3.7413038457046133,-1.3419548461732766,6.0866666666666625,,,,,,,,,,,,,,,,
"2007Q4",9.2787027699508808,7.2727414489234903,11.2743699865502993,692.9764131631410464,574.2456480375553838,666.5157193370267805,532.4183814274788347,478.9848312821787886,501.9010464038107102,546.2959765042404570,418.6755089243228554,422.0314486483820247,399.7876145868848994,424.2786810069463854,7.1421032228262380,7.6596593095543568,630.1010478899974032,598.9718452254180647,2.4999269388855936,28.8174577466288504,4.7864974408582821,2.0479889999999998,496.9127842452503501,448.5568612794206160,11.6043781982286305,19.4438673193682803,19.2788283772271392,1.2742489332793907,25.6307968506336756,4.4613336035984119,14.3852642738457526,0.0078884486320148,0.0041156873587844,0.0201536545681210,693.3193940582578989,665.3797352417893762,473.5197085506326289,557.1920173159410297,469.5008573166642805,544.0657651445895908,5.0451304040593206,-15.8599206202702732,3.6614331683139723,3.8548996385850089,231.1006242423424339,2.0581279469214917,-4.0163412451977729,15.7068664002393241,-6.4200119357871550,7.2727414489234903,-0.3429757408639479,1.1359887889314504,5.4651219359965788,-24.7736320015966562,32.4001857730316232,2.2302147970365662,1.4187334459992438,5.7864330561265707,692.9764179945833575,5.4648221872499310,0.3423375965697646,-6.2068921353852931,9.2787059049793719,15.7068664002393241,-0.0081494478394505,-6.4200119357871550,19.2788283772271392,25.6307968506336756,0.0078884486320148,-6.3598586942464266,1.2742489332793907,0.0041156873587844,4.4613336035984119,-3.1912002270724913,11.2743699325543414,14.3852642738457526,0.0201536545681210,-3.1310479151401380,7.2727414489234903,1.1359887889314504,1.6187981097774373,666.5157239724417195,5.4203552633673766,-2.3872434422312283,665.3797352417893762,9.2889617300978067,8.8389666443286767,5.4651219359965788,4.2116022398100865,478.9848304344741905,99.7060796255650956,13.3428790620828064,473.5197085506326289,14.3054046600000948,13.6482649778967726,-24.7736320015966562,532.4183858557131543,-4.3802398723037328,17.5513329660506017,557.1920173159410297,17.2269720311425729,13.2418143868168414,32.4001857730316232,22.8017866291500582,-5.7864321807372407,501.9010428323231281,10.5483445023146913,39.1275821381935884,469.5008573166642805,13.8164559158695059,12.8035990976228451,2.2302147970365662,546.2959804266877200,14.8278653738624762,8.3797399422983680,544.0657651445895908,5.0981615779550946,5.7686160204888957,-0.3429757408639479,3.8709404636611762,692.9764179945833575,13.9022191021508323,5.4648221872499310,693.3193940582578989,14.1843955086316988,12.3840276392710873,1.4187334459992438,0.5674933739637720,574.2456480415046371,8.1475037974432087,-1.7923127887325987,572.8269145975992842,6.2936981482496037,6.4276117159561981,418.6755091162143572,5.2448629876005004,8.4453448485772551,7.3848155242854299,422.0314489508160136,5.9284002845339838,9.1260412161999831,8.8200617647191848,399.7876121026224610,0.0912002104598621,4.8322660123292538,2.9866820689279199,424.2786803594996741,9.4341617633004979,9.0732685369086283,1.1969500773362713,0.8829054573897053,3.3559401836903517,0.6835374892067915,1.4352463688479147,0.4469471890777822,2.9089926220232969,-0.4281119161141816,-0.4232833599588089,9.1499844441442857,-18.8878967825937103,-5.1536637450237297,-4.3981326285118465,-3.0279790996091642,-15.8599206202702732,2.1139837062120681,2.0907478289135457,34.1580614532494877,5.6031714717796461,4.1892979298630451,-6.1878656894146831,1.9417379656073657,3.6614331683139723,-0.0254015428980046,-0.0265292888099956,60.3433039037976755,7.1421036348449505,8.4719184190842611,-1.9839384121417236,-5.8388384643298030,-5.3675774423680593,-6.2079181844552416,3.8548996385850089,7.6596593322963447,-0.8403406379669076,5.0451304040593206,4.9800025612430163,4.6218473091231207,7.1358783898331346,5.0186013364147355,-6.2079183431705776,-6.2079180519402639,630.1010480524129207,-2.0548485551569780,-0.8926093390328030,631.3266681261663962,-4.0163412451977729,2.0581279469214917,236.8870568349903181,2.9571452991026157,-1.8749216109123366,-2.6631986522213973,231.1006242423424339,-0.2644392771688147,-0.2189841085960480,-0.2512172789541177,5.7864330561265707,598.9718453415802060,180.2963371001642656,34.4415165103435328,20.0061772254298624,-1.9446049545103803,2.4999269411735234,28.8174578619946580,10.9403940145319929,7.8377496966544289,9.1483673740949456,4.7864974351376999,2.0479890026189875,496.9127842793298555,31.8209004016827919,19.2953583324107640,468.0953263984153523,20.8805072559716436,11.4576084231529727,11.6043777711966705,456.4909486364332452,-1.5854747598854009,-0.7719557846292450,448.5568536456907509,68.9706909349277595,38.0213386245823060,419.7393959107268984,58.0302945863581314,30.1835849833891032,19.4438553084249470,400.2955407687189222,7.2396836663585580,8.4377904863811803,0.3423375965697646,1.6464371362213106,0.1694190059788525,0.0000000000000000,-2.8793832063674927,-0.0638851685798727,0.0000000000000000,-3.1912002451717854,-0.0677483769395621,0.0000000000000000,-3.1310479007661343,-0.1625599861145020,16.1692397594451904,8.9017307758331299,5.4827019497752190,-2.2650410069407911,1.0366206199396402,-1.7545775473117828,-3.2970341444015503,-1.4344934225082397,0.0000000663273840,0.2571216467767954,-1.2717543933540583,0.1620481135323644,0.0238111504586414,14.7345646284520626,0.0441756583895767,0.3423375962302089,0.7069566906429827,0.8647174057550728,-0.4493228592909873,0.0142840455227997,0.0312795680947602,-0.0022932899009902,-0.0356425267455052,0.0262258823859156,-0.2605044902337840,0.3000788139179349,4.8273730725049973,-0.2799215288832784,7.8918907642364502,14.5191230773925781,0.2889911883976310,-0.6904416236793622,-0.0025913789868355,-49.0000000000000000,,,,,,,,,,,,,,,,,,,,,,,,,,,,,,,,,,,,,,,,,,,,,,,,,,,,,,,,,,,,,,,,,,,,,,,,,,,,,,,,,,,,,,,,,,,,,,,,,,,,,,,,,,,,,,,,,,,,,,,,,,,,,,,,,,,,,,,,,,,,,,,,,,,,,,,,,,,,,,,,,,,,,8.4827046523974872,9.4082200434838938,467.0000000000000000,65.4982320000000016,78.0000000000000000,140.0000000000000000,599.0000000000000000,-10.3505843071786305,128.5017679999999984,40.5017679999999984,66.5821685559999992,11.2743699865502993,121.9490802643399974,20.5782141819254996,399.3021714731769976,39.6863799335628755,3.5930984131875050,,,,329.5426429883199830,2.4102202179716414,-69.7354926432694953,0.9274447151919867,0.1234237283061015,,,,,,,,,,,,,28.2059259028154585,28.2059259028154585,85.5981663832848199,-4.4863799999999996,0.0000000000000000,14.9149301476081408,6.5556711758584907,5.5699372860279039,-1.6189290161892855,171.0304203728013022,14.1064105653060814,-4.2857063820520347,24.3255373116528126,11.1247851691177466,47.9166666666666714,15.9836012844690956,10.1382488479262669,5.3848448328729592,7.6832992970224723,7.7012885302344847,9.1282874422552229,0.0912518167388132,3.2330303777565295,9.8935159305580065,1.9920766917327803,-2.0728673717887780,-0.8886382806811532,4.7668436092904276,-0.4562483105958526,7.4033333333333395,,,,,,,,,,,,,,,,
"2008Q1",11.6441077864242004,14.2273137217443004,11.4067191841623004,691.3869652026320409,575.1747257298965224,665.8590544784616441,522.8754129084312581,479.9314119836822101,487.9800529140744629,523.3020840613723976,422.5633708708464837,426.6721261314430649,398.7996536291201437,430.9137482175338505,7.3838888334870472,7.5069503250441443,629.8489888916258224,606.1810977527311479,2.5630579301194842,32.7083506316083827,3.1056708945153497,2.0628000000000002,508.0335192814718539,456.9237448712982541,19.3920994330101735,22.3104239424666275,17.2109081841172404,5.8399223111051644,26.0056911098087866,4.5036497039075929,14.3938117862655428,0.1299016286672856,0.0677747672747763,-0.2673782095022216,697.0348669393611090,667.6922886776529822,477.0916355718453588,562.3493911936698169,472.9219809808431592,545.3723323971692025,5.0647060468808469,-15.3546655199434241,3.6540428225756161,3.9378663309263349,231.0402258268119340,2.1045739958080829,-3.6371177179023939,16.1155293254024414,-4.9364734000363040,14.2273137217443004,-5.6478956562965745,-1.8332343456355744,2.8397749116666433,-39.4739850121272724,15.0580734135648200,-22.0702507612320886,0.7968874618711863,4.8449874337987016,691.3869707695323541,9.5428015802362278,0.0640917206664806,-4.5278119204428835,11.6441088833655417,16.1155293254024414,0.4650545793667722,-4.9364734000363040,17.2109081841172404,26.0056911098087866,0.1299016286672856,-8.9246844154575609,5.8399223111051644,0.0677747672747763,4.5036497039075929,1.2684978042540069,11.4067197217646719,14.3938117862655428,-0.2673782095022216,-2.7197137270864959,14.2273137217443004,-1.8332343456355744,-1.6060883256374547,665.8590539969586644,-2.6266910091697131,7.2616851091665273,667.6922886776529822,9.2502086931602303,9.0636014030012504,2.8397749116666433,1.1194271170767731,479.9314098624956841,3.7863008372640792,22.7374827424095081,477.0916355718453588,14.2877074206794585,13.9871653719137328,-39.4739850121272724,522.8754066919981369,-38.1719098786393829,1.5633047588514799,562.3493911936698169,20.6294920371889994,15.7565590741554882,15.0580734135648200,11.2854612475601357,-4.8449852650090452,487.9800537222430989,-55.6839645296579207,-5.6195199626889805,472.9219809808431592,13.6844977884042986,13.2984703314228767,-22.0702507612320886,523.3020820340220780,-91.9755851314528456,-11.1685771656925112,545.3723323971692025,5.2262708868889636,5.4474687684192027,-5.6478956562965745,-2.0826021122690785,691.3869707695323541,-6.3577838803050568,9.5428015802362278,697.0348669393611090,14.8618976435833758,13.3980168514250657,0.7968874618711863,0.3187549724272529,575.1747257515860383,3.7163108255096642,8.5756311381339465,574.3778383065347271,6.2036948960872946,6.3371475199643923,422.5633709411089853,15.5514497876851792,13.4688732976198153,6.6253382658016884,426.6721266864140603,18.5627114497828778,14.9630515971640765,9.0827015355168044,398.7996480722965771,-3.9518595562712702,5.8034617128777040,-7.3209023561757327,430.9137487657046108,26.5402738704412968,14.2276818619456513,10.9981576997744774,-3.5493207343454762,4.1087559877541731,3.0112635668561483,2.4573626064858756,1.3019703926808570,2.8067859704944231,-0.4088262239036279,-0.4253654838075941,14.7969201736501468,-23.7637227456671702,-19.5033062519044655,-13.9462405728234966,-8.4090569282727738,-15.3546655199434241,2.0210195813099521,2.1006870168184988,48.3776468262959369,8.3503779225125445,10.9888237845984467,4.3728185885027422,4.6963349049444876,3.6540428225756161,-0.0295605862778167,-0.0258661533147639,26.6424504713567565,7.3838883983113375,8.5937461518953029,-7.5791642500041121,-11.5170308517572906,-7.4864445964187407,-8.4794941727036512,3.9378663309263349,7.5069504268670739,-0.9930495716474446,5.0647060468808469,6.7150918033168185,4.6393403955861405,7.1653930018947714,5.0388398552953273,-8.4794946462775656,-8.4794945895743350,629.8489886375263040,-1.0082352996121280,-0.7549410974748820,630.9245155951454080,-3.6371177179023939,2.1045739958080829,235.8852127497140430,-4.0073778522742423,0.0577886722614962,-4.1107989651097547,231.0402258268119340,-0.2415870206877060,-0.2424231945596127,-0.2295076691645563,4.8449874337987016,606.1810957038270544,183.6177245192430973,13.2855511012182586,25.5596080825892429,-1.8539722679765966,2.5630579665001170,32.7083508406470287,15.5635690873916310,9.8954313080415943,12.8469074695223888,3.1056708883341191,2.0627999931764003,508.0335176062489495,44.4829303581055839,26.1744728009435761,475.3251667395724098,28.9193622371990280,16.2790415702051092,19.3920980874898561,455.9330686762362461,-2.2315193587276427,-1.3212453041884769,456.9237505952925744,33.4675585389033614,49.6489961647991791,424.2153996951720387,17.9039910898545642,39.7535642003045027,22.3104251212348217,401.9049738942079557,6.4377271488991248,7.6417893652473161,0.0640917206664806,8.0909429972825553,0.3564335387200117,0.0000000000000000,-4.4727833271026611,-0.0346169270342216,0.0000000000000000,1.2684978023171425,-0.0576002079178579,0.0000000000000000,-2.7197137326002121,-1.8372163772583008,0.2482446432113647,-7.7399642467498779,-11.1892279051244259,-6.3949097302426816,0.2293940447270870,8.3834229111671448,-14.2129269838333130,12.3122344017028809,0.0000002558894554,-0.1552630886435509,-0.2367429137229919,0.4193530064076185,0.0616192120360211,-9.2908847555518150,0.0981992802117020,0.0640917234122753,0.3359696380794048,0.1972610745579004,0.0214141798205674,0.0361871127970517,-0.0795922651886940,-0.0066990975756198,0.0096302541496698,0.0522588845196879,-0.2776768509546348,0.2131265690550208,6.4152022600173950,-1.5405148158897646,12.1973839998245239,8.1164073944091797,0.2196099227294326,-0.8045922995079309,-0.0779863446950912,-48.0000000000000000,,,,,,,,,,,,,,,,,,,,,,,,,,,,,,,,,,,,,,,,,,,,,,,,,,,,,,,,,,,,,,,,,,,,,,,,,,,,,,,,,,,,,,,,,,,,,,,,,,,,,,,,,,,,,,,,,,,,,,,,,,,,,,,,,,,,,,,,,,,,,,,,,,,,,,,,,,,,,,,,,,,,,14.5405622975674618,17.9594067171365026,498.0000000000000000,76.8957519999999874,70.0000000000000000,151.0000000000000000,608.0000000000000000,-13.3223684210526319,114.1042480000000126,33.1042480000000054,70.5782508089999965,11.4067191841623004,135.1283774947966947,23.0079459216198998,429.1519180314530217,28.8370101092523328,10.8562857628447489,,,,349.2073785006820117,33.7967965457854689,-72.7810429383404056,0.2718585526315789,0.1385531601963736,,,,,,,,,,,,,19.7938553308662151,19.7938553308662151,126.2593754055553461,-6.8168300000000004,0.0000000000000000,-6.1599002271466086,9.4360086767895979,-2.5924627992781279,6.6852367688022385,3.8589173307884916,28.2885425813899971,-31.7312961758425480,-0.7988562553769341,-42.6982911350722674,-5.4794520547945202,-60.1383587909528288,-10.9452736318407915,16.8258849833991206,6.7699356864111104,18.3015289504190974,9.4913457461553783,-3.8747770039973983,-7.1256258279962843,30.3955958038186758,10.7750324557270858,-1.0849259127774569,-0.7520987528195744,-1.8550547295089981,2.6237001592630538,7.6633333333333331,,,,,,,,,,,,,,,,
"2008Q2",10.0207542063977009,10.0828240996490006,13.0131703949923008,698.7373277570684422,577.4116288883071775,671.0303644603777684,525.2026460334332114,504.8840090237134177,491.0034660992542968,537.9340545802120914,428.6537490475255368,433.3689309956870375,401.7100706852000371,437.4727819247150364,6.2348625064535295,7.8618096481991007,629.7754783768856441,610.0176931744858848,2.4249642280057699,36.6751011860861382,2.8903895280153806,2.2088709999999998,514.9725884243457585,481.1790562398987277,23.0903165238278802,41.1765305378418702,15.9049029437375058,7.1290300428012161,26.0227055973646415,4.5328118550754484,14.4095686429115357,0.0278807254446826,0.0145464491869391,-0.0641783384575279,699.9495331517446175,669.8578699595682338,480.4960055110369126,565.3294977656587434,475.9904167701232041,546.9347774036026522,5.0549634029560551,-14.8343001004437056,3.6463948399688002,4.1583857165265181,230.9914752494055108,2.1347731199213444,-2.3356040777186324,16.1459504633845015,-6.2317972540533875,10.0828240996490006,-1.2122047108540537,1.1724991372264824,24.3880088647351627,-40.1268606101574363,15.0130395586628360,-9.0007184360070731,1.5033057735768336,2.0901724072728962,698.7373281217206795,12.8673623000322461,-0.4869845772502260,-6.2013779599373438,10.0207556340521204,16.1459504633845015,0.1066052921925607,-6.2317972540533875,15.9049029437375058,26.0227055973646415,0.0278807254446826,-10.1456885634121043,7.1290300428012161,0.0145464491869391,4.5328118550754484,2.5816711474872416,13.0131704705173323,14.4095686429115357,-0.0641783384575279,-1.3322194878674349,10.0828240996490006,1.1724991372264824,0.8552671929952205,671.0303689867624826,20.6852621015494051,8.2622021560152099,669.8578699595682338,8.6623176870025933,9.0595875604808036,24.3880088647351627,15.5905622476053871,504.8840138077492270,99.8104016708324764,47.8127214461654120,480.4960055110369126,13.6174818183775788,14.0360279868014608,-40.1268606101574363,525.2026450574245473,9.3089345609216849,6.0667831960121212,565.3294977656587434,11.9204433726761607,15.9685703153937268,15.0130395586628360,10.4851164943464497,-2.0901759308133738,491.0034550525302848,12.0935989326408198,-6.4926611935532117,475.9904167701232041,12.2737568504811563,13.2568686926431241,-9.0007184360070731,537.9340588512576460,58.5278788092259177,-0.7071836200420094,546.9347774036026522,6.2497787359299544,5.5082570224775722,-1.2122047108540537,-0.1810862000745495,698.7373281217206795,29.4014113221665916,12.8673623000322461,699.9495331517446175,11.6586484973322424,13.4199875493895764,1.5033057735768336,0.6013222866220710,577.4116288877138459,8.9476126370175670,9.4120070518535215,575.9083231540950010,6.1219393835420410,6.2510172792407515,428.6537490384287707,24.3615073823734036,19.3632413584465297,12.2027524634688973,433.3689319603915351,26.7872157798470418,21.0374049018940212,14.2006226118988366,401.7100701313278819,11.6416827726750363,12.9873503289361469,0.0568385442667376,437.4727812460288305,26.2361249543022410,15.0511628896009135,17.6415241652442170,-0.5517257464300958,4.7151827457460218,2.4257077034191052,1.9978712693753700,2.0136539232454065,2.7015272675136228,-0.4210325115183906,-0.4205013020168087,15.7679666110783092,-26.9436790782150872,-12.7198204166735529,-12.1459136901565099,-12.1093748459827477,-14.8343001004437056,2.0814570838423294,2.0776347233141945,33.0633294095716508,8.8190319555605914,1.8746173768886307,5.4387707461670267,5.1726397919792921,3.6463948399688002,-0.0305882812456018,-0.0278069259685925,91.6227863772104598,6.2348630087962142,8.7923163113156146,-14.8025410910420874,-18.9609270851757614,-11.6656574563132445,-12.3038493851342920,4.1583857165265181,7.8618096481991007,-0.6381902753562805,5.0549634029560551,10.1849732008431459,4.6344619306490564,7.1325978096035243,5.0271561878850459,-12.3038493011966867,-12.3038490650581593,629.7754783869748962,-0.2940450711122725,-0.5537895185768035,630.8306424047910923,-2.3356040777186324,2.1347731199213444,233.0816475764242455,-11.2142551978447109,-2.3751184934021010,-7.6899057888815561,230.9914752494055108,-0.1950088340121471,-0.2354701440839264,-0.1852582490635775,2.0901724072728962,610.0176935361508868,181.3639452821797136,-9.0151240040375917,15.0895451603401600,-1.7924614023691847,2.4249642025780256,36.6751010974308613,15.8670034465712178,12.3792947177483583,13.0896551731427415,2.8903895298262476,2.2088709971695160,514.9725884603800523,27.7562848800082911,28.8157672413037993,478.2974872780201281,11.8892809525725092,16.4364725790151738,23.0903171020561757,455.2071702473780306,-2.9035922283413433,-1.9287665644545151,481.1790369607729190,97.0211657253086912,58.2390354287983740,444.5039358875569064,81.1541658047772785,45.8597350867228499,41.1765164515832183,403.3274190286770136,5.6897984181955694,6.8535378892036132,-0.4869845772502260,0.4691672387768495,0.0173014681786299,0.0000000000000000,-3.8984136581420898,-0.0456546181812882,0.0000000000000000,2.5816711708903313,-0.0503061066265218,0.0000000000000000,-1.3322195187211037,1.9962985515594482,22.4844143390655518,4.0797613859176636,-3.4616645053029060,-2.3710085413378947,1.1845507556572556,7.2372383475303650,0.9000611305236816,5.1769446432590485,-0.0000004392194763,-2.3279900103807449,0.2555543407797813,0.2577644521370530,0.0378755936399102,-27.2895621731877327,0.0781406952010002,-0.4869845714420080,-0.3174437121488154,-1.0881184572353959,0.9232178856618702,0.0088262294302694,0.0645135189406574,-0.0039837690419517,0.0344988533761352,0.0406564785953378,-0.2874297636281957,0.0156897273845971,3.0200953185558319,-0.1590109540848061,11.0672163963317871,24.8899059295654297,0.3523510193917900,-0.8952249072026461,-0.1041474714875221,-47.0000000000000000,,,,,,,,,,,,,,,,,,,,,,,,,,,,,,,,,,,,,,,,,,,,,,,,,,,,,,,,,,,,,,,,,,,,,,,,,,,,,,,,,,,,,,,,,,,,,,,,,,,,,,,,,,,,,,,,,,,,,,,,,,,,,,,,,,,,,,,,,,,,,,,,,,,,,,,,,,,,,,,,,,,,,10.9209814176096103,13.7437041196420751,552.0000000000000000,113.2634400000000028,84.0000000000000000,187.0000000000000000,687.0000000000000000,-14.9927219796215425,124.7365599999999972,43.7365599999999972,91.0665001840000059,13.0131703949923008,167.2350500389779882,22.7522389687367017,445.9366634549019750,15.3463816870189476,24.7069237803486885,,,,379.1300145188440069,55.3208017780195860,-109.5775015114659965,0.3327084129548763,0.1335342932677692,,,,,,,,,,,,,13.4888764669515417,13.4888764669515417,162.9215728555374767,3.9406431620000002,0.0000000000000000,34.1803362596351690,13.3900106269925665,22.9801038860964795,8.4337349397590309,171.3132527655863839,57.2850879892591962,9.7559770416101301,5.4884775928620844,12.8553277891283244,-7.1895424836601274,79.5491536157894927,-1.3274336283185861,27.5853194622181164,12.9508003433097976,31.3551497783604027,15.2917631889882379,12.3463902075463530,-0.0583783614468647,29.9996208971214031,18.7861893865441942,0.0788808893170456,-0.5522590727775833,-7.9674325449571430,-0.3520881202028203,6.4333333333333353,,,,,,,,,,,,,,,,
"2008Q3",9.3907224765655997,6.7026044646576102,12.0047484878129005,700.7786507080999172,576.4661624693040949,673.0387423818242496,537.9507850320942453,507.2223673110139543,479.2528928261392025,542.7967700260537640,435.2050058865833080,439.0996521872096992,412.1704695746083189,444.3080219709493122,6.7970126439267213,8.3176044367692583,630.7096604075962887,613.3805978376296935,2.0824828190382476,39.1686607828029025,3.1377212655659772,2.3721359999999998,509.1714898801504887,476.0993674461900582,15.6839654452270452,32.3403640432071029,18.6886675459848561,2.7068030786514834,25.9374254152900363,4.5324193071055205,14.4286996929893991,0.0357836334193548,0.0186697448958573,-0.0529164805558909,702.3344543991617002,671.8683083346828653,483.7106774957591142,567.3864183159668073,478.6973471844122514,548.7710047039777237,4.9941827535888361,-14.2395894213273397,3.6406538154447259,4.3268994947340396,230.9469742306620788,2.1238702555633271,0.3391470933689651,16.0411459851759552,-6.7577993328338950,6.7026044646576102,-1.5558087881212772,1.1704336268371880,23.5116918114373128,-29.4356688936423936,0.5555433659904836,-5.9742411681989536,-0.9523778633993333,-0.1683056067777628,700.7786451355177633,11.2777827286921557,-0.5490455434145909,-6.8626025977791354,9.3907167937685632,16.0411459851759552,0.1073696728270555,-6.7577993328338950,18.6886675459848561,25.9374254152900363,0.0357836334193548,-7.2845455319811485,2.7068030786514834,0.0186697448958573,4.5324193071055205,-1.8442863562529210,12.0047484210516906,14.4286996929893991,-0.0529164805558909,-2.3710352888877266,6.7026044646576102,1.1704336268371880,0.4831467455724842,673.0387399305737972,8.0334846632958570,7.8781034704101378,671.8683083346828653,8.0417591956790222,8.8108138991701725,23.5116918114373128,14.7505456714298688,507.2223674495639898,9.3534100597411367,53.1640554376669243,483.7106774957591142,12.8586944916664070,13.7673221820488934,-29.4356688936423936,537.9507565201482748,50.9924629229116846,4.4373048095454575,567.3864183159668073,8.2276783400572739,14.5011453980692195,0.5555433659904836,0.6168246119010732,0.1683025453083430,479.2528938190052372,-47.0022514792702708,-20.0110570396545100,478.6973471844122514,10.8277224343528964,12.6506066549368761,-5.9742411681989536,542.7967639374228384,19.4508324614771055,0.2077452131635045,548.7710047039777237,7.3449051585435168,5.9797779517558922,-1.5558087881212772,-1.4498189915420414,700.7786451355177633,8.1652609545381374,11.2777827286921557,702.3344543991617002,9.5396736272552225,12.5611531778166654,-0.9523778633993333,-0.3809511562783207,576.4661624554769332,-3.7818656148461329,4.2573903879682682,577.4185403507113961,6.0408687156464227,6.1650502975071468,435.2050060661704833,26.2050221482554733,18.0829008205666071,17.8407104015566915,439.0996526397951243,22.9228727689579692,16.8727608633820338,18.5503032422588348,412.1704658729323114,41.8415756954067817,26.1079930392324151,12.4056471452845845,444.3080218584924523,27.3409538716052865,13.2299684667844577,22.3878815608132058,-1.2783073044156201,3.8946465698714738,-3.2821444294477846,0.7095903962353363,1.3136799351995823,2.5809664352161157,-0.4822438765129058,-0.4350534026748805,13.8889703344141751,-23.0345401638497407,15.6365483099322891,-5.4350601279753752,-8.7949488649577781,-14.2395894213273397,2.3788339202660302,2.1488253499173271,-12.8753619374220314,9.1030157927650279,1.1359312553058087,4.5471698450197273,5.4623659087710212,3.6406538154447259,-0.0229627867681722,-0.0271304708612963,-20.9964267793517791,6.7970117810791848,8.8388382982474472,-10.0757494113283546,-14.4026490880144085,-8.1771146766154601,-8.3595090038741553,4.3268994947340396,8.3176045196485955,-0.1823953646513049,4.9941827535888361,7.5317487619468730,4.5591289883309827,7.1430076038734871,4.9670521315575389,-8.3595101507101379,-8.3595090091050643,630.7096601888175655,3.7367307356385697,0.0948994262465169,631.0223102000829840,0.3391470933689651,2.1238702555633271,230.7786684507172765,-9.2119127007646018,-5.3691003697080744,-6.1267747297055450,230.9469742306620788,-0.1780070913115611,-0.2197612438018225,-0.1691066790033595,-0.1683056067777628,613.3805953907506137,178.1755898217984111,-12.7534155002102239,6.4896296825658819,-1.8193845106712629,2.0824828454189070,39.1686609840280013,9.9742337418366134,13.0863001026058328,8.3754391435088582,3.1377212674746739,2.3721359843493093,509.1714888921085844,-23.2044013069096735,20.2139299997261510,470.0028275981997581,-33.1786336591267030,7.1276292073537189,15.6839638364989753,454.3188639722679909,-3.5532256647502569,-2.5684524468879855,476.0993563106603119,-20.3187726212349276,44.7851765430029616,436.9306945661725194,-30.2930096970218763,31.6988741821284883,32.3403596513102087,404.5903345713539352,5.0516653225736476,6.1047131353335216,-0.5490455434145909,-0.8388075851668902,-0.0841443948447704,0.0000000000000000,-0.1825642585754395,-0.0737520268885419,0.0000000000000000,-1.8442863523960114,-0.0467726151400711,0.0000000000000000,-2.3710353076457977,0.5697772502899170,8.1640837192535400,-9.7940119504928589,-2.1579264849424362,-0.9627122226958229,-1.5537001504562795,1.9934622943401337,20.7041306495666504,10.4230395555496216,0.0000004278226764,-0.5562416911125183,0.3919758424162865,0.6937590558081865,0.1019401090452448,-9.1319443732500076,-0.0041422125068493,-0.5490455403923988,-0.4395171403884888,-1.1939519438892603,1.0460123126395047,-0.0431860070675611,0.3074961793608963,0.0045657765003853,0.0072513287595939,0.0025743830483407,-0.3030960203686814,-0.1969835362397134,-3.1154220402240753,0.2928380502853543,1.3679678440093994,2.2814960479736328,0.3841521323192865,-0.9399935074616224,-0.0691555161029100,-46.0000000000000000,,,,,,,,,,,,,,,,,,,,,,,,,,,,,,,,,,,,,,,,,,,,,,,,,,,,,,,,,,,,,,,,,,,,,,,,,,,,,,,,,,,,,,,,,,,,,,,,,,,,,,,,,,,,,,,,,,,,,,,,,,,,,,,,,,,,,,,,,,,,,,,,,,,,,,,,,,,,,,,,,,,,,7.3014005376517019,9.5280015221475622,626.0000000000000000,101.8169599999999946,83.0000000000000000,205.0000000000000000,750.0000000000000000,-16.2666666666666657,144.1830400000000054,54.1830400000000054,87.8674681170000014,12.0047484878129005,156.3697415416475849,21.5869810325011997,461.1880965730330217,13.4516186525752346,22.1728350173713125,,,,394.1722194018249752,24.7973766904920012,-131.0150260254249872,0.3004213333333333,0.1271301898922451,,,,,,,,,,,,,17.5583513386911676,17.5583513386911676,76.4239957503287002,-3.1806999999999999,0.0000000000000000,8.5079133073578959,11.8592964824120628,8.3650156268394014,8.3544303797468356,9.8048300330659366,71.1701614680550989,66.5167235193984538,3.0980218944748561,-37.5012063432870377,-17.0212765957446841,21.4713951042720055,0.0000000000000000,29.9591875900249605,19.6109289878955586,25.7479929170896007,20.4498639398603252,51.9552609346085603,13.2249128368357347,31.4438531028893742,25.4796695751170041,3.5999128938091207,0.0949452122872563,-12.2200740695031058,-4.6162554548536017,7.0333333333333359,,,,,,,,,,,,,,,,
"2008Q4",10.2445575976677006,8.6911343228419309,16.9105252100413992,701.9248084925778812,578.0433871488945670,673.7467327049715777,546.9087864057328261,494.6564379717522684,482.6398663764443882,545.6401453004694986,438.6423130546768903,442.1682689440038985,419.1334709873386259,443.7456616723925436,7.1514134873996467,8.0290939026430479,631.8744004551761009,613.2427740535478051,1.5309350870682223,37.9567814795726903,2.8632807297488454,2.4358390000000001,484.4113678815371031,404.4234900398403170,-6.8336039347745441,-39.2801951316840814,20.7197488730979131,6.4353385084077095,25.7820495303671393,4.5468351295003728,14.4553722728879777,0.0548883986656918,0.0286373996158291,-0.0790111487988701,704.3112615654778210,673.7556173913197881,486.7659279930151115,568.7656256320136663,481.1406061914489669,550.8360663573342890,4.8980790069488886,-13.5392931957187912,3.6379608887170218,4.3545868909664680,230.9000789086745158,2.0969516773688084,5.1076072562148065,15.8735133909081014,-5.7914901638755669,8.6911343228419309,-2.3864553815200673,-0.0088881518762619,7.8905116325532347,-21.8568371128438947,1.4992561017402803,-5.1959242537158534,-0.8699026453147827,-3.2371684473385458,701.9248062583875480,8.9483997790628855,-0.4520555487479526,-5.9591244034357631,10.2445579111864813,15.8735133909081014,0.1625367778798028,-5.7914901638755669,20.7197488730979131,25.7820495303671393,0.0548883986656918,-5.1171917434857948,6.4353385084077095,0.0286373996158291,4.5468351295003728,1.8598655176627761,16.9105252991000334,14.4553722728879777,-0.0790111487988701,2.5341642337572456,8.6911343228419309,-0.0088881518762619,-1.0417118080032659,673.7467302347112081,2.8319544894717854,7.2310046271532764,673.7556173913197881,7.5492190903704257,8.3758781795916093,7.8905116325532347,3.9147014575524572,494.6564382065814698,-50.2637176688413803,15.6716079337861363,486.7659279930151115,12.2210023680689197,13.2462216422970940,-21.8568371128438947,546.9087779167840608,35.8320295406452587,14.4904004927913377,568.7656256320136663,5.5168221804839490,11.5736074601251566,1.4992561017402803,0.5631527267211878,3.2371645149297934,482.6398631439346900,13.5478679434268017,-19.2611830761359712,481.1406061914489669,9.7730405029507033,11.6397523653438419,-5.1959242537158534,545.6401438844525273,11.3735073480113158,-0.6558332670801326,550.8360663573342890,8.2602448667222976,6.7703024497820650,-2.3864553815200673,-2.8929603482442587,701.9248062583875480,4.5846594420062869,8.9483997790628855,704.3112615654778210,7.9072432641032027,10.9918708402843421,-0.8699026453147827,-0.3479610841540737,578.0433871577031368,6.3088987068485762,3.7977390948866394,578.9132898143870989,5.9789979725294673,6.0863752640648716,438.6423127743971691,13.7492188226932104,8.0660271698348645,19.9668027875767287,442.1682697874007886,12.2744628399057820,6.5644819819875204,20.1368200247564459,419.1334695446719252,27.8519994375744631,18.8016102554060573,19.3458501575820421,443.7456622491757798,-2.2494402628267536,0.2294109621150415,19.4669785727132236,-2.5565920218023885,3.5259571906345060,-1.4747578221443836,0.1700178907429182,1.0873068108977737,2.4386489970960530,-0.5692673400887622,-0.4703428086310180,-0.0009795367605783,-19.5088429515575008,14.1027846870866007,-0.6209446659649824,-5.9695393735117808,-13.5392931957187912,2.8011751643694445,2.3206196093778484,-86.7008224724004037,5.1033497309184135,-15.9986609799008299,-0.4998214206635305,1.4653944178688016,3.6379608887170218,-0.0107752164338863,-0.0234717238648712,-285.9246657466675856,7.1514134172957640,8.6833984352065858,0.5869294335731166,-3.7676566625412322,-0.0844834978516840,-0.5553889563869312,4.3545868909664680,8.0290939568247630,-0.4709061005852669,4.8980790069488886,-0.6630072558267832,4.4277364715470746,7.2186979172474661,4.8746073628506776,-0.5553894093703908,-0.5553893815443525,631.8744002955825181,4.6589620291234866,1.7733513909178296,632.1047520144636565,5.1076072562148065,2.0969516773688084,227.6629108756762321,-12.4630233016739904,-9.2241446843898238,-4.0913101528529481,230.9000789086745158,-0.1875829254114001,-0.2005453008402823,-0.1782038478670747,-3.2371684473385458,613.2427741633108553,174.6004623946820402,-14.3005056850918244,-5.6958717189225325,-1.8745154199207925,1.5309350856566322,37.9567803903025691,-4.8475243287124714,9.1393203720709373,-3.4819673023320359,2.8632807237895332,2.4358390088870836,484.4113652212975580,-99.0404987080460728,-12.5014219751478226,446.4545847960141032,-94.1929748755921992,-21.6407409206192511,-6.8336067657921102,453.2881915829818240,-4.1226880781418913,-3.2027559330515727,404.4235008251470163,-286.7034365144022559,-44.1333458244230314,366.4667194891655981,-281.8559035637481998,-53.2726677527832635,-39.2801822634176077,405.7469023257389722,4.6262508870059174,5.4513697259951623,-0.4520555487479526,2.8398320905131254,-0.1585059529170394,0.0000000000000000,-0.0180122852325439,-0.0589623304549605,0.0000000000000000,1.8598655164241791,-0.0390418389579281,0.0000000000000000,2.5341642498970032,0.2479994297027588,-6.0764698982238770,1.3263015747070312,-1.5448770299553871,-0.5116292206847679,-0.4889515717513859,-0.8117088377475739,10.5331904888153076,-1.8178384900093079,-0.0000009500844611,0.2820679992437363,-0.3067501038312912,-0.0262392982840538,-0.0038555671926588,-7.0810646563768387,-0.0350422727642581,-0.4520555501803756,-0.3563607195392251,-0.8748996909707785,0.9209813624620438,-0.0845870630000718,0.4621981089003384,0.0098912734538317,-0.0184761654527392,-0.0145315562258475,-0.3001102310933619,-0.4265987593680620,-13.2229635119438171,-0.2165676372824237,-16.5576643943786621,-62.8886461257934570,0.3009166624397039,-0.9247842624317855,0.0797347519546747,-45.0000000000000000,,,,,,,,,,,,,,,,,,,,,,,,,,,,,,,,,,,,,,,,,,,,,,,,,,,,,,,,,,,,,,,,,,,,,,,,,,,,,,,,,,,,,,,,,,,,,,,,,,,,,,,,,,,,,,,,,,,,,,,,,,,,,,,,,,,,,,,,,,,,,,,,,,,,,,,,,,,,,,,,,,,,,3.6818196576937652,5.3122989246530210,631.0000000000000000,98.8195680000000038,83.0000000000000000,203.0000000000000000,788.0000000000000000,-15.2284263959390866,179.1804319999999962,83.1804319999999962,131.4666780100000096,16.9105252100413992,216.8591913442733699,26.8195089907705011,460.5529075079509767,-0.5512951363275533,12.0483873414529512,,,,373.0777809150440021,-38.6683722738411007,-115.5657257760699963,0.3379479695431472,0.1235727682813524,,,,,,,,,,,,,51.6491066643403087,51.6491066643403087,145.4083117135738803,-9.6381200000000007,0.0000000000000000,4.6913499900175015,10.0585937500000000,2.8724425507250961,8.1012658227848089,-39.5066759650978057,16.7042851596394186,43.0923521348979079,19.0340158276498101,14.5085082392861544,-17.6056338028169002,12.0455177218809375,0.4184100418409997,14.7392855779866494,22.1904519160565314,13.8396744130828253,22.3078587187484985,32.1173103250778951,21.5118799865161137,-2.2243299061038946,22.4332616875668762,4.7518408826195069,1.7891698220227292,-11.9663931518019133,-8.7241512641432095,7.4133333333333384,,,,,,,,,,,,,,,,
"2009Q1",10.6762003833754999,7.3822048618639897,11.7411638574116992,703.1072742025838807,582.4661275146563639,677.7204223603084756,545.5275824752003473,508.7404990041578685,484.2946418499245738,555.4950563419122318,440.0654670145979708,443.2836961202546604,423.4485793440954922,441.9489152022603093,8.8956705832149527,6.0181432171564140,634.1264655090371889,609.0757161330180907,-0.2614547649505212,34.9895602433406410,1.7205466742888345,2.4061979999999998,480.7653927770492714,382.1317862148358699,-6.3691630198010785,-59.7282735694174676,20.0531924284793774,2.3641726198792110,25.5732928174067347,4.5416986868634250,14.4716165063810056,0.0676131683391502,0.0352764430159183,-0.0183808362822857,706.0469805401098711,675.5772626713974205,489.7257203694623513,569.6984352031537355,483.4688727902750998,553.0458447031586502,4.7908434791065009,-12.7247410929959379,3.6389932661650470,4.2667130782413265,230.8478684523488198,2.0589135912827454,7.9191037653208598,15.6433753406055427,-5.0884455526652763,7.3822048618639897,-2.9397042205225081,2.1431559209561382,19.0147796052137288,-24.1708572462812370,0.8257692913874314,2.4492149673844885,2.0736366582739336,-5.0155371534267568,703.1072755885971901,11.7203028883991998,-0.2467908639212807,-5.3185836873747734,10.6761953453423644,15.6433753406055427,0.1212706434862372,-5.0884455526652763,20.0531924284793774,25.5732928174067347,0.0676131683391502,-5.5877174078070757,2.3641726198792110,0.0352764430159183,4.5416986868634250,-2.2128016038959935,11.7411636979350096,14.4716165063810056,-0.0183808362822857,-2.7120720312768505,7.3822048618639897,2.1431559209561382,0.2542745787989653,677.7204192244822707,15.8947374409840201,11.8613586665470194,675.5772626713974205,7.2865709878178624,7.8849674337645990,19.0147796052137288,11.0267127459455878,508.7404983409457486,56.3362373145007211,28.8090849910155171,489.7257203694623513,11.8391708387944892,12.6340864543043505,-24.1708572462812370,545.5275579309757177,-5.5249029196120674,22.6521332277860807,569.6984352031537355,3.7312368246989198,7.3490464544236245,0.8257692913874314,-0.6455681453224049,5.0155372294253615,484.2946407046033528,6.6190946954041756,-3.6854234160639248,483.4688727902750998,9.3130632340583031,10.5468945998446628,2.4492149673844885,555.4950607413620673,39.4196552493767953,32.1929732097282510,553.0458447031586502,8.8391138463099264,7.6735090946235722,-2.9397042205225081,-1.9429759495541410,703.1072755885971901,4.7298610500205633,11.7203028883991998,706.0469805401098711,6.9428556493064839,9.0121070760478776,2.0736366582739336,0.8294546804581326,582.4661275066788448,17.6909614390452781,7.2914017857076994,580.3924908491699171,5.9168041185244391,6.0146525263430242,440.0654662031995485,5.6926144723721466,1.4631504607842190,17.5020915986376799,443.2836947357483268,4.4617007372400277,0.4122996143323046,16.6115665555003105,423.4485784052187114,17.2604259073182327,8.4572696166360082,24.6489238337229715,441.9489153553491292,-7.1869891198565545,-2.8101460873049837,11.0351602490958864,-3.3548684989418995,3.2182282943701388,-1.2309136495417974,-0.8905258656559121,0.9454829646455836,2.2727444110891160,-0.6636148742283178,-0.5340397105608774,-2.6517808756234755,-16.6168880190606032,11.5678152606318285,7.1468290799393781,-3.8921426441095779,-12.7247410929959379,3.2581910703244037,2.6299127484468121,3.1277787232929057,1.8834488992815970,-12.8796038958780663,-6.4669328472085121,-1.7555480374960062,3.6389932661650470,0.0041309378265245,-0.0150477027064964,-83.7764088181599789,8.8956699746310779,8.3939420465644901,8.4833675908465729,4.2166536571098199,5.6003010944598728,3.1184423381941055,4.2667130782413265,6.0181432164216018,-2.4818567276252490,4.7908434791065009,-5.4286521534340935,4.2568039492976251,7.4207560318146353,4.7757960887206101,3.1184423365309013,3.1184424202754006,634.1264655501341849,9.0082565433355750,4.2774760539878809,633.4602340272788297,7.9191037653208598,2.0589135912827454,225.8323313052218566,-7.3223185571160538,-10.0528813397148014,-2.3079400504308474,230.8478684523488198,-0.2088405751646943,-0.1923572789692348,-0.1983985623754128,-5.0155371534267568,609.0757140881959231,169.0102488635381235,-22.3608552709014887,-14.6074777047428483,-1.9516303510182631,-0.2614547799713932,34.9895603979177210,-11.8688786364065191,2.2812097975790544,-9.0990499119814565,1.7205466704172299,2.4061980152193305,480.7653909515711348,-14.5839021605630563,-27.2681272997986284,445.7758306467620173,-2.7150230003884204,-29.5493351619481857,-6.3691658055334530,452.1449965450790387,-4.5727771542291444,-3.7880709711435201,382.1317713382900365,-89.1668769566439039,-74.7919750527938305,347.1422107124088257,-77.2979953589723436,-77.0731861741560209,-59.7282860980780583,406.8704962956904865,4.4943750268021905,4.9655308252082424,-0.2467908639212807,0.5366377004430243,-0.2196527440100908,0.0000000000000000,-2.0056829452514648,-0.0777956590754911,0.0000000000000000,-2.2128016203641891,-0.0492017924261745,0.0000000000000000,-2.7120720297098160,3.5805763006210327,15.5835168361663818,0.9327919483184814,3.5931949913501740,-0.8401717456526003,2.4215977191925049,-0.4643949568271637,6.3131117820739746,-0.4159829616546631,0.0000006376453556,2.3325837478041649,-2.0580413416028023,0.6068870965391397,0.0891752496827394,-14.4302068874239922,-0.0625394073431380,-0.2467908570542932,-0.1323847034946084,-0.3329287711530924,0.6302776178345084,-0.1053293746081181,0.5391070614568889,0.0138282751431689,-0.0306368809251580,-0.0283429256523959,-0.3128074842088928,-1.7005337818991393,-8.3869134485721588,-1.0985832198057324,-2.1323308944702148,-31.0537452697753906,0.2139429477974772,-0.8623570215422660,0.3307493813335896,-44.0000000000000000,,,,,,,,,,,,,,,,,,,,,,,,,,,,,,,,,,,,,,,,,,,,,,,,,,,,,,,,,,,,,,,,,,,,,,,,,,,,,,,,,,,,,,,,,,,,,,,,,,,,,,,,,,,,,,,,,,,,,,,,,,,,,,,,,,,,,,,,,,,,,,,,,,,,,,,,,,,,,,,,,,,,,-10.3980479986103518,-9.9751411914910904,630.0000000000000000,131.7490640000000042,81.0000000000000000,216.0000000000000000,786.0000000000000000,-17.1755725190839712,159.2509359999999958,59.2509360000000029,94.0770043130000033,11.7411638574116992,164.3135645174999979,22.6033613775175013,441.7557649327100080,-16.6682316821188579,-0.4361096451066828,,,,370.7011965933580200,-34.3121576715376477,-128.3559783468799935,0.1388435114503817,0.1258023395315735,,,,,,,,,,,,,20.3268402864025433,20.3268402864025433,68.0544956305596429,-2.5000000000000000,0.0000000000000000,4.8435054818333878,12.1902874132804762,17.2276501620142852,12.0104438642297584,75.6568941470479643,38.0332942204050681,-5.3749700030019998,23.8981839867549830,6.8430788190431135,-3.6231884057971064,48.3191880730699168,37.9888268156424616,5.8577640439402945,18.9589381319689387,3.2815470308022787,17.9796469269242856,18.8395804556055850,27.6422647406088444,-6.9347995905881588,10.9582609049701176,9.2757110635121478,4.3702791202209434,-9.2974157829540882,-10.2391547582018845,9.3033333333333310,,,,,,,,,,,,,,,,
"2009Q2",9.9656782603868201,10.6050524426907007,12.5948270806796003,703.8788114086718224,583.8964456255151845,679.0355243823521505,539.8514353107735815,513.9290225939158745,480.6043882319854106,556.9878388084300695,439.6670742890412384,442.5996101841720929,424.9534461107734842,440.3845832499133053,8.2040710336209397,7.3080926531090729,634.2024876502416646,608.8118271416014977,-1.5920593553569873,32.2891967516481984,1.3861155448042883,2.3946459999999998,491.4099284104705134,409.0834676439901614,8.2058785736262507,-31.2157009623911108,18.3767930734517684,4.1837102153268679,25.4833953583606672,4.5587192192821817,14.4954667379923432,0.0932279839128444,0.0486406343076313,-0.0513352578738492,707.9322014684479427,677.4077779123977052,492.6670849436360982,571.2378961323646536,485.8769471800408155,555.2879267559318350,4.6367509165486211,-11.7405760251952369,3.6460760895019670,4.1187560914566346,230.7782258074707613,1.9887589599739337,9.9773419078510752,15.5466496702585832,-5.7741791080675320,10.6050524426907007,-4.0533892398272959,1.6277458142363659,21.2619362871237172,-31.3864700758749997,-5.2725566042130128,1.6999097330604858,2.0456402895294326,-6.8861500460535314,703.8788123190769284,5.1414888757315502,0.0382046142282986,-5.8708983714069358,9.9656762083852843,15.5466496702585832,0.1932035967561358,-5.7741791080675320,18.3767930734517684,25.4833953583606672,0.0932279839128444,-7.1998280916649033,4.1837102153268679,0.0486406343076313,4.5587192192821817,-0.4236504322107971,12.5948265861211741,14.4954667379923432,-0.0513352578738492,-1.8493042254630385,10.6050524426907007,1.6277458142363659,-0.9958610503645644,679.0355249115295919,5.2604087959621078,8.0051525879117520,677.4077779123977052,7.3220504599231502,7.5499024547467526,21.2619362871237172,11.5160092519051265,513.9290205948608445,20.7540726922166705,9.0450057581195669,492.6670849436360982,11.7654537821308587,12.1710808711731726,-31.3864700758749997,539.8514272413846129,-22.7045176850310781,14.6487874374383971,571.2378961323646536,6.1578161996822782,5.9083942917234733,-5.2725566042130128,-4.9873692337526947,6.8861518219934279,480.6043898008391579,-14.7610179777968717,-10.3990822364549977,485.8769471800408155,9.6322971349873345,9.8865306364340899,1.6999097330604858,556.9878391367947188,5.9710879141554329,19.0537787582968043,555.2879267559318350,8.9683206785805307,8.3531469820301112,-4.0533892398272959,-4.2762318881292369,703.8788123190769284,3.0861471140518879,5.1414888757315502,707.9322014684479427,7.5408770124441418,7.9826599169543995,2.0456402895294326,0.8182560868032607,583.8964455929084352,5.7212722149120285,6.4848167054810464,581.8508053334487613,5.8332580530742790,5.9424821735034286,439.6670742682150035,-1.5935699568064878,-4.3808623912762670,11.0133239526422262,442.5996093160014766,-2.7363486666811823,-5.5751263855404405,9.2306797551547337,424.9534492943452051,6.0194937872659890,0.6452513476055821,23.2433746627423972,440.3845840570303949,-6.2573260813557514,-2.4196629346736764,2.9117981093388452,-4.6199386377742329,2.9325351221538369,-1.1427743264792789,-1.7826471938837281,0.8607470570533227,2.0717877589030658,-0.8038245230920629,-0.6297379537425467,-10.2187849299122409,-14.7136249221675630,7.6130622098703968,12.2300500751924996,-2.9730482153897335,-11.7405760251952369,3.9366533526436451,3.0937126748446020,52.8218686270004838,0.7175097725333264,-4.6637565856386347,-8.1015277605002218,-2.9285686039880683,3.6460760895019670,0.0283337025771930,-0.0003178435860246,104.6636940902121751,8.2040715749432405,7.9516823688746081,13.7791990147271601,9.6604408935710602,8.9645280735209951,7.7726190683345839,4.1187560914566346,7.3080925813207962,-1.1919074107851459,4.6367509165486211,-9.4229722138770704,4.0070126086429632,7.7304632362362797,4.6364330943061463,7.7726190450392636,7.7726189500400391,634.2024874758666328,0.3040963558760819,4.4270115331702771,635.1575584789247841,9.9773419078510752,1.9887589599739337,223.8920753254534475,-7.7610155768171296,-9.1895743547701869,5.0551079621150503,230.7782258074707613,-0.2785777954865841,-0.2132506718345933,-0.2646490894057401,-6.8861500460535314,608.8118275030117275,169.1447524144276429,0.5380134364722651,-12.2191892926780223,-2.0760833400190637,-1.5920594003017139,32.2891970418095369,-10.8014593620369173,-4.3859065102449613,-8.2451149146968632,1.3861155473586373,2.3946460069096140,491.4099295260947429,42.5781423789727569,-23.5626592680676623,459.1207324338398621,53.3796020840591723,-19.1767520385930084,8.2058795388828312,450.9148529561890655,-4.9205750586363610,-4.2923171467702605,409.0834724873772075,107.8067814210417339,-72.0955655220929827,376.7942754393212113,118.6082464377370087,-67.7096610649778512,-31.2156985244625105,408.0099734446424122,4.5579162286178869,4.6825618728862173,0.0382046142282986,4.4139500117587058,-0.1112340660765767,0.0000000000000000,-3.2884294986724854,-0.0558922430500388,0.0000000000000000,-0.4236504733562469,-0.0414353605592623,0.0000000000000000,-1.8493041843175888,2.4097263813018799,11.3709042072296143,-3.9544600248336792,4.8991189673542976,0.8340110190286976,1.2161855343729258,-0.5216232538223267,-3.1056244373321533,-3.4149993956089020,0.0000000175456055,0.8448345381766558,1.0417636260390282,-1.8842035876587033,-0.2768625627504662,14.6040794998407364,-0.1175889197620563,0.0382046159356833,0.1566379405558109,0.4232841320335865,0.2095590038225055,-0.1629098997509573,0.8062551934272051,0.0246156474458985,-0.0801791987614706,-0.0642633149982430,-0.3465984711263914,-1.3462918647564948,-1.7024098038673401,-0.3474169394467026,12.1547616720199585,12.3859462738037109,0.2290678161662072,-0.8050760130863637,0.5129761546850204,-43.0000000000000000,,,,,,,,,,,,,,,,,,,,,,,,,,,,,,,,,,,,,,,,,,,,,,,,,,,,,,,,,,,,,,,,,,,,,,,,,,,,,,,,,,,,,,,,,,,,,,,,,,,,,,,,,,,,,,,,,,,,,,,,,,,,,,,,,,,,,,,,,,,,,,,,,,,,,,,,,,,,,,,,,,,,,-7.0602891872404001,-6.7959011647774474,630.0000000000000000,122.8878471903999952,78.0000000000000000,210.0000000000000000,774.0000000000000000,-17.0542635658914712,153.1121528095999906,48.1121528096000048,99.6229179630000061,12.5948270806796003,186.0698849755000026,22.3546717574880986,440.5915568841459731,-1.0555559656663718,-5.4815758497026934,,,,383.7725391177010010,20.4854654393361670,-134.3974561926440003,0.1850426356589147,0.1298533651934178,,,,,,,,,,,,,20.8220432993677953,20.8220432993677953,184.6100068504264584,-6.7661199999999999,0.0000000000000000,3.1342640911918851,5.0609184629803128,5.4012258895044907,8.2716049382716150,23.0648102960346648,4.1016806193430178,-20.3115784837779358,16.3744354854106859,-13.7232596184318716,-11.2676056338028125,6.1530037159230666,19.7309417040358639,-1.5809407403192144,11.6573087613634385,-1.8412794220985185,9.6578497502689320,6.2043275095587269,26.4222035266153732,-6.0655773063021279,2.8003597921822276,0.5166127413343657,4.5264635148405175,-8.2806962288592416,-10.4034349404526836,8.5499999999999901,,,,,,,,,,,,,,,,
"2009Q3",12.6622773366909005,13.0130667766469994,11.4333495555219002,704.3447879615271177,584.1601659470253480,680.5557923889537051,538.3552627402524422,495.4333296701871063,483.2089226415048415,550.1744997046697563,441.2534192060946907,443.5879850079811035,429.8200285426693199,441.1714307578812395,8.8804213342109168,7.1754462780479660,634.3204341538189510,613.1619379929645675,-2.4676522772630989,31.6524624074487733,0.8304092056905423,2.3658169999999998,486.8998083573621329,423.3888277888992206,5.6279899622392691,-17.4404667686514472,17.8666336147449165,6.2289972945079670,25.5583737566960707,4.5763805806286966,14.5249948550579884,0.1324112472261349,0.0690841503840835,-0.1438696691357352,710.1018090134888325,679.2785415195256746,495.6217282730605120,573.6958816968075325,488.4543142052299345,557.5172764282460776,4.5572810117386737,-10.6765579381923956,3.6559627198124867,4.0522044526254408,230.7093042891739856,1.9482975283791482,10.1138320202787000,15.6097601808932112,-3.2928452952222069,13.0130667766469994,-5.7570104931076305,1.2772569902643605,-0.1883947302537896,-35.3406316015901183,-5.2453982959909808,-7.3427695211446444,0.8722247310215709,-8.3243940324251788,704.3447986981823306,3.5661611812199183,0.1655124097576934,-3.2297334943518790,12.6622779232628186,15.6097601808932112,0.3453647448811633,-3.2928452952222069,17.8666336147449165,25.5583737566960707,0.1324112472261349,-7.8241510551722859,6.2289972945079670,0.0690841503840835,4.5763805806286966,1.5835327326021529,11.4333495752755177,14.5249948550579884,-0.1438696691357352,-2.9477749733887051,13.0130667766469994,1.2772569902643605,-1.4902483939823532,680.5557979474056083,6.0810988586341956,7.5170507663289925,679.2785415195256746,7.4830637374234099,7.4102261363063375,-0.1883947302537896,-2.7153387267915727,495.4333330253776353,-73.9827518543230553,-11.7890355726804472,495.6217282730605120,11.8185705171109738,11.9110498606195083,-35.3406316015901183,538.3552603691058493,-5.9846602911688294,0.4044856338269316,573.6958816968075325,9.8319337450643154,6.3094586212048629,-5.2453982959909808,-5.4130794768401103,8.3243917568118366,483.2089146970631646,10.4180982248435949,3.9560173376824865,488.4543142052299345,10.3094697596644576,9.7569688252645470,-7.3427695211446444,550.1745069310521785,-27.2533050255248028,7.3777425186651513,557.5172764282460776,8.9174049843718173,8.7462725470622011,-5.7570104931076305,-6.3027344969560009,704.3447986981823306,1.8639683339484199,3.5661611812199183,710.1018090134888325,8.6784454915192004,7.7673535211920548,0.8722247310215709,0.3488899610058820,584.1601659318782822,1.0548814642471580,7.6940034908514336,583.2879411428090179,5.7485430943207776,5.8694007760518678,441.2534202261768428,6.3453790747783838,0.7961564277545534,6.0484121291131530,443.5879854897845576,3.9534926926568481,-1.0355109474770456,4.4883275802372467,429.8200308580334195,19.4663358954066226,9.1878361636607746,17.6495632218910572,441.1714310913677650,3.1473944387907231,2.2107391294190180,-3.1365906352945561,-6.2704887397948461,2.3345652218672477,-2.3918846510929246,-1.5600808278853271,0.4802337456989024,1.8543303691501054,-0.8698294006150167,-0.7266337274058385,-1.7994606792691670,-11.4333893005243823,13.1209621987204219,11.6011523289810583,-0.7568303330572270,-10.6765579381923956,4.2560642044160000,3.5630202346276940,-6.9851150932015518,-0.0819891250844279,-3.1979843308742586,-9.1850051000856201,-3.7379493685639806,3.6559627198124867,0.0395371801937596,0.0153068497424813,54.2109117180951259,8.8804238547431780,7.7396561229360543,9.9159347880719153,5.8637312221103546,6.5754903168790273,5.2509351655588352,4.0522044526254408,7.1754462271905037,-1.3245537514979582,4.5572810117386737,-6.2339515980408828,3.8306472409614107,8.1203015158269096,4.5725879933040936,5.2509346832607537,5.2509352624748704,634.3204338589604276,0.4717775916579114,3.6107732127256198,635.1730640341496610,10.1138320202787000,1.9482975283791482,222.3849109457669613,-6.0286491598837504,-8.3937575628907464,6.8818206625166809,230.7093042891739856,-0.2756948821742743,-0.2376722572320860,-0.2619102246294936,-8.3243940324251788,613.1619389226657404,171.9085180312919761,11.0550560220370819,-6.2670704369980665,-2.1524761703530633,-2.4676522817003290,31.6524625363375485,-2.5469329814536028,-7.5161975531589453,-1.6414938767759404,0.8304092083903976,2.3658170121924607,486.8998111276148961,-18.0404661890418119,-22.2716770971306808,455.2473486291168570,-15.4935335032964314,-14.7554798981743005,5.6279917782571651,449.6193569271603110,-5.1819854953295161,-4.6995067389585321,423.3888430645617404,57.2214992019334119,-52.7105136260098419,391.7363809535218593,59.7684377025484679,-45.1943179203501444,-17.4404494756717092,409.1768298316166579,4.6674290436816079,4.5864914642988630,0.1655124097576934,5.2105405553016491,0.0491465767845511,0.0000000000000000,-2.7842721939086914,-0.0544028879376128,0.0000000000000000,1.5835327655076981,-0.0355172520503402,0.0000000000000000,-2.9477749913930893,2.2186902761459351,-11.8476972579956055,0.5869388580322266,0.0154619663953781,-0.0688707804178832,0.0539687452837825,7.0466766357421875,14.4589908123016357,2.8755360245704651,0.0000002711232346,1.9683293458074331,-0.2518372237682343,-1.7938503129407763,-0.2635861648013815,9.3023981153964996,-0.0819740900187753,0.1655124183744192,0.2797859143465757,0.7971847914159298,0.0358969513326883,-0.1036964221275412,0.5150499306619167,0.0140367322019301,-0.0110458960989490,-0.0415855800383724,-0.3644765817192988,-0.9711165151093155,5.6981824636459351,-0.5854137246496975,0.5403468608856201,5.3470125198364258,0.2106356194708496,-0.7534677674993873,0.5653069876134396,-42.0000000000000000,,,,,,,,,,,,,,,,,,,,,,,,,,,,,,,,,,,,,,,,,,,,,,,,,,,,,,,,,,,,,,,,,,,,,,,,,,,,,,,,,,,,,,,,,,,,,,,,,,,,,,,,,,,,,,,,,,,,,,,,,,,,,,,,,,,,,,,,,,,,,,,,,,,,,,,,,,,,,,,,,,,,,-3.7225303758704342,-3.6166611380637335,679.0000000000000000,102.2105984439999986,90.0000000000000000,215.0000000000000000,809.0000000000000000,-15.4511742892459836,152.7894015560000014,50.7894015560000014,89.5764605340000060,11.4333495555219002,188.8058574739999926,24.1456517310279999,460.1807651135100059,17.4004434054522790,9.4902465696281126,,,,413.6678672057730068,61.5828573363671694,-142.3336168944370002,0.3108108776266997,0.1271524637129245,,,,,,,,,,,,,11.7007377780753217,11.7007377780753217,163.6119929943278919,-4.5237400000000001,0.0000000000000000,1.8813853727472019,3.5040431266846417,6.2697748000335229,7.9439252336448662,-52.2803878756874951,-9.8926254987359847,-5.8091273884777745,-1.3369321752421004,10.9801728482787695,5.9829059829059839,-23.8552128604592859,7.9295154185021977,6.5510254555174008,6.2695220448527378,3.9147407562168945,4.6349273639324062,21.4901856851265514,19.3264800060215052,3.1974441040151236,-3.1385428305271690,0.5270837239852444,3.6767539177662512,-8.1359627790226980,-9.5038238013008929,9.2866666666666653,,,,,,,,,,,,,,,,
"2009Q4",11.9516318459606001,10.3904129359567996,11.3613734553984997,706.1823655308872958,585.8410934682606239,684.4259580333211943,544.9807541444652088,477.9837624652554382,481.0066253061069688,553.2062397547271075,444.1824253561444493,445.0019023722938982,440.3926183998496526,443.6321844182259611,7.7824865463305306,7.5868566985158532,634.6250324361191133,619.1318869754881007,-2.8940120866836878,34.3380611399404501,0.5184537031520494,2.2551209999999999,490.5703763221431473,432.5339212840958680,7.9470891912746424,-12.1672219864516933,19.1114998331989661,4.2015117560772097,25.6439153760887386,4.5739101516621412,14.5638640941548871,0.1408776481856105,0.0735013732637690,-0.1227681882365646,712.3074931024279977,681.1612763199200344,498.5636783522067503,576.2305723185213537,491.1383668861325305,559.7799396090689470,4.5339068742048587,-9.6049787245777054,3.6659913422768935,3.9864446967852696,230.6583283766839827,1.9250449070038109,7.4630242525038399,15.6539640029234590,-4.0394754931995687,10.3904129359567996,-6.1251150400252552,3.2646874290798373,-20.5799104680346545,-31.2497973555197035,-10.1317382942768344,-6.5736893876449418,1.1348115385857995,-6.6971380235143725,706.1823781370541155,4.2575783346219724,0.0604279125084451,-3.9952722861335395,11.9516395842476424,15.6539640029234590,0.3371473017484126,-4.0394754931995687,19.1114998331989661,25.6439153760887386,0.1408776481856105,-6.6732920549976136,4.2015117560772097,0.0735013732637690,4.5739101516621412,-0.4459010138996964,11.3613730493212817,14.5638640941548871,-0.1227681882365646,-3.0797217711917027,10.3904129359567996,3.2646874290798373,0.4445360910001983,684.4259640545913044,15.4806789813124031,10.6792275070782203,681.1612763199200344,7.5309415576617544,7.4056575703641556,-20.5799104680346545,-15.2867798743655108,477.9837672817924954,-69.7982537469048907,-16.6726726434041232,498.5636783522067503,11.7678021518203764,11.7977511764551188,-31.2497973555197035,544.9807792866506588,26.5022025250735922,-1.9279998089869828,576.2305723185213537,10.1387748025042441,7.4649416203740007,-10.1317382942768344,-8.1994754620011534,6.6971351381119097,481.0066282429484090,-8.8091911815819213,-1.6332409540682020,491.1383668861325305,10.7361921374215132,9.9977562250757401,-6.5736893876449418,553.2062515911781020,12.1269833048432645,7.5661073881080148,559.7799396090689470,9.0506509174127334,8.9438709661227076,-6.1251150400252552,-5.7624420524886926,706.1823781370541155,7.3503428738049159,4.2575783346219724,712.3074931024279977,8.8227391704329978,7.9962306382064785,1.1348115385857995,0.4539245766710832,585.8410934411394919,6.7237098966391509,7.7977062678131466,584.7062819627847148,5.6733634122591496,5.7929921690392927,444.1824265197424779,11.7160228995284843,5.6376098749365013,5.5401107734265018,445.0019034498480437,5.6556743214957645,2.8349495958238093,2.8336307360288693,440.3926203936004526,42.2903605382512140,18.8740239469826889,21.2591424927718222,443.6321857589344972,9.8430155028142039,6.8778378597812218,-0.1134779844268488,-6.2395179088155110,0.8194769465048596,-6.0603536644644791,-2.7064793740109447,-0.8158475246969333,1.6353222669121712,-0.8760265883694135,-0.8033242743388980,12.1647042002061347,-3.7898061945273143,30.5743330061233465,15.7190361684998976,5.8151747800822102,-9.6049787245777054,4.2862860717658897,3.9343031150883228,26.6034227510643149,-0.5502408621491273,-1.8730073886771477,-5.6535901514878830,-4.2162344163709919,3.6659913422768935,0.0401224541850342,0.0280317823112836,34.1738559289604211,7.7824897057189713,7.6443246650505881,4.9475404055356114,0.9610929175884859,1.4643930342921698,0.5512495028193412,3.9864446967852696,7.5868565929522109,-0.9131433282948167,4.5339068742048587,-1.5260001149570588,3.7305823524069401,8.4682089434619563,4.5619383385266543,0.5512490205029916,0.5512491005319902,634.6250314754915962,1.2183901843804952,2.7506304368816679,635.1950910903779004,7.4630242525038399,1.9250449070038109,223.9611895021427017,6.3051172845048287,-3.7017215997940061,10.6401686674208591,230.6583283766839827,-0.2039170981734349,-0.2417548929004618,-0.1937212599392218,-6.6971380235143725,619.1318921670930422,174.9494659507687118,12.1638004524066403,0.3490041632067904,-2.1993299443257639,-2.8940120826997453,34.3380614233953665,10.7423978325952234,-3.6187183687128739,8.9899706552637628,0.5184537097901191,2.2551210215368527,490.5703791719622018,14.6822801023732072,6.1590139149198855,456.2323176313277600,3.9398809703950874,9.7777321426336776,7.9470916409022934,448.2852261124132838,-5.3365244655896680,-5.0029643816546363,432.5339331896121848,36.5804223340328036,28.1104345936489395,398.1958725161938446,25.8380255772745464,31.7291500516245222,-12.1672131148433476,410.3630849958908016,4.7450250249101193,4.6161841389924358,0.0604279125084451,1.3838795476332990,0.0634610112756491,0.0000000000000000,-1.1963891983032227,-0.0736496335593984,0.0000000000000000,-0.4459010064601898,-0.0258810291416012,0.0000000000000000,-3.0797217786312103,4.1141492128372192,-18.5780148506164551,-4.5146028995513916,3.0364284068346024,1.0181430286171844,0.7859215233474970,3.0987918972969055,24.6764044761657715,3.9704282283782959,-0.0000000693014870,-0.0856054536998272,0.2789549799636006,-1.0959886508062482,-0.1610432252055034,1.5396331697702408,-0.0600743282411713,0.0604279115796089,0.1785568688064814,0.5805921629071236,0.2175126401707530,-0.0555477705493104,0.2578017627820373,0.0045391335588647,0.0579930248495657,-0.0284229039243655,-0.3718842904989996,-0.5744189652614295,12.3838911652565002,-0.3694481624988839,4.4577374458312988,0.5643215179443359,0.1258857473731041,-0.6727377020288259,0.5443408265709877,-41.0000000000000000,,,,,,,,,,,,,,,,,,,,,,,,,,,,,,,,,,,,,,,,,,,,,,,,,,,,,,,,,,,,,,,,,,,,,,,,,,,,,,,,,,,,,,,,,,,,,,,,,,,,,,,,,,,,,,,,,,,,,,,,,,,,,,,,,,,,,,,,,,,,,,,,,,,,,,,,,,,,,,,,,,,,,-0.3847715645003547,-0.4374211113501758,715.0000000000000000,84.9661220232000005,85.0000000000000000,211.0000000000000000,855.0000000000000000,-14.7368421052631575,182.0338779767999995,78.0338779767999995,96.0850762620000012,11.3613734553984997,210.7330994524999994,23.3020781698463999,488.4899361595599885,23.8797959300941329,10.3510846769304408,,,,437.9425805184009732,58.3025466251730222,-145.6975182090500027,0.2703567251461989,0.1239725979598102,,,,,,,,,,,,,13.5662224013065114,13.5662224013065114,194.4325587180316575,-5.1647400000000001,0.0000000000000000,7.6271876095539648,4.7027506654835793,16.7432187981531015,11.3583138173302132,-50.2411917695794870,-14.5381467668732718,30.3456596489067643,-0.7265031030200819,-8.4323271805390121,-1.7094017094017144,12.8929232924432480,8.3333333333333250,12.4299579768682769,5.7862746365412887,5.9501891485214120,2.9334872750351515,52.6387136433184466,23.7039322878396916,10.3437322648059613,0.4532968112142211,1.1259764491245772,2.7888111143705485,1.3915497312204872,-6.2868325879988802,8.0933333333333302,,,,,,,,,,,,,,,,
"2010Q1",10.8967256819436997,11.7372165013794003,12.0015940397181993,708.2288668427876246,586.4175517307144219,683.5475005276938418,546.3735119653154015,506.6835637161621548,482.8036159698106076,550.8896289205476933,443.1374801671905743,445.5871236602504837,430.6029876177029223,444.3053893532950838,6.8156966660282192,8.6850488886958246,635.0846856157465936,624.8602094217665126,-2.0048034258253509,36.4655578194981445,0.3984717125996480,2.1961260000000000,459.8878369255765506,434.7167607523439301,-23.5204232125902877,-13.2986202752600775,18.9415268449263969,3.9567966048932961,25.8302131810013655,4.5756849554378585,14.6114751581931070,0.1459457335686067,0.0761455699928018,-0.1880181837784554,714.5743324914873256,683.0231059232498865,501.4644349012414182,579.2139412251100339,493.8598079012791118,562.1232676762383562,4.5383180364190405,-8.5666187140079533,3.6747694163627194,4.0133609471541920,230.6344836829437668,1.9078411333640448,6.4561825924303315,15.7944215596613553,-5.3077994047678310,11.7372165013794003,-6.3454696279085629,0.5243987919493663,5.2191206894337130,-32.8404095979239230,-11.0561948554067211,-11.2336387018842085,0.3109661972695512,-4.6713623234643338,708.2288625414753369,5.1216073993903315,-0.0686728762286063,-5.1673475874280053,10.8967269550999024,15.7944215596613553,0.4101101368621859,-5.3077994047678310,18.9415268449263969,25.8302131810013655,0.1459457335686067,-7.0346340957152282,3.9567966048932961,0.0761455699928018,4.5756849554378585,-0.6950338729258962,12.0015941371149406,14.6114751581931070,-0.1880181837784554,-2.4218627713087613,11.7372165013794003,0.5243987919493663,-1.5168603794335596,683.5475048967065277,-3.5138147062016234,5.8270844123695733,683.0231059232498865,7.4473248287408786,7.4458450823715481,5.2191206894337130,1.2892902813753606,506.6835570500957147,114.7991827256979604,-2.0569382497590247,501.4644349012414182,11.6030246612585977,11.7387130612502339,-32.8404095979239230,546.3735209440429799,5.5711025106020671,0.8459479388581768,579.2139412251100339,11.9334505149270154,9.5154936337785490,-11.0561948554067211,-8.1690691856787225,4.6713625448323448,482.8036116579981467,7.1879424156344527,-1.4910330879836049,493.8598079012791118,10.8857804719030913,10.3909316323420367,-11.2336387018842085,550.8896295174387205,-9.2664653287490726,-4.6054425293054591,562.1232676762383562,9.3732978218200920,9.0774186026827621,-6.3454696279085629,-5.6474398198481417,708.2288625414753369,8.1859818890253546,5.1216073993903315,714.5743324914873256,9.0673597310074801,8.5273538813875440,0.3109661972695512,0.1243864185421804,586.4175517849907919,2.3058331323892514,3.9514242081240498,586.1065856405614340,5.6012148964140236,5.7140948735206329,443.1374789519864521,-4.1797938306427769,-0.2671244135822413,3.0720063284206054,445.5871226552657731,2.3408763809168560,0.3583257687902046,2.3034231486821488,430.6029835190308859,-39.1585492486374420,-5.3022705312874479,7.1544010447098145,444.3053891816837222,2.6928134837043141,4.3113867658189244,2.3564722805623850,-6.0106501712776179,2.4496438652120989,6.5206658611351136,-0.7685844928798837,1.0264585558601893,1.4231846573274698,-0.8485496766512696,-0.8495575738355845,10.4439745535085695,-12.5344953084976876,-34.9787469182650881,4.0823871239181759,-3.9678760570764116,-8.5666187140079533,4.1534304846656163,4.1581141986986223,-110.4241079551564724,1.1679103750541560,6.8726069583832814,-0.7155354817343591,-2.5068594845682433,3.6747694163627194,0.0351166440949264,0.0357768493779743,6.8019754472360781,6.8156950013775583,7.7031291788631622,6.4573672180664783,2.4440071092538327,2.4779789370102971,2.6630269113253791,4.0133609471541920,8.6850488624397482,0.1850488787576511,4.5383180364190405,-3.2904580067700122,3.6887602029760194,8.6964326680220658,4.5740949341637780,2.6630267001250045,2.6630274170942450,635.0846857004302137,1.8386126571772734,0.9582192860158802,635.5328847625792150,6.4561825924303315,1.9078411333640448,225.9631218822364360,8.0077300075900890,0.1307917995247719,10.2511130358646891,230.6344836829437668,-0.0953749351420437,-0.2133888696375752,-0.0906062752014404,-4.6713623234643338,624.8602075305456083,181.7227314281981876,27.0930613008970766,12.7124797864075827,-2.2430411563874664,-2.0048034574287557,36.4655588577484906,8.5099869157897174,1.4759971060030794,7.2040418246914006,0.3984717080271274,2.1961260039762927,459.8878329448311888,-122.7301804060204660,-20.8775599589280247,423.4222740012704094,-131.2401668826258572,-22.3535574329233455,-23.5204254308975074,446.9426997430953179,-5.3701042841108677,-5.2022971778514622,434.7167445201346823,8.7312823777362887,52.5849625458653236,398.2511863097738569,0.2212912561049798,51.1089640848321878,-13.2986351731318582,411.5498215994299471,4.7469585366036453,4.6793299973676268,-0.0686728762286063,4.0420100334010005,0.1684917565435171,0.0000000000000000,-2.3633251190185547,-0.0695304006803781,0.0000000000000000,-0.6950339227914810,-0.0167501462274231,0.0000000000000000,-2.4218627214431763,0.4544850587844849,20.9065680503845215,-2.9348561763763428,-3.2669902965426445,-1.4896609793751781,-0.1429585618898273,0.2965889275074005,-37.2153131961822510,-2.4738239943981171,0.0000000662469226,0.0126712452620268,1.0068777687847614,-0.7876851391047239,-0.1157414865447208,15.5828164815902710,-0.0616171427245717,-0.0686728758737445,0.0620090700685978,0.3247942849993706,0.4135758485645056,-0.0300998216844164,0.0977466776967049,-0.0009931151289493,0.0983462667209096,-0.0246992880711332,-0.3838890620308280,0.7155678824055940,-0.4799846410751343,-0.1930723416153342,-28.4476218223571777,-4.4165678024291992,0.1665171086788177,-0.5672313300892711,0.4764385819435120,-40.0000000000000000,,,,,,,,,,,,,,,,,,,,,,,,,,,,,,,,,,,,,,,,,,,,,,,,,,,,,,,,,,,,,,,,,,,,,,,,,,,,,,,,,,,,,,,,,,,,,,,,,,,,,,,,,,,,,,,,,,,,,,,,,,,,,,,,,,,,,,,,,,,,,,,,,,,,,,,,,,,,,,,,,,,,,7.1751342257494599,6.4695668919005982,705.0000000000000000,131.8172995184000058,84.0000000000000000,230.0000000000000000,853.0000000000000000,-17.1160609613130141,162.1827004815999942,54.1827004816000013,104.5757027180000023,12.0015940397181993,175.1185341720476174,23.0822948390362015,517.2891974445940377,22.9132897851136477,-1.3898624617946211,,,,428.5226053370839736,-49.0891490286771841,-127.7590762629569952,0.2842039859320047,0.1282694617614415,,,,,,,,,,,,,7.9387713567604985,7.9387713567604985,99.4289002044989729,-7.5666300000000000,0.0000000000000000,8.5303913605564006,5.2120141342756110,-3.4528117954734427,5.9440559440559371,215.1857778792762019,0.6782768902529712,5.7291355632652863,-0.5265629279621598,7.4525991875935116,-1.5037593984962405,-8.8500682260923327,-4.0485829959514223,-4.0936323603692593,2.9943332592432093,1.4203515213670137,2.3064617617439609,-32.4015566983123833,6.9090521182112452,2.7294037735225762,1.9460620512435689,1.6250820117402531,0.9628257345036362,14.0152939082847325,-0.5148308795304368,7.0533333333333337,,,,,,,,,,,,,,,,
"2010Q2",13.1790924078835001,13.8052841828053001,11.3390510715251995,710.2194429826748774,587.6898025400124652,685.0062591180828804,552.4280308945959632,490.7806081924295540,491.6108809141601910,550.6602750722216797,443.5430436325084429,445.0789362547093333,435.0928999833618036,445.6544584113754013,6.1439975599688976,9.5535282775637498,636.6314192683475994,628.2979051955684326,-1.2503568822011246,36.4005865298949161,0.6270300513358975,2.0659390000000002,460.6290596942749289,437.5047335930667032,-21.3985179609715033,-11.6064052175421466,19.9981456159797091,4.5199967643528343,25.9143379016395379,4.5803083045490922,14.6668691586879039,0.1443083037931567,0.0752912368779304,-0.2069067025061241,716.4937130775138030,684.7958659594503388,504.2393565931680541,581.4568790353079066,496.4541700615124000,564.6512890757335299,4.5885388443317314,-7.6010282412399510,3.6804674872009184,4.0484005847685616,230.6513319639748261,1.9184552250483735,5.8762641429931275,15.8277772406704660,-3.0751940139631704,13.8052841828053001,-6.2742753121591157,0.2103928632711437,-13.4587572264352975,-29.0288779307265088,-4.8432957671905283,-13.9910221873741438,0.1982732609773789,-2.6982618978363400,710.2194370916740809,6.3406408707856023,-0.3455304038906116,-3.0418398147388905,13.1790884434438933,15.8277772406704660,0.4265063024953362,-3.0751940139631704,19.9981456159797091,25.9143379016395379,0.1443083037931567,-6.0605049904873249,4.5199967643528343,0.0752912368779304,4.5803083045490922,-0.1356027273323187,11.3390510318345168,14.6668691586879039,-0.2069067025061241,-3.1209109576557030,13.8052841828053001,0.2103928632711437,-1.8897965509755279,685.0062578395483115,5.8350203442711912,5.9707389214479729,684.7958659594503388,7.0910317780702670,7.3880894805687536,-13.4587572264352975,-10.9862650281520970,490.7806003793710943,-63.6118418027408268,-23.1484158697427524,504.2393565931680541,11.0996808260432207,11.5722699390123154,-29.0288779307265088,552.4280023488308871,24.2180377295634663,12.5765746462932917,581.4568790353079066,8.9717632383412287,10.2189794164062224,-4.8432957671905283,-3.6644772360986853,2.6982566550580076,491.6108741642066207,35.2290420002103417,11.0064951793955395,496.4541700615124000,10.3774396924859378,10.5772220782390516,-13.9910221873741438,550.6602668525463287,-0.9174371944415256,-6.3275651224319560,564.6512890757335299,10.1120843384292041,9.3633583148269324,-6.2742753121591157,-5.5588679246141126,710.2194370916740809,7.9623186505590873,6.3406408707856023,716.4937130775138030,7.6775017294417092,8.5615089093416810,0.1982732609773789,0.0793092641252476,587.6898025410312130,5.0890030628181986,3.7933569170928454,587.4915293479073171,5.5397749284902540,5.6407240397880258,443.5430426188052024,1.6222422345993306,-0.2910052649451798,3.8759645732172747,445.0789355363807545,-2.0327680679793483,-3.6244624914154984,2.4793210554331928,435.0928969711144987,17.9596556806303695,14.5878225500890846,10.1394529432947582,445.6544588861596594,5.3962816841415204,3.2006858511315426,5.2698750012681819,-5.5590666759799170,1.5358926569008950,-3.6550111359693629,-1.3966456008415911,0.3097599924932076,1.2261291680495199,-0.7882196229287690,-0.8456563118300828,5.8596660489952637,-8.4501459048275809,16.3374146300560881,6.2634895025584649,-0.8491176693543390,-7.6010282412399510,3.8623533376516814,4.1395357904429950,18.9978703855344691,2.1114159585374961,3.7740387545287870,1.3939101530665041,-1.5690474899839215,3.6804674872009184,0.0227812558636208,0.0343906845328703,13.4395815371359255,6.1439951373465140,7.8487196816150018,9.7684519375482086,5.7200539369590606,4.8204075230694059,5.8739364855184473,4.0484005847685616,9.5535282723910946,1.0535282945554310,4.5885388443317314,-5.5036779804041531,3.7428824603130306,8.7280744522494640,4.6229292838734644,5.8739357431809047,5.8739359014726293,636.6314190426417099,6.1869371265876394,2.4289301158814638,636.3374874878845731,5.8762641429931275,1.9184552250483735,227.9530703537311638,7.9598130703478649,4.0609968013099929,7.5822463058687024,230.6513319639748261,0.0673751144351909,-0.1269019696424676,0.0640065605027077,-2.6982618978363400,628.2979010382749721,184.7548597399017183,12.1284994251403404,15.6101025138115332,-2.2372849002170225,-1.2503569064868219,36.4005869113508140,-0.2598955552731049,4.1113883148781856,0.1881360055557932,0.6270300515125986,2.0659389808618664,460.6290613257654627,2.9649010840553416,-30.7808680680076350,424.2284744449612504,3.2247959572181450,-34.8922551234999219,-21.3985160992410641,445.6269906928907290,-5.2628358704909477,-5.2878607325003779,437.5047394522974855,11.1519446127723114,28.4212730590528295,401.1041523680985961,11.4118363974050325,24.3098816184056119,-11.6064022494478607,412.7105542255711725,4.6429290563160732,4.7005874454129062,-0.3455304038906116,5.4366759321156000,0.0756376590579748,0.0000000000000000,-1.1362600326538086,-0.0665921852923930,0.0000000000000000,-0.1356026232242584,-0.0084916242922191,0.0000000000000000,-3.1209110468626022,2.0159679651260376,-14.5526604652404785,3.2579927444458008,-4.1904727667570114,-1.8918661379688979,0.0738866813480854,-0.4551002383232117,24.3332571983337402,2.6148207485675812,0.0000002472323821,0.2994871698319912,0.8869842141866684,0.3008475145325065,0.0442061676876619,-9.6408065780997276,-0.0165207701211330,-0.3455304000526667,-0.2847961913794279,-0.3256554603576660,0.8458480685949326,0.0161510561010800,-0.0737604675814509,-0.0088235351722687,0.1579813604475930,0.0013981819356559,-0.3876102204143699,0.6341583186294883,-7.4639379382133484,0.1494687715312466,-6.8158528804779053,-1.8984012603759766,0.0894256145693362,-0.4297430843580514,0.3706685751676559,-39.0000000000000000,,,,,,,,,,,,,,,,,,,,,,,,,,,,,,,,,,,,,,,,,,,,,,,,,,,,,,,,,,,,,,,,,,,,,,,,,,,,,,,,,,,,,,,,,,,,,,,,,,,,,,,,,,,,,,,,,,,,,,,,,,,,,,,,,,,,,,,,,,,,,,,,,,,,,,,,,,,,,,,,,,,,,7.6759837337679784,7.0947968013831257,705.0000000000000000,97.5010245375999887,91.0000000000000000,224.0000000000000000,858.0000000000000000,-15.5011655011655005,188.4989754624000113,69.4989754624000113,99.7346151160000005,11.3390510715251995,229.7188080446651099,24.7719936449134011,535.3812189629070417,13.7507830952076802,-1.5638183762719677,,,,435.0535404818310212,-4.1118486127732012,-115.8890453035679968,0.2663822843822843,0.1312549241531092,,,,,,,,,,,,,11.3267074296538084,11.3267074296538084,251.2485784445586603,-2.7766799999999998,0.0000000000000000,8.2878794798418198,6.3336306868867043,6.0086325136000429,6.1573546180159644,-47.0656765450248713,-25.0613835196753278,27.4024461061899380,16.5454191065518721,42.2321787214194231,9.5238095238095344,-0.9132199778826178,-7.1161048689138529,1.6354838437040442,3.9914778634676740,-1.0395461276204943,2.4274168513958028,19.6734376932685677,11.2803347283630284,5.5445299092395262,5.6303557610233534,6.5751959126292059,2.4586704526346592,4.5517857721663724,2.6612397957843426,6.3366666666666793,,,,,,,,,,,,,,,,
"2010Q3",12.9363174942970005,12.2228226864059994,12.4758593433371008,711.9772859459519623,590.5471131423560109,685.2233208385822536,556.1145426057270242,500.2682488784584507,494.6717215747121372,555.4059278813479068,443.3770486714960839,444.5441858146628533,436.5769388874661558,445.8651576675055139,6.8188103303443199,8.8616195417945143,637.7847012002545171,633.5822734335831683,-0.6318469694572073,35.9741777828824283,0.5900557420957171,1.7813000000000001,465.7760650083411633,434.3323214701409256,-14.5567110754652163,-15.4523109216161174,20.4996044675787026,4.9125809741951771,25.8615878922320874,4.5835213333840228,14.7318282778890293,0.1373329993896034,0.0716519330762861,-0.2061363204856092,717.9482955078401574,686.4484762047823097,506.8602313398204728,582.7085768053640322,498.8442657110970231,567.4083542668863629,4.6095661879241714,-6.6798067617969377,3.6844143445691389,3.8886334170934140,230.7032214193324080,1.9101511345085482,5.2031572124203498,15.7132822800434848,-3.1920798363172640,12.2228226864059994,-5.9710005272269395,-1.2251555888817174,-6.5919870884283762,-26.5940359879344790,-4.1725536394858427,-12.0024268850361793,1.6848830616163533,-1.4885274463341809,711.9772946937354163,7.6325200882723081,-0.4876625106359618,-3.3065780107327303,12.9363184745856863,15.7132822800434848,0.4151205884102237,-3.1920798363172640,20.4996044675787026,25.8615878922320874,0.1373329993896034,-5.4993212642460971,4.9125809741951771,0.0716519330762861,4.5835213333840228,0.2574071061153738,12.4758594640822249,14.7318282778890293,-0.2061363204856092,-2.0498339455862378,12.2228226864059994,-1.2251555888817174,-2.7063928988713903,685.2233200413054419,0.8682302748885866,4.6675283676926567,686.4484762047823097,6.6104213179596973,7.1699294110336593,-6.5919870884283762,-6.3865601756158927,500.2682436719208567,37.9505577304215649,4.8349180676950816,506.8602313398204728,10.4834900794408874,11.2385008184847432,-26.5940359879344790,556.1145470169132068,14.7460317201375553,17.7592987192305571,582.7085768053640322,5.0068112886806810,9.0127046164185938,-4.1725536394858427,-2.8959042711643548,1.4885270513887445,494.6717129704534273,12.2433286754425961,11.4627950975004751,498.8442657110970231,9.5603750927039304,10.3899477777389428,-12.0024268850361793,555.4059320120487655,18.9826299605029867,5.2314321322620314,567.4083542668863629,11.0282591296608246,9.8910746452612486,-5.9710005272269395,-5.2738511897039242,711.9772946937354163,7.0314509909692013,7.6325200882723081,717.9482955078401574,5.8183368322095168,7.8464856574159638,1.6848830616163533,0.6739532061226488,590.5471131405728329,11.4292423817954436,6.3869471676145793,588.8622300825011280,5.4828029241412786,5.5742889829256690,443.3770486580069132,-0.6639801900528424,-1.7355847893013292,2.1236278182694228,444.5441854166839448,-2.1390145202919006,-3.6558795178766772,0.9561977459084460,436.5769341859187307,5.9361444194383806,6.2921285010543624,6.7569037081421834,445.8651586965015667,0.8427981138430782,1.5437720341729668,4.6937260546538857,-5.0745009352433694,1.1671369405643151,-1.4750241217324409,-1.1674289994729066,0.1288795071858118,1.0382576836424289,-0.7514861660509502,-0.8160701526657299,2.6999389770848081,-6.8001142166153032,6.6001224232659323,4.6332777942418044,-0.1203003417989930,-6.6798067617969377,3.6848733908178364,3.9967400535906830,34.5035150740094494,2.4881102244647022,1.5067794843989042,2.5700996395443694,-1.1963058962267432,3.6844143445691389,0.0157858642638725,0.0284536444825968,-11.9163608131094563,6.8188097516071977,7.7467134054394355,10.4746898743504762,6.5860539970159291,5.3901907205595387,5.7518077224153785,3.8886334170934140,8.8616196491266237,0.3616196557939039,4.6095661879241714,-6.1348768661382387,3.7934960358259886,8.6063049409890393,4.6380197636960467,5.7518073954502391,5.7518077215819767,637.7847006634265199,4.6131336640877052,3.4642683224025084,637.8638561339134867,5.2031572124203498,1.9101511345085482,229.2146942370774809,5.0465065828638043,6.8297819462567562,6.0400089606681373,230.7032214193324080,0.2075603015949730,-0.0060860566945317,0.1971821839797867,-1.4885274463341809,633.5822743228698073,190.2052272418229961,21.8014710899857924,18.2967091885601718,-2.2660759125000141,-0.6318469737526119,35.9741789305443902,-1.7056344689322565,4.3217136396673652,-0.9684547353645463,0.5900557402872867,1.7813000007969169,465.7760629273508357,20.5880100227153982,-21.1237501521518212,429.8018839375114908,22.2936459509183607,-25.4454633455849191,-14.5567130173109955,444.3585971424707850,-5.0735732969381022,-5.2607589458159358,434.3323288957260502,-12.6896257911646089,10.9435030575008483,398.3581493861571516,-10.9839904957293761,6.6217754960358111,-15.4522976508706922,413.8104475306677728,4.3995763219803301,4.6336197133847419,-0.4876625106359618,2.8201805950033485,-0.0570322889834642,0.0000000000000000,-1.2569730281829834,-0.0677705236012116,0.0000000000000000,0.2574070841073990,0.0016287005855702,0.0000000000000000,-2.0498339384794235,0.7381314039230347,4.4215714931488037,-0.5371549129486084,-3.0243637785315514,-1.3664040385764187,1.6055737473070621,1.4835810065269470,-3.1538329124450684,-0.7702724337577820,0.0000007782556142,1.5648558586835861,-0.5865557976067066,0.0820957515388727,0.0120630532037467,10.6614531725645065,-0.0504924331034999,-0.4876625016331673,-0.4228103775531054,-0.6597959809005260,1.0601757392287254,-0.0080201498349197,0.0107293785549700,-0.0047168387682177,0.1435539123194758,-0.0164585649763467,-0.3954302499420135,0.5434884813148528,-1.8937702775001526,-0.1046359289903194,-1.2896322011947632,-6.9796237945556641,-0.0780450836755335,-0.3370210493449122,0.2209391966462135,-38.0000000000000000,,,,,,,,,,,,,,,,,,,,,,,,,,,,,,,,,,,,,,,,,,,,,,,,,,,,,,,,,,,,,,,,,,,,,,,,,,,,,,,,,,,,,,,,,,,,,,,,,,,,,,,,,,,,,,,,,,,,,,,,,,,,,,,,,,,,,,,,,,,,,,,,,,,,,,,,,,,,,,,,,,,,,8.1768332417864400,7.7200267108657386,747.0000000000000000,106.6038907519999981,108.0000000000000000,238.0000000000000000,906.0000000000000000,-14.3487858719646795,181.3961092480000161,66.3961092480000019,108.4212487399999958,12.4758593433371008,221.6649502348350040,25.2361890685764010,564.4335909027489606,21.1374729520589426,6.6732605472914202,,,,458.5576225768360246,44.3923257845225407,-118.5102432485339961,0.3093730684326710,0.1272657019768051,,,,,,,,,,,,,8.6961328203103854,8.6961328203103854,176.4338426204781456,-1.2171900000000000,0.0000000000000000,7.2844699728693785,7.9861111111111160,0.8720270777945682,4.7619047619047672,46.1561854724811909,6.1215483306092056,15.8887471300689356,18.0781482056546992,13.0244099239546607,14.5161290322580747,20.9039342385576745,5.7142857142857162,-0.6617803685997958,2.1394914413768173,-2.1723960641236162,0.9640509286401144,6.1158839909391416,7.0829711433018749,0.8463585571088839,4.4520516451429293,5.0738198419124192,3.5249717398338820,4.0628821843834872,5.8328279124308047,7.0566666666666666,,,,,,,,,,,,,,,,
"2010Q4",12.7847807273257992,10.8011690734432992,12.4497913219554004,715.2220224595218951,591.4331259801475653,689.8870023521487838,561.9793163208586293,506.6625202145521030,492.3074433135141703,566.7702440586081138,444.3163796941954615,445.3240296286539888,438.2734034589142311,446.8659499320477266,6.8655036649410670,9.0596895352226383,638.5072075608712794,638.4729380788147637,-0.1496667281883930,35.9456392468673087,0.4521097751352399,1.5776300000000001,475.9464244679060698,446.9543342295810930,-3.1438704405686622,-3.7987664670568506,21.1808148867820663,4.0537630888672362,25.7140085556702509,4.5828591410559989,14.8022646319170565,0.0877702525717010,0.0457932262344246,-0.0752375988220953,719.0381206776818317,688.0008702281321575,509.3464851189509659,583.2307890890400586,501.0793018691254588,570.3618227174446247,4.6396720594199392,-5.8105118230924182,3.6863530664964528,3.8207072954849934,230.7897331305122179,1.9143450449052146,4.6929865993786004,15.4946063830019796,-2.9186270604959512,10.8011690734432992,-3.8161001659518203,1.8861325639149711,-2.6839611246032096,-21.2514847406796079,-8.7718522622809409,-3.5915832581522609,1.2156408103377627,-1.6609156490513854,715.2220205198846088,9.0396665570672639,-0.4319520103270733,-3.1373005909233278,12.7847794757154727,15.4946063830019796,0.2088011230681611,-2.9186270604959512,21.1808148867820663,25.7140085556702509,0.0877702525717010,-4.6209677407747778,4.0537630888672362,0.0457932262344246,4.5828591410559989,-0.5748900353899440,12.4497911819194336,14.8022646319170565,-0.0752375988220953,-2.2772341638812574,10.8011690734432992,1.8861325639149711,-0.0824600351205533,689.8870041207621853,18.6547363763159737,5.4610385926314908,688.0008702281321575,6.2095518979097237,6.8395871040006559,-2.6839611246032096,-3.2135960664103376,506.6625229384169984,25.5770958061747571,28.6787661500469611,509.3464851189509659,9.9450151106663967,10.7828044722166272,-21.2514847406796079,561.9793117433189309,23.4591706995005325,16.9985528393110386,583.2307890890400586,2.0888520004581421,7.0002208294421067,-8.7718522622809409,-5.9429414857928444,1.6609122314827940,492.3074492901654367,-9.4570367481450361,11.3008276199140383,501.0793018691254588,8.9401414789212250,9.9409346567369301,-3.5915832581522609,566.7702407867309375,45.4572397984490451,13.5639932209000005,570.3618227174446247,11.8138710087492935,10.5818799441056477,-3.8161001659518203,-3.4739854485311699,715.2220205198846088,12.9789484879670027,9.0396665570672639,719.0381206776818317,4.3593128968062915,6.7306297596797053,1.2156408103377627,0.4862563011315526,591.4331259740812357,3.5440512556612918,5.5920324789090250,590.2174852340003781,5.4210206434617119,5.5112032870045384,444.3163797640267489,3.7573260746411075,1.8878522731895129,0.1339504630534132,445.3240290787257436,3.1193612406141145,0.9422171926862548,0.3221202312666620,438.2734008687176583,6.7858619976534467,5.8289644214638363,-2.1192187624250050,446.8659498444796441,4.0031692740949971,3.5309620169463249,3.2337662699105740,-3.3850611462109246,1.0076492421095586,-0.6379540112883466,0.1881716319562305,0.1465150202589256,0.8611323158578881,-0.7085027832338515,-0.7741887911527573,2.4298329588801533,-6.0429788861182745,3.0285461426909208,-2.2531657987595937,-0.2324537195208816,-5.8105118230924182,3.4771803337162974,3.7944610185638288,52.2668781594723413,2.5495699464445205,0.2458471019217621,3.0998112532436188,-1.1367818830765162,3.6863530664964528,0.0077461017675544,0.0203605930147550,49.7602235525106806,6.8655063814774735,7.7518769604384739,5.9232852990251086,2.1025786576919412,2.4938342703279339,3.0535255390342426,3.8207072954849934,9.0596895436503342,0.5596896000107230,4.6396720594199392,-3.3984771346198377,3.8654838102747511,8.4341343262010415,4.6600330455505548,3.0535256491830016,3.0535251558318182,638.5072070746194868,2.8900282714351366,3.8821767002150382,639.0294367618896558,4.6929865993786004,1.9143450449052146,229.1288175631551667,-0.3435017400945801,5.1676286805634133,2.9916647796923304,230.7897331305122179,0.3460339928090133,0.1314010991332314,0.3287322557095562,-1.6609156490513854,638.4729378079151729,194.1565593492236701,15.8053230666089508,19.2070866727489147,-2.2620599194352162,-0.1496666922108530,35.9456394836470992,-0.1141613723563776,1.6075754588564732,0.3047230625214306,0.4521097713594583,1.5776299958690099,475.9464244728961262,40.6814375994540569,-14.6239532564447821,440.0007846292509726,40.7955990534951809,-16.2315307308437120,-3.1438712846444834,443.1446563081642580,-4.8557633113146608,-5.1405694919142331,446.9543353904606988,50.4880611771458518,14.4204181287819715,411.0086953237301373,50.6022199161112241,12.8128359734532697,-3.7987710494168443,414.8074674962335280,3.9880623839911356,4.4443900563072427,-0.4319520103270733,2.1897577302403004,-0.1545004071667790,0.0000000000000000,-0.7714457511901855,-0.0714842714369297,0.0000000000000000,-0.5748900324106216,0.0077506554662250,0.0000000000000000,-2.2772341817617416,4.0647933483123779,3.1399960517883301,-5.6826080083847046,2.4262455105781555,0.5345068289929999,0.5416874745860696,4.1663331389427185,-1.4583587646484375,0.3867214322090149,0.0000009588914143,0.5815379228442907,0.2342318855226040,-0.2400838164612651,-0.0352776171639562,-3.8950490429997444,-0.0205645259702578,-0.4319520071148872,-0.3759035700932145,-0.5038199704140425,0.9754216326400638,0.0031612238381058,-0.0372326718643308,-0.0064609055407345,0.1488515867677052,-0.0047909375571180,-0.4116349197614184,0.4442694410681725,0.8542916774749756,-0.2074562448542565,5.8812901973724365,7.4814081192016602,-0.0255399739835411,-0.2895467176567763,0.0284305028617382,-37.0000000000000000,,,,,,,,,,,,,,,,,,,,,,,,,,,,,,,,,,,,,,,,,,,,,,,,,,,,,,,,,,,,,,,,,,,,,,,,,,,,,,,,,,,,,,,,,,,,,,,,,,,,,,,,,,,,,,,,,,,,,,,,,,,,,,,,,,,,,,,,,,,,,,,,,,,,,,,,,,,,,,,,,,,,,8.6776827498050011,8.3452566203482661,778.0000000000000000,117.0015102872000057,101.0000000000000000,256.0000000000000000,955.0000000000000000,-16.2303664921465973,215.9984897127999943,89.9984897127999943,118.1800189899999936,12.4497913219554004,258.4528914351525373,25.1827252293163006,592.7243083075170489,19.5626585809263815,3.8652842586596137,,,,468.9513898535089993,38.9045618941277098,-101.7938728120840040,0.2725937172774869,0.1236788732547203,,,,,,,,,,,,,21.5821704413486870,21.5821704413486870,231.9308479114700958,-2.4152300000000002,0.0000000000000000,13.8588640253519699,9.6610169491525344,20.5081573549027212,5.4679284963196739,29.1456761161743785,35.6611245221374773,26.4391461846589451,16.7414044851378350,-9.0236979526663870,12.1739130434782581,57.5499944660899700,14.6153846153846079,3.8288039455834921,0.1925403598531661,3.1285484882566106,0.4126836749676066,7.0213951178382583,-2.3064641385636908,4.0843758613892778,3.6339491995140971,2.5623107591878025,3.9585162375715299,-0.2585951636975503,5.4402209145153035,7.1066666666666611,,,,,,,,,,,,,,,,
"2011Q1",11.5391676745412006,6.8321295129391997,12.6195095162557003,716.5005692320808066,590.8553998452084670,692.6475021685103002,564.3195020778931621,489.3385166401604920,511.3095262419219011,566.6292984041277805,445.7874385269734603,447.2377164409923012,437.6797453730996494,448.0811206331190419,6.5132094937782146,8.6501133050722565,639.4914793411359142,644.3804317076004509,0.0907493493663338,37.4365200085024554,0.4590447754375042,1.6199150000000000,485.1162177578571573,465.5897776895596962,5.6965006701531138,12.5034113147983703,21.4568337862536751,2.7018452085888476,25.6488227387037462,4.5836260049550193,14.8800771487936476,0.0829674846870928,0.0432873773448151,-0.0752179145663544,720.1078549669424547,689.5061517867742396,511.7577080265844529,584.0498087129004716,503.2963234971251154,573.4240840564209520,4.6643026358260906,-4.9830250168350272,3.6866751302941854,3.9682185786118214,230.9051296018245409,1.9098073735098264,3.2658093357877775,15.3523722776757552,-4.0146750504087390,6.8321295129391997,-3.6072800935744485,3.1413535010049398,-22.4191863639189393,-19.7303056498214922,8.0132109890896963,-6.7947879932300159,-0.7042408959247479,-1.2148474190224932,716.5005741582701830,8.2717236981028570,-0.2395623590982021,-4.1569072193365759,11.5391698245206555,15.3523722776757552,0.2014727173392468,-4.0146750504087390,21.4568337862536751,25.6488227387037462,0.0829674846870928,-4.2749547510110562,2.7018452085888476,0.0432873773448151,4.5836260049550193,-1.9250689563934213,12.6195094694562489,14.8800771487936476,-0.0752179145663544,-2.1853495570238222,6.8321295129391997,3.1413535010049398,1.6327628761645183,692.6475048068006117,11.0419901527887845,9.0999904978554245,689.5061517867742396,6.0211152296420982,6.4830338293708243,-22.4191863639189393,-15.1298510670373823,489.3385214777829333,-69.2959894654673150,-17.3450326557589314,511.7577080265844529,9.6448956504843668,10.2932726781522081,-19.7303056498214922,564.3194947218564721,9.3607980896859999,17.9459933169800934,584.0498087129004716,3.2760700348640035,4.8358720227774139,8.0132109890896963,5.0494526897183940,1.2148445979546256,511.3095307217465120,76.0083527214214740,28.5059187672798657,503.2963234971251154,8.8680986489836897,9.4365119935208668,-6.7947879932300159,566.6292972304720479,-0.5637392853795316,15.7396727510674577,573.4240840564209520,12.2490546545034178,11.3008177019176266,-3.6072800935744485,-1.0359960834139064,716.5005741582701830,5.1142189843469730,8.2717236981028570,720.1078549669424547,4.2789344170427626,5.5335221004558317,-0.7042408959247479,-0.2816963468002190,590.8553998954112103,-2.3109042132125541,4.4378481330683055,591.5596408164744844,5.3686222705033435,5.4530551409029213,445.7874383467682833,5.8842289140660693,6.0452977907727785,2.6499571287166370,447.2377172969930825,7.6547531589946614,6.1826626265277316,1.6505893200693127,437.6797354830157474,-2.3746650010434078,5.3328077804851857,7.0767447545365929,448.0811215274632104,4.8606846653968150,6.1332091328574592,3.7757340049243879,-3.1287919164157407,1.4502792138467706,1.7705179480920328,-0.9993658585172437,0.7576204458234040,0.6926599896648206,-0.6738894039735124,-0.7305234981364548,9.4390344383501308,-8.1077028486215124,-8.2588893372185765,4.4267934470121526,-3.1246825754302252,-4.9830250168350272,3.3099373846806808,3.5835857237484761,48.7843294146445032,2.2936832172665071,-1.0235440961155045,1.1257750322622155,-1.3929894154274314,3.6866751302941854,0.0012848834741513,0.0119020406297018,75.3229273694880277,6.5132121666771390,7.9586317635283015,0.3305413712921421,-3.6376794963777375,-1.9268867678598820,-1.7767761111033873,3.9682185786118214,8.6501133494693114,0.1501133528804146,4.6643026358260906,0.9298337701518022,3.9337787439527201,8.2478885253960872,4.6762046222088323,-1.7767774242928591,-1.7767765058006639,639.4914788738408333,3.9370906709757403,4.4067974802018117,639.8237125107855263,3.2658093357877775,1.9098073735098264,229.6902804717489346,2.2458659294168646,3.7271613257397331,1.6034059966585457,230.9051296018245409,0.4615749036119330,0.2706399305055438,0.4384963643943240,-1.2148474190224932,644.3804306781395326,198.5929920969818738,17.7457262715495823,16.8702524917225993,-2.2737139381074423,0.0907493317757909,37.4365192637481030,5.9635194472237094,0.9709575936716518,5.1668679422258048,0.4590447698188013,1.6199150009316667,485.1162124593660110,36.6791522819196416,25.2283756555058076,447.6796931321349007,30.7156328664452367,24.2574186586954319,5.6964956862809712,441.9831975287479509,-4.6458347583721418,-4.9595019569989205,465.5897843054781902,74.5418084741584863,30.8730369521344628,428.1532657754500519,68.5782951339550522,29.9020741974560522,12.5034111568828870,415.6498537163775495,3.3695682413090635,4.1000312502281133,-0.2395623590982021,-1.0684550237824499,-0.0794857041910291,0.0000000000000000,-1.0402774810791016,-0.0700892223976552,0.0000000000000000,-1.9250689595937729,0.0158366328687407,0.0000000000000000,-2.1853495538234711,2.8748372793197632,-19.5072946548461914,13.9306545257568359,-0.5963287502527237,-2.6660189863116246,-1.1904972027987242,3.3135070800781250,-14.4539484977722168,-2.6613751053810120,0.0000004359708119,-0.3031791392713785,-0.3536073416471481,0.2750282343477011,0.0404123149346560,4.6824365407228470,-0.0358329697919544,-0.2395623559132218,-0.1644718786701560,0.0133613534271717,0.6642737491056323,0.0006960873142816,-0.0175508847460151,-0.0056867531966418,0.1328427407424897,-0.0131032433564542,-0.4146074762579266,0.2314360295422375,5.6587960422039032,-0.0694726796355098,7.6456959247589111,15.2765121459960938,0.2000480326823890,-0.2756480502430350,-0.2196837179362774,-36.0000000000000000,,,,,,,,,,,,,,,,,,,,,,,,,,,,,,,,,,,,,,,,,,,,,,,,,,,,,,,,,,,,,,,,,,,,,,,,,,,,,,,,,,,,,,,,,,,,,,,,,,,,,,,,,,,,,,,,,,,,,,,,,,,,,,,,,,,,,,,,,,,,,,,,,,,,,,,,,,,,,,,,,,,,,13.6304128373793390,13.9890546552698254,786.0000000000000000,117.3773861159999967,117.0000000000000000,255.0000000000000000,964.0000000000000000,-14.3153526970954363,198.6226138840000033,103.6226138840000033,124.5272568000000035,12.6195095162557003,203.2088322785000116,24.4871842413358998,628.7943885893199649,23.6299745151427487,7.5661442776270320,,,,491.9917617877150064,-7.2970725795410090,-109.8919501319630001,0.1912199170124481,0.1251200095481885,,,,,,,,,,,,,30.0190723912114485,30.0190723912114485,53.8178065265702372,-10.5430700000000002,0.0000000000000000,5.2472197872387660,8.3963056255247572,11.6746997514863402,9.7909790979097799,-49.9906472461549924,-13.9995152304349109,9.8128569265822918,19.1787071973855703,113.8454382970041365,32.0610687022900862,-0.5621963461611590,17.7215189873417778,6.0608026216563804,2.5854281670282031,6.9062412278686702,1.6655731165516663,-2.3466598018893392,6.7389550070529491,4.9807514712388201,3.6818891783255703,3.7745707514489357,4.5053350531597536,2.7965502343392457,2.8654716583322193,6.7299999999999915,,,,,,,,,,,,,,,,
"2011Q2",11.1122825735291997,9.0722866452084396,12.9604287047020996,715.9398184931940250,591.4217589034734601,694.1370602669236405,554.1310319671223397,496.6080014773434641,500.4113625866444863,568.5272316602004139,448.4442567818288126,449.5937078248346097,442.0988628288968698,450.0742701451530365,6.6973055253030767,8.7377604576893830,639.8299216938196423,651.8446413863900943,0.2628177197906041,41.3096537666379007,0.4171288068810547,1.6493580000000001,486.8685631099334614,476.3759489107727063,4.6886178368143874,18.7827864519811669,18.9536314458827349,5.1190848372594875,25.5611293659090322,4.6018723946706919,14.9643312253389791,0.1186212620586834,0.0618893245422668,-0.1135110814948849,721.0972695116900013,690.9874779397364364,514.1267559362081556,584.7019407529115824,505.5405174445608054,576.5534436942701859,4.6860993724813582,-4.1875019662984974,3.6857322614763168,4.0962217623545385,231.0460242352867795,1.9114476122038302,1.1915116804171955,15.1986706694586911,-4.3804057432580681,9.0722866452084396,-5.1574452898972263,3.1495768027616173,-17.5187482412279252,-30.5709035244594851,-5.1291457548704793,-8.0262071692933272,-1.4718037921106231,0.4998453563652267,715.9398240624625487,5.7203799430618814,-0.1563643132024565,-4.5341107332183626,11.1122825184320142,15.1986706694586911,0.2940212183694353,-4.3804057432580681,18.9536314458827349,25.5611293659090322,0.1186212620586834,-6.7261216196837514,5.1190848372594875,0.0618893245422668,4.6018723946706919,0.4553233261967392,12.9604289467256653,14.9643312253389791,-0.1135110814948849,-1.8903934087420202,9.0722866452084396,3.1495768027616173,1.1894148430322697,694.1370558802516371,5.9582395451483592,9.1307904456536839,690.9874779397364364,5.9252983453781489,6.1916000160392279,-17.5187482412279252,-12.4788457945980529,496.6080051386062451,29.0779322009859591,5.8274000131864412,514.1267559362081556,9.4761959718805588,9.8874010398637076,-30.5709035244594851,554.1310251300027403,-40.7537222616235510,1.7030227234363338,584.7019407529115824,2.6085067919555422,3.2450590409830680,-5.1291457548704793,-2.9278846903327995,-0.4998438639552815,500.4113706810250619,-43.5926197469337779,8.8004975379310508,505.5405174445608054,8.9767719355653437,9.0863454369666048,-8.0262071692933272,568.5272363542625271,7.5918148308887838,17.8669648484541845,576.5534436942701859,12.5174337843864265,11.9021548217053734,-5.1574452898972263,-3.3352575390576273,715.9398240624625487,-2.2430036965623579,5.7203799430618814,721.0972695116900013,3.9576154623646524,4.6035515190658476,-1.4718037921106231,-0.5887215222479800,591.4217589296931692,2.2654363437213707,3.7319563413169354,592.8935627202772594,5.3356875838421134,5.4020333597080157,448.4442563673514996,10.6272741685662560,9.3363865759173503,4.9012103884969074,449.5937073808231048,9.4239619229440432,7.8877848627479006,4.5147642858088153,442.0988569370203436,17.6764686174607029,16.5386907212137260,7.0059559438111769,450.0742708742115497,7.9725949635830018,9.1357235621272395,4.4198112971928945,-4.0259850416755896,1.1494509093475951,-1.2033138270690840,-0.3864409981879159,0.6186473654888147,0.5308026588537147,-0.6474267907221904,-0.6953244983536681,16.2827054192768621,-6.3453996846152565,7.0492101924145016,2.1047441490206054,-2.1578916653246929,-4.1875019662984974,3.1820765213253175,3.4135108358572346,16.0806680577311951,1.6300141380331317,-2.6546742892454294,-0.4814011191283186,-2.0557154806737250,3.6857322614763168,-0.0037682019227831,0.0052633396660453,42.0438802874233133,6.6973052236885717,8.1348946854950661,-1.1904797780464422,-5.2867021006518495,-3.7566458939615908,-3.5188852502594905,4.0962217623545385,8.7377605074829869,0.2377605105085341,4.6860993724813582,3.3974195141034320,3.9907752768402633,8.0996106133809711,4.6913631140581336,-3.5188861846891850,-3.5188855006290449,639.8299213429762631,1.3537631415518983,3.1985055618772491,640.6216028023094395,1.1915116804171955,1.9114476122038302,231.5458680850075268,7.4223478569074350,3.5927997348524450,5.1749423124842497,231.0460242352867795,0.5635959967705351,0.3946941723964189,0.5354162472543096,0.4998453563652267,651.8446410797097315,203.4003870027904668,19.2295908307646002,18.6455252808245326,-2.2725758859418455,0.2628177686738077,41.3096542580113493,15.4925388117725262,4.9090656905596539,12.7900834140116881,0.4171287987766308,1.6493579918803938,486.8685585590253027,7.0093724013730823,26.2394974291145537,445.5589041445165321,-8.4831690158166477,21.3304327894015522,4.6886137057450883,440.8702906593820785,-4.4516252018838500,-4.7566994346485760,476.3759456010638473,43.1446582590303507,38.8712134268336982,435.0662911357532607,27.6521237540268459,33.9621439693010672,18.7827875325557265,416.2835040410079159,2.5346028366984528,3.5729481035328834,-0.1563643132024565,3.1562218887388394,-0.1052509685978293,0.0000000000000000,-3.7336535453796387,-0.0525723395403475,0.0000000000000000,0.4553233236074448,0.0230576270841993,0.0000000000000000,-1.8903933912515640,2.2407181262969971,-1.5865645408630371,-10.5165438652038574,2.5176520869135857,-0.0374206152395757,-1.1901074033230543,2.0264877676963806,4.7990489006042480,-1.6308103799819946,0.0000009488043147,0.0357607230544090,0.1026584766805172,0.0925500662997365,0.0135991969145834,7.0143496990203857,-0.0242062890320085,-0.1563643058761954,-0.0480584856122732,0.1904742009937763,0.5192286930978298,0.0003256319905631,0.0051064509898424,-0.0049250973388553,0.1250997803872451,-0.0073790147871478,-0.4056234619180570,0.1775133586488664,10.3256697058677673,-0.1179768408183008,1.1567850112915039,9.6553001403808594,0.1914344988763332,-0.2703732368536294,-0.4980093427002430,-35.0000000000000000,,,,,,,,,,,,,,,,,,,,,,,,,,,,,,,,,,,,,,,,,,,,,,,,,,,,,,,,,,,,,,,,,,,,,,,,,,,,,,,,,,,,,,,,,,,,,,,,,,,,,,,,,,,,,,,,,,,,,,,,,,,,,,,,,,,,,,,,,,,,,,,,,,,,,,,,,,,,,,,,,,,,,11.1583303217236107,11.2958963607486851,840.0000000000000000,103.7111650968000021,115.0000000000000000,265.0000000000000000,1000.0000000000000000,-15.0000000000000000,206.2888349031999837,90.2888349031999979,132.9700782109999864,12.9604287047020996,265.5244454174950306,24.0871486141216984,677.5249738623349458,29.8568387151585739,20.1250812242923729,,,,505.6909396138589727,15.9912339757994459,-101.6061707521260047,0.3689530000000000,0.1221723344718683,,,,,,,,,,,,,53.5887559050321585,53.5887559050321585,177.7394506728361989,-5.4411100000000001,0.0000000000000000,-2.2180346724436251,5.9563758389261645,6.1393135444103075,9.4522019334049467,33.7469496920638434,0.1228398245024964,-33.4714365133271343,5.0966417440259981,-35.3334775798174192,7.9710144927536142,7.8873380270226390,18.5483870967741993,11.2125145256236625,5.1156628316927133,11.0996864242847604,4.5674705742985378,19.3350262661703418,7.9991308907936709,8.2990266540631019,4.7788952602900281,1.6183748698555878,3.2502042701745948,6.4938996757918144,3.1675921241123728,6.9266666666666588,,,,,,,,,,,,,,,,
"2011Q3",10.2978319685929005,12.6381191007275007,14.1769502467252000,721.7766917781747225,596.7142260082375742,695.4870311433832057,562.7250995658997681,521.2004314345390412,515.2541859491002469,575.7261642260039025,450.2972165709837782,452.3709014937570601,439.0265645185805283,452.8252952542900971,6.6941880753768643,8.8836045817646152,639.6434254747817931,657.2466746174864056,0.3665770702072351,44.4290930474140282,0.4640217519452000,1.4936110000000000,482.6067798107665112,472.0240951206631053,-1.6278814457866133,10.9328396799076017,19.6704920757381920,4.8042854000428701,25.5622447453946009,4.6144141030890244,15.0534723940982982,0.0101290316904999,0.0052846663782152,0.0035027198646415,722.2170831643165911,692.4755172596784405,516.4855802984383217,585.8260443473450323,507.8946675802858977,579.6974756310066823,4.7135879693113711,-3.4326572290165340,3.6833564747093206,4.0419015707471271,231.2106043474116461,1.9228842384102274,1.0051056587942580,15.1231858473728433,-4.8372676459332400,12.6381191007275007,-0.4403927927806134,3.0115077811945827,4.7148407899470870,-23.1009746044361997,7.3595269835571564,-3.9713215028089559,2.4928591167321450,0.4910147411200054,721.7766902177110069,9.7994038344780172,-0.0385072429755222,-4.9127482253217387,10.2978309671608788,15.1231858473728433,0.0119106598690739,-4.8372676459332400,19.6704920757381920,25.5622447453946009,0.0101290316904999,-5.9018800049209288,4.8042854000428701,0.0052846663782152,4.6144141030890244,0.1845857055116384,14.1769503165766189,15.0534723940982982,0.0035027198646415,-0.8800251634050094,12.6381191007275007,3.0115077811945827,1.9045337993238098,695.4870254270292662,5.3998688764102489,10.2637076342700055,692.4755172596784405,5.9521297275939116,6.0270284143181581,4.7148407899470870,2.8067179557772728,521.2004195920949314,98.3696552269287281,20.9321742144481640,516.4855802984383217,9.4353026577590633,9.6253541168492234,-23.1009746044361997,562.7250710585606157,34.3762382219616285,6.6105159338368864,585.8260443473450323,4.4964279889336458,3.1174605031934037,7.3595269835571564,5.0076636024246524,-0.4910169769859711,515.2541921317084643,59.3713172911797642,20.5824725336346077,507.8946675802858977,9.4166098697435210,9.0504049055067632,-3.9713215028089559,575.7261497820674094,28.7956765261320236,20.3202255316479281,579.6974756310066823,12.5761326381978122,12.2891254193837423,-0.4403927927806134,0.2060246800763463,721.7766902177110069,23.3475081271620049,9.7994038344780172,722.2170831643165911,4.4792714171263555,4.2687783859730111,2.4928591167321450,0.9971436581436263,596.7142259665673691,21.1698683379329040,6.1671128748988586,594.2213668844904078,5.3112166025028209,5.3591367778387902,450.2972170886198455,7.4118418486976694,9.0050331004309996,6.9201652481021485,452.3708996359226830,11.1087620260982973,10.1267309753358621,7.8267091961616027,439.0265688583172050,-12.2891750093631433,3.1786874178835713,2.4496283595559003,452.8252956267124887,11.0040973026382591,9.7423506277400662,6.9601362326613936,-0.2541058499081812,2.0736826030214459,3.6969294585777659,0.9065465699222168,1.6963319244363984,0.3773509402686376,-0.6137993524927756,-0.6609055314525645,11.0734612771062597,-11.2706482356708673,-19.7010036775524036,-4.4705374376397033,-7.8379948801124746,-3.4326572290165340,3.0193574710680928,3.2471391511597711,-10.5593678376933617,2.5280785382367097,3.5922577838114100,0.0399695081939457,-1.1552781648619863,3.6833564747093206,-0.0094972220285817,-0.0010584346304278,-19.7219082379769581,6.6941855851824634,8.1416905211622943,-3.4325456272880750,-7.4744504159204226,-4.9370471864743690,-4.5534421994065042,4.0419015707471271,8.8836045608552485,0.3836046816133656,4.7135879693113711,4.3243906367243374,4.0526828921841815,7.9607271962772801,4.7125298920309291,-4.5534412114732730,-4.5534429116007731,639.6434255303645386,-0.7459773129407317,1.8587268947426347,640.9448524307931621,1.0051056587942580,1.9228842384102274,231.7016199304855775,0.6230156368955417,2.4869299628575003,1.0733477288684379,231.2106043474116461,0.6583224514078662,0.5073805744391496,0.6254063573910894,0.4910147411200054,657.2466728643688612,206.9494551970709608,14.1962544329089777,16.7442219879200493,-2.2508600991986416,0.3665770803200469,44.4290939707921950,12.4777611686487635,8.4549142011843852,10.3782611150672839,0.4640217489391869,1.4936109773850001,482.6067832378223557,-17.0471073237672570,16.8307198245843210,438.1776893385240328,-29.5248697971010969,8.3758066619281948,-1.6278804377030633,439.8055699913775811,-4.2588845786631069,-4.5530260254144608,472.0241335493309407,-17.4072295857530719,37.6918120977532922,427.5950396353554197,-29.8849919964502568,29.2368930157660927,10.9328658173315034,416.6621737962230441,1.5146844154595729,2.8517215369901514,-0.0385072429755222,5.6019757781232808,-0.0208282414823771,0.0000000000000000,-1.1935944557189941,-0.0573625484248623,0.0000000000000000,0.1845856755971909,0.0287823899998330,0.0000000000000000,-0.8800251185894012,1.0882966518402100,16.4716730117797852,10.4852941036224365,-0.4259045422077179,-1.0245386393870146,3.0815806686878204,1.3017697334289551,-16.2687301635742188,1.7224525213241577,0.0000012134238598,-0.6803965494036674,0.1696201115846634,-0.3951377011835575,-0.0580610453616828,-6.7268411144614220,-0.0035147106973454,-0.0385072398930788,0.0713130002841353,0.5270768031477928,0.3229674361646175,0.0081968560116366,-0.0425369711592793,-0.0061052943347022,0.1229062552738469,0.0025813888642006,-0.4037466997734098,0.1195283625274897,-0.3123234510421753,-0.0312637204769999,-4.5348217487335205,-2.7785682678222656,0.0091887959279120,-0.2524227141402662,-0.7664512656629086,-34.0000000000000000,,,,,,,,,,,,,,,,,,,,,,,,,,,,,,,,,,,,,,,,,,,,,,,,,,,,,,,,,,,,,,,,,,,,,,,,,,,,,,,,,,,,,,,,,,,,,,,,,,,,,,,,,,,,,,,,,,,,,,,,,,,,,,,,,,,,,,,,,,,,,,,,,,,,,,,,,,,,,,,,,,,,,8.6862478060679393,8.6027380662274027,876.0000000000000000,144.0886522327999728,153.0000000000000000,302.0000000000000000,1074.0000000000000000,-13.8733705772811913,203.9113477672000272,66.9113477672000130,144.9975852718999931,14.1769502467252000,251.2905868060950070,24.2745767163807002,715.1317176198620018,21.6081329243852451,-3.2421825015185561,,,,495.4170676136109819,-3.9093551847986419,-103.7109893746190039,0.3064153614525140,0.1132185520062904,,,,,,,,,,,,,12.0741528050531741,12.0741528050531741,228.1917481619369994,-3.0570179999999998,0.0000000000000000,26.2981166323412268,10.3697749196141498,5.5483372577855405,10.9504132231404974,167.4325498041334868,22.9780985597343381,41.0243950482098256,6.1289839746921038,81.0698956410180926,24.6478873239436496,33.3700357412884472,23.1660231660231659,7.6934297887278458,7.0975167253053639,11.5502015342373596,8.0512360029622911,-11.5640772034920403,2.6430859801041651,11.6323843671298999,6.8303128545079250,-0.2660808830911798,1.8761060804361795,5.1056269174054369,3.5171165872838639,6.9233333333333258,,,,,,,,,,,,,,,,
"2011Q4",15.6541901644923005,12.3029834435520993,12.7456653970995006,722.0907115366551352,593.9702756956783105,696.0208087537333768,574.0760841941983017,504.4827439569083936,518.3071736790451496,578.9979576336223772,451.8118212840634556,453.2628118571739719,443.6187531166990539,454.2965025415285822,7.3622139870613710,8.1242570690301577,640.1731828524896173,662.1846387107597138,0.4019018266641652,45.2788880776440692,0.6828631733511060,1.2990530000000000,476.3261660411506000,469.1383560491748881,-7.7443088755105123,7.1082072942892296,22.5401150290482377,5.8597457347749637,25.5533275186974222,4.6193377748740030,15.1456509030036290,0.0290282714973286,0.0151451713025824,-0.0237608815473150,723.3528131543188238,693.9710267923852598,518.8263675238774795,586.9274771719980208,510.3481993952331663,582.8507166229803715,4.7401375855601602,-2.7105029984646842,3.6796400030969671,3.9332835448488335,231.3972694343109140,1.9249163984873363,2.0180241064465667,15.0270117936388843,0.5592467831827408,12.3029834435520993,-1.2620980941688829,2.0497939537717285,-14.3436180165134672,-12.8513748327951376,7.9589745552856419,-3.8527468159994189,-1.5670495494841443,0.7919894351907834,722.0907150694320080,6.8686971548690305,-0.0340934736745832,0.4630717655709242,15.6541936955863381,15.0270117936388843,0.0679341368802933,0.5592467831827408,22.5401150290482377,25.5533275186974222,0.0290282714973286,-3.0422451361197229,5.8597457347749637,0.0151451713025824,4.6193377748740030,1.2252632568865838,12.7456652214927164,15.1456509030036290,-0.0237608815473150,-2.3762261758833954,12.3029834435520993,2.0497939537717285,1.1302067683952324,696.0208182341116299,2.1351344911644063,6.1338091835589159,693.9710267923852598,5.9820332533738050,5.9701496875950131,-14.3436180165134672,-9.6303462628887999,504.4827477440086909,-66.8707088242059200,-2.1797662833083091,518.8263675238774795,9.3631579603540089,9.4798880668500569,-12.8513748327951376,574.0760829664601488,45.4040778598973276,12.0967840170717018,586.9274771719980208,4.4057250137037638,3.6966800157093092,7.9589745552856419,5.4625593490143700,-0.7919946726215473,518.3071729160467385,12.2119466238485401,25.9997319915364855,510.3481993952331663,9.8141384134578509,9.2689022981836118,-3.8527468159994189,578.9979659605085089,13.0872387396472227,12.2277309720347116,582.8507166229803715,12.6129658990910318,12.4888972651982755,-1.2620980941688829,-0.1227502032036694,722.0907150694320080,1.2561057589537947,6.8686971548690305,723.3528131543188238,4.5429439550359803,4.3146899180311049,-1.5670495494841443,-0.6268197804428602,593.9702756613866086,-10.9758011623022558,2.5371497801597602,595.5373251907927852,5.2638330775709337,5.3198399270613592,451.8118231905528432,6.0584189195692639,6.0555619729551067,7.4954379822034554,453.2628123686406525,3.5676502945691322,3.7696436891734004,7.9387819221977267,443.6187537661875240,18.3687466969646174,17.2712755849827886,5.3453445972240186,454.2965038808965801,5.8848372298475375,6.0879485540805689,7.4305530302991958,-0.8512781925312720,1.4509894540313300,-2.4907750675207510,0.4433410910557500,1.2203169438991228,0.2306722369898919,-0.5867117874180487,-0.6304580025738387,4.7715686164548519,-8.1930692869860593,12.3103251188013001,-2.1500955930677188,-5.4825554386954636,-2.7105029984646842,2.8885904881180076,3.0999929664946198,-16.2188420983505530,2.4846808380166241,-0.1735845976689830,-0.0648874284554481,-1.1949577614980547,3.6796400030969671,-0.0148687170352720,-0.0067128886404646,-9.9551154328790989,7.3622177425091690,8.0867089488984760,3.5925710535881645,-0.3407136588975437,-0.1004780946319244,-0.4762223254265532,3.9332835448488335,8.1242570571965196,-0.3757428482126363,4.7401375855601602,0.8070294552077488,4.1096793047408404,7.8401301064028139,4.7334241444475627,-0.4762215338648930,-0.4762197917434015,640.1731821732753360,2.1190324237218894,1.6659769861532407,641.0029709572027059,2.0180241064465667,1.9249163984873363,232.1892581676743532,1.9505777162446121,3.0604457627701658,1.0591566221575830,231.3972694343109140,0.7466464887518387,0.6075333384650612,0.7093142729744533,0.7919894351907834,662.1846397192811082,210.3728188027528745,13.6934388854928706,16.2162569021680056,-2.2541292034422349,0.4019018193373566,45.2788886129117500,3.3991827357067015,9.3332499194396554,3.1153995382856108,0.6828631696168265,1.2990529994036100,476.3261643334047903,-25.1224675789899408,0.3797396460671578,431.0472756565156374,-28.5216515960146566,-8.9535086507003996,-7.7443102963922348,438.7915858821231723,-4.0559363829012165,-4.3530695115316602,469.1383537382782833,-11.5430359608288313,22.1840189763663140,423.8594641777556831,-14.9422086926537929,12.8507609905755231,7.1082152742613252,416.7512498657055175,0.3563030250804474,1.9437916720613886,-0.0340934736745832,3.4839238931883489,-0.0308070424944162,0.0000000000000000,1.0890724658966064,-0.0643564590718597,0.0000000000000000,1.2252632826566696,0.0327142315218225,0.0000000000000000,-2.3762262165546417,0.2507958412170410,-17.2729341983795166,2.8963152170181274,0.2825451120734215,-1.0602933154344418,-2.5641931090503931,-3.3844450712203979,12.4670085906982422,-1.5239056944847107,0.0000010750299171,0.4350268449634314,-0.7209870480000973,0.0919669382274151,0.0135135147720575,2.8116703182458878,-0.0263280375511386,-0.0340934665873647,0.0380167113617063,0.5067566223442554,0.3040365949273109,0.0100063999416307,-0.0268572019413114,-0.0063217619317584,0.1212401591474190,-0.0056794917181833,-0.4315534375933927,0.0573193440213799,-6.9790786504745483,0.1430293581215665,-6.7350242137908936,-0.8727645874023438,-0.0451968507841229,-0.2229395585600287,-1.0069161877036095,-33.0000000000000000,,,,,,,,,,,,,,,,,,,,,,,,,,,,,,,,,,,,,,,,,,,,,,,,,,,,,,,,,,,,,,,,,,,,,,,,,,,,,,,,,,,,,,,,,,,,,,,,,,,,,,,,,,,,,,,,,,,,,,,,,,,,,,,,,,,,,,,,,,,,,,,,,,,,,,,,,,,,,,,,,,,,,6.2141652904123248,5.9095797717061771,866.0000000000000000,133.5564324791999979,139.0000000000000000,297.0000000000000000,1096.0000000000000000,-14.4160583941605847,253.4435675208000021,104.4435675208000021,139.2058766989999867,12.7456653970995006,333.3144311244899995,28.4100467051030989,751.3310651936469640,19.7518563730932328,3.8333451542093968,505.8922152272460266,510.6505237344920261,-211.9467215153669883,578.5539096570130368,171.8920555307742006,-165.5298810984230045,0.3312684068430657,0.1063005058933497,,,,,,,,,,,,,111.7985839871149807,111.7985839871149807,301.7123110485875372,-1.3700646850000000,0.0000000000000000,1.2640008399200431,7.1097372488408084,2.1580670160129323,5.8823529411764719,-48.7629610815025956,2.0777859763808637,57.4660014446169782,10.2737370396855709,12.9889125854877321,30.2325581395348948,13.9821574208610642,12.4161073825503454,6.2457040494426463,7.8266488641069332,3.8996933932556432,8.3900336733927716,20.1640304619387969,5.1374879175348109,6.0614324314956836,7.7400054267408036,1.5945295446940566,1.6799300465305977,-0.2881243579993642,3.5244460715588621,7.6400000000000023,,,,,,,,,,,,,,,,
"2012Q1",11.4268983005035007,8.9042701076946305,12.9492807963078000,724.8821272674074407,596.8110375537195296,696.9301776065676677,580.2238094583320844,518.0898822461384725,521.5145878985143781,582.6408277354521488,453.4657630959709422,453.1433935321770718,454.3538251549688312,455.0884304682656989,7.0015765118190343,8.2762544868789227,640.6483262720545326,668.9093770369033791,0.2419895992927295,45.3788741536116262,0.7622871945547782,1.1141179999999999,479.1752814601374553,477.3144359547313229,-4.0334823155266122,15.4124720250470091,23.4127565090873269,0.9634293338756049,25.5481566866540319,4.6087438170310069,15.2448870828479777,-0.0079607450961984,-0.0041534879559606,0.0041740017406469,724.5360152320216685,695.4796115403864860,521.1590588764689755,588.0907922734302247,512.9099329104105891,586.0000784246060448,4.7678731771497365,-2.0271617591247204,3.6746284624084598,3.8295455655863284,231.6039531893149785,1.9300221713561423,2.1884832628097826,14.9120164448860812,-3.4688250575445059,8.9042701076946305,0.3461185118014194,1.4505590875697703,-3.0691779692369865,-7.8669706585783796,8.6046448463421186,-3.3592402842163778,-0.0368031469519741,1.2798546117186289,724.8821336375302735,8.3815458398090321,-0.0102180574836974,-3.5838211292709508,11.4269050034083541,14.9120164448860812,-0.0162879093738564,-3.4688250575445059,23.4127565090873269,25.5481566866540319,-0.0079607450961984,-2.1274415845854482,0.9634293338756049,-0.0041534879559606,4.6087438170310069,-3.6411614503322798,12.9492810253190331,15.2448870828479777,0.0041740017406469,-2.2997807328046602,8.9042701076946305,1.4505590875697703,0.9611582897195239,696.9301727364879753,3.6374352164386714,4.2826668761658704,695.4796115403864860,6.0343169578564444,5.9734449686501190,-3.0691779692369865,-2.0494011956272264,518.0898824982357382,54.4285630052621130,28.7513697973855784,521.1590588764689755,9.3307873673745210,9.4013605857527889,-7.8669706585783796,580.2238208069423990,24.5910247455870419,15.9043214741981593,588.0907922734302247,4.6532839983803749,4.0409826966466245,8.6046448463421186,5.9443673294168580,-1.2798568740097758,521.5145741596732023,12.8296243616872765,10.2050502094676769,512.9099329104105891,10.2469618865959919,9.6136185318411762,-3.3592402842163778,582.6408389634909781,14.5715237426294202,16.0115488638065848,586.0000784246060448,12.5974584835448322,12.5760001781660691,0.3461185118014194,0.9377208414779115,724.8821336375302735,11.1656603674951871,8.3815458398090321,724.5360152320216685,4.7327764299026143,4.4281476663206982,-0.0368031469519741,-0.0147213316378857,596.8110375310919835,11.3630471365885004,5.9556376082603713,596.8478407581802685,5.2420624286325079,5.2882000042407400,453.4657632759608532,6.6157610604631492,4.6810823480348009,7.6783191822511840,453.1433934174827982,-0.4776667106966662,1.3337536888267616,5.9056740463685129,454.3538268169229468,42.9402803076574529,21.0905092223563386,16.6740819936253502,455.0884327846555948,3.1677162144648099,4.7611249840196201,7.0073093736138459,0.5328705325940413,-0.3223698969823600,-7.0934358102693658,-1.7726475212773503,-0.4143791786825857,0.0920084069428064,-0.5546538727975611,-0.6006466174424613,1.4737734158979936,0.8880634755080493,36.3245219468795000,8.9957623349743425,2.9152262485811056,-2.0271617591247204,2.7333420346444730,2.9558444886620632,19.6050784284509021,1.6226694212753821,-3.4480463618832484,-0.6710124046628528,-2.0519577870458363,3.6746284624084598,-0.0200437891539285,-0.0120441016228178,35.2255878001058775,7.0015758509301254,8.0427644544989629,5.6678186024804251,1.8382731932934562,0.8852733442449179,0.6615277867488270,3.8295455655863284,8.2762544960235136,-0.2237454096878762,4.7678731771497365,-0.7370596301263688,4.1672261665069774,7.7237175433614933,4.7558284234957604,0.6615271191363383,0.6615271961564675,640.6483262619561856,1.9005707301620220,1.1568456774375635,641.5893892214481866,2.1884832628097826,1.9300221713561423,232.8838062859945524,2.7781975708778357,3.1935281585321240,1.3282169261247567,231.6039531893149785,0.8267424800304353,0.6988258504158648,0.7854055576678327,1.2798546117186289,668.9093757347438896,215.4436133952626733,20.2831857167283900,16.8506208574720873,-2.2506245162452903,0.2419895493551759,45.3788736015522431,0.3999475390852069,7.9423561732746446,0.7160091116991354,0.7622871934828761,1.1141179946278899,479.1752808194258932,11.3964696012133242,-5.9409324378964739,433.7964071262097718,10.9965223029420187,-13.8832871796548609,-4.0334821530393654,437.8298891743734202,-3.8467855428903315,-4.1533074796546021,477.3144810898807009,32.7045174651574371,11.7246925265914612,431.9356066793752689,32.3045862108821566,3.7823463185294672,15.4125141877190508,416.5230930534507934,-0.9126327757198238,0.8732457174570867,-0.0102180574836974,0.2527783859185799,-0.0275007244199514,0.0000000000000000,0.0021238327026367,-0.0796251965221018,0.0000000000000000,-3.6411614120006561,0.0406911032623611,0.0000000000000000,-2.2997807711362839,0.4735145568847656,6.7886786460876465,3.1027343273162842,-2.0239690542221069,-1.5596307150519544,0.5900165000930429,-2.9302558302879333,23.5040502548217773,-3.2168235778808594,-0.0000000797681343,-0.4576561711728573,0.1144230552017689,-0.0303313992917538,-0.0044568553566933,6.8290750980377197,-0.0198811404407024,-0.0102180670946836,0.0741842053830624,0.5619282852858305,0.2535377508029342,0.0138478325097822,-0.0644157342612743,-0.0066616648109630,0.1174283490399830,-0.0024025739985518,-0.4154172674426615,-0.1357981562614441,-2.7154510021209717,0.0145540323574096,0.7679903507232666,10.2235145568847656,-0.0550296874716878,-0.1964421435259283,-1.2333136945962906,-32.0000000000000000,,,,,,,,,,,,,,,,,,,,,,,,,,,,,,,,,,,,,,,,,,,,,,,,,,,,,,,,,,,,,,,,,,,,,,,,,,,,,,,,,,,,,,,,,,,,,,,,,,,,,,,,,,,,,,,,,,,,,,,,,,,,,,,,,,,,,,,,,,,,,,,,,,,,,,,,,,,,,,,,,,,,,1.0046076111128457,-0.5777957278587849,889.0000000000000000,164.5178318103999970,136.0000000000000000,316.0000000000000000,1114.0000000000000000,-16.1579892280071817,240.4821681896000030,93.4821681896000030,148.4614039820000073,12.9492807963078000,236.9285185190600203,24.9539343565570988,803.5936816621849630,26.8989533045746612,4.1928585396227049,506.5659374753440716,495.6017917647309901,-180.0109333815329933,611.4961392542819567,0.6564729493898085,-160.8383413607890020,0.3534201077199282,0.0984455757238678,,,,,,,,,,,,,17.9217526414079984,17.9217526414079984,76.4079375829434184,-8.3370899999999999,0.0000000000000000,11.8128861953668682,8.4430673896204400,3.7044410336949385,4.8096192384769587,72.3376644203152210,32.9244198605981993,27.8783212486461771,16.4083757151817444,13.6890118819664721,9.8265895953757223,15.6866207468241203,18.2795698924731234,6.8395160396821586,7.9478590473719191,-1.6707534732392948,6.1241190263610301,53.6339872689443240,17.5821289815424322,3.2184176843128576,7.4993163700075582,1.5813934259597984,1.1635642831968607,-5.1098827575754679,1.4619710471638347,7.2525089605734783,,,,,,,,,,,,,,,,
"2012Q2",9.8089638873476002,7.5012052938389298,13.5879536314812004,725.8071528045961713,598.1705309948762306,699.9162882349625079,584.5560936411575312,506.4407203638953092,512.9948885419087219,588.1765035439341318,455.2176579389587232,454.3468399194117637,458.3751667624241577,457.8313203395879327,8.1724369809889765,7.3597053001706509,641.3380484143074227,674.8555072559397559,0.0963353877940776,43.9457844875751036,0.7309222432408695,0.9304610000000000,477.4803220099911982,469.0866133179179656,-3.3826410687199768,9.1864502787305469,24.2986486837511784,-0.9017197420584733,25.4745888562070810,4.6321587568999281,15.3514723927355430,-0.0026453139914958,-0.0013801856441176,0.0314718148988137,725.6921350453632158,697.0049316972144879,523.4807536830574008,588.9639587202696021,515.5850071368734007,589.1373188543608421,4.8080998218483861,-1.4062107488968216,3.6678514100569992,3.7425208022954761,231.8316261317683598,1.9469031674781909,4.7674165893671407,14.7552791062741289,-4.9108142070125265,7.5012052938389298,0.1150104084570323,2.9113606712402653,-17.0400358382519883,-4.4078651780910816,-2.5901281362285751,-0.9608197288417260,0.0201492635246943,-0.8946333163396106,725.8071446997796556,9.8673480529548918,0.0070312000966468,-5.0675528595703607,9.8089703836833628,14.7552791062741289,-0.0354979056939471,-4.9108142070125265,24.2986486837511784,25.4745888562070810,-0.0026453139914958,-1.1733025430158051,-0.9017197420584733,-0.0013801856441176,4.6321587568999281,-5.5324991277476538,13.5879540875914326,15.3514723927355430,0.0314718148988137,-1.7949891456345313,7.5012052938389298,2.9113606712402653,1.4632478138277256,699.9162940340013392,11.9444629455082314,5.7792304588159240,697.0049316972144879,6.1012362388180863,6.0174288830147002,-17.0400358382519883,-11.5443179252130506,506.4407173262142123,-46.5966506669599667,9.8327255413047414,523.4807536830574008,9.2867694925475845,9.3540055181820954,-4.4078651780910816,584.5560997640848200,17.3292357630619911,30.4250846450924293,588.9639587202696021,3.4926761762552916,4.2620288299927402,-2.5901281362285751,-1.9791377677265087,0.8946309215173120,512.9948812055152985,-34.0787799775425242,12.5835258077923609,515.5850071368734007,10.7002841701004474,10.0444951269178073,-0.9608197288417260,588.1765038545339621,22.1426735184558545,19.6492662391790986,589.1373188543608421,12.5489602293922093,12.5838785202527976,0.1150104084570323,-1.0008116468937849,725.8071446997796556,3.7001009278215795,9.8673480529548918,725.6921350453632158,4.6244830435606543,4.5948641102962720,0.0201492635246943,0.0080596682755853,598.1705309980932270,5.4379738494051146,6.7487720869044772,598.1503817963066467,5.2101641452812641,5.2568190725284438,455.2176576424925543,7.0075674989118237,3.6395419922299372,6.7733981592109060,454.3468387048715726,4.8137568079371684,2.7043211996977345,4.7531316566359614,458.3751703785810605,16.0853591387527715,7.5535827019395736,16.2763006747588115,457.8313199761357168,10.9715524287948174,5.2264495201197469,7.7570500303752841,-0.0869101925939249,-0.8708188593996974,-2.1937958927788825,-2.0202675274846014,-0.8370148945612343,-0.0338033039960336,-0.5032417673789025,-0.5646016478536312,-3.8841572320850748,3.1575129436392588,9.0777959140878171,9.5029087631112166,4.5637195139900992,-1.4062107488968216,2.4837889080657343,2.7812737563659056,1.7062420211098672,2.6136624437335043,3.9639871017872728,0.9836487385391695,-1.0541839049160195,3.6678514100569992,-0.0271228967002648,-0.0178807801410646,-28.3122819498831646,8.1724338573470003,8.0473786213460414,5.4681166788955347,1.7255954548582511,2.4025349089431662,1.2622405336453844,3.7425208022954761,7.3597053229376650,-1.1402945956609754,4.8080998218483861,-2.7311320680415170,4.2434980638122841,7.5893740573056405,4.7902188428480317,1.2622394948311721,1.2622405219517492,641.3380475201187210,2.7588865721140277,1.5081270436962939,642.3245484347160073,4.7674165893671407,1.9469031674781909,230.9369936628109770,-7.7872349488429098,-0.6088722666236817,-2.0108872337107235,231.8316261317683598,0.9106912019335747,0.7856027360735353,0.8651566159341548,-0.8946333163396106,674.8555077071315509,219.6378496355464449,16.7769264693183118,16.2374565966085136,-2.2269156935660392,0.0963353758570676,43.9457846963748722,-5.7323528198380123,2.6361334331511403,-4.1898298320367884,0.7309222430160482,0.9304609995096248,477.4803220113321913,-6.7798306425000101,-9.3882339413594487,433.5345373294101705,-1.0474781999772755,-12.0243681105270461,-3.3826402830210518,436.9171776745299667,-3.6508472495275153,-3.9531129871059920,469.0865965645920141,-32.9114304728762121,-7.2893641338199071,425.1408121108578371,-27.1790749509843934,-9.9255007865121758,9.1864286669873909,415.9543834746305606,-2.2748394834115748,-0.3291193929774640,0.0070312000966468,0.5490702399916145,-0.0961594246327877,0.0000000000000000,0.3159060478210449,-0.0461464035324752,0.0000000000000000,-5.5324991345405579,0.0490316775976680,0.0000000000000000,-1.7949891537427902,2.5784800052642822,-14.1817126274108887,-8.0331153869628906,1.6647140532732010,1.2808058741946340,0.0348704643547535,3.8881506323814392,-2.2708053588867188,6.5902079939842224,-0.0000000149348375,1.2233090288937092,-0.9389238320291042,-0.3242746535688639,-0.0476485125254840,0.7818371355533600,0.0006734279158991,0.0070311902090907,0.0609179120510817,0.6040666736662388,0.2197715407237411,0.0291124661453068,-0.1742451041936874,-0.0090831112611340,0.1252858705993276,0.0098831752547994,-0.4298990361125821,-0.1311348360031843,-6.4483630061149597,-0.0922637456096709,-0.8818812370300293,-2.0646934509277344,-0.0722451894544065,-0.1887397109530866,-1.4534642025828362,-31.0000000000000000,,,,,,,,,,,,,,,,,,,,,,,,,,,,,,,,,,,,,,,,,,,,,,,,,,,,,,,,,,,,,,,,,,,,,,,,,,,,,,,,,,,,,,,,,,,,,,,,,,,,,,,,,,,,,,,,,,,,,,,,,,,,,,,,,,,,,,,,,,,,,,,,,,,,,,,,,,,,,,,,,,,,,0.3240797737880712,-0.7820790048487822,921.0000000000000000,112.6030281408000064,124.0000000000000000,319.0000000000000000,1144.0000000000000000,-17.0454545454545467,305.3969718591999936,131.3969718591999936,159.1633686399999874,13.5879536314812004,297.8198894965728982,23.0522263988833984,852.8256007135120171,23.7845208761455069,7.9142390616377298,513.5733094730510402,425.7253239362399881,-105.8243507714870049,522.1722776653599567,-149.4540892868626543,-73.7692601898632034,0.1764571678321679,0.0914134623782729,,,,,,,,,,,,,15.6619319779792647,15.6619319779792647,163.8288450185913803,-10.1376899999999992,0.0000000000000000,3.7694080829201004,10.7680126682502042,12.6870616645468282,5.8881256133464177,-37.2471678600133203,6.2461228233426924,18.9212552275853199,40.4621966452439281,-28.8790313021475278,12.7516778523489869,24.7856191751493853,21.0884353741496611,7.2589473719166353,7.0553001578395058,5.9856116022181327,4.7807626889577293,17.4513083041401913,18.4617697762455606,11.5960640371542070,8.1226506004490560,3.2714306553472294,1.5195563369290621,-9.3441228103277716,-2.6378606996564580,8.5156666666666769,,,,,,,,,,,,,,,,
"2012Q3",10.6835796596680996,6.4813683993949098,13.9312575514232009,728.6911391580712234,600.3493568695580507,704.6533969746005823,570.9502779688237979,539.7419748405616247,520.1249359889110337,597.4666734261378451,455.8656733417900000,455.0389387664070568,458.7805501805825088,458.5401585203626951,9.3559101378150018,6.2703632206795117,642.4509531959324704,673.0943165412081726,-0.0358179245938928,42.2091465868077265,0.7040821805632425,0.7067220000000000,481.6983713462482228,469.5729388661454209,3.4415899067293481,12.3323036186840795,20.0112793347353417,4.6035533200225167,25.4515256493655961,4.7160286158133706,15.4617235842639200,-0.0381405115719082,-0.0198994459024412,0.1376085077415542,727.0328673451767827,698.5749194311240444,525.8232885895872641,590.2159867068666017,518.4486319026706269,592.2165000113477618,4.8538812746918989,-0.8511862837463036,3.6588567610270073,3.6069709317640033,232.0783644482002330,1.9626505388084579,6.6346784107447707,14.7058316314356539,-3.8266104216270778,6.4813683993949098,1.6582827272759708,6.0784702098923233,13.9186774984883055,-19.2657415873354836,1.6763011830349941,5.2501584893233950,0.9053742866971656,-2.4572022952432735,728.6911498353624665,6.9144637339467447,0.1221563247495123,-3.8760635502200840,10.6835770811171091,14.7058316314356539,-0.1956485635416462,-3.8266104216270778,20.0112793347353417,25.4515256493655961,-0.0381405115719082,-5.4021054468278162,4.6035533200225167,-0.0198994459024412,4.7160286158133706,-0.0925765997283551,13.9312576654160285,15.4617235842639200,0.1376085077415542,-1.6680745714790728,6.4813683993949098,6.0784702098923233,3.5355069091565401,704.6533905376396660,18.9483846234115916,9.1663522462136804,698.5749194311240444,6.2799339318681815,6.0993831566967796,13.9186774984883055,8.4443774232906019,539.7419642149734500,133.2049823427092292,18.5415468633722504,525.8232885895872641,9.3701322133784704,9.3377137517729292,-19.2657415873354836,570.9502446217049965,-54.4232685163580214,8.2251636167438082,590.2159867068666017,5.0081026400797164,4.3899433159398571,1.6763011830349941,0.4960393690664433,2.4571973838051377,520.1249319772094850,28.5201980858600699,4.8707599711450467,518.4486319026706269,11.4545243537317578,10.5539755620261282,5.2501584893233950,597.4666623294784813,37.1606378003599360,21.7405048480329093,592.2165000113477618,12.3167331674629512,12.5190322486521808,1.6582827272759708,0.7733328051087842,728.6911498353624665,11.5360454787342306,6.9144637339467447,727.0328673451767827,5.3629222434084873,4.8157815538568904,0.9053742866971656,0.3621496879177152,600.3493568879191571,8.7153035224734374,3.6351308890184386,599.4439825979985699,5.1744032298653355,5.2226157097503796,455.8656718458118462,2.5920574610563647,1.3781917741913072,5.5684539352552376,455.0389369384466249,2.7683767717129943,1.7300783044673558,2.6680345743229203,458.7805448879819323,1.6215232162919067,-0.8149191653878569,19.7539703461749738,458.5401557691358221,2.8353503979753376,2.4618321270429231,5.7148646325853996,0.8351944203855466,-0.8267351194103488,0.1763312716160422,-2.9004199047377193,-0.6807351577299079,-0.1460021284007855,-0.4487941474986231,-0.5233497619574647,-3.4818788014975448,2.9148729013224148,-0.9705355366239083,14.1855262705663598,3.7660690317856664,-0.8511862837463036,2.2201054752253793,2.5814525618686983,26.4839280784621245,2.6744837415659717,0.2432967439074571,0.1464074168896410,-0.9843658726107805,3.6588567610270073,-0.0359888742361382,-0.0245029776677631,9.5143307173320260,9.3559093058693286,8.0120575007007506,7.6258249069202924,4.0188587408894367,4.1101617555793091,1.8805241370561150,3.6069709317640033,6.2703633159276544,-2.2296366396601202,4.8538812746918989,-3.9067836516841128,4.3305309791200930,7.4353351699354491,4.8293777826347393,1.8805248925474680,1.8805230622652620,642.4509533640618884,4.4516153642229916,2.8075276672850511,643.2247622987871409,6.6346784107447707,1.9626505388084579,229.6211624387678398,-5.2633144354805097,-2.0804516032637883,-0.9027596374804516,232.0783644482002330,0.9869456883948400,0.8677579446242177,0.9375984951287675,-2.4572022952432735,673.0943150357361446,217.2286427636371116,-9.6368290802762875,10.2791794879639937,-2.2028968223009131,-0.0358178936845049,42.2091458781179441,-6.9465474454960843,-2.2199430353391127,-5.1611852816842045,0.7040821756930439,0.7067220056890472,481.6983672006432471,16.8721881790270913,-0.9084114571282624,439.4892212318219435,23.8187350702384606,1.3115309799341670,3.4415858270332049,436.0476356506522961,-3.4781699926685743,-3.7579351050937286,469.5729315235012677,1.9452901307335608,-2.4511783742688689,427.3637859829137824,8.8918287606411113,-0.2312307671424696,12.3322946291741307,415.0314911401142695,-3.6915696788611108,-1.6306819261796683,0.1221563247495123,0.2307657524754454,-0.0493336748331785,0.0000000000000000,-4.5807943344116211,0.0154789299704134,0.0000000000000000,-0.0925766229629517,0.0537667487515137,0.0000000000000000,-1.6680745929479599,4.4300935268402100,25.4325029850006104,3.8620606660842896,4.7447836548089981,1.0243018031305939,0.8973145671188831,-0.2557924985885620,-4.5042400360107422,-2.3021091222763062,0.0000011357845579,1.4403961226344109,-1.2033714875578880,-0.2569142226129770,-0.0377506555523723,-25.7039305716753006,0.0033543774916325,0.1221563313156366,0.1860977532342076,0.9276512525975704,0.0336178410798311,0.0386896611307748,-0.2133302390575409,-0.0115784845838789,0.1217888610262889,0.0104377235402353,-0.4401413256489448,-0.1263732616789639,-2.7567176222801208,-0.0893070842139423,5.5388231277465820,5.6261892318725586,-0.1306928708218038,-0.1924055619165301,-1.6442141160368919,-30.0000000000000000,,,,,,,,,,,,,,,,,,,,,,,,,,,,,,,,,,,,,,,,,,,,,,,,,,,,,,,,,,,,,,,,,,,,,,,,,,,,,,,,,,,,,,,,,,,,,,,,,,,,,,,,,,,,,,,,,,,,,,,,,,,,,,,,,,,,,,,,,,,,,,,,,,,,,,,,,,,,,,,,,,,,,-0.3564480635366749,-0.9863622818388649,1023.0000000000000000,177.4453599999999938,152.0000000000000000,373.0000000000000000,1210.0000000000000000,-18.2644628099173545,230.5546400000000062,95.5546400000000062,159.3651000000000124,13.9312575514232009,284.6870057940524248,24.6093620643519984,837.9372067640759951,-7.0447628589263331,4.3699464648078390,517.2507692648219972,384.7960080260190239,-139.0717241773130013,485.1434831554020093,-66.7358892802963055,-106.1843055518770029,0.2736611570247934,0.0937560783821998,,,,,,,,,,,,,56.0006792284660975,56.0006792284660975,128.3257211596987304,17.5771000000000015,0.0000000000000000,12.2276772108300680,7.1376547705753746,20.8626208340306327,9.6834264432029684,278.8803155310756665,19.7917534536259154,-41.9713090902581882,8.3972193023136974,33.0030531360186359,5.6497175141242861,45.0062697696187470,24.7648902821316668,2.6259476773636159,5.6680236830682240,2.7208612854890069,2.6581682473632684,1.6347518791329341,21.8083752957550772,2.8759314572891270,5.6218160519025506,5.0691721537621248,2.8473102094731750,-4.3889623543669876,-4.8062910621264994,9.8075499198878813,,,,,,,,,,,,,,,,
"2012Q4",6.9666753453168004,7.2904164216995300,15.0916600955804991,730.3377551758195523,604.0746021733046973,702.0296173361202818,550.5335183499511231,568.0707878321230737,525.3302972768614154,590.7077468896418395,456.2674994016131222,455.8518751195881009,456.7341643602860586,459.9419234741286004,10.7074046724567129,4.6362092164822126,644.3940141459753477,675.6944114639593408,-0.1552876642507286,42.1007078551450249,0.5403043901015757,0.5196840000000000,479.4977561285888896,470.1161624592025419,2.1837229108906513,14.2689313126435309,14.2748138623368970,7.7835202957298826,25.5848802392450381,4.8010503725437150,15.5759339461098669,-0.0377852945992496,-0.0197140916619163,0.0277741065151517,728.6949117774398701,700.1956362756632188,528.1811839015989563,592.3909333097711851,521.5122483867774008,595.2228746401304988,4.8613019339794556,-0.3080200813867571,3.6498009357712546,3.4170269996519416,232.3324520065444574,1.9318155768275302,6.2300287393063583,14.8100012969207224,-7.7580541175533231,7.2904164216995300,1.6428411709556965,1.8339817542849479,39.8896021213170471,-41.8574239759302742,3.8180410543215602,-4.5151229770950003,3.3483934258512376,-1.6896022747784936,730.3377536901343774,8.2470320985797620,0.1553283395013407,-7.6538851463306017,6.9666735649161637,14.8100012969207224,-0.0852739210793369,-7.7580541175533231,14.2748138623368970,25.5848802392450381,-0.0377852945992496,-11.2722750697210952,7.7835202957298826,-0.0197140916619163,4.8010503725437150,3.0021827729427328,15.0916602060689939,15.5759339461098669,0.0277741065151517,-0.5120466561996450,7.2904164216995300,1.8339817542849479,-0.1973046415850752,702.0296206987750338,-10.4950765136192210,6.0088131948430235,700.1956362756632188,6.4828690458936080,6.2245931622882065,39.8896021213170471,24.1456362159440587,568.0707859962880093,113.3152579951384666,63.5880415980504594,528.1811839015989563,9.4315676252985376,9.3548157362243920,-41.8574239759302742,550.5335273339767355,-81.6669319814385659,-23.5425618355095168,592.3909333097711851,8.6998120845938018,5.4634660092152059,3.8180410543215602,2.2079671166002179,1.6896044469436016,525.3302917537105259,20.8214541325551785,7.0231337908774041,521.5122483867774008,12.2544664594676753,11.1640571626689962,-4.5151229770950003,590.7077583892474877,-27.0356456493789103,11.7098100843385708,595.2228746401304988,12.0255049498826185,12.3721681530558847,1.6428411709556965,-2.3936485271268144,730.3377536901343774,6.5864395819925825,8.2470320985797620,728.6949117774398701,6.6482095923241316,5.3420973245602674,3.3483934258512376,1.3393574041739960,604.0746021477016257,14.9009811990733336,10.1043265014833175,600.7262086747125522,5.1289041164057467,5.1888834378189230,456.2674998832612800,1.6073177699945689,0.6461508638588680,4.4556775353844040,455.8518746846876297,3.2517574168507046,1.4013171217628906,2.5890639592095677,456.7341678521154336,-8.1855334503797383,-4.4849411149461318,13.1154118101991912,459.9419245657792885,5.6070695438963298,3.9619764633763195,5.6454206882688887,0.9763537317005864,-0.4156252402145100,1.6444438059485416,-1.8666130686994262,-0.1598458482643141,-0.2557791109273771,-0.4391056861593668,-0.4864497720895575,6.3221509172027108,0.4666679027894342,-9.7928380560007611,8.6597376880920631,0.7747029393152847,-0.3080200813867571,2.1726530753732867,2.4024722913055823,3.9024577658587614,3.6744245033593064,3.9997540274889896,1.1897401021977538,0.0246218473657893,3.6498009357712546,-0.0362146714466945,-0.0298381027223598,14.4715859343098963,10.7074028221575865,7.8392224555690015,9.3060880501851013,5.8890603201873564,5.3273502307660170,1.4635578316539020,3.4170269996519416,4.6362091876052069,-3.8637907733026906,4.8613019339794556,-4.1043779590127025,4.3748511198088451,7.2637720971895856,4.8314630237545941,1.4635582954036552,1.4635595868648483,644.3940140201734721,7.7722425979707292,4.2208302644369260,644.4467210320912045,6.2300287393063583,1.9318155768275302,230.6428480477151766,4.0867401757378792,-1.5464125981937555,3.1246378658837610,232.3324520065444574,1.0163446218463976,0.9351826029422388,0.9655274638857714,-1.6896022747784936,675.6944143990398288,219.4269132402441187,8.7930782041787161,9.0540904676362413,-2.2665869204496087,-0.1552876175951635,42.1007086192952400,-0.4337478030744264,-3.1781773202921242,0.0490548764983516,0.5403043950329596,0.5196840164866490,479.4977598152096903,-8.8024357673376272,3.1716008253236563,437.3970510557467719,-8.3686890394547238,6.3497775328368027,2.1837247671590334,435.2133264432361557,-3.3372362210447371,-3.5782589157698363,470.1161530280450620,2.1728622205738404,0.9777917644620597,428.0154437781410479,2.6066207488670869,4.1559629319203699,14.2689340120442161,413.7465100939981539,-5.1399184078821261,-3.0047522640637809,0.1553283395013407,1.5497322220020751,0.1059305984526873,0.0000000000000000,-7.4908103942871094,0.0208246679976583,0.0000000000000000,3.0021827816963196,0.0588245164835826,0.0000000000000000,-0.5120466798543930,-1.5338442325592041,31.8083322048187256,3.1129527091979980,-0.9764581471681595,2.2718080864134240,2.9862438170239329,0.7939467132091522,-1.6099581718444824,1.2207618355751038,0.0000002680593343,1.9009835999459028,-1.8571177255362272,0.7096654297783971,0.1042773774825037,12.4527232423424721,-0.0819526820268948,0.1553283412940800,0.1683387383818626,1.0110645592212677,-0.0369949648156762,0.0049069287197199,-0.0234677828848362,-0.0038245799587457,0.0787462491134647,-0.0345699106837856,-0.4570316983210470,-0.1216188208200037,4.7274369001388550,-0.2275868628639728,0.0499405860900879,5.2663545608520508,-0.1163657389115542,-0.2068830332718790,-1.8174998164176941,-29.0000000000000000,,,,,,,,,,,,,,,,,,,,,,,,,,,,,,,,,,,,,,,,,,,,,,,,,,,,,,,,,,,,,,,,,,,,,,,,,,,,,,,,,,,,,,,,,,,,,,,,,,,,,,,,,,,,,,,,,,,,,,,,,,,,,,,,,,,,,,,,,,,,,,,,,,,,,,,,,,,,,,,,,,,,,-1.0369759008615347,-1.1906455588289475,943.0000000000000000,272.2070256143999814,152.0000000000000000,335.0000000000000000,1235.0000000000000000,-14.8178137651821871,201.7929743856000186,48.7929743856000044,186.8363376387960102,15.0916600955804991,278.1724612697590260,21.5921333949332990,860.0100838962730450,10.4003796910046731,-0.6268465988550105,520.5266303840584214,418.9427858548029917,-144.6020564569130045,495.3442871205759843,34.0199418894734436,-106.0164014498990070,0.0000000000000000,0.1445837064635234,,,,,,,,,,,,,18.6872453965035916,18.6872453965035916,193.9409432903044319,0.0000000000000000,0.0000000000000000,6.8082132541585905,8.4415584415584490,-9.9631527484942204,5.7438794726930364,210.5431017192962031,95.6209633658857854,-55.8099433443829724,-23.6019627215076184,23.1477233395513302,8.3333333333333250,-23.6893030402872000,11.6417910447761166,1.6202908587484632,4.5961448522268800,3.7331749991591945,2.7115449094906152,-7.8594845979461532,13.8536258252807354,5.7672350812848050,5.7031178927346105,7.3730553147145939,4.3111749789776388,5.6923426415238287,-3.3921319367542391,11.3016666666666978,,,,,,,,,,,,,,,,
"2013Q1",3.5055346122010600,4.3587877848270100,15.4927149230053995,729.7808343460751530,602.9336249958217877,702.4031084815735539,546.3144705481336132,562.1033340232987712,524.5828071359004525,589.2179206179014272,457.9222761402660353,457.8618498392255560,457.0510689239907265,460.6471523743296643,9.9666745477837253,5.8475955618958313,645.2129813418313233,679.5081809349119339,-0.2738700074020883,42.3244072030941823,0.4653489038473853,0.3760740000000000,480.1370693092713395,472.4160483721375954,3.4041940360476133,17.9923478471709473,13.3226639146587491,5.6755935032501892,25.6965955642661790,4.8527309126372522,15.6908638817601211,0.0129471843919782,0.0067550077694480,-0.0583118555895377,730.3437777313689594,701.8181627356769923,530.4865946632304485,594.4694732207777861,524.6458435626885830,598.2301154741187474,4.8649617862392018,0.2295663466886344,3.6408872006599160,3.2829026028490746,232.5939822303345750,1.9130226906927728,6.9367785597186602,14.8584647872855609,-11.4309397738264931,4.3587877848270100,-0.5629250883962787,0.5849507100324411,31.6167414977437709,-48.1549674614617871,-0.0630374519700294,-9.0121875980039032,0.9405225078466860,-2.9184465404524143,729.7808524302349724,4.8987425082093932,-0.0302246714582782,-11.3824761456211014,3.5055438785990756,14.8584647872855609,0.0780141008616409,-11.4309397738264931,13.3226639146587491,25.6965955642661790,0.0129471843919782,-12.3868782150114054,5.6755935032501892,0.0067550077694480,4.8527309126372522,0.8161079704535958,15.4927152969404816,15.6908638817601211,-0.0583118555895377,-0.1398349374307156,4.3587877848270100,0.5849507100324411,-1.7181195248928507,702.4031146173219895,1.4940093187869672,5.4729391853371077,701.8181627356769923,6.4901045615580193,6.3385399705201069,31.6167414977437709,18.0199764168006098,562.1033339026633939,-23.8698203773573354,44.0134532204988602,530.4865946632304485,9.2216287366710876,9.3275249737255237,-48.1549674614617871,546.3145064382640612,-16.8759402795861391,-33.9092908834328810,594.4694732207777861,8.3141289193497698,6.3786800093008562,-0.0630374519700294,-0.5788596111279887,2.9184435862510423,524.5828093168792066,-2.9899444923445557,3.0682361988469031,524.6458435626885830,12.5343666486351886,11.7359088072611435,-9.0121875980039032,589.2179247925923846,-5.9592697078080477,6.5771041687128067,598.2301154741187474,12.0289578519582303,12.2300413594761359,-0.5629250883962787,-5.1238798312972635,729.7808524302349724,-2.2275873251632277,4.8987425082093932,730.3437777313689594,6.5954240724107827,5.8077630604350903,0.9405225078466860,0.3762089568964093,602.9336250398256425,-4.5639085761513831,6.1225874930198705,601.9931025475802926,5.0675755336893396,5.1452617681229604,457.9222766311339683,6.6191051420022742,3.2107898147015437,4.4565107975793055,457.8618516860654495,8.0398858252142755,3.2597071242129263,4.7184499970337397,457.0510624554639776,1.2675957747561364,2.7333927050745261,2.6972316751150456,460.6471517406982912,2.8209174231460401,3.7638790856610695,5.5587238906703780,-1.0340265516479057,-0.0604245174128962,1.4207954460083418,0.2619464143341144,0.3040062737389830,-0.3644329566225308,-0.4346146375843231,-0.4564396941294749,3.1245436670780613,-0.8712137089980549,-5.3514973121055949,-1.7592723360444171,-1.1007752646718458,0.2295663466886344,2.1503395645272345,2.2567225393302399,10.5913698605450044,2.7248753963657544,-3.7981796483206689,1.1022105538691309,-0.9160057853594938,3.6408872006599160,-0.0356702391811730,-0.0337477957163608,18.4172298323010573,9.9666745983209921,7.7132498665603713,6.7069633524853751,3.4240617825643413,4.4399424450130462,1.7875372198416923,3.2829026028490746,5.8475954481911998,-2.6524044561759461,4.8649617862392018,-3.4727075581161873,4.4085220034085468,7.1216848055257662,4.8312139930168394,1.7875380686463513,1.7875371954859958,645.2129810715729263,3.2758586374522634,4.5646523646737380,646.2363980072975664,6.9367785597186602,1.9130226906927728,229.6755353293441715,-3.8692369902661152,-3.2082692459120761,3.4544409497714579,232.5939822303345750,1.0461115447010769,0.9900241966460832,0.9938057734589827,-2.9184465404524143,679.5081859588734687,221.5859105546288959,8.6359770601671624,6.1422872465616845,-2.2915047559177468,-0.2738699877504360,42.3244060441268033,0.8947983145577342,-3.0544647737288049,1.1118901931451763,0.4653488997877679,0.3760740162841509,480.1370678653920550,2.5572446380203138,0.9617904416774690,437.8126616387210106,1.6624486517362120,4.0162554983352106,3.4041916748448329,434.4084701644833331,-3.2194265669902258,-3.4214195484162628,472.4160709405180114,9.1996815511700838,-4.8983921866196480,430.0916640152712489,8.3048913241660287,-1.8439215867108203,17.9923726200088154,412.0992920312586989,-6.5888703298054336,-4.4237886861258149,-0.0302246714582782,-1.7864204260227545,0.0909599214792252,0.0000000000000000,-4.4962854385375977,-0.0082680643536150,0.0000000000000000,0.8161079734563828,0.0606875144876540,0.0000000000000000,-0.1398349553346634,0.8224549293518066,7.6872088909149170,-1.8789114356040955,-1.7821743413805962,2.8052521584382344,-0.3988349093124270,4.9973284304141998,2.7917776107788086,-2.3485794067382812,-0.0000003125754940,0.2616647928953171,0.8250071667134762,-0.5574520071968436,-0.0819113079924136,2.1236411109566689,-0.0495494575880002,-0.0302246692590415,-0.0999638214707375,0.5310192108154297,0.2431245427578688,0.0018884738383349,-0.0030742175877094,-0.0030772456593695,0.0805841153778601,-0.0256113576178905,-0.4819609921465018,-0.1278995070606470,0.8457437157630920,-0.1469533853232861,2.0502829551696777,7.5760469436645508,-0.0916415737010539,-0.2159144883044064,-1.9629548415541649,-28.0000000000000000,,,,,,,,,,,,,,,,,,,,,,,,,,,,,,,,,,,,,,,,,,,,,,,,,,,,,,,,,,,,,,,,,,,,,,,,,,,,,,,,,,,,,,,,,,,,,,,,,,,,,,,,,,,,,,,,,,,,,,,,,,,,,,,,,,,,,,,,,,,,,,,,,,,,,,,,,,,,,,,,,,,,,-3.0010374733307685,-1.5658065686807561,950.0000000000000000,267.5407554024000092,151.0000000000000000,339.0000000000000000,1214.0000000000000000,-15.4859967051070839,184.4592445975999908,38.4592445976000050,193.8755687673099999,15.4927149230053995,224.5007727940438542,21.3694318769755007,893.4423485488080132,15.2550778838103724,3.7968191719506592,524.1417464055532491,365.8280878942820209,-114.8614617487129976,483.3422779209460032,-58.3285684396560100,-70.9337716547372992,0.0000000000000000,0.2286203892594414,,,,,,,,8.6952133872889021,100.0000000000000000,741.3786556246266173,,738.0305845450186553,15.0590901480422428,15.0590901480422428,40.9431851924439343,0.0000000000000000,0.0000000000000000,-2.2030536832376324,4.7142857142857153,1.5051800146002270,5.9273422562141409,-21.2347402422751976,53.9192013599661735,-15.5290005301814471,-28.0311083320518897,-2.9457034300986673,2.1052631578947434,-5.7852138165525258,7.5757575757575690,6.8430842260414071,4.5576088027462047,6.9954799384280175,4.8442336741627789,1.2756865908750914,2.4765460389420735,2.8610802053258277,6.1937861462386001,2.9078899384970658,4.6704388632918148,-2.9245130805808262,-2.9036239027687150,10.4802676231974026,,,,,,,,,,,,,,,,
"2013Q2",11.2001463369260001,9.1721486081544192,15.2449200427981992,732.8029470243818650,604.3808792023668275,703.8043719120382775,559.6938188322305905,572.4194693066546051,547.7244790250944106,597.2182574225031431,458.8372890384889047,458.3336989930427876,460.2776464992923025,461.2483369177544432,10.3525782450029933,5.7685625947801658,646.2881448047979802,680.9967755643868941,-0.3737618001046812,42.5635253614021352,0.4229044970029333,0.3018480000000000,482.9002528555043909,463.8097163921019046,6.7080817423754979,11.1476633186213689,16.0155361262111953,10.4295290820970976,25.7614235083635634,4.8958480300804661,15.8048193328373685,-0.0219334322149688,-0.0114436401235799,-0.0005601669995790,731.8493223420258573,703.4023247934904930,532.6957683011677318,596.2243557180502194,527.7488396375226785,601.2945144146862049,4.8851430754917953,0.7427539430596398,3.6315517790824794,3.2400866428398358,232.8677786902072171,1.8978230560610692,6.3174546949220067,14.8524529465388859,-3.6194912705240947,9.1721486081544192,0.9536309261300293,0.4020492668127910,39.7236914742814520,-36.5305442017177526,19.9756384126785846,-4.0762593613779741,1.1311232640980466,-2.3498081579967542,732.8029532944545963,6.9958000557251054,-0.1905667529539848,-3.6255038515912990,11.2001442459971088,14.8524529465388859,-0.0328173102721674,-3.6194912705240947,16.0155361262111953,25.7614235083635634,-0.0219334322149688,-9.7239521063381975,10.4295290820970976,-0.0114436401235799,4.8958480300804661,5.5451243667989445,15.2449198738888825,15.8048193328373685,-0.0005601669995790,-0.5593401937871627,9.1721486081544192,0.4020492668127910,-0.5587166616838628,703.8043756412454286,5.6050535600241034,3.8880819075917250,703.4023247934904930,6.3366359909615344,6.3973883140313301,39.7236914742814520,24.6607744541799718,572.4194606037841595,41.2645081324753491,65.9787406813760242,532.6957683011677318,8.8366912398365631,9.2150064361977950,-36.5305442017177526,559.6938100280631261,53.5173176422953745,-24.8622913998229293,596.2243557180502194,7.0195377765591118,7.2603901491854943,19.9756384126785846,12.5515841876497838,2.3498029433431231,547.7244763860621788,92.5666614284661762,34.7295887563234658,527.7488396375226785,12.4120137236548782,12.1638401002092191,-4.0762593613779741,597.2182555771656780,32.0013160855388676,9.0417444856066354,601.2945144146862049,12.2575965251962877,12.1571999998761040,0.9536309261300293,-0.0623324299858679,732.8029532944545963,12.0884444077242037,6.9958000557251054,731.8493223420258573,6.0222037292970372,6.1571861332459150,1.1311232640980466,0.4524493675921639,604.3808791894585966,5.7890168659232799,6.2103482070334834,603.2497558356946001,5.0266129737989473,5.0993739748184428,458.8372886891885400,3.6600456183386330,2.6368710278287297,3.6196306015898347,458.3337007887452046,1.8873872782765462,1.8637051708592134,3.9868597100739973,460.2776474163354123,12.9063297771579801,5.9689547429784611,1.9024845807420778,461.2483384840451777,2.4047467526041313,3.7240771192089248,3.4170208773117068,0.2929453156077229,-0.5035878061618905,-1.7726532015077126,0.3672293761536538,-0.0355063286341253,-0.4680817780769393,-0.4145952593791447,-0.4342774655782572,4.1619608513496384,1.4403587735876791,9.2462864820663757,-1.7171449578921250,0.6976064720240500,0.7427539430596398,2.0527434790545547,2.1489611355792690,19.8448451757136937,2.4110497989147484,-1.2552998992728748,-0.2026119051631563,-1.2204966971372828,3.6315517790824794,-0.0373440601075046,-0.0363036321084552,-22.8394681751029331,10.3525764040365580,7.7106348173289785,8.4888725452194329,5.2487851198963735,4.3596153155758817,1.6281781031234739,3.2400866428398358,5.7685626279772633,-2.7314372387170622,4.8851430754917953,-2.5284807531958950,4.4508657342754088,7.0341058496219349,4.8488396110967908,1.6281785247904943,1.6281783703291910,646.2881451135291400,4.3006505008453839,4.9500924248289939,647.0921251085655967,6.3174546949220067,1.8978230560610692,230.5179701823211644,3.3697463785232511,-0.4190210929875742,3.8960856913097444,232.8677786902072171,1.0951743294924596,1.0361472845030106,1.0404157108914402,-2.3498081579967542,680.9967752266009029,222.1594873103589123,2.2943217045480995,2.5216342553235993,-2.3123575006616379,-0.3737617780527234,42.5635261738977633,0.9564861207319183,-1.3822551177017293,1.1612409796845431,0.4229044859224506,0.3018479861025040,482.9002490701775514,11.0527240935258266,5.4199313372722484,440.3367230739572733,10.0962381693094638,6.8021852965154412,6.7080793903054827,433.6286436970352725,-3.1193074411186452,-3.2885337587238803,463.8097353941046208,-34.4252650290229525,-5.2768788911625446,421.2462085742860154,-35.3817503637859474,-3.8946300593214733,11.1476886916175104,410.0985214776537191,-8.0030888659003558,-5.8558560700988966,-0.1905667529539848,4.4927547157409142,0.0496565420180559,0.0000000000000000,-1.0531358718872070,-0.0142455110326409,0.0000000000000000,5.5451243668794632,0.0608653710223734,0.0000000000000000,-0.5593401938676834,0.3564796447753906,19.6887304782867432,20.5986914634704590,-3.5176003277301788,-1.7435961196677643,0.7549144569784403,-2.9291005134582520,8.5294227600097656,-0.9615845382213593,-0.0000020717406408,0.9945930466055870,-0.3442733697593212,-0.1625635046511889,-0.0238868780434132,-8.4673878252506256,-0.0479761487222277,-0.1905667670071125,-0.2854594038799405,0.1427624188363552,0.4684831947088242,0.0187760004191659,-0.0805878546088934,-0.0052404747111723,0.1013683019846212,-0.0238973475497914,-0.4738606895394919,-0.1163239586167037,-0.1554051339626312,-0.1181900866795331,4.5974800586700439,-1.9867362976074219,-0.0366186001338065,-0.2218236958142370,-2.0731041841208935,-27.0000000000000000,,,,,,,,,,,,,,,,,,,,,,,,,,,,,,,,,,,,,,,,,,,,,,,,,,,,,,,,,,,,,,,,,,,,,,,,,,,,,,,,,,,,,,,,,,,,,,,,,,,,,,,,,,,,,,,,,,,,,,,,,,,,,,,,,,,,,,,,,,,,,,,,,,,,,,,,,,,,,,,,,,,,,-2.8336579495342562,-1.6669506583154146,944.0000000000000000,222.6566932480000105,191.0000000000000000,357.0000000000000000,1253.0000000000000000,-13.2482043096568241,252.3433067519999895,77.3433067520000037,194.9307509479839950,15.2449200427981992,375.7507744815272304,25.8349050786771990,906.8415659537389502,5.9543785178998405,-1.8830071723307498,525.6234156352408036,496.8659373632930283,-211.5916838026269886,581.6704796355900271,149.0644074383682209,-153.4845861760229866,0.0000000000000000,0.3015094263145359,,,,,,,,-1.6579388005990978,100.0000000000000000,741.2786512397864271,-0.4000175393607606,743.6041133908045140,50.9512432110068261,50.9512432110068261,204.9538769658506112,0.0000000000000000,0.0000000000000000,12.8494571766474266,7.9342387419585325,5.7651133132513355,4.1705282669138199,51.0809215119570865,89.3047307552777596,70.7745246884199446,-20.3427300968188618,152.3550593577194263,41.0714285714285836,37.7146317379659450,8.9887640449438209,3.7278561796061371,3.6750130467675834,2.7832862166173644,4.0180006746720842,13.7761918104542183,2.1950481496072927,2.4338851694865937,3.2292045365233113,5.1251663417646309,5.0746605034143633,2.0879825400994534,-0.0412488247438003,10.9074387651429952,,,,,,,,,,,,,,,,
"2013Q3",8.4818131663366003,11.4440691181416003,16.0021173271114989,731.4010094477483790,601.8326179162838798,704.2654403952186613,575.6655637549342828,541.5106663250670636,539.7825899191822145,597.9973746199177640,460.0400656792602376,458.6128971955042744,467.1100492033384057,459.9023589132635834,8.4472787666181048,7.6738620731650542,647.9610265179484259,686.8761699364179094,-0.4554897589903888,43.2266265309922488,0.3919973521438444,0.3904420000000000,478.0523594315195623,469.7842981860005125,1.9541640956231277,18.7934710155226412,20.5326999278253837,3.9512336742864584,25.7151117119916819,4.8755187197720371,15.9208327188642276,0.0386711737185989,0.0201762659246588,-0.0802234566005797,733.0823586618909076,704.9270864272152721,534.7847088786866152,597.2792696660328602,530.7512248067113205,604.4401440913593433,4.8951473791987130,1.2445936764808394,3.6224639953923847,3.3275516615387661,233.1497813559236647,1.8655148604776697,4.8335389296232121,14.6697961626953486,-6.3270506737395795,11.4440691181416003,-1.6813556372031606,-0.6616457401388974,6.7259646386934921,-21.6137076002343989,9.0313624751646344,-6.4427648592110458,-2.6659667940054939,-0.5750254799977325,731.4010025717553845,2.7098605192031369,-0.2823646233153274,-6.5097074233727712,8.4818175266222955,14.6697961626953486,0.1390702690568888,-6.3270506737395795,20.5326999278253837,25.7151117119916819,0.0386711737185989,-5.2210873455426299,3.9512336742864584,0.0201762659246588,4.8755187197720371,-0.9444613821004662,16.0021172319874871,15.9208327188642276,-0.0802234566005797,0.1615066892598901,11.4440691181416003,-0.6616457401388974,-1.2411946826641891,704.2654395943774261,1.8442314305171974,-0.3879582021406248,704.9270864272152721,6.0990429340105319,6.3521630427158842,6.7259646386934921,3.3789974080481624,541.5106725683708646,-123.6351894065286814,1.7686978098535526,534.7847088786866152,8.3557680166800949,8.9614148772396778,-21.6137076002343989,575.6655476905601745,63.8870486551267902,4.7152904700600375,597.2792696660328602,4.2196395701697513,7.0632751983235806,9.0313624751646344,5.8074516302228272,0.5750168449383809,539.7825847117254625,-31.7675761169881028,19.6576553181955589,530.7512248067113205,12.0095367492152167,12.3025915226938025,-6.4427648592110458,597.9973732161259932,3.1165018587667905,0.5307026950736236,604.4401440913593433,12.5825283674581812,12.2236468691937183,-1.6813556372031606,-1.5818503284835295,731.4010025717553845,-5.6078116070025530,2.7098605192031369,733.0823586618909076,4.9321384078013892,6.0494968568997951,-2.6659667940054939,-1.0663867457982057,601.8326179494216603,-10.1930450394437990,1.4832610503595793,604.4985847802773833,4.9953158279934282,5.0546021365795060,460.0400654686327471,4.8110982624366132,3.5470183827868973,4.1743900897765087,458.6128956658120615,1.1167753177644830,1.2977499161180432,3.5739562007848420,467.1100420918859299,27.3295759947223580,14.9676013270535933,8.3294878473690872,459.9023590651131599,-5.3839207758974137,2.6814925989300806,1.3622007775434266,-1.4600838562464262,-1.4271695964949858,-3.6943312990302344,-0.6004343571359669,-0.8577230799876232,-0.5694500017743268,-0.4054755289014700,-0.4234488744098266,8.2159313118404338,7.0699768093985478,22.5184907672744075,4.1551146130934997,5.8253906269421831,1.2445936764808394,2.0073656298267357,2.0957846618473930,-8.3868990704098625,-0.1377062972706918,-10.1950178290591413,-2.8121897713521595,-3.7601669434843288,3.6224639953923847,-0.0363544487379245,-0.0363927791041686,39.1681888287025686,8.4472798035223011,7.8172239015636880,7.1495287682149824,3.8219778239075746,2.7415827625602431,1.9154426973126581,3.3275516615387661,7.6738621122334907,-0.8261378618886329,4.8951473791987130,-2.0526687522738873,4.4716985973872836,6.9909313910948621,4.8587548018934870,1.9154430834710710,1.9154426125181949,647.9610261986508704,6.6915228987668822,5.5100688520722292,648.2507713036434325,4.8335389296232121,1.8655148604776697,232.5747567013133335,8.2271640142272506,2.9535968788144591,4.6820027978624639,233.1497813559236647,1.1279945205087123,1.0714089834285836,1.0715946608005273,-0.5750254799977325,686.8761672399657527,226.8361036469777332,18.7064575866597238,9.6074576435547350,-2.3646802645223568,-0.4554897861592755,43.2266263222693965,2.6524037713587409,1.0174828754559586,2.5179753646257446,0.3919973510649641,0.3904419951939076,478.0523575587246796,-19.3915719303695475,-3.6460071430632306,434.8257311508062912,-22.0439745563907543,-4.6634901369356232,1.9541635138747053,432.8715677078136537,-3.0283067813213651,-3.1760674738793040,469.7842872168641861,23.8982956183968405,0.2113527152193662,426.5576611725955445,21.2459005445537841,-0.8061329684088854,18.7934513647590826,407.7642084519093260,-9.3372560143199586,-7.2672794862900165,-0.2823646233153274,4.3579948140643907,-0.0582410478964448,0.0000000000000000,1.5856816768646240,-0.0755368729587644,0.0000000000000000,-0.9444614201784134,0.0640617235912941,0.0000000000000000,0.1615067571401596,0.2558033466339111,-17.5901715755462646,-3.7011548280715942,-2.5086418613791466,-1.2200457567112024,-3.1184161808341742,-0.5002139806747437,11.9503207206726074,-9.5707944631576538,0.0000018722585453,-1.0248277299106121,1.6321557350456715,0.6231375653296709,0.0915630734525621,17.9788703694939613,-0.0815314578067046,-0.2823646301403642,-0.4006923455744982,-0.1434802748262882,0.5762083623558283,0.0106171394581906,-0.0381304905749857,-0.0027448413893580,0.0875788236735389,-0.0425258213945199,-0.4723877754881736,-0.1041537364944816,1.4911615252494812,-0.1087750979932025,-2.2048461437225342,10.6556568145751953,0.1187788136303425,-0.2209304005373269,-2.1344782821834087,-26.0000000000000000,,,,,,,,,,,,,,,,,,,,,,,,,,,,,,,,,,,,,,,,,,,,,,,,,,,,,,,,,,,,,,,,,,,,,,,,,,,,,,,,,,,,,,,,,,,,,,,,,,,,,,,,,,,,,,,,,,,,,,,,,,,,,,,,,,,,,,,,,,,,,,,,,,,,,,,,,,,,,,,,,,,,,-2.6662784257379997,-1.7680947479500162,1011.0000000000000000,190.4935333761600020,179.0000000000000000,377.0000000000000000,1261.0000000000000000,-15.7018239492466289,257.5064666238399695,105.5064666238399980,190.7089486165629921,16.0021173271114989,291.9724636618776117,24.8550838136762984,961.7568839731710568,23.5175774881240613,5.4121437543872588,531.9826590007821778,594.1198593337289822,-300.9330631871409878,687.1174483058090345,132.4309911438862173,-207.1900106049749866,0.4264189515602712,0.3606209229979386,,,,,,,,45.5247560735367074,100.0000000000000000,743.9889472402644515,10.8411840019120973,749.1797347810155543,20.3670224181378465,20.3670224181378465,225.5421065498285884,-14.7261327580000003,-52.1748792280000018,-5.4534143451309021,2.5832766825288900,1.8613856984875943,-0.4244482173174857,-70.9558215180714598,1.4047340317692392,89.4338681538821163,4.1323309580266532,-27.2161112921852961,21.9251336898395692,3.1655391053312609,1.2562814070351758,4.9287188596477627,4.2219610494451665,1.0894238827097835,3.6085531247276093,31.4289359018183205,8.6002292794887367,-5.2415458529574632,1.3088193513471902,7.3003203645975789,5.6647048774473685,4.7689714058208876,2.4211299916609530,8.8143232912212497,,,,,,,,,,,,,,,,
"2013Q4",11.2191824459071992,8.5023196124669500,17.0087745511116992,734.5382396639406579,603.5276087461344332,709.7374838439009181,594.3146433706790503,523.1453448833883613,536.0331449671696191,608.9405321766979569,460.5682662719906375,459.3137112620299831,466.8715090603802196,460.2410825218046853,5.9444152284137788,9.8897732161588934,650.1468783627811945,691.9627976196477448,-0.5193469995660749,43.7946403022496682,0.3521126883640460,0.4571660000000000,475.3815175791825709,469.4708001342952457,-0.5522629013771052,20.5529062609235211,24.5657807887612449,3.6621813407237478,25.5840005471410059,4.8616915227623707,16.0358917743234031,-0.0093012900536767,-0.0048528510627733,0.0558659901234186,734.1338437006735376,706.4130864075625595,536.7900108366939094,597.8264809067912893,533.7085576757185663,607.6263679773771855,4.9197628861791163,1.7139453273100604,3.6133032649942218,3.4194855428380402,233.4393853585276872,1.8618293164155801,3.0393779277688204,14.4097987724585330,-3.1205912589549594,8.5023196124669500,0.4044059784734157,3.3244085700420798,-13.6446578087281800,-3.5118301073752707,2.3245814366368518,1.3141802705340302,-2.2203271758483916,1.1884221099219749,734.5382495000387735,4.2004957302583392,-0.2116981111247392,-3.3805901283076567,11.2191818962104382,14.4097987724585330,-0.0700207202337663,-3.1205912589549594,24.5657807887612449,25.5840005471410059,-0.0093012900536767,-1.0089178919265722,3.6621813407237478,-0.0048528510627733,4.8616915227623707,-1.1946576233879105,17.0087745521429916,16.0358917743234031,0.0558659901234186,0.9170165505186094,8.5023196124669500,3.3244085700420798,2.2311533412867837,709.7374936821515803,21.8882022680257009,7.7078782411706337,706.4130864075625595,5.9439961854233099,6.2174474577965864,-13.6446578087281800,-8.8326455367591308,523.1453522356349595,-73.4612867901157642,-44.9254330074519146,536.7900108366939094,8.0211920466505298,8.6088192950899725,-3.5118301073752707,594.3146567445024857,74.5963940408019397,43.7811444602955788,597.8264809067912893,2.1888243174115480,5.4355346735852628,2.3245814366368518,1.6055551026187427,-1.1884197912499483,536.0331397490328982,-14.9977875137139556,10.7028460547568471,533.7085576757185663,11.8293317174953625,12.1963096758511842,1.3141802705340302,608.9405441159161683,43.7726637843431661,18.2327916395758223,607.6263679773771855,12.7448962876507146,12.4034928602689707,0.4044059784734157,0.8639598351999604,734.5382495000387735,12.5489850059378050,4.2004957302583392,734.1338437006735376,4.2059472912881066,5.4389229702633486,-2.2203271758483916,-0.8881308546644149,603.5276087357231063,6.7799632532752110,-0.5469934486887582,605.7479359282665428,4.9974045872498714,5.0217272411743865,460.5682673883804341,2.1128078831123496,3.9410235083665550,4.3007657039204261,459.3137121621972483,2.8032588854112119,3.7814822273462085,3.4618312377539415,466.8715118656133427,-0.9541398579797626,4.0933791908315724,10.1373456576482042,460.2410822383648679,1.3549014433819500,5.4139554969045740,0.2991620554114526,0.5612093251772285,-1.2545551599296840,0.6904618186678593,-0.8389300874802997,-0.5903664247218658,-0.6641906736505397,-0.3789597889214730,-0.4084099304530237,9.8570592371286718,6.3032442051847273,-3.0669531804605743,5.8365795225714638,4.5893068491378770,1.7139453273100604,1.8773959345836444,2.0219612751115661,2.0877023597611055,-0.3271853237063195,-0.7579055593618074,-4.0016058781199817,-3.9404847712446003,3.6133032649942218,-0.0366536656844715,-0.0365036863715613,17.2371154446756840,5.9444194902942247,7.9602893510823449,2.1629394458991440,-1.2565471999188595,-1.0801501638288515,0.3096216192940618,3.4194855428380402,9.8897731602730978,1.3897730978286444,4.9197628861791163,-0.4396443372411978,4.5113534051838240,6.9417240398915521,4.8832596428077384,0.3096212019049689,0.3096218002207310,650.1468781339028737,8.7434089582974366,5.7528603387396444,650.0225448979740577,3.0393779277688204,1.8618293164155801,234.6278062929812904,8.2122012725399642,3.9849590108369517,1.1675669535745532,233.4393853585276872,1.1584108141852119,1.1069254274147458,1.1004902804330645,1.1884221099219749,691.9628012528944510,231.3945334789399624,18.2337112440309816,11.9676139052085873,-2.3609002329280209,-0.5193470033132456,43.7946404661736253,2.2720614971852946,1.6939348963656606,2.2137018948249909,0.3521126848603998,0.4571659947643730,475.3815157612780240,-10.6833662036813255,-4.1162403177045892,431.5868751200766269,-12.9554266028577167,-5.8101750257426952,-0.5522638170319764,432.1391389445057030,-2.9297156097723089,-3.0741873591031066,469.4707867733079070,-1.2540538728165664,-0.6453689840527650,425.6761449390345433,-3.5261196652757185,-2.3392993842678527,20.5529036240334051,405.1232423502249844,-10.5638669364660345,-8.6232754689054172,-0.2116981111247392,0.2802850533961507,-0.1453572921454906,0.0000000000000000,2.6458430290222168,-0.0700507404981181,0.0000000000000000,-1.1946576535701752,0.0642661541933194,0.0000000000000000,0.9170165657997131,4.0426163673400879,-17.5593626499176025,-3.6276865005493164,3.0025346130132675,0.3646920918849821,-1.1539404671639204,-0.1951144337654114,-15.8557605743408203,-2.5997036695480347,-0.0000000359593664,-2.4019388072192669,2.1332971863448620,1.3521969299763441,0.1986901697237045,0.9686027392745018,-0.0306609406543430,-0.2116981036961079,-0.2783912159502506,0.0586671922355890,0.4298908803611994,0.0262288168887608,-0.1272589061409235,-0.0039344962278847,0.0868159089295659,-0.0171340294473339,-0.4452613091046218,-0.0911866142414510,-0.2459154129028320,-0.1192979020997882,-1.7638452053070068,6.8336801528930664,0.1057682270184159,-0.2042398536577821,-2.1603263951838017,-25.0000000000000000,,,,,,,,,,,,,,,,,,,,,,,,,,,,,,,,,,,,,,,,,,,,,,,,,,,,,,,,,,,,,,,,,,,,,,,,,,,,,,,,,,,,,,,,,,,,,,,,,,,,,,,,,,,,,,,,,,,,,,,,,,,,,,,,,,,,,,,,,,,,,,,,,,,,,,,,,,,,,,,,,,,,,-2.4988989019414589,-1.8692388375846463,1061.0000000000000000,184.2909621087311791,162.0000000000000000,404.0000000000000000,1329.0000000000000000,-18.2091798344620024,325.7090378912688493,148.7090378912688209,227.1603966425080046,17.0087745511116992,376.7569119638270649,27.8558904763353006,1011.9434574448899866,20.3465107329193415,7.0788118781479596,533.5242744715023946,616.5365495072910562,-285.4912792774019863,688.2342222886220497,23.7730066344520310,-171.4432629610419951,0.3397784713581001,0.3999996627093674,,,,,,,,76.7557941105854127,100.0000000000000000,748.3985325318404875,17.6383411663041443,754.7580878462324563,20.7264195604574155,20.7264195604574155,222.2850066987985542,-21.7962146849999989,-1.1193994820000299,13.3702934706730225,3.8589487691284008,24.4684069090183911,7.4799643811219951,-52.0308868224519401,-34.2192710241623459,110.8471304407048166,51.1766831064851999,-13.9272913993605982,12.6373626373626369,54.9180842111328431,18.7165775401069610,2.1352800641817993,4.4435638320493354,3.2988958596563700,3.5742749232437809,-0.9496229035305448,10.7827790516334510,1.3641147234724871,0.1798705551486757,8.4344734962801482,5.9215608451726132,8.9191641627151874,3.1476515695283203,6.1246491132012526,,,,,,,,,,,,,,,,
"2014Q1",13.6134147746056993,7.2968030757050499,15.4108190324699006,735.4975475285492621,607.1745419563970927,710.4293722495111751,593.0325626533093555,538.7185887969034184,536.3670028790951392,614.0786392962012314,460.9314037394854040,460.5094981828970617,462.7654926888469618,461.4878298840808384,5.5779561623765623,10.2277763034029174,651.5912267389135195,695.2567333552775608,-0.4928313356410570,44.4327741719420501,0.3327457866705891,0.4815450000000000,480.6510522814214710,468.1688453188380663,4.7837939363271289,21.5216972534955175,23.9830169824429902,5.0412154407341045,25.5400089658447449,4.8584360628568266,16.1469534010663160,-0.0036417576780637,-0.0019000753204534,0.0532679726327975,735.3392064647340476,707.9106939544611805,538.7795198403524637,598.8626448819909456,536.7518186637698818,610.7658170691909163,4.9124589113460466,2.1957014649207225,3.6055933353514553,3.4227255044839864,233.7244222606746575,1.8580505066448780,2.3250990475822575,14.2514892194028864,-0.5792686968213381,7.2968030757050499,0.1583367038866118,2.5186737836389068,-0.0609384263279377,-5.8300482420112578,-0.3848108228865686,3.3128306466526012,0.1765883470573600,1.7900789783954096,735.4975427058894866,5.7167118806613226,-0.0179825406442963,-0.7375762985252061,13.6134115269087346,14.2514892194028864,-0.0588100116632653,-0.5792686968213381,23.9830169824429902,25.5400089658447449,-0.0036417576780637,-1.5533473591744997,5.0412154407341045,-0.0019000753204534,4.8584360628568266,0.1846789098184551,15.4108188293663240,16.1469534010663160,0.0532679726327975,-0.7894020355146375,7.2968030757050499,2.5186737836389068,1.6408839394153061,710.4293686676486459,2.7675352340941046,8.0262500173923517,707.9106939544611805,5.9904172687836663,6.0925240517895629,-0.0609384263279377,-0.0886515167200268,538.7185808769015694,62.2929394793840459,-23.3847477580790795,538.7795198403524637,7.9580291101141487,8.2929199945985239,-5.8300482420112578,593.0325653834195236,-5.1282493266524938,46.7180859802908941,598.8626448819909456,4.1446047086580933,4.3931580206162275,-0.3848108228865686,-0.0906706562347352,-1.7900865143298466,536.3670065596501217,1.3354597689884518,11.7841977460004159,536.7518186637698818,12.1730314049228348,12.1059791537816963,3.3128306466526012,614.0786438320263869,20.5524397996806165,24.8607250265110054,610.7658170691909163,12.5577865310657391,12.5357030143689112,0.1583367038866118,0.6840325558134497,735.4975427058894866,3.8372276563947278,5.7167118806613226,735.3392064647340476,4.8214391788984887,4.9954350299755363,0.1765883470573600,0.0706353004404531,607.1745419297790249,14.5877326422287830,4.2409169301460157,606.9979536734099383,5.0000710259825469,5.0048511149679138,460.9314048816908667,1.4525498684703377,3.7714730068023927,3.0091257909222575,460.5094982189688153,4.7831421206657607,4.9745627803264991,2.6476427686722741,462.7654929180270642,-16.4240753009843665,-3.3774502454886930,5.7144260294399967,461.4878298346573615,4.9869896369959807,6.6613576255157154,0.8406802749895879,0.4846925501730746,-0.4219066849819401,3.3305947367367299,-0.3614813159221140,0.3396808163594391,-0.7615870518407456,-0.3895847834766856,-0.3971527728065197,7.1897837477559197,1.8340879889312276,-17.8766289918817911,2.7052937444332468,-0.3616025601980759,2.1957014649207225,1.9270212606953732,1.9661311336065508,30.8506251842162946,0.5564247554211670,3.5344397515830304,-2.1684480022582191,-3.0491619187935508,3.6055933353514553,-0.0308459552989456,-0.0352964392297171,11.4236524424547774,5.5779549473485597,7.9456006152745307,0.6033920791353897,-2.8193353271896293,-1.8561583371274402,-0.1283835872301187,3.4227255044839864,10.2277763169979607,1.7277763315338190,4.9124589113460466,-0.1682632199723031,4.5153072399738488,6.8785892962612447,4.8771633976902118,-0.1283830402183440,-0.1283848521829813,651.5912268831990559,5.7773954220983779,6.3782461932173957,652.0302438586712697,2.3250990475822575,1.8580505066448780,235.5145014693055998,3.5467797893677635,5.8389677352122185,-0.1085867806331722,233.7244222606746575,1.1401368417525923,1.1304322607819319,1.0831298628565211,1.7900789783954096,695.2567346784138635,234.3253302474768134,11.7231977103968443,12.7394193185534323,-2.3576763118682114,-0.4928312900818685,44.4327727997549715,2.5525256421340732,2.1083672097193435,2.4380724024115521,0.3327457825192656,0.4815450103210302,480.6510545325328394,21.0781475268581318,0.5139854973752742,436.2182817161835260,18.5256227068490240,-1.5943814656054345,4.7837962072090869,431.4344856432478537,-2.8186150492172950,-2.9739851191673035,468.1688317399771222,-5.2078256408064050,-4.2472253390808898,423.7360591423606024,-7.7603453012561339,-6.3555790564656807,21.5216859256044657,402.2143729922415218,-11.6354958447514463,-9.8849198586789093,-0.0179825406442963,0.5456432694715749,-0.0647942470386624,0.0000000000000000,-0.8471012115478516,-0.0601700334809721,0.0000000000000000,0.1846789568662643,0.0614186160382815,0.0000000000000000,-0.7894020974636078,0.3870697021484375,8.8742253780364990,-2.1059587001800537,4.3929067105054855,0.7829117084742490,1.0647191042080522,0.5779668092727661,-17.7802271842956543,-1.5110241770744324,0.0000011194790160,-0.7657059542834759,0.4769804216921329,0.7720151795074344,0.1134389718063176,-2.5437177345156670,-0.0308390356949531,-0.0179825564846396,-0.0237066801637411,0.5735619701445103,0.0885317986831069,-0.0032292698742822,0.0393389631062746,0.0021421169512905,0.0396464990626555,-0.0175958346953848,-0.4442658769582417,-0.0046451459638774,0.3388240337371826,-0.1007743617519736,5.1261994838714600,6.5180692672729492,0.0700956406071782,-0.1818714097607881,-2.1280218772590160,-24.0000000000000000,,,,,,,,,,,,,,,,,,,,,,,,,,,,,,,,,,,,,,,,,,,,,,,,,,,,,,,,,,,,,,,,,,,,,,,,,,,,,,,,,,,,,,,,,,,,,,,,,,,,,,,,,,,,,,,,,,,,,,,,,,,,,,,,,,,,,,,,,,,,,,,,,,,,,,,,,,,,,,,,,,,,,0.1959158442641922,0.3819232769326675,1082.0000000000000000,206.4655362501424065,174.0000000000000000,418.0000000000000000,1355.0000000000000000,-18.0073800738007392,311.5344637498575935,119.5344637498576077,214.8133080093639933,15.4108190324699006,356.0004684800365453,29.2172741254663002,1045.8312822269799653,13.1757429425192640,9.4793115552322078,538.5692733327524593,561.6378490562780144,-223.3415429882740000,687.0045533597150325,-46.8825992476024567,-119.1580206785939993,0.2869311925736856,0.4450081283760317,,,,,,,,115.2172829316324965,-13.4937160676938994,754.6728761668553034,25.0973745400592634,760.3365674748229139,20.9644735091814240,20.9644735091814240,79.7023677346043371,1.2588555680000000,58.8580964824569008,3.9118039668145865,6.0027285129604424,2.8062061402074789,8.6642599277978238,86.4382234262068323,-22.9834737951136532,-4.9990437543753767,63.2252990791743130,1.3443883619863817,11.3402061855670144,22.8168806409141851,29.0140845070422593,1.4631506405734962,3.1030233451331046,3.7406637850945224,2.7108316293637635,-15.1462207437997876,5.8493278125838044,5.1134329112263233,1.2992493787276294,5.4366821970229573,6.5860499818678697,6.8471053613822441,5.5809313518904391,5.7364574314574313,,,,,,,,,,,,,,,,
"2014Q2",13.9866278162763997,8.0102038705174206,16.9281509458591017,736.7800851001157980,608.4706413743089115,706.8361890411810009,609.1599006666992864,516.6239566447527523,542.5587758344681788,609.3976787499035481,460.9210791589572409,460.5383554036538953,463.1520740053114196,460.1025614956940331,5.5258633433833761,10.5073776678787976,652.2451533816825986,705.3067039919698118,-0.4961947321847902,45.4812026926993838,0.3232104451826803,0.3899500000000000,483.7683975432345846,469.8544210835316335,7.5268149242096456,25.2841238316857471,27.8426696939214189,3.0721173038529992,25.6427972256638448,4.8448854501198477,16.2618495223244928,0.0008405088726974,0.0004385245513514,-0.0585349032815473,736.8166405923861930,709.4389803886904247,540.7715261746507167,600.7354193892919056,539.9269466632430294,613.8261159511567939,4.8807241114460487,2.7258923985818972,3.6005003058572504,3.2756683660524950,233.9978350944441559,1.8467514238377847,1.1917997946258800,14.2258342780588620,-0.2990192591383751,8.0102038705174206,-0.0365469069653862,-2.6027924626014940,-24.1475670666261415,8.4244956833887592,2.6318391680727666,-4.4284307891467414,0.2268955107703541,3.1901686866916918,736.7800933926631615,3.9771427396891217,0.0606346358323553,-0.3246746212862072,13.9866290225831325,14.2258342780588620,0.0598136850796409,-0.2990192591383751,27.8426696939214189,25.6427972256638448,0.0008405088726974,2.1990272170114640,3.0721173038529992,0.0004385245513514,4.8448854501198477,-1.7732088881979911,16.9281508495468493,16.2618495223244928,-0.0585349032815473,0.7248358744631735,8.0102038705174206,-2.6027924626014940,-1.8069792230000128,706.8361888189220963,-14.3727259212985814,3.0318061773510019,709.4389803886904247,6.1131346528917563,6.0366490194116595,-24.1475670666261415,-15.7327125500278022,516.6239573596467380,-88.3785349249053098,-55.7955088457396542,540.7715261746507167,7.9680258569380848,8.0757552836801310,8.4244956833887592,609.1599009401637659,64.5094055313002457,49.4660821566824538,600.7354193892919056,7.4911418620766197,4.5110624542837998,2.6318391680727666,2.3003417924360066,-3.1901745544540687,542.5587854424293255,24.7671088965116795,-5.1656966667456850,539.9269466632430294,12.7005134219292994,12.1781013405377045,-4.4284307891467414,609.3976870373743395,-18.7238423978763251,12.1794355345247247,613.8261159511567939,12.2412125862359886,12.5316079110877983,-0.0365469069653862,-0.8610735445268718,736.7800933926631615,5.1302106338676676,3.9771427396891217,736.8166405923861930,5.9097342449713786,4.9673173817688490,0.2268955107703541,0.0907582120063700,608.4706413696418394,5.1843976124548625,4.0897621283615759,608.2437458395972953,4.9831687773726561,4.9939900293940918,460.9210794947895806,-0.0413014592915406,2.2319223712837459,2.0837880001236622,460.5383543865017373,0.1154322995382490,1.7275024810196120,2.2046491937258996,463.1520767129860587,1.5463201337955776,3.8417635719846217,2.8744212993327785,460.1025614686496397,-5.5410705092667847,4.2570862526836475,-1.1457758950298904,0.6088021180389691,-0.3827247775407600,0.1567297994148436,0.1208648689814245,0.4863440307153617,-0.8690683422898507,-0.4299247775042679,-0.4009854284324219,5.7157867683447963,2.2309975575860097,1.5876201229873761,0.7906331273701510,-0.4949116413836059,2.7258923985818972,2.1207548322584246,1.9831315928582121,19.2385325824438027,-0.8185177961116367,-5.4997677078623761,-3.2295653214041371,-4.4190130697130092,3.6005003058572504,-0.0203737305093005,-0.0310541662754144,21.1750911531676209,5.5258644285042715,7.7264678774854820,3.7983583675702426,0.5226878750411124,-0.4170608915010436,1.5903171492630077,3.2756683660524950,10.5073776459859634,2.0073777381012832,4.8807241114460487,-1.0017378631283624,4.4797389190092698,6.8638554360480644,4.8496701541317480,1.5903165778770008,1.5903177348682385,652.2451532027381518,2.6157081923305507,5.9570123281149581,653.1900004390105323,1.1917997946258800,1.8467514238377847,237.1880029240251417,6.6940100938240121,6.6700355940912139,2.8697916829766350,233.9978350944441559,1.0936493940004495,1.1300486510825989,1.0389669308723739,3.1901686866916918,705.3067051338648525,244.3856257882228249,40.2411805523177719,22.2261401984943952,-2.3666804084249993,-0.4961947342602088,45.4812042095049378,4.1937280721300860,2.9176802240066197,3.7510345837020758,0.3232104430401180,0.3899500167417128,483.7683951791897243,12.4693695494104730,0.8681432684131423,438.2871908080100525,8.2756412258367344,-2.0495353941554280,7.5268109359618789,430.7603800279115376,-2.6964232698999662,-2.8682652244134230,469.8544262441560022,6.7423628734120093,6.0447050433268270,424.3732206918235761,2.5486319397649453,3.1270262223215246,25.2841311065654608,399.0890901899163055,-12.5011294316459516,-11.0094297837789910,0.0606346358323553,1.8618023326648956,0.0797917805612087,0.0000000000000000,3.2863674163818359,-0.0706263836473227,0.0000000000000000,-1.7732089310884476,0.0663671480142511,0.0000000000000000,0.7248359024524689,-4.0411190986633301,-23.8929247856140137,2.3927851915359497,-1.1912493854761124,1.0925480397424754,0.1562601309269667,-3.3082877397537231,2.4284477233886719,-11.6541780829429626,0.0000003696507422,-0.3779687955975533,0.4523789482191205,0.2636086931452155,0.0387343440670520,30.1159788295626640,-0.0427446539979428,0.0606346344575286,0.0462948409840465,0.7745296973735094,-0.0502878930419683,-0.0283907052944414,0.1884097568690777,0.0073873156507034,0.0105193439521827,-0.0254940251179505,-0.4633012757166401,-0.0329332724213600,1.7556538581848145,-0.0919112466508523,4.5608580112457275,9.5732955932617188,-0.0434404646512121,-0.1596690765582025,-2.0291868001222610,-23.0000000000000000,,,,,,,,,,,,,,,,,,,,,,,,,,,,,,,,,,,,,,,,,,,,,,,,,,,,,,,,,,,,,,,,,,,,,,,,,,,,,,,,,,,,,,,,,,,,,,,,,,,,,,,,,,,,,,,,,,,,,,,,,,,,,,,,,,,,,,,,,,,,,,,,,,,,,,,,,,,,,,,,,,,,,-1.2694996150257793,-1.2887449835662608,1063.0000000000000000,128.7251036108231972,187.0000000000000000,410.0000000000000000,1395.0000000000000000,-15.9856630824372754,425.2748963891767744,196.2748963891768028,241.1869863862370096,16.9281509458591017,498.4168254826304292,30.5937713758730006,1156.4000344347100508,40.1998825467690040,3.3633419570582603,538.1850852545121597,556.5441502125870556,-195.4644029928730049,732.2835563722539973,66.3492076167090090,-65.4628576169638023,0.3054936249438996,0.4704740808915134,,,,,,,,131.3444126739094031,-13.4937160676938994,761.3759216296263048,26.8121818510840058,765.9085938330833869,93.9502752528660352,93.9502752528660352,189.8805998053883854,4.4860233850000002,72.9332686466907063,5.2640219482947170,4.5033112582781420,-13.3876116693041993,3.5587188612099752,-58.6784192462798089,-42.3835128432306973,90.6165286534970278,63.9808073560382624,28.1038296452158036,-5.0632911392405111,-17.0753997553295918,12.8865979381443285,-0.0412897955294866,2.0332577235107063,0.7510643158485708,2.1817666878424458,1.5583427381647086,2.8584177439686442,-5.3903527303743033,-1.5212601823129668,3.5565766820345290,6.1380146016410508,8.0575494591591301,7.1027243750408253,5.6813906742362086,,,,,,,,,,,,,,,,
"2014Q3",13.8771905453432005,6.2318838277006403,15.7313783414781003,739.9848942298292513,611.0182330906189918,715.9600030393901307,596.3507646982160395,522.5291030449278651,547.2087822025581545,611.3850315674526428,461.0387883289861293,460.9990802965363628,461.2118247596608853,461.0901783825569851,5.4034905841946399,10.5046455315520006,652.9573576168044156,709.2941042613799709,-0.5288130121452710,45.6249890768667754,0.3287922188325817,0.2184660000000000,474.7876630297003544,463.8446767744083559,-0.9599224931013737,22.4072881155724417,23.6790356031643867,5.9295315808227276,25.6901606558367277,4.8493947190986537,16.3729917400633020,-0.0398523031219045,-0.0207925413033119,0.0617441882770668,738.2521753162781124,710.9669931310820630,542.7370560552860752,602.3531208587261290,543.1487407919414636,616.8560707290797609,4.8949896971931928,3.2446907012227784,3.5961731149582152,3.1465492720606676,234.2723097740491767,1.8850848761361756,1.0499611465009717,14.1665631098013964,-0.1669867166483183,6.2318838277006403,1.7327080183128030,4.9930092688523748,-20.2079561658979614,-6.0023926902386453,4.0600451687723593,-5.4710430231786793,1.5350281272154935,3.3109577228214229,739.9848828132857079,8.5838879450218641,-0.0570306354273640,-0.2262605207644741,13.8771848102074351,14.1665631098013964,-0.1223886498827065,-0.1669867166483183,23.6790356031643867,25.6901606558367277,-0.0398523031219045,-1.9712760471350248,5.9295315808227276,-0.0207925413033119,4.8493947190986537,1.1009301119777068,15.7313782672594673,16.3729917400633020,0.0617441882770668,-0.7033585482570045,6.2318838277006403,4.9930092688523748,3.2333485442708505,715.9600011956096068,36.4952556744943877,11.6945549852071125,710.9669931310820630,6.1120507973627607,6.0399015505754221,-20.2079561658979614,-13.2149341119342729,522.5290989037365534,23.6205547827365407,-18.9815753595800736,542.7370560552860752,7.8621123380085907,7.9523415409842277,-6.0023926902386453,596.3507197572132554,-51.2366569150629729,20.6851583776559309,602.3531208587261290,6.4707952316042832,5.0738470713127066,4.0600451687723593,3.0641240941244177,-3.3109617502799988,547.2087851570214525,18.6000195312583436,7.4261968573970778,543.1487407919414636,12.8871900120265988,12.3975106542261422,-5.4710430231786793,611.3850276211346682,7.9493918960290717,13.3876538619652639,616.8560707290797609,12.1198184100174444,12.4159310504810634,1.7327080183128030,1.2830163959822509,739.9848828132857079,12.8191781097850139,8.5838879450218641,738.2521753162781124,5.7421303789109013,5.1698150230469615,1.5350281272154935,0.6140112171302221,611.0182330656182330,10.1903667471772188,9.1856151163249731,609.4832049626878643,4.9578365604373928,4.9846202004412241,461.0387876001889822,0.4708357691657996,2.8758393301397738,0.9987180740865753,460.9990785238594526,1.8428956268268419,3.0363804326649704,2.3861805292088407,461.2118231945906359,-7.7610006370619580,0.5748741997007567,-5.8982258542429520,461.0901784576474824,3.9504716481322268,6.4038422500281120,1.1878248990925397,2.0483587094561173,-0.0397086814157291,1.3720635306133473,1.3874610010039032,0.9345875221587095,-0.9742993089087968,-0.4209203456382889,-0.4048472897165483,2.3260663522495846,0.1730358947565769,-8.2318446427969132,-6.8969377355063948,-3.0716466523613581,3.2446907012227784,2.0751848973617339,2.0000871510074871,-29.1247654837906715,0.0513911012462797,3.4796392879810174,0.1891010608317427,-3.5447808688039273,3.5961731149582152,-0.0173100367685362,-0.0262959825010940,-8.7776398272253200,5.4034884082464298,7.6206184329227273,2.3671029833929769,-0.7794470210707881,-0.6352417968151360,1.3694018668789245,3.1465492720606676,10.5046456162489683,2.0046455811491937,4.8949896971931928,-0.7463401935845431,4.4901424956063920,6.8950764665410267,4.8686936431522954,1.3694019986231267,1.3694019113100944,652.9573575953519367,2.8488208198019289,4.9963359120765967,653.8974669839808485,1.0499611465009717,1.8850848761361756,237.5832672546373487,1.5810613301105170,5.0085118142618548,-0.7163664554146365,234.2723097740491767,1.0978931319185952,1.1225232725906273,1.0429981973660529,3.3109577228214229,709.2941024459668142,248.2553161290394144,15.4787517341358765,21.4192100487068195,-2.2791469133126760,-0.5288130177479159,45.6249881969938187,0.5751384908250593,2.3983622203200756,0.8561629754555948,0.3287922122337578,0.2184659691417756,474.7876631602705970,-35.9229357439706760,-3.2646933888646381,429.1626748249826164,-36.4980742165844134,-5.6630555616256437,-0.9599206670911625,430.1225956590474766,-2.5511361004496327,-2.7489726731413882,463.8446824558536150,-24.0389252452018383,-5.9396057537221161,418.2196943134675848,-24.6140616563934067,-8.3379664973305445,22.4072950924080843,395.8123987774245052,-13.1067692142347809,-11.9517972252960938,-0.0570306354273640,-0.2732181075580700,0.0295032169669867,0.0000000000000000,-3.5105938911437988,-0.0532485119765624,0.0000000000000000,1.1009300798177719,0.0637612293357961,0.0000000000000000,-0.7033585309982300,6.4978487491607666,-4.6877007484436035,1.8458007574081421,-2.3905914649367332,-0.9217260107700307,1.4442698741331697,-0.2532119154930115,-4.0391125679016113,-0.3714166283607483,0.0000005162198022,-0.6399657521396875,0.1980056613683701,0.3312318939715624,0.0486708127427846,-16.8869966939091682,0.0528925365069881,-0.0570306358858943,-0.0691160755231977,0.4600995983928442,0.1290631070733070,0.0144365554442629,-0.0315208015963435,0.0010259209666401,0.0589261434797663,0.0230085799848894,-0.4751116908012953,-0.0623899996280670,-3.1758961677551270,-0.0772708017611876,-5.6265443563461304,3.9498882293701172,-0.1324890125542879,-0.1243539990391582,-1.8557659741491079,-22.0000000000000000,,,,,,,,,,,,,,,,,,,,,,,,,,,,,,,,,,,,,,,,,,,,,,,,,,,,,,,,,,,,,,,,,,,,,,,,,,,,,,,,,,,,,,,,,,,,,,,,,,,,,,,,,,,,,,,,,,,,,,,,,,,,,,,,,,,,,,,,,,,,,,,,,,,,,,,,,,,,,,,,,,,,,-2.7349150743157509,-2.9594132440653311,1177.0000000000000000,158.3853161301144041,212.0000000000000000,430.0000000000000000,1437.0000000000000000,-15.1704940848990955,319.6146838698855959,121.6146838698856101,213.4233603118570102,15.7313783414781003,393.8002308465642045,30.0647706358816009,1203.4419751165100934,15.9496010776406365,-1.0671806174900809,543.4416714539746636,543.4845130716239510,-114.0624242633350036,701.7885163214759814,-80.5278242671063254,10.5106238061369002,0.2909210689085331,0.4749380811995144,,,,,,,,116.5457380908280953,-13.4937160676938994,766.9693764667250662,22.3738193483950454,771.4640472802423119,30.3249137759576470,30.3249137759576470,127.2382911969229013,6.5550769017974400,54.5797914512668996,13.6771656959771235,8.8800530152418844,44.0445671682439439,11.9352088661551559,26.6434986584520601,-16.7711886357326243,-40.0923178039912855,23.3867836286736797,20.4422567172437333,7.4561403508771829,8.2739185102397084,14.6401985111662469,0.4719468577028429,0.9659212835593456,1.8684881637927253,2.3971172586165101,-7.4674739056675099,-5.9524615646459615,4.0295362748048902,1.3994882342206916,3.1009121967288111,5.1232526986283444,2.6142698360560157,6.6448613679775281,5.5521445376797818,,,,,,,,,,,,,,,,
"2014Q4",11.2505355536846992,8.3007231868962208,16.1171036892491983,740.1901886407994198,612.0129954250876381,711.6372528617108628,592.7812584165062617,550.3946187607123193,551.1949404689405583,613.7009305248869850,461.5763561195469151,462.1093428515521282,458.9473370919243962,461.6013780037426386,5.2434309848421217,10.6959742301828840,653.9203916368657019,711.3193157191624323,-0.5897518767628540,43.9104388716129606,0.3305862941977343,-0.0260590000000000,470.5518394950298671,434.2997082248223819,-2.8902063759963994,-2.0758061996628498,22.6975920234456083,4.6700455098851794,25.6639796016172177,4.8400207235168091,16.4857864980530451,-0.0140670725235725,-0.0073393574575090,-0.0349076422944005,739.5785603192063036,712.4753431332304672,544.6551257965096511,603.5788105216518034,546.3749280440118810,619.8814415580773129,4.8727961533080109,3.7978000382585493,3.5942219392593966,2.8906453581145786,234.5416029262347024,1.8934000069499739,3.5434142250389811,14.0182180950383746,-2.7811888522292607,8.3007231868962208,0.6116107544238727,-0.8380976257158236,5.7394841376964356,-10.7975973155229958,4.8200029633557611,-6.1805238685119503,1.3003926260114342,1.1798846785942287,740.1901710007266502,5.6519389859954385,-0.1346807529274220,-2.9295308954235439,11.2505291907815081,14.0182180950383746,0.0135008191626420,-2.7811888522292607,22.6975920234456083,25.6639796016172177,-0.0140670725235725,-2.9523206023577098,4.6700455098851794,-0.0073393574575090,4.8400207235168091,-0.1626365960071463,16.1171032838885218,16.4857864980530451,-0.0349076422944005,-0.3337742656042202,8.3007231868962208,-0.8380976257158236,-1.4543304069887313,711.6372468974557250,-17.2909985116274640,1.8997615066811013,712.4753431332304672,6.0333712482434283,6.0622460311233368,5.7394841376964356,2.7192426540668322,550.3946100958999068,111.4620284322935930,27.2492603175384254,544.6551257965096511,7.6722668797650844,7.8651081576396251,-10.7975973155229958,592.7812341432708081,-14.2780031998523711,-1.5334112300660481,603.5788105216518034,4.9027970767612707,5.7523356172596909,4.8200029633557611,3.0163256171213613,-1.1798888975222075,551.1949327967954559,15.9445971334913423,15.1617804804873444,546.3749280440118810,12.9047385812040538,12.6663650819498326,-6.1805238685119503,613.7009230543416152,9.2635776008162267,4.7603947789527865,619.8814415580773129,12.1014924259348859,12.2550760993636612,0.6116107544238727,-1.4030321848468841,740.1901710007266502,0.8211843882735451,5.6519389859954385,739.5785603192063036,5.3055400577046186,5.4447114600427620,1.3003926260114342,0.5201570426101464,612.0129954298952271,3.9790493343878701,8.4853866690893192,610.7126027533740853,4.9175911833037897,4.9646668158503733,461.5763546040258234,2.1502579359080132,1.7776317433548230,1.0080868614875327,462.1093433562500650,4.4410410796451574,1.9447039202711656,2.7956318015575254,458.9473306789712979,-9.0579722200348520,0.1069231072429817,-7.9241824769813931,461.6013765271892453,2.0447944960320514,3.7604587679134980,1.3602979141413527,0.7252771028793719,0.5329884702837477,2.2907880354042716,1.7875440919327756,1.6197068090374909,-1.0867200811181412,-0.4496782773417108,-0.4225281807449314,-4.0832171912469706,-2.6290240572402173,-11.2082360957938896,-8.9322659057706240,-6.4268128683364587,3.7978000382585493,2.2124264591545715,2.0838461176349075,-9.1422561817633170,0.0250217617841990,-0.1054650242035233,0.3522098834351013,-3.5691949815094848,3.5942219392593966,-0.0078165006956371,-0.0190837356510537,-101.5737626765370294,5.2434298166914894,7.3137629074254171,3.2987264568893453,0.4080822098176837,1.7970092539200202,3.9929834830227113,2.8906453581145786,10.6959742870445851,2.1959743529705427,4.8727961533080109,-3.4004787893182202,4.4502677412416691,6.9566407478427710,4.8537120309545694,3.9929835821361861,3.9929840574002604,653.9203918135750655,3.8521304214556942,3.7735141543677249,654.7745464205210055,3.5434142250389811,1.8934000069499739,235.7214878082824612,-7.4470983550960019,1.0936848111468618,-2.7036883963087206,234.5416029262347024,1.0771624272069344,1.1022122960183014,1.0233042925614961,1.1798846785942287,711.3193110625207964,249.7429559340213530,5.9505539206454978,18.3484217162295380,-2.2507798005983464,-0.5897518951927453,43.9104390745607986,-6.8581844382652335,0.1158017047339013,-5.0904953011786462,0.3305862879731404,-0.0260589848522289,470.5518376844386808,-16.9432847045686188,-4.8296763947867927,426.6413987019037677,-10.0850993756113123,-4.9454775509680626,-2.8902084683064846,429.5316072765281206,-2.3639564160410504,-2.6075322367222653,434.2997026489727546,-118.1798701635769362,-35.1710846182629027,390.3892632481940268,-111.3216902825589187,-35.2868863398752737,-2.0758139380017480,392.4650787286357172,-13.3892801448993701,-12.6581622849609214,-0.1346807529274220,2.6847812730459006,-0.0416701911017299,0.0000000000000000,-1.5724387168884277,-0.0669022011570632,0.0000000000000000,-0.1626365482807159,0.0665214617620222,0.0000000000000000,-0.3337742686271667,-3.5136113166809082,19.5910618305206299,2.1219288110733032,-3.9576471820473671,-0.1727456868570503,0.6863813912495971,2.6984945535659790,-4.1692414283752441,0.1717981100082397,-0.0000005509847085,-0.2632294818758965,0.3917932752519846,0.0418850760906935,0.0061545460484922,-5.4956180006265640,0.0024794962373562,-0.1346807563677430,-0.1583429090678692,0.3003048542886972,0.2260614410042763,-0.0205961061874405,0.1467337883077562,0.0077636275091209,0.0341639423277229,-0.0031764320592629,-0.4950913009873195,-0.0926676495000720,-7.7143493890762329,-0.0807793850544840,-2.2950564622879028,-18.4331331253051758,-0.2226783637888730,-0.0679339347407222,-1.5931883044540882,-21.0000000000000000,,,,,,,,,,,,,,,,,,,,,,,,,,,,,,,,,,,,,,,,,,,,,,,,,,,,,,,,,,,,,,,,,,,,,,,,,,,,,,,,,,,,,,,,,,,,,,,,,,,,,,,,,,,,,,,,,,,,,,,,,,,,,,,,,,,,,,,,,,,,,,,,,,,,,,,,,,,,,,,,,,,,,-4.2003305336058077,-4.6300815045643446,1101.0000000000000000,244.9967310734615751,206.0000000000000000,430.0000000000000000,1436.0000000000000000,-15.5988857938718670,314.0032689265384533,130.0032689265384249,233.7320147640689925,16.1171036892491983,393.8224250704011524,27.3848860216406003,1228.0626891390900255,8.1008458311298455,-1.6912996451393312,549.1062911037621461,514.4497966263199942,-97.7816004056194004,618.4375155728049549,-88.2144229058485507,56.0228113096328997,0.2883044970752089,0.4852010790922508,84.8330470950078563,23.5252797031685255,108.3583267981763782,,,,,118.6037512250674979,-13.4937160676938994,772.3575302665474283,21.5526151992894484,776.9899752554011911,119.5200330118314156,119.5200330118314156,222.2636003731190897,9.3100810878449192,-75.5226011385982048,0.8245585555889612,5.2530429212043650,-15.8786685341980380,1.5741507870753901,204.8411479752047057,32.3037389068724110,-13.3055442068157781,-3.9759046949022325,17.2861313833402086,18.0487804878048728,9.7062286141888841,4.2792792792792689,2.1735560894690975,1.0781113621517013,4.8796995784197605,2.8648510183558962,-8.6598290550407029,-7.2884769970064429,2.0658477156020316,1.1541057978255997,3.2690913755210493,3.8456143416551791,-5.5466031173598047,2.8570224830263502,5.3833333333333400,,,,,,,,,,,,,,,,
"2015Q1",11.4099902746780000,9.2506277749870005,18.3933304927891008,742.9158343046324262,611.0329207733915382,718.6063141543219217,603.6943794715034528,546.2284545588322544,549.0972762611070266,629.4945612898673062,461.8754780050027193,462.1249523177186234,461.0421111271643895,460.9605994040273345,3.9579623096375798,12.1149372091005354,655.6838824973705186,714.3536782599078379,-0.6861162160948595,40.4350229088740178,0.3772209596121341,-0.3538290000000000,462.1770774134865860,401.2386504770047395,-7.2552303980219790,-28.3382860498014679,24.8263447812849485,4.9769873099236115,25.5144342790608043,4.8317761841520506,16.5984711342247770,-0.0493659769688575,-0.0257561491379818,0.1381239065481684,740.7694971202616898,713.9785674855438629,546.5282934015816636,604.1945717086500736,549.6328878741489916,622.8839626854462495,4.8394942659182636,4.3990284635139796,3.5950185704231088,2.5346545225138088,234.8039414517971579,1.8915919308961455,5.6219862538508867,13.7477391219519731,-2.1244893209237192,9.2506277749870005,2.1463478505187239,4.6277545154303956,-0.2998317712236390,-0.5001446157736522,-0.5356079188266317,6.6106222653172457,-0.8984087601710917,-0.8099904528969504,742.9158447165312964,7.4183056697929004,-0.0804055283557363,-2.3949680287067530,11.4100018810588395,13.7477391219519731,-0.2132462001211131,-2.1244893209237192,24.8263447812849485,25.5144342790608043,-0.0493659769688575,-0.6387246998148026,4.9769873099236115,-0.0257561491379818,4.8317761841520506,0.1709668570387740,18.3933303994581969,16.5984711342247770,0.1381239065481684,1.6567360824715720,9.2506277749870005,4.6277545154303956,2.5188139132629059,718.6063226803100861,27.8762844388427915,8.1769516508707696,713.9785674855438629,6.0129008319528365,6.0678671200840704,-0.2998317712236390,-0.7045395503002125,546.2284603986114462,-16.6646347777659045,7.5098764714206379,546.5282934015816636,7.4926612122325205,7.7487692538346407,-0.5001446157736522,603.6944239488500443,43.6527000988331650,10.6618689939629760,604.1945717086500736,2.4630457049726244,5.3319413593619238,-0.5356079188266317,-0.9200175930844763,0.8099943248842716,549.0972774133344956,-8.3906539202536621,12.7302662540217657,549.6328878741489916,13.0318489678289229,12.8810727996776606,6.6106222653172457,629.4945825108530926,63.1746737344757605,15.4159637352691412,622.8839626854462495,12.0100935738746948,12.1181528462728014,2.1463478505187239,1.0664209471948163,742.9158447165312964,10.9026962376913481,7.4183056697929004,740.7694971202616898,4.7637643672203485,5.4302941184221920,-0.8984087601710917,-0.3593634769518657,611.0329207756261667,-3.9202983476996742,3.8583788550047071,611.9313295237147940,4.8749068661336192,4.9333758163363548,461.8754791156546275,1.1964986418695083,0.5750186228714524,0.9440747685526732,462.1249531134205881,0.0624458969334871,-0.9341929616146607,1.6154575462857146,461.0421105980746006,8.3790847896241321,7.9750047649487916,-1.7233903925493652,460.9606009682021863,-2.5631145257722268,0.6076924086564270,-0.5272277850929800,1.5550857480349454,0.2494740656054403,-1.1340491403216324,0.6713821774804309,1.4586537249079154,-1.2091784637593688,-0.4898328997887800,-0.4475904381388121,-7.8970653124122752,-0.8333683995887956,7.1825938644060772,-2.6674660450860745,-5.2323984184710799,4.3990284635139796,2.4049079421708082,2.2033179758054686,-22.4624257843219688,-0.9148781122062610,-3.7596117304950560,-1.4713062111029078,-4.5098992789005603,3.5950185704231088,0.0031970526226736,-0.0105730283567920,-112.4539198227259647,3.9579645381106068,6.8843159041536568,4.8921564680616125,2.3575034915288509,3.1506342845874657,6.7655723685501759,2.5346545225138088,12.1149371943199942,3.6149371898929363,4.8394942659182636,-4.8948851610343223,4.3919038115119076,7.0428129492015143,4.8289212296980475,6.7655724565114728,6.7655734198099795,655.6838823263047971,7.0539643091497730,4.0926559164947793,655.9636108065985809,5.6219862538508867,1.8915919308961455,233.9939519528214760,-6.9101518196929366,-1.5205522892760976,-3.3307254381167821,234.8039414517971579,1.0493595604759429,1.0795190527054370,0.9968915376572310,-0.8099904528969504,714.3536831820741781,252.4782038290041726,10.9409921685184504,18.1528710102898714,-2.2432926003556912,-0.6861161731169554,40.4350227700595184,-13.9016704488986207,-3.9977468201344575,-10.7252832027020570,0.3772209616035631,-0.3538289889343983,462.1770771965663016,-33.4990509960192711,-18.4739731917534975,421.7420544128004281,-19.5973815615194802,-14.4762248621272498,-7.2552328805888360,428.9972874375482661,-2.1372781858163079,-2.4371975093861984,401.2386422367533783,-132.2442585075374097,-66.9301887818340049,360.8036189988006299,-118.3425767525924499,-62.9324405216773073,-28.3382846774944888,389.1419042801159094,-13.2927027718104611,-13.0724697900833835,-0.0804055283557363,2.6002661815388901,-0.1663475632667542,0.0000000000000000,1.4279007911682129,-0.0662428878713399,0.0000000000000000,0.1709668040275574,0.0675424452638254,0.0000000000000000,1.6567361354827881,5.6592993736267090,-3.4239671230316162,-3.3007932901382446,4.5552814155817032,1.1169087058596734,-1.4185656970366836,-1.3850947022438049,8.1991682052612305,-0.3416612744331360,0.0000003919356604,-1.3387891352176666,1.6385603100061417,0.3149066967889667,0.0462720096111298,3.2707558870315552,-0.0155637305579148,-0.0804055267944932,-0.1575965294614434,0.4107440225780010,0.1520724836736917,-0.0339238907035906,0.2156979255378246,0.0102320240694098,0.0260552510735579,-0.0124680640728911,-0.5055793190018054,-0.1317494697868824,-8.8111756443977356,-0.0358491596998647,-5.4633041620254517,-26.8229398727416992,-0.3303758932743222,-0.0097169768996537,-1.2423524670302868,-20.0000000000000000,,,,,,,,,,,,,,,,,,,,,,,,,,,,,,,,,,,,,,,,,,,,,,,,,,,,,,,,,,,,,,,,,,,,,,,,,,,,,,,,,,,,,,,,,,,,,,,,,,,,,,,,,,,,,,,,,,,,,,,,,,,,,,,,,,,,,,,,,,,,,,,,,,,,,,,,,,,,,,,,,,,,,-9.8837525216251265,-10.3172088748133035,1172.0000000000000000,212.2660184613695833,199.0000000000000000,472.0000000000000000,1465.0000000000000000,-18.6348122866894208,353.7339815386304167,146.7339815386304167,275.0073388898019857,18.3933304927891008,409.0809036737663291,29.7932959781288993,1265.8976858815899504,12.1374501629816223,-0.2620336777174188,551.9612288542890610,550.6400715448990013,-147.8464343886759877,656.0994134252059666,28.2559053132695226,0.5021827045423330,0.3153838794290887,0.4828945824037392,,,,,,2.3228996182023125,5.4707626271204832,157.9198522223015857,1.3018595806276301,779.1088370210692347,27.0052270180872256,782.4706160284030148,28.5218461046390743,28.5218461046390743,118.9958285882680826,4.6708920582179703,10.4854389930361993,11.5191151513266412,7.9794079794079709,32.1493388079253890,8.9700996677740896,-15.3501261848045800,5.2180836509172934,54.7320680864772839,14.9922393801387166,-8.0482835878644252,12.5000000000000000,88.0890303806032762,17.2489082969432346,1.2036740874522112,0.9861677406149960,-0.6398241005613259,1.6458540357977114,8.7401561159462737,-1.6507885018436697,-2.5305454746730405,-0.3075925068278140,6.8781076939871566,4.1775592220024027,-7.6826535582748985,-0.8825151172673018,4.0373333333333372,,,,,,,,,,,,,,,,
"2015Q2",11.9907750600604004,5.4241672642952903,17.3792458234974987,745.2740806099845940,613.4932292326001289,721.6627596862105065,607.7788140805266721,547.5799454560707318,552.0453284201951192,632.9283845846634904,462.9175064997899653,462.7024415870454277,465.3922013433603979,459.6090954209747110,3.3960105516927319,12.7194560463095208,657.1967072892022088,721.0014218503765733,-0.1477784535611306,36.6911912089974521,0.4194192066704265,-0.5811090000000000,461.1654935823580104,414.9547154504185755,-4.0533947191275388,-7.6728833029294492,25.2751413617151073,4.0948786881602768,25.5092529552544427,4.8201684052361040,16.7046185913540555,-0.0688211995843724,-0.0359067096101012,0.1763387986572175,742.2818623145280981,715.5329795385160878,548.4212944876732081,605.6870088422706431,553.0684778395763033,625.7722343262295226,4.8045446256347750,5.0442631514594201,3.5984382111615627,2.2736561605754608,235.0564472238118867,1.8952566090753651,7.9282520523455977,13.6248030120673977,-1.3529607965147816,5.4241672642952903,2.9922242357840170,6.1297775282799840,-0.8413519028013556,2.0918020324682192,-1.0231481724541662,7.1561492172381405,0.3510996323834102,-3.8709884057266879,745.2740865713888070,8.4940071082440056,0.1437704382085173,-1.4759005787266175,11.9907760740114799,13.6248030120673977,-0.2810667178646100,-1.3529607965147816,25.2751413617151073,25.5092529552544427,-0.0688211995843724,-0.1652891901205064,4.0948786881602768,-0.0359067096101012,4.8201684052361040,-0.6893841742022355,17.3792456659664971,16.7046185913540555,0.1763387986572175,0.4982881216748081,5.4241672642952903,6.1297775282799840,3.5883822256050957,721.6627582388813380,12.2257659485554502,14.8265687574319216,715.5329795385160878,6.2176300016067279,6.0939891759050049,-0.8413519028013556,-0.9466071032006051,547.5799421458457346,5.4059322852146217,30.9559793111769395,548.4212944876732081,7.5719898170327689,7.6497592318972405,2.0918020324682192,607.7788060685463734,16.3377080463069042,-1.3810892352172575,605.6870088422706431,5.9697362577760300,4.9515901958300503,-1.0231481724541662,-1.6921862263196319,3.8709874832627822,552.0453295082895693,11.7922299749788024,9.4865444339700478,553.0684778395763033,13.7423529142016410,13.1415313161203091,7.1561492172381405,632.9283854988533449,13.7352870338771460,23.5307036373239278,625.7722343262295226,11.5530983415584778,11.9461233711162276,2.9922242357840170,1.4891976564156510,745.2740865713888070,9.4330289837270058,8.4940071082440056,742.2818623145280981,6.0494591245657929,5.4652255724971912,0.3510996323834102,0.1404398495247040,613.4932292347129987,9.8412338049853574,5.0225878392181018,613.1421296484097638,4.8432004638158066,4.8983837984055967,462.9175063015993032,4.1681094166342163,1.7486243933628827,1.9964237448114144,462.7024418321558414,2.3099526631673424,0.4214825672635161,2.1640865428824312,465.3922044667249907,17.4003755646011520,8.7554350401447500,2.2401340800208147,459.6090960090712088,-5.4060110435596549,0.6119579647982468,-0.4934636673555843,1.6195827943046235,-0.2150645677926371,-1.8581547546091546,0.1676609314008722,1.1257567848868653,-1.3408208526289884,-0.5265679558783760,-0.4717487001370685,-9.9340271200832149,2.4746980231654998,13.2322553851896387,0.2437001937519681,-2.5695576970599943,5.0442631514594201,2.5809302963844041,2.3183624188077019,5.9808167036877027,-3.3084104837980903,-9.5741187200520788,-2.4898913904518558,-6.9068457914800803,3.5984382111615627,0.0136656895413758,-0.0020647717080708,73.2678070919948254,3.3960094872929107,6.5516329178533157,2.9745287916802585,0.7008734024469570,2.4039778462940866,6.6234351720467561,2.2736561605754608,12.7194560225908511,4.2194560534920136,4.8045446256347750,-4.6452107520839530,4.3327958127274808,7.1229064769012345,4.8024798638223309,6.6234338768377290,6.6234347208121331,657.1967078517989194,6.0512965583324707,4.9515535199193188,657.7465294727111313,7.9282520523455977,1.8952566090753651,231.1854579257046112,-11.2339714992739061,-6.0025445783020555,-3.2658169270296287,235.0564472238118867,1.0100089855662930,1.0586086684003273,0.9595084604677836,-3.8709884057266879,721.0014219864616507,258.0839150534838495,22.4228606663792114,13.6982835933032732,-2.2273809244152747,-0.1477784862721339,36.6911919615561644,-14.9753138134312458,-8.7900082785216895,-11.5841992273417187,0.4194192126037993,-0.5811089864081582,461.1654937281764433,-4.0463313325295340,-22.6028959202552642,424.4743016117770935,10.9289818036700730,-13.8128899627081889,-4.0533956290942923,428.5276973117008197,-1.8783618549944012,-2.2326822982720449,414.9547116654714500,54.8642903506146098,-54.8997012003234630,378.2635194077837468,69.8396123474829835,-46.1096928034795752,-7.6728857183652535,385.9364062049248218,-12.8219992155707700,-13.1526770460571889,0.1437704382085173,-1.7011466231982100,-0.0294602476060390,0.0000000000000000,0.2818198204040527,-0.0700174692319706,0.0000000000000000,-0.6893841624259949,0.0621322715305723,0.0000000000000000,0.4982881098985672,3.3332335948944092,-0.3611731529235840,0.1435321569442749,2.9417568668723106,0.5587743266096510,0.7104630954563618,2.2438997328281403,10.0036721229553223,-6.5368665456771851,-0.0000008110182639,-0.9153885953128338,0.9660125393420458,-0.4312889678403735,-0.0633730681147426,11.7394014969468117,-0.0063905139686540,0.1437704395502806,0.0923584867268801,1.0004940479993820,-0.2180938813835382,-0.0389016732224263,0.2184868277981877,0.0107885933975922,0.0131173626286909,-0.0071760867140256,-0.5031382591132996,0.4971707738004625,-4.2500308156013489,-0.0379537867847830,0.4448480606079102,13.0140600204467773,-0.2626628815196455,0.0451881992630661,-0.8585735484957695,-19.0000000000000000,,,,,,,,,,,,,,,,,,,,,,,,,,,,,,,,,,,,,,,,,,,,,,,,,,,,,,,,,,,,,,,,,,,,,,,,,,,,,,,,,,,,,,,,,,,,,,,,,,,,,,,,,,,,,,,,,,,,,,,,,,,,,,,,,,,,,,,,,,,,,,,,,,,,,,,,,,,,,,,,,,,,,-8.4468174453262463,-9.2302256344764544,1225.0000000000000000,171.8188600125143921,199.0000000000000000,499.0000000000000000,1500.0000000000000000,-20.0000000000000000,403.1811399874856079,191.1811399874856079,267.2598425229300005,17.3792458234974987,505.2296938435241600,29.1570334938880009,1352.9115036148100444,26.5909743618749417,-3.2682769044026685,557.1653022324509266,540.5424720172489970,-124.8272017368909985,616.6340527391639625,-71.4007880672892270,68.7286694602010044,0.3538114622242586,0.4801058944074024,,,,,,,,157.9198522223015857,1.3018595806276301,785.4330264122502285,25.2967575647239755,787.8873125909727833,90.4536123058052368,90.4536123058052368,127.5875435021578710,5.9987339849456998,120.1643336824599970,9.8922168051252424,9.2522179974651397,13.0045413975514492,16.4948453608247512,5.5547548795148449,38.1158756262791414,17.7480968754108339,-3.1385349125500839,12.5156442922029321,9.3333333333333268,14.7232972067149248,25.7990867579908745,4.2561994210673637,1.9710121236716560,2.6180155659185189,2.1670975073423193,19.0059860319560237,2.1255017660714692,-5.2624888657057607,-0.6011113358167841,7.1863489995465102,5.0761919956453516,-11.2483315675668720,-5.6258483691245527,3.4543333333333370,,,,,,,,,,,,,,,,
"2015Q3",10.2910113400659995,6.2760865026563604,16.2604137187583007,747.9537488702061410,616.5124665704274776,725.0601358839338673,600.9355420256256366,560.1811375863443345,548.0656493504939135,630.3692808669404712,464.0363250202638028,463.6993226760086486,466.0961106788020629,463.0932409632066538,3.4269372910045259,12.5408858957368796,658.8591105392434883,725.1466748894335979,0.2420438363839494,33.5098848465952273,0.5048899495929510,-0.6833620000000000,458.3375372430525658,393.5150862719918337,-3.2987235904068370,-22.9191382451510322,22.7991686853109741,3.7522481564542689,25.5968995972322659,4.8163147188110917,16.8075354716360081,-0.0893666094530189,-0.0466260602535558,0.1836929996532697,744.0682382210209198,717.1434542057858152,550.3370093125914764,607.8104872600957833,556.6925712248533955,628.5388222363436626,4.8011193520658102,5.6893920447513020,3.6030572357523472,2.1921890119202030,235.3077450061982745,1.9206319262559550,10.3150038403101600,13.6056791060285764,-2.9949888471997426,6.2760865026563604,3.8855050518913825,7.9166778054921849,9.8441204515145309,-6.8749927738918863,-8.6269381868963304,1.8304497780270792,2.1703854479118019,-6.6380705895957899,747.9537429061340390,7.9688626263844773,0.1735469984149988,-3.0141107681200108,10.2910049986023875,13.6056791060285764,-0.3196855066836356,-2.9949888471997426,22.7991686853109741,25.5968995972322659,-0.0893666094530189,-2.7083632560658955,3.7522481564542689,-0.0466260602535558,4.8163147188110917,-1.0174401467277314,16.2604135014808193,16.8075354716360081,0.1836929996532697,-0.7308138842151846,6.2760865026563604,7.9166778054921849,4.3377621725313773,725.0601315773029683,13.5894942555159943,9.1001244116575393,717.1434542057858152,6.4418993141586434,6.1764532016050202,9.8441204515145309,5.4976815950201861,560.1811288111965723,50.4047480149055502,37.6520248601930518,550.3370093125914764,7.6628603726121991,7.5999467272977839,-6.8749927738918863,600.9354965595319982,-27.3731276604568805,4.5847748896789327,607.8104872600957833,8.4939173596530608,5.4573753832211338,-8.6269381868963304,-6.9393673072753890,6.6380695139674160,548.0656349794240896,-15.9187909612321334,0.8568480172065829,556.6925712248533955,14.4963761076805913,13.5438254314650948,1.8304497780270792,630.3692708559131006,-10.2364664368696587,18.9842406549995673,628.5388222363436626,11.0663413919406359,11.6827534955025421,3.8855050518913825,0.2883081180501180,747.9537429061340390,10.7186028204569084,7.9688626263844773,744.0682382210209198,7.1454737307374536,5.8160609398743395,2.1703854479118019,0.8681541386549021,616.5124665734647351,12.0769493111255048,5.4942334509861643,614.3420812132046649,4.7998063100130217,4.8588762782524739,464.0363243305668561,4.4752740161161988,1.4371257701354001,2.9975356532306070,463.6993212814103344,3.9875075705520229,1.0816814319832897,2.7002427805938347,466.0961171610923657,2.8156528197893822,1.5788403708740582,4.8842828338667479,463.0932403102248713,13.9365832627169475,5.1799488307994235,2.0030637284721942,1.7807879810102047,-0.3370030789650621,-0.4877544150280098,-0.2972923260813191,1.1355453888882576,-1.4725483131303314,-0.5269038681948791,-0.4982451475500361,-7.0807838854478540,2.0597928561365437,-1.6596254348101986,1.8867547646177769,-3.6295878777662267,5.6893920447513020,2.5804883088954602,2.4446855848535449,-0.9546940348000232,-0.9430840249043783,9.4613131397531980,-0.9944715866270606,-4.5461380117106742,3.6030572357523472,0.0184694361957519,0.0068824577454524,-67.5204478661346172,3.4269372286236961,6.4664048251125612,2.3452513527702612,0.1530629992355321,2.3273408866678249,6.3682285600316817,2.1921890119202030,12.5408859094524239,4.0408857870946626,4.8011193520658102,-4.9626954706800550,4.3028745811428886,7.2458047801671661,4.8080022630228498,6.3682282515106623,6.3682290395526717,658.8591107338791062,6.6496155136724724,5.9017511918530792,659.3673758837392143,10.3150038403101600,1.9206319262559550,228.6696746622166359,-10.0631200311510867,-8.9135882293932180,-0.4950960654296460,235.3077450061982745,1.0051779807887482,1.0354315001696628,0.9549189299279205,-6.6380705895957899,725.1466713820846053,261.1103478828455877,12.1057230118928132,12.8550299001392858,-2.1746391382081125,0.2420438291330922,33.5098853225387998,-12.7252207448500467,-12.1150993748024227,-9.7841245519182802,0.5048899489882291,-0.6833619967751541,458.3375407892833664,-11.3118093122131178,-16.4501194000149802,424.8276554554880704,1.4134140522316128,-4.3350175518113971,-3.2987200736713040,428.1263755629967704,-1.6052872935653879,-1.9962205636824413,393.5150856047809498,-85.7584918336322630,-70.3295826101228556,360.0052002992035796,-73.0332667954332493,-58.2144833488021192,-22.9191436518969098,382.9243436126573670,-12.0482444288974122,-12.8880498811877260,0.1735469984149988,1.0640028705087152,0.0631115175783634,0.0000000000000000,-2.5926616191864014,-0.0628461219603196,0.0000000000000000,-1.0174402296543121,0.0599614688544534,0.0000000000000000,-0.7308138161897659,4.0934555530548096,10.7028384208679199,-6.7068934440612793,-2.2727809399366379,0.4643239520405329,2.0299454936757684,2.4050758779048920,-0.2746291160583496,13.8121559321880341,-0.0000005816190296,-0.4754346534609795,0.2433754466474056,-0.7846595337614417,-0.1152969059767202,-7.0023331120610237,0.0320307675283402,0.1735470006242394,0.1078667063266039,1.0795385502278805,-0.2707054037600756,-0.0108722257427871,0.0596240460872650,0.0061699257348664,0.0456694405584130,0.0149009040469537,-0.5211672893566028,0.3809555899351835,-1.1410219073295593,0.0074285613372922,-0.7856152057647705,-17.3179368972778320,-0.1603638753294945,0.0852385479956865,-0.5084454417228699,-18.0000000000000000,,,,,,,,,,,,,,,,,,,,,,,,,,,,,,,,,,,,,,,,,,,,,,,,,,,,,,,,,,,,,,,,,,,,,,,,,,,,,,,,,,,,,,,,,,,,,,,,,,,,,,,,,,,,,,,,,,,,,,,,,,,,,,,,,,,,,,,,,,,,,,,,,,,,,,,,,,,,,,,,,,,,,-7.0098823690274799,-8.1432423941396053,1288.0000000000000000,228.6910796642239916,210.0000000000000000,497.0000000000000000,1568.0000000000000000,-18.3035714285714270,339.3089203357760084,121.3089203357760084,240.8522916000709984,16.2604137187583007,377.8700254441316133,26.9503935038938991,1410.1716998395399969,16.5810121562280983,9.4248263257956495,561.3257564618254492,497.0882343393470251,-118.7103555039769986,566.6340086855150275,-113.0254461630416927,100.4366027147920022,0.3866657842634375,0.4725153265994801,,,,,,,,157.9198522223015857,1.3018595806276301,791.3809405234918586,23.7916564449665202,793.2193068229556729,80.6420253966049643,80.6420253966049643,130.5566403468568524,-0.0173211235674801,-42.5285802256348973,11.3142092551944415,8.0949482653682292,14.5561658194026897,8.7585681645087519,65.5408299768953242,47.8975860222090120,-23.9463278304980598,5.3779729406288945,-14.7163275268348279,1.2244897959183598,-9.7299225510957257,21.6450216450216431,4.5769251889646201,2.9987252375057949,4.1607136925844834,2.7218229448110032,2.8556510743463770,4.7115101569223716,14.9544551423492109,2.2165054140359963,6.9011820616513786,6.0793835470358104,-10.7040359367241322,-8.7602874362477827,3.4863333333333246,,,,,,,,,,,,,,,,
"2015Q4",8.9485719417111493,5.1483569163757004,18.3187011469053012,750.1297194207495522,616.8850491309307245,725.0555569113347474,605.6885014433104288,567.7560369857824298,552.8312009957729742,638.2893288044033397,465.5204217437784564,464.3164431261452592,471.7509128296713357,464.7833476437065201,3.4803922194692096,12.3025696316899822,660.8978758758751155,729.6659140122960707,0.4855052397241622,31.3634784746818376,0.6308724748721495,-0.7647720000000000,454.3113615898132593,379.9862443998715094,-4.8464375168221636,-31.5539308576902044,23.4692093427282842,3.7980735227210545,25.6179854172123420,4.8222044186732687,16.9118650177599044,-0.0980467951870022,-0.0511549447263999,0.2029236246144909,745.8668077703991912,718.7794878985573632,552.2353289253730964,609.6901555304465319,560.4330078636438657,631.2305896686837059,4.8061725025821920,6.3231493844202848,3.6077584780976295,2.1423540327440898,235.5630884488971617,1.9368236711812206,10.9165454187768063,13.5283230323145194,-4.2276231604018282,5.1483569163757004,4.2629053453471508,6.2760752521126140,15.5207131440589521,-4.0016340643709878,-7.6018045431960068,7.0587448879348615,1.3575730895611522,-7.6181782840741503,750.1297134323824594,9.9395571083416989,0.0627031942969188,-4.3049778059374741,8.9485711939590082,13.5283230323145194,-0.3521257682667250,-4.2276231604018282,23.4692093427282842,25.6179854172123420,-0.0980467951870022,-2.0507348773624448,3.7980735227210545,-0.0511549447263999,4.8222044186732687,-0.9729774003051966,18.3187009275658568,16.9118650177599044,0.2029236246144909,1.2039120649122443,5.1483569163757004,6.2760752521126140,3.4515613150319959,725.0555640110018203,-0.0183056436841267,13.4183095113519162,718.7794878985573632,6.5441109443265875,6.3041353548220931,15.5207131440589521,9.3906504504988639,567.7560414140368721,30.2996432630037376,17.3614359930228090,552.2353289253730964,7.5932837211609332,7.5801985531870733,-4.0016340643709878,605.6885156726935975,19.0120613844912754,12.9072871354125773,609.6901555304465319,7.5186493354900801,6.1113359592770244,-7.6018045431960068,-6.2335488275396989,7.6181767855318245,552.8312015328252755,19.0622248169891222,1.6362514385699543,560.4330078636438657,14.9617454869386570,14.0580803993105317,7.0587448879348615,638.2893352056506728,31.6802511315164494,24.5884150213934696,631.2305896686837059,10.7670774548428252,11.3491534454528118,4.2629053453471508,0.3787319775087398,750.1297134323824594,8.7039275704415644,9.9395571083416989,745.8668077703991912,7.1943120835031582,6.2882525860525211,1.3575730895611522,0.5430292704127917,616.8850491748061131,1.4903303339383012,4.8720537906461061,615.5274760231553728,4.7415792718323040,4.8148732296723118,465.5204212652526508,5.9363855695093015,2.5544844598872785,3.9440625788474026,464.3164436758113425,2.4684858761915898,0.9229373877687110,2.2071020078891861,471.7509109430288845,22.6191944231195095,10.2821901707398595,12.8035720645633226,464.7833478930884894,6.7604255297145910,3.2245547940146917,3.1819707832911091,1.8866944040009956,-1.2039775597703029,-3.4679010971702695,-1.7369629567388087,0.3979884789510132,-1.6019677726970925,-0.5176777936745748,-0.5152456171421648,-1.4519406886807502,6.2304895802664753,16.6828024388512759,8.8595012805298019,-0.0926570370007007,6.3231493844202848,2.5350238233702740,2.5253339450404297,-4.5901086384593688,-0.7370734258516606,0.8240411138492765,-0.7620950357889744,-4.3448306637681400,3.6077584780976295,0.0188053489939272,0.0135360866610775,-35.4546043102943997,3.4803929564631191,6.4308496060060483,2.5574580764527028,0.4151028830528363,1.7343002133821104,5.5368680705004998,2.1423540327440898,12.3025695886028448,3.8025696726163183,4.8061725025821920,-3.9740394450857788,4.2909275321357301,7.3315078132908083,4.8197093198514249,5.5368677612885699,5.5368689851797290,660.8978758436724092,8.1550592148999677,6.9774849516327473,661.1113413788003754,10.9165454187768063,1.9368236711812206,227.9449095299224552,-2.8990518138056141,-7.7765759425638681,2.8573215442278346,235.5630884488971617,1.0213708928155016,1.0214815564903554,0.9703022604121756,-7.6181782840741503,729.6659146517316685,264.1454951981247063,12.1405804363436207,14.4025377985656391,-2.1469536472730293,0.4855052410714391,31.3634774713803992,-8.5856283825750843,-12.5469595974764481,-6.4724504285105411,0.6308724714478612,-0.7647720097585948,454.3113593043283913,-16.1047136417874128,-16.2404784957201009,422.9478816137012132,-7.5190858379307537,-3.6935192250511877,-4.8464399815754922,427.7943217814685113,-1.3282162340672308,-1.7372858208358999,379.9862518216544345,-54.1153264933812324,-54.3134430193547146,348.6227739303802196,-45.5296950723591181,-41.7664915364233735,-31.5539289225101953,380.1767033407919598,-10.9905488225934587,-12.2883807824300266,0.0627031942969188,-0.4896863349524798,0.0009269863367081,0.0000000000000000,-0.1548819541931152,-0.0532929018372670,0.0000000000000000,-0.9729773998260498,0.0624056329252198,0.0000000000000000,1.2039120048284531,1.2618391513824463,9.4688837528228760,-0.6163190603256226,1.5887691378593445,2.3371907575146822,0.4894189490005374,-0.0921091437339783,19.6712813377380371,3.0086185336112976,-0.0000006410746153,-0.5762137621641159,0.1657722247764468,-0.5493551576510072,-0.0807215664535761,0.8538825139403343,0.0122486316540744,0.0627031950280070,-0.0480372691527009,0.8285843096673489,-0.1075501274317503,-0.0027364031993784,0.0145580973476171,0.0021831586163898,0.0664517872210126,0.0082548912687344,-0.5446790051674104,0.2579840524122119,1.1984942555427551,0.0522138969972730,-2.8012320995330811,-14.8229532241821289,-0.1497461858671159,0.1165428904350847,-0.1471193879842758,-17.0000000000000000,,,,,,,,,,,,,,,,,,,,,,,,,,,,,,,,,,,,,,,,,,,,,,,,,,,,,,,,,,,,,,,,,,,,,,,,,,,,,,,,,,,,,,,,,,,,,,,,,,,,,,,,,,,,,,,,,,,,,,,,,,,,,,,,,,,,,,,,,,,,,,,,,,,,,,,,,,,,,,,,,,,,,-5.5729472927285144,-7.0562591538028414,1276.0000000000000000,279.1818915579943905,206.0000000000000000,499.0000000000000000,1617.0000000000000000,-18.1199752628324049,354.8181084420056095,139.8181084420056095,300.2883791568330025,18.3187011469053012,449.1730860071845086,27.5622551709565009,1475.3627048273699529,18.0769564914498915,2.8820576403282345,560.5329965053144861,519.8995968246319990,-124.9008415824579998,557.1464691738480042,5.8409154150510858,114.8732374895899966,0.3954419289784230,0.4781812165407283,94.7256649690822456,26.3599749164811392,121.0856398855633813,,,,,157.9198522223015857,1.3018595806276301,796.9948511297056939,22.4556424248553412,798.4443066753353833,145.4821973529861339,145.4821973529861339,141.2170835120273296,7.3787045901629300,-61.5931623960969006,9.0939031354968947,10.0426049908703519,-0.0183142131395919,14.2740619902120613,35.3909016271016554,19.1837020040345649,20.9392753116008237,12.7340907872979017,21.0002064506797907,2.8925619834710758,37.2730631075716587,27.6457883369330517,6.1161294135366751,4.0522062163079964,2.7170511495538507,2.2500401909451018,25.3816482785113706,13.9146750842020559,6.9941813640550299,2.9108488055838100,7.9681741027527231,7.2266725059390913,-6.7558374250876856,-9.1006496441358724,3.5416666666666652,,,,,,,,,,,,,,,,
"2016Q1",9.6777253898967803,3.4608126928503902,18.6269485819567002,752.7604030075586934,619.7996012588397434,724.0466703490193368,606.7115797099199881,580.9346782628001620,559.5297699190620051,636.2894956502033210,466.2484356041817364,465.0871661675772657,472.4761891119086954,465.0282980948459226,4.8508478742609089,10.9548845915185709,663.5538117081355267,731.7272359412041851,0.3024999271544573,30.8247145061746224,0.8717888539722805,-0.8732270000000000,454.6945181026509317,356.0343932745433335,-3.6606647752269623,-52.5404624379313532,23.0512174228810451,5.2534556659660270,25.6899740040296933,4.8371521672124684,17.0111444661103057,-0.1140654503322417,-0.0595124165122552,0.1571131449921716,747.8010341022323928,720.4379434426348325,554.1073172525049131,611.9012613865872936,564.2731882828095422,633.8526561346967583,4.8276325605638339,6.9180237283844983,3.6115668739550064,2.0858474466949350,235.8268071779937429,1.9569376469539734,9.8010410392950487,13.5159792018814890,-3.5075683127691675,3.4608126928503902,4.9593660890941393,3.6087275926663329,26.8273595109102700,-5.1896859630941341,-4.7434183149634119,2.4368266483664587,3.0999851905775579,-6.5354461521292393,752.7603998893946482,9.8445765518294319,0.0553082101178149,-3.5199102155301305,9.6777237072986608,13.5159792018814890,-0.3306909952658995,-3.5075683127691675,23.0512174228810451,25.6899740040296933,-0.1140654503322417,-2.5246921295475619,5.2534556659660270,-0.0595124165122552,4.8371521672124684,0.4758163881130455,18.6269486178653310,17.0111444661103057,0.1571131449921716,1.4586917567424540,3.4608126928503902,3.6087275926663329,1.8769431489674893,724.0466705507293455,-4.0355711456890440,5.4403482209290219,720.4379434426348325,6.6338167278073934,6.4593641188102682,26.8273595109102700,16.8823778247326999,580.9346760273263044,52.7145398218761443,34.7062253054419045,554.1073172525049131,7.4879642090170071,7.5790233674423817,-5.1896859630941341,606.7115665738161852,4.0922803030393595,3.0171792496221985,611.9012613865872936,8.8444171414503021,7.7066819938083029,-4.7434183149634119,-4.1196855455509720,6.5354464967015673,559.5297680638799420,26.7942832560032684,10.4325066539810187,564.2731882828095422,15.3607330255303527,14.6402993980871337,2.4368266483664587,636.2894851781665011,-7.9993793403485922,6.7949156299076865,633.8526561346967583,10.4882635600096545,10.9686973485009336,4.9593660890941393,0.2955993030300977,752.7603998893946482,10.5227478974625015,9.8445765518294319,747.8010341022323928,7.7368893981071771,7.0315355066597434,3.0999851905775579,1.2399940432369363,619.7996012956241429,11.6582086566689078,8.7666805437104429,616.6996161531067173,4.6885605220785989,4.7682866160596333,466.2484337706568454,2.9120447612996583,2.3628117374600084,4.3729511037160504,465.0871650695744961,3.0828878368272070,2.4226691681609918,2.9622070715109645,472.4761844936514308,2.9010840845776547,2.0013461432578454,11.4340812119451201,465.0282989135448588,0.9797992368748195,2.5200936137181591,4.0676990036642362,2.6604060653862391,-1.1612687986933832,0.1708357903755402,-1.4107446970714528,0.5621260767722710,-1.7233948452893295,-0.4857083043521198,-0.5142164275667256,7.4138105643297756,6.2277507108646804,-0.0109540519966291,7.0611264979536568,-0.6902668128650049,6.9180237283844983,2.3795031629677017,2.5189923091168409,15.0221081047236336,-1.2201349402080288,-1.9322476223262370,-0.3052550714353706,-4.8317034269436254,3.6115668739550064,0.0152341530844298,0.0165443176757413,-76.0313824848593072,4.8508470748205808,6.4277718235485377,2.4281797507571317,0.3423329538863329,1.0617645858247062,3.5166492480107765,2.0858474466949350,10.9548845733444029,2.4548845605853198,4.8276325605638339,-2.6016224044624296,4.3134158558625630,7.3466241883759960,4.8441767600190149,3.5166490184147143,3.5166485731582240,663.5538118734367572,10.6237386787677579,7.8699277309159781,663.2186404612018578,9.8010410392950487,1.9569376469539734,229.2913613526765459,5.3858106139716275,-4.7025856725898931,4.7085684547085149,235.8268071779937429,1.0548808116108859,1.0228614196884940,1.0021368771428463,-6.5354461521292393,731.7272336317553254,265.4788003046487006,5.3332244323453173,13.0006008236872077,-2.1178294692820194,0.3024999536105554,30.8247146445779308,-2.1550474426782840,-9.6103050531832697,-1.3279854179362736,0.8717888511240515,-0.8732269973786951,454.6945163034736197,1.5326252842717767,-7.4825588016185929,423.8698016244999849,3.6876722717207411,2.1277462252788943,-3.6606666213634838,427.5304683073463821,-1.0554135349148350,-1.4668195019249761,356.0343955674375707,-95.8074205606845197,-45.2042559031416289,325.2096807075760125,-93.6523735924206875,-35.5939302701282401,-52.5404625357809820,377.7501434668139382,-9.7062356923876454,-11.3917623051594763,0.0553082101178149,-1.6133657653374600,0.0528884287923574,0.0000000000000000,-1.0891742706298828,-0.0439433410065249,0.0000000000000000,0.4758163392543793,0.0583975498448126,0.0000000000000000,1.4586917757987976,-0.7589378356933594,16.6266717910766602,1.4140943288803101,-3.3049265295267105,1.6996405285241862,2.5569559251889586,-0.1420401632785797,-2.0742352008819580,1.1179354488849640,-0.0000002159267412,0.5452019833028316,-0.9674281701445580,0.3326792754232883,0.0488834911957383,-6.7208128720521927,0.0164558662218042,0.0553082088008523,-0.0872585913166404,0.7854703702032566,-0.1020635059103370,0.0141756064258516,-0.1000445755198598,-0.0016903878022276,0.0845785098499618,0.0137963157758350,-0.5511161268722118,-0.1538749926257879,4.3174028396606445,0.1734468777431175,-0.6558746099472046,-29.5060949325561523,-0.1849321834743023,0.1399815089534968,0.1852579638361931,-16.0000000000000000,,,,,,,,,,,,,,,,,,,,,,,,,,,,,,,,,,,,,,,,,,,,,,,,,,,,,,,,,,,,,,,,,,,,,,,,,,,,,,,,,,,,,,,,,,,,,,,,,,,,,,,,,,,,,,,,,,,,,,,,,,,,,,,,,,,,,,,,,,,,,,,,,,,,,,,,,,,,,,,,,,,,,-3.9156180363665243,-7.7441810931905906,1234.0000000000000000,321.2837021460392180,241.0000000000000000,545.0000000000000000,1661.0000000000000000,-18.3022275737507520,409.7162978539607820,144.7162978539608105,312.9309891026250057,18.6269485819567002,447.6262562232685127,27.9125470950035002,1506.0902889910501017,8.2452877156324575,0.4219688020379095,564.0650127309839945,529.6898685480859967,-138.2946753830640034,560.1996066105180034,-9.1776796175289519,97.9733613653189934,0.3785730052980133,0.4886655780231209,,,,,,2.1196477246929826,5.9009815115034678,268.6877407068439538,0.1496988417532500,805.8769031565699379,35.5282081074569760,803.5388711201584329,50.9080073768819190,50.9080073768819190,52.4460948406439158,14.1967538799999993,30.5304399752407001,11.0963151868402434,10.7270560190703144,-3.9552024764196836,6.0975609756097615,69.4089877301529583,36.7381052788131370,4.1772022144331622,5.6780678536359153,30.7272305595030382,9.8765432098765427,-7.6877492869395052,7.0763500931098733,2.9548703636876006,4.5068331339055856,2.8112087930362240,3.0094875940294141,2.9435971007197859,12.3350269578707419,0.9846175779330002,4.1808216973612700,10.8177195199518081,8.1878943613918445,6.0557515446471255,-5.9633949447809753,4.9704271954931656,,,,,,,,,,,,,,,,
"2016Q2",8.2721888139456397,7.1892112159634802,17.7836695653960000,753.4021760909843124,618.4120448987800955,732.0116416917283004,599.4955776459111121,583.9105541465529541,554.0621189131177289,642.0604774444263967,467.7130120798178723,466.6480918472396411,473.9603095024852450,465.3431141600497085,5.6500215891963839,10.1927020702555033,665.7175927894352299,731.1971961301130705,0.1627009657868896,31.2143060759371522,0.9197572354042052,-1.0100080000000000,462.1990105873238690,384.9534754383024051,3.6539769847746584,-21.9424446966095843,21.0082013977942168,5.0476621402505195,25.6531037048177630,4.8491382654270661,17.1034670139942691,-0.0868300228497546,-0.0453026653497482,0.2282010639371254,749.6269598000599217,722.0974635855318411,555.9219219313778240,613.5853788763276953,568.1475949496624480,636.4394269504700787,4.8267529544234211,7.5036334010636692,3.6155128081190377,1.9719371613877168,236.0950948478654254,1.9624575582161989,8.3880728969675449,13.3987765717370184,-4.7662516084412507,7.1892112159634802,3.7752175591051298,9.9141802854625585,27.9886344933748106,-14.0898015637491838,-14.0854742214716158,5.6210530451732907,0.5544269522859815,-5.8112881760108159,753.4021772640907102,8.1281030861944501,-0.0256633308895175,-4.8834562289957457,8.2721893677827865,13.3987765717370184,-0.3603338702250154,-4.7662516084412507,21.0082013977942168,25.6531037048177630,-0.0868300228497546,-4.5580746884641661,5.0476621402505195,-0.0453026653497482,4.8491382654270661,0.2438262203759539,17.7836695706569685,17.1034670139942691,0.2282010639371254,0.4520025005512847,7.1892112159634802,9.9141802854625585,6.2834471847237765,732.0116437754963954,31.8598896233447313,10.3488831753945600,722.0974635855318411,6.6380662998147333,6.5644741448256365,27.9886344933748106,17.8741039920808475,583.9105570125357190,11.9035097018112737,36.3306188038509745,555.9219219313778240,7.2584181677760471,7.5006320102289825,-14.0898015637491838,599.4955746185808039,-28.8639255536147346,-8.2832260680404364,613.5853788763276953,6.7365075378214936,7.8983789723673814,-14.0854742214716158,-10.1523461158617714,5.8112860914507891,554.0621216510461409,-21.8705866731595329,2.0168061771677905,568.1475949496624480,15.4976273183396120,15.0791189336313227,5.6210530451732907,642.0604792144349631,23.0839840897337680,9.1321016812108340,636.4394269504700787,10.3470896793112122,10.6671942578156731,3.7752175591051298,1.5786093508920331,753.4021772640907102,2.5671321684701187,8.1281030861944501,749.6269598000599217,7.3037030790118616,7.3450918182290357,0.5544269522859815,0.2217708213621111,618.4120448710112896,-5.5502254726217437,4.9188156670219554,617.8576178697547903,4.6320067521571193,4.7154881844247205,467.7130122748062035,5.8583139269968871,5.6172456446058652,4.7955046714747089,466.6480926100140323,6.2436992169600902,5.6511361656993797,3.9456456432759897,473.9603125523209428,5.9365017279602688,5.8095709216186950,8.5681148717698186,465.3431148062277884,1.2592718221770545,4.7801381718358069,5.7340197873279291,1.8579196437845746,-1.0649197479687718,0.3853958753585552,-0.8498565790950955,0.7780258432116570,-1.8429466752972061,-0.4782067822536825,-0.5021245115808490,9.1403546249480758,6.2473001398062493,0.0781911316012536,3.7726140680336449,-1.2563292783109699,7.5036334010636692,2.3424403419360522,2.4593653868284093,41.2195890935839913,-2.3698976894394961,-4.5990428826936549,0.9385137105531467,-5.9854078010909104,3.6155128081190377,0.0157734212029601,0.0170717788538863,132.0264659230979873,5.6500239651312709,6.3204834104950205,-0.0011104060726570,-1.9730483968486145,-0.6066472324575867,1.0860555206205389,1.9719371613877168,10.1927020793339942,1.6927020384853113,4.8267529544234211,0.0688309884420844,4.3246286739835318,7.2861182398467861,4.8438248944981401,1.0860553620398583,1.0860557156854851,665.7175920834272347,8.6551293814996697,8.5208856079231143,665.7341165872952615,8.3880728969675449,1.9624575582161989,230.2838060604100860,3.9697915139124857,-0.9016460310250219,3.4111601376285376,236.0950948478654254,1.0731448335773819,1.0386455664890251,1.0194876415390572,-5.8112881760108159,731.1971987611233317,263.4841867982366921,-7.9784648703612149,5.4002702598125580,-2.1121920066004654,0.1627009976597842,31.2143066709815393,1.5583697985370164,-5.4768833541097202,1.6427486541312768,0.9197572362340148,-1.0100079750924464,462.1990143172852186,30.0179883014039213,1.0335230277463827,430.9847075918245878,28.4596189736201275,6.5104058477025371,3.6539809195133928,427.3307267219370260,-0.7989685109070340,-1.1969715687037923,384.9534960527241196,115.6764010239155596,-30.0012103482837311,353.7391891662019816,114.1180298329377081,-24.5243331229810941,-21.9424273579962090,375.6816171386265069,-8.2741038306959052,-10.2547863232982763,-0.0256633308895175,2.9588048695382856,-0.0523690748959780,0.0000000000000000,-2.7907948493957520,-0.0461551969638094,0.0000000000000000,0.2438262552022934,0.0524334334768355,0.0000000000000000,0.4520024657249451,7.4104192256927490,10.6369284391403198,-9.8888032436370850,0.7037858217954636,0.5696073713715846,-0.6855670185759664,1.2022412419319153,-1.5521647930145264,-4.2760964035987854,-0.0000008108102598,0.1208429336547852,-0.5166940744966269,0.1884979065507650,0.0276976566528901,-13.0149473622441292,-0.0041184134606738,-0.0256633302196860,-0.2167515866458416,0.5433269962668419,0.0216360846534371,-0.0060179450083524,0.0028613042086363,0.0020630106155295,0.0710080139397178,0.0012137069570599,-0.5652548951655838,-0.1216489698272198,2.8863550424575806,-0.0074552821461111,5.9235939979553223,16.4121065139770508,-0.2241036677733064,0.1509039157535881,0.4615094587206841,-15.0000000000000000,,,,,,,,,,,,,,,,,,,,,,,,,,,,,,,,,,,,,,,,,,,,,,,,,,,,,,,,,,,,,,,,,,,,,,,,,,,,,,,,,,,,,,,,,,,,,,,,,,,,,,,,,,,,,,,,,,,,,,,,,,,,,,,,,,,,,,,,,,,,,,,,,,,,,,,,,,,,,,,,,,,,,-2.7339597490576608,-5.5327514522644208,1381.0000000000000000,272.8949005144360171,232.0000000000000000,575.0000000000000000,1711.0000000000000000,-20.0467562828755099,400.1050994855639829,169.1050994855640113,313.8385382390270024,17.7836695653960000,494.4427957131509856,25.7761305416819013,1498.1285297551698932,-2.1201592443644586,7.2143823575686312,568.3731129981935055,552.4055960056749655,-164.8456552271690043,554.0231589742279539,-36.5768621399690801,76.2913017406433056,0.3860935586233402,0.4967487819236858,,,,,,,,268.6877407068439538,0.1496988417532500,814.0340000500812039,32.6283875740450640,808.4786532197557563,24.5611550986409028,24.5611550986409028,172.3804726415903019,26.1592220528950001,43.3934507641260012,2.6003259184923522,8.5266821345707733,37.5199558040851997,11.2094395280236014,12.6409381744096763,46.4745542161815166,-25.0718163522548600,-10.6314188893388284,-19.6442102873258797,1.2195121951219523,25.9656760774729563,8.8929219600725862,6.0333052267150356,4.9237164631041885,6.2609749208089260,4.0029354410876516,6.1162298718648200,9.0070766384663603,1.2672263794783367,6.1848753113363797,9.9443829860237365,8.8944474450697300,5.6940921923032350,-1.7469002960057822,5.8126843241283588,,,,,,,,,,,,,,,,
"2016Q3",6.8713839703605499,3.4264630061059500,18.1601416474157986,751.2723738570217620,616.9769476398153074,725.6643509982286560,602.0941044922964238,582.1943620083798123,569.7497454417429026,644.4590460679943362,470.2696432360125982,468.4226103539338624,480.7985980781084550,466.8743798506255871,5.9873022431300891,10.1622049770095622,668.9055858705831952,732.7713592590217786,0.0676191609781540,31.6368328326258705,1.1414604815253988,-1.1492210000000000,463.0558836028771452,384.9681876255516499,4.2303322685568219,-20.6438638771215324,22.2375654892707750,2.7939631754135674,25.6463487576704843,4.8547013915923758,17.1941511385683121,0.0062433082625009,0.0032573774252166,0.0502481024480402,751.5438299734265684,723.7720167133973064,557.6961349503410474,615.4762679316419280,572.0945387996698628,638.9642601631122716,4.7971506796733028,8.1176329873552877,3.6211634121799858,1.8024461927338005,236.3603906887958033,1.9435378368691523,7.1520553360712329,13.3068978958458697,-6.3947656093521035,3.4264630061059500,-0.2714479641796144,1.8923464881890546,24.4982296636545307,-13.3821362043592647,-2.3447934939229627,5.4947953402331056,-2.0317730403497318,-4.2405831663061466,751.2723820412376199,3.3186491463318011,0.0304410415438389,-6.4866425641998529,6.8713850341916327,13.3068978958458697,-0.0407473263967568,-6.3947656093521035,22.2375654892707750,25.6463487576704843,0.0062433082625009,-3.4150258499067592,2.7939631754135674,0.0032573774252166,4.8547013915923758,-2.0639960215306874,18.1601414995569286,17.1941511385683121,0.0502481024480402,0.9157427296853635,3.4264630061059500,1.8923464881890546,0.7094217087998200,725.6643633563302274,-25.3891227038109761,0.6042169990500934,723.7720167133973064,6.6982076295051494,6.6285512401265336,24.4982296636545307,15.2855677861684711,582.1943644693069473,-6.8647582618187126,22.0132320668831696,557.6961349503410474,7.0968595956329557,7.3591302603328614,-13.3821362043592647,602.0941206872787461,10.3942452098367273,1.1586337635505783,615.4762679316419280,7.5635388500310921,7.6657772333593668,-2.3447934939229627,-2.2631610413758678,4.2405801933594018,569.7497438863238131,62.7504962716179904,21.6840994744398259,572.0945387996698628,15.7877859955903332,15.4019706717299520,5.4947953402331056,644.4590569978298618,9.5943063985672961,14.0897800839052518,638.9642601631122716,10.0993250703577253,10.4254409349128068,-0.2714479641796144,-0.4641563105219391,751.2723820412376199,-8.5191656664267512,3.3186491463318011,751.5438299734265684,7.6674783790479095,7.4755952150924436,-2.0317730403497318,-0.8127092503122580,616.9769475829255043,-5.7403893475623970,0.4644809846243705,619.0087206684721650,4.6044113564647002,4.6666395110302137,470.2696448539161906,10.2265301041482886,7.1217192267238225,6.2333160737776039,468.4226106423425904,7.0980709308506960,5.4139791137418500,4.7232840776646370,480.7986016637186708,27.3531627022321047,15.7763260503990725,14.7024900593475465,466.8743799867647226,6.1250643600950267,6.5027750307572010,3.7811380789124218,-1.0652742963236685,-1.8470341093598992,-3.1284584956672035,-1.5100314066596781,0.1213929529143157,-1.9684293438173113,-0.5019261733478380,-0.4958803585270351,13.3808917046047160,10.5289569600828496,17.1266365862112124,8.4691724178491725,2.4113336611822271,8.1176329873552877,2.4559776693623134,2.4282306828359710,18.6442261612192013,-3.3952648790248108,-4.1014656351369831,-2.4521798281030662,-7.0164262129234647,3.6211634121799858,0.0226023838299762,0.0181054047003953,19.0997300354945239,5.9873035266610142,6.0976706301074506,0.5733241574012686,-1.2291215275431422,-0.0567268450917737,1.6054767231551930,1.8024461927338005,10.1622049428480281,1.6622049713988567,4.7971506796733028,0.1341170699125951,4.3012704453362920,7.2253808436115197,4.8152561198031103,1.6054763181184497,1.6054768281786671,668.9055857781395389,12.7519766830642194,10.0464764033993976,668.0293532830086178,7.1520553360712329,1.9435378368691523,232.1198080915451953,7.3440131182834563,3.4501377874558035,2.8081908589624445,236.3603906887958033,1.0611888007780852,1.0526467007977314,1.0081291895172908,-4.2405831663061466,732.7713626399978466,262.5017197533863396,-3.9298703171301912,1.3913636303364179,-2.1509590470018254,0.0676191698306779,31.6368328706025999,1.6901039860346632,-1.8730533410623946,1.7481352083404431,1.1414604827251149,-1.1492209916652489,463.0558868967867738,3.4275008682283987,4.7183486049822374,431.4190540866809442,1.7373986805868631,6.5913996991185781,4.2303359183393408,427.1887181896960897,-0.5680353299209733,-0.9376574470587106,384.9681895660913256,0.0588232591302038,-8.5468965309225027,353.3313569120783768,-1.6312718177202470,-6.6738464132938375,-20.6438656728435070,373.9752221604133524,-6.8255878126432048,-8.9491182272137859,0.0304410415438389,-2.6681426018757901,-0.0241008820012212,0.0000000000000000,-0.2243727445602417,-0.0519794797291979,0.0000000000000000,-2.0639960169792175,0.0517186065262649,0.0000000000000000,0.9157427400350571,-3.6883666515350342,7.4934501647949219,7.6385923624038696,3.5376599878072739,0.5612318289958762,-2.2535439343191683,1.1254246234893799,11.9163427352905273,1.3910912275314331,0.0000006986537245,0.2614831887185574,0.1387730715796351,1.4403468333184719,0.2116428046720102,3.5820737034082413,-0.0479591726034414,0.0304410420358181,-0.1602411139756441,0.7034368608146906,-0.0920136063359678,-0.0348285318177659,0.1497547477483749,0.0084065623523202,0.0417010991077404,-0.0226739252102561,-0.5476072727953831,-0.0853197567630559,0.0473549962043762,0.1686779932351783,1.9648692607879639,-4.6258821487426758,-0.2402137790340930,0.1510355812497437,0.6211060620844364,-14.0000000000000000,,,,,,,,,,,,,,,,,,,,,,,,,,,,,,,,,,,,,,,,,,,,,,,,,,,,,,,,,,,,,,,,,,,,,,,,,,,,,,,,,,,,,,,,,,,,,,,,,,,,,,,,,,,,,,,,,,,,,,,,,,,,,,,,,,,,,,,,,,,,,,,,,,,,,,,,,,,,,,,,,,,,,-1.5523014617488116,-3.3213218113383505,1355.0000000000000000,296.3513144688383818,303.0000000000000000,633.0000000000000000,1696.0000000000000000,-19.4575471698113205,375.6486855311616182,106.6486855311616040,290.4798024401529801,18.1601416474157986,385.2078768693583584,25.2951612730404989,1521.8981118551200780,6.2966525156348325,8.6016467495298663,565.9376102058688502,563.1952035017229719,-162.8648412107449985,568.3661961434629575,-34.7871840625182358,62.2326794508279022,0.5564910125426864,0.5204379384167699,,,,,,,,268.6877407068439538,0.1496988417532500,821.5756054512304445,30.1664216045969624,813.2407673064808478,56.6647734726509213,56.6647734726509213,67.4976698181075534,29.4285592491340999,-71.5954060065459004,-8.1664135089333900,3.2094594594594517,-22.4224129924622915,-0.2100840336134446,-6.6344437492679038,28.4256144039961143,10.9535072365132038,2.9719331388166959,87.2931894618612034,25.0000000000000000,10.0696041774899001,15.6583629893238374,10.7677239997417296,6.3775254376812196,7.7173185142825229,4.8741324134287778,31.4598824981580769,15.2562132953222296,6.3165339400948373,3.8660668021726519,13.5372119451303128,10.5684669296235878,3.4249706445240946,2.0109619536289314,6.1701725682117292,,,,,,,,,,,,,,,,
"2016Q4",8.9264489434140302,3.0432241876090700,17.0621613411300004,751.8541019947263067,617.8180419455680976,725.1261392010475220,597.9189480525267300,576.8570947011553471,565.7036097871621223,636.9736722836419176,472.3296529396432675,469.8370073113873104,486.9664627600657241,466.7501804474723599,6.4027849899002174,9.5962886409938974,670.4297531964095924,735.5283333006453859,0.0186636299813614,31.5944702519657881,1.2700670611500062,-1.0649480000000000,461.8961148692212646,393.4394409022987134,3.2012991796751180,-10.7763736903925746,21.0007763079590575,4.9878342994475817,25.7499757417937722,4.8789181787565701,17.2813231430263841,0.0415635784996400,0.0216853315228642,-0.0669331053169846,753.6612133452267699,725.4718422686813710,559.4389306554929817,617.9922168166723395,576.1122784567296549,641.4140885393497911,4.7299012235203328,8.8001775948169065,3.6300802945994408,1.8252641143568671,236.6148002613675487,1.9234615282110636,7.7950141619487461,13.3475703046555605,-4.5513015865956650,3.0432241876090700,-1.8071127997102767,-0.3457061109204012,17.4181619429249182,-20.0732645563198133,-10.4086664638435131,-4.4404222987747888,-2.3424390554462708,-4.4275848621552694,751.8541006490667087,1.7243972810268655,0.0743926335195046,-4.5106314256022664,8.9264484771555370,13.3475703046555605,0.1301819558445504,-4.5513015865956650,21.0007763079590575,25.7499757417937722,0.0415635784996400,-4.7907645490875401,4.9878342994475817,0.0216853315228642,4.8789181787565701,0.0872305641783630,17.0621612985676840,17.2813231430263841,-0.0669331053169846,-0.1522288034571564,3.0432241876090700,-0.3457061109204012,-1.7683487454936397,725.1261377329781226,-2.1528846591961281,0.0705711415509760,725.4718422686813710,6.7992929717613313,6.6923475205736453,17.4181619429249182,9.6120549140034051,576.8570922215906194,-21.3490903063562989,9.1010517811587945,559.4389306554929817,6.9711761240055532,7.2036055745265237,-20.0732645563198133,597.9189458169053069,-16.7007064855193335,-7.7695810882918774,617.9922168166723395,10.0638064751361824,8.3020646200970720,-10.4086664638435131,-7.4526785576258892,4.4275818853529039,565.7036123214217014,-16.1845196349861773,12.8724120101524022,576.1122784567296549,16.0709611157673287,15.6792753187737297,-4.4404222987747888,636.9736653495044720,-29.9415446177150386,-1.3156726255120788,641.4140885393497911,9.7993049763163516,10.1834965663669781,-1.8071127997102767,-4.2222984104036820,751.8541006490667087,2.3269097478271079,1.7243972810268655,753.6612133452267699,8.4695224293272489,7.7944035039861337,-2.3424390554462708,-0.9369756512832852,617.8180419396788920,3.3643772366249074,0.9329927829016507,620.1604810551018545,4.6070416144035784,4.6330050546998045,472.3296525895913192,8.2400295580986906,4.1555444490779561,6.8092272013548039,469.8370075295001698,5.6575779004993221,2.2937152680284827,5.5205608914749940,486.9664627275624298,24.6714602756766013,13.1501512818103787,15.2155470994700099,466.7501804761359381,-0.4968010799538436,4.5092330143782000,1.9668337038776968,-2.3312038087634659,-2.4926453956706696,-2.5824497768495438,-1.2886682558704849,-0.3845006184807325,-2.1081468124465448,-0.5588703755450091,-0.5061776428868467,4.9095808365779803,14.6368098353505900,16.4314350355786338,8.4063222173788787,5.8366368072122876,8.8001775948169065,2.7301820621810391,2.4770287442129315,4.0824987345456369,-5.5794723939293611,-8.7368292612772755,-4.8423967441949856,-9.2095491414608937,3.6300802945994408,0.0356657720575906,0.0223185134658368,44.9741085084819048,6.4027850092081362,5.9962951243505689,4.1090702745364203,2.2838043141111530,2.7896975472813423,3.8859867443445384,1.8252641143568671,9.5962885875370052,1.0962885617702691,4.7299012235203328,-2.8715538413182031,4.2237239175433992,7.2069299988745623,4.7522200369740579,3.8859868546156902,3.8859870833759658,670.4297531041761431,6.0966671746713823,9.5318785719770762,670.8369876399722216,7.7950141619487461,1.9234615282110636,232.1872156296215906,0.2696342016032049,4.2423084939207873,4.8309440389076155,236.6148002613675487,1.0176322091250414,1.0517112435973301,0.9667503342715331,-4.4275848621552694,735.5283332734318265,263.1986806279350048,2.7878379695431672,-0.9468198374705410,-2.1792379468321528,0.0186636151076163,31.5944699001022222,-0.1694536871759401,0.2309912514187293,0.2604889668998780,1.2700670650622685,-1.0649479910926050,461.8961157483986426,-4.6390770964831809,7.5847550890948359,430.3016458467852772,-4.4696223971285107,7.3537624400097705,3.2013003077593289,427.1003456665004592,-0.3534902387984915,-0.6939750631004140,393.4394499430258634,33.8850350080112435,13.4531926638610138,361.8449799709308650,34.0544943494714261,13.2222042099237900,-10.7763658734229715,372.6213464494918526,-5.4154979615870564,-7.5553618852404387,0.0743926335195046,-1.1700073154439048,0.0859459191560745,0.0000000000000000,-2.4002468585968018,-0.0330479895928875,0.0000000000000000,0.0872305482625961,0.0491137828212231,0.0000000000000000,-0.1522287875413895,-0.3746390342712402,2.9209315776824951,-8.0046330690383911,-1.5187902748584747,1.4467016047922816,-1.5297299376688898,1.5373513400554657,4.6881127357482910,-5.9641324579715729,-0.0000001847514665,0.8815503781661391,-0.3996959114447236,-0.2606531716883183,-0.0383000527508557,4.1259393319487572,-0.0413477236143081,0.0743926297873259,-0.1324438294395804,0.7109612207859755,-0.1566573251038790,-0.0754359073034720,0.3217755411751568,0.0153237138329132,0.0095027617062442,-0.0257224660890643,-0.5229006972563941,-0.0448983977548778,-1.9175890088081360,0.0866664936766028,0.5784928798675537,4.2936534881591797,-0.0306490798247978,0.1577408269513398,0.7275360897183418,-13.0000000000000000,,,,,,,,,,,,,,,,,,,,,,,,,,,,,,,,,,,,,,,,,,,,,,,,,,,,,,,,,,,,,,,,,,,,,,,,,,,,,,,,,,,,,,,,,,,,,,,,,,,,,,,,,,,,,,,,,,,,,,,,,,,,,,,,,,,,,,,,,,,,,,,,,,,,,,,,,,,,,,,,,,,,,-0.3706431744399765,-1.1098921704122375,1347.0000000000000000,356.1283034025319694,281.0000000000000000,578.0000000000000000,1778.0000000000000000,-16.7041619797525307,371.8716965974680306,105.8716965974680164,308.5755472540969890,17.0621613411300004,482.3239010943785843,26.6053778019438987,1564.4401901479400294,11.0278961664944291,14.0450578171895462,567.7464218984987383,580.8981454427330391,-153.7592639029539896,634.6715972404530248,104.9124868087349114,64.5086554059559063,0.5446061672214111,0.5131443708332495,112.8578278930386460,27.4210965302024761,140.2789244232411079,,,,,268.6877407068439538,0.1496988417532500,828.5881214517994522,28.0500640022760308,817.8057998044561145,209.9246080532240626,209.9246080532240626,82.9474531054694069,10.0921270101631002,-30.4346933040830017,2.3541963734851734,1.8252212389380462,-2.1298388409481506,0.1427551748750977,-19.2240321490763968,7.5743492645507837,-15.3805683817137666,-7.8208028450465932,-14.9427329356500493,15.2610441767068181,-25.8748237827163940,-0.8460236886632777,8.5890500484660173,7.0238375079632709,5.8264464192763654,5.6539248488408633,27.9813785510422335,16.5496425508552036,-0.4955656142969667,1.6745256715526180,5.8110794366009966,10.0009452781736350,-3.0882857565975641,3.0194157462515081,6.6122089740581202,,,,,,,,,,,,,,,,
"2017Q1",7.5175224955987296,2.9363466967547600,18.4860446833707002,753.0415291967426583,619.8052497097247624,721.6177844492135591,597.8344610943514681,577.5846637810980155,591.0781200537669520,639.3556739326758134,473.6689753647793282,470.9439474423615479,488.9453500613907977,469.2606150369897478,6.2174613844038173,9.5170956879739244,671.4040499611238602,739.0935274582950569,0.0358197605601660,31.3729002034613451,1.3631665230946550,-0.9000000000000000,466.0272934305366448,400.1529686555271041,7.5902367945076321,-2.8174095052286816,20.6700813366413207,5.3334908727307457,25.8072967589380866,4.8984186140772001,17.3689343462668333,0.0613936677520393,0.0320314311900522,-0.1468457652699507,755.7108208368365467,727.1634110066230505,561.1149149183850113,620.2622896394962027,580.1105777495889697,643.8411105693710397,4.6733244547245967,9.5378064545525199,3.6419818425836112,1.9580893475817061,236.8647371973193572,1.9083246075917386,8.4256362629156527,13.3367805767326821,-6.0595248054961495,2.9363466967547600,-2.6692890227225869,-5.5456257693976525,16.4697498027463745,-22.4278043648765433,10.9675379958466799,-4.4854335966512240,-1.5101763412925151,-5.0317358166270214,753.0415318732813148,0.2811373486259580,-0.0546520440194384,-6.0703190302658250,7.5175251965249084,13.3367805767326821,0.2402707833685518,-6.0595248054961495,20.6700813366413207,25.8072967589380866,0.0613936677520393,-5.1986113309792055,5.3334908727307457,0.0320314311900522,4.8984186140772001,0.4030410006151080,18.4860450190565686,17.3689343462668333,-0.1468457652699507,1.2639562681808589,2.9363466967547600,-5.5456257693976525,-5.2280233722709717,721.6177850059656294,-14.0334021084180272,-2.4288839351379092,727.1634110066230505,6.7662797635821024,6.7254632926955864,16.4697498027463745,8.9014402363628520,577.5846646545531939,2.9102854868209498,-3.3500113746643603,561.1149149183850113,6.7039417933247147,7.0076004721268745,-22.4278043648765433,597.8344718020014170,-0.3379130093986582,-8.8770796395842595,620.2622896394962027,9.0802782165198295,8.3610311503307813,10.9675379958466799,6.3695001008998915,5.0317368453248168,591.0781162934808890,101.4980125764988514,31.5483500605300904,580.1105777495889697,15.9931955183901007,15.8373915327922745,-4.4854335966512240,639.3556766846106711,9.5280411115918113,3.0661918571977718,643.8411105693710397,9.7080887041546973,9.9884526610245778,-2.6692890227225869,-4.3228847034697209,753.0415318732813148,4.7497090907264905,0.2811373486259580,755.7108208368365467,8.1984145956729257,7.9097801521670466,-1.5101763412925151,-0.6040705387785066,619.8052497164707120,7.9488310243742006,0.0056484307652638,621.3154260587180033,4.6197801093389224,4.6158099270223669,473.6689756388319665,5.3572939613791721,2.1471731369766207,7.4205404021358135,470.9439484518684367,4.4277619539364439,1.2583421270921009,5.8567835745160641,488.9453503406870141,7.9155492091003996,4.4033259928965123,16.4691677949961424,469.2606157657482981,10.0417429404743768,7.0699674529502285,4.2323193239758972,-3.1417757839086025,-2.7250271312354277,-0.9295266675889271,-1.5637591509216078,-0.4656899824546727,-2.2593384055222421,-0.6047660388594726,-0.5359419201176201,2.0111523563672806,15.2763747567777326,2.5582636259878972,9.0486251508377791,5.7385743115987129,9.5378064545525199,2.9505138318200328,2.6197775602824613,23.1221663177389658,-4.4083598395109620,4.6844503838306011,-3.1882221884861113,-8.0503386458217872,3.6419818425836112,0.0476035573775814,0.0304111064991251,34.4994107074928280,6.2174611548461121,6.0266479007916800,4.9591199766983527,3.0010303864242691,3.2883693265267189,4.3054650770942944,1.9580893475817061,9.5170956711756336,1.0170956868172025,4.6733244547245967,-3.9870231714969089,4.1373826654948029,7.2931013321707567,4.7037357434743505,4.3054642937214123,4.3054643826520662,671.4040494287670526,3.8971871812638823,7.8502404200739377,672.2227324533690762,8.4256362629156527,1.9083246075917386,231.8330012701731278,-1.4168608870603885,2.5416413027482991,5.6866943577918798,236.8647371973193572,0.9997524161020187,1.0379296933343456,0.9497647969286748,-5.0317358166270214,739.0935288378260566,265.4245528532358662,8.9034864302642518,-0.0542519555883789,-2.1955300047942718,0.0358197749457754,31.3729001942926971,-0.8862825471003710,0.5481838061658991,-0.3129735533550558,1.3631665221058433,-0.8999999874554093,466.0272889523896538,16.5246901979928786,11.3327707666954893,434.6543886872088933,17.4109725781908402,10.7845860147109178,7.5902329581238064,427.0641558656579377,-0.1447611657054737,-0.4663128244629922,400.1529850168875555,26.8541507910668571,44.1185815483227586,368.7800844173107748,27.7404381272036069,43.5703927934211279,-2.8173990033489900,371.5974836943824471,-4.0954502227092435,-6.1526595172471739,-0.0546520440194384,-1.0852653970497750,0.0448199165984988,0.0000000000000000,-1.8450763225555420,-0.0365540783386678,0.0000000000000000,0.4030409976840019,0.0504241973103490,0.0000000000000000,1.2639562785625458,-3.7494797706604004,7.0228950977325439,18.7287704944610596,-1.2435658127069473,0.8005451860420467,-0.5732007571496069,1.7804822027683258,-7.3541893959045410,4.3254586756229401,-0.0000006620333281,0.5555344074964523,0.0304358969442546,-0.9221274908632040,-0.1354962805053219,4.8398044183850288,-0.0321887837635586,-0.0546520487405360,-0.2802790217101574,0.3641783464699984,0.0371454474516213,-0.0714882662869059,0.2953233816660941,0.0155035478237551,0.0330017624364700,-0.0227907995285932,-0.5122664138597803,0.0182759482413530,-1.1467720866203308,0.0575896481750533,5.6054269075393677,5.0493493080139160,0.0584532256470993,0.1733800743240863,0.7784974947571754,-12.0000000000000000,,,,,,,,,,,,,,,,,,,,,,,,,,,,,,,,,,,,,,,,,,,,,,,,,,,,,,,,,,,,,,,,,,,,,,,,,,,,,,,,,,,,,,,,,,,,,,,,,,,,,,,,,,,,,,,,,,,,,,,,,,,,,,,,,,,,,,,,,,,,,,,,,,,,,,,,,,,,,,,,,,,,,2.5933252377969183,5.0961103443164575,1370.0000000000000000,312.4212230635328069,349.0000000000000000,579.0000000000000000,1846.0000000000000000,-12.4593716143011921,393.5787769364671931,129.5787769364671931,342.5703604767099932,18.4860446833707002,461.9120907360117485,25.6139783044765004,1621.2216915235599117,14.2607766305986843,11.6026688443390746,568.2107592072276248,594.6383426516930513,-155.3734254473710052,671.8701944254779619,58.7021659812694452,64.2373747401918962,0.5737140554230986,0.5098902852915659,,,,,,1.8763116780786349,8.6890161326622533,100.3077624890396038,0.0000000000000000,831.0849514600398606,9.9873200329616338,822.1595464116437597,36.1502622676642389,36.1502622676642389,51.4603777267516804,7.0250792614622597,47.3749080920833023,4.8643147552570820,0.2152852529601734,-13.0932246952792823,-1.6522988505747072,2.9530386873944714,-5.4452909098796409,-0.3373774317460554,-7.4890487156227596,175.9309343809528343,35.5805243445692838,9.9966875271489499,2.7826086956521667,5.5033897776233687,7.7426452968434312,4.6058234578935764,5.9993789945224973,8.2372609325449542,18.3900991777670839,10.5632294549497416,4.2548769849291457,3.7131739126083474,8.1665932260615257,-1.8421294002495370,0.9453359322319388,6.4148143504005661,,,,,,,,,,,,,,,,
"2017Q2",9.7567649192753798,3.9772173529682102,17.3043289889847998,755.1341144500615883,621.6185081698076829,725.3621175436589965,605.3845071664468378,579.0712254833897532,599.7510161513934008,644.8931953651305093,473.6709608207607971,471.5014771657482697,485.9248504962170614,469.9470049881976479,6.1282446627272043,9.6661031438682521,671.9579767984041609,742.9688618648248166,0.0889885354326552,31.0851672832432442,1.4144493341220790,-0.8142550000000000,464.6122021381270315,393.0953173811334977,6.4463344579422142,-8.8642210745921943,22.0890205457079425,4.9720800136224081,25.8292142132021318,4.9126892104492361,17.4513735358564155,0.0580264062932709,0.0302746470688287,-0.1003496321361089,757.6570024134448431,728.8315408670149509,562.7073543511941125,622.2927691063547400,584.0201268521301472,646.2696646454768370,4.6473679605369256,10.2968801508415559,3.6552278916163727,2.0575052970610446,237.1196774424568048,1.9029951181068552,8.7080910087402863,13.2905284754338116,-3.7224113304273803,3.9772173529682102,-2.5228880342191458,-3.4694234537901121,16.3638719001590900,-16.9082658838346021,15.7308880469123658,-1.3764713576994754,-0.8537078502168592,-5.5780122993028671,755.1341141112637843,1.7319450752364749,-0.1170414273769448,-3.7686653879461960,9.7567654941862685,13.2905284754338116,0.1886505069908158,-3.7224113304273803,22.0890205457079425,25.8292142132021318,0.0580264062932709,-3.7982254614523123,4.9720800136224081,0.0302746470688287,4.9126892104492361,0.0291164490632896,17.3043293486711889,17.4513735358564155,-0.1003496321361089,-0.0466947826795463,3.9772173529682102,-3.4694234537901121,-3.2492103396826226,725.3621166637358328,14.9773433373869480,-6.6495281747384540,728.8315408670149509,6.6725276921747811,6.7340783145386229,16.3638719001590900,9.5108640123311474,579.0712252198392207,5.9462269962804770,-4.8393339711341792,562.7073543511941125,6.3697643863526228,6.7854360290868367,-16.9082658838346021,605.3845059843066565,30.2001996543634128,5.8889193713253150,622.2927691063547400,8.1219207939793261,8.7073855881443833,15.7308880469123658,9.3767726831069940,5.5780083119367276,599.7510152268429238,34.6915973324840365,45.6889001901767173,584.0201268521301472,15.6381833059473419,15.8725308240528307,-1.3764713576994754,644.8931912623396556,22.1500746097753094,2.8327050869496428,646.2696646454768370,9.7142139133310579,9.8302349945257799,-2.5228880342191458,-1.7819580965359636,755.1341141112637843,8.3703529739357379,1.7319450752364749,757.6570024134448431,7.7847260926007129,8.0300358267400789,-0.8537078502168592,-0.3414832342964904,621.6185081857424848,7.2530337067156498,3.2064632403847986,622.4722161189017697,4.6271604466737468,4.6145983403277340,473.6709607779247904,0.0079340257684155,0.6216810178243448,5.9579464825286159,471.5014775451612650,2.2301097445848259,0.9764282559546118,4.8533816484075922,485.9248477963803339,-12.0820227896071053,-2.8988961695382907,11.9645380456428274,469.9470049038424122,2.7455535634952453,4.7692262949271038,4.6038888383771130,-3.1339120950627155,-2.1694832744790111,2.2221755981753377,-1.1045644976493030,0.2455315705333183,-2.4150143308239094,-0.6227017290019601,-0.5720663812889788,0.0450259381883704,12.2538870208967356,-12.0899594999693782,6.0065924071062646,1.9570055130619846,10.2968801508415559,3.0362862299668993,2.7932395887271055,-0.8715988301444568,-3.7239558864078277,2.7376188912484469,-1.3540580730074927,-7.3791830212752121,3.6552278916163727,0.0529827269443426,0.0397147153668903,-23.4665231361515012,6.1282443902295318,6.0821713523294418,5.1518152734115290,3.0943092160731180,2.9731836495700694,4.1392873477951664,2.0575052970610446,9.6661031508721038,1.1661031676936984,4.6473679605369256,-3.6883850530919107,4.0753013568828091,7.4406074187493765,4.6870825310418178,4.1392870742205847,4.1392873381536202,671.9579762746816414,2.2157086517442659,6.2403855337157763,673.1061917495260332,8.7080910087402863,1.9029951181068552,231.5416665955039832,-1.1653304571150027,1.2578624401478786,5.8127696946072476,237.1196774424568048,1.0197528285417103,1.0245812300662080,0.9687651752163746,-5.5780122993028671,742.9688623190904764,269.2979016746404568,15.4934048334833605,5.8137116999647009,-2.1976367069626490,0.0889885471778228,31.0851678997898837,-1.1509290313259668,-0.1291410026633453,-0.5246911808914808,1.4144493301078445,-0.8142549922916077,464.6122004550034035,-5.6603646401137553,2.4131878252572960,433.5270324929959429,-4.5094350686811833,2.5423288635648817,6.4463326099047196,427.0806999464783189,0.0661758829008616,-0.2500263777455479,393.0953243364182299,-28.2306214032386542,8.1418309558217601,362.0101574212736750,-27.0796811141859415,8.2709720885889695,-8.8642127634580437,370.8743689810736441,-2.8924564887586590,-4.8072507824685555,-0.1170414273769448,0.0090440045908302,0.0122824590653181,0.0000000000000000,-0.1591968536376953,-0.0408083484508097,0.0000000000000000,0.0291164442896843,0.0461281888419762,0.0000000000000000,-0.0466947555541992,1.4306070804595947,7.1423368453979492,9.6908944845199585,-1.3132499754428864,-1.8403913090610557,-0.2496375003829598,0.3739333748817444,-14.3671581745147705,-2.5043855309486389,0.0000001205360163,0.5589666515588760,0.2507170327007771,-1.3875791914761066,-0.2038891850970685,6.0836589336395264,-0.0196326336590573,-0.1170414201915264,-0.3605835628695786,0.0830441061407328,0.1299263341352344,-0.0465256972820498,0.1827972671017051,0.0101394228113350,0.0699880460160784,-0.0144970718247350,-0.5150768709521563,0.0553179369308054,-0.8379556387662888,0.0204279797617346,1.7403866052627563,-6.8075094223022461,-0.0042549751233310,0.1964602936059237,0.7934487462043762,-11.0000000000000000,,,,,,,,,,,,,,,,,,,,,,,,,,,,,,,,,,,,,,,,,,,,,,,,,,,,,,,,,,,,,,,,,,,,,,,,,,,,,,,,,,,,,,,,,,,,,,,,,,,,,,,,,,,,,,,,,,,,,,,,,,,,,,,,,,,,,,,,,,,,,,,,,,,,,,,,,,,,,,,,,,,,,2.5597805951744448,4.6434091325044733,1424.0000000000000000,282.7245515930695774,385.0000000000000000,613.0000000000000000,1917.0000000000000000,-11.8935837245696394,438.2754484069304226,153.2754484069303942,343.9541353744780281,17.3043289889847998,569.4160836471020275,27.2562863320341009,1685.2827260437500172,15.5013376261190388,4.3809020861466621,571.0220232231147293,585.7607287917239773,-136.7243936555589983,693.7416776091349675,-8.7721103429228151,96.7957012907631054,0.5673505665122900,0.5064498477224637,,,,,,,,85.3930362005433636,0.2909300224212680,833.1624812619303384,8.3101192075619110,826.2945417770357608,92.2095664650542091,92.2095664650542091,93.3774757658496668,-5.3559257306813999,92.8596687925145972,8.7306361931811072,1.7637626937466511,16.1570912377829288,-6.6312997347480085,6.1265928896495403,-3.1533986312577533,35.2563719324968901,3.8618426405909068,41.4697664929660519,55.8232931726907680,24.7948318084141732,2.0000000000000018,0.0079421392972900,6.1807607279029897,1.5660668101956876,4.9808010786661860,-11.3806524526180795,12.7068325495644174,2.7835976170679233,5.2401012410272063,3.0600446497468070,6.4392102147550867,2.3983022299964851,0.1140356221070116,6.3199168801594041,,,,,,,,,,,,,,,,
"2017Q3",12.5534103280352003,4.3520438048820003,16.8193992099763996,757.8802111762186087,623.6745156708241211,727.6489899980432483,612.8477134585563135,575.9904475719838501,594.4275492673592680,647.9535379183516852,473.6954335907481095,471.5336740972840630,485.6456873297985339,470.5912925395396655,5.7680286620444781,10.2821610033584250,672.7240450670891505,746.6385364806510552,0.1795027577572199,32.0644042907401641,1.4507587532006228,-0.8068530000000000,463.7295531693461612,395.4656695436611358,4.5098787396225362,-7.0197495051568239,23.3154700104093031,6.0573453287028967,25.8112747069572421,4.9244749093769418,17.5334721089455314,0.0368670697716323,0.0192349529293936,-0.0704163978918403,759.4831295874603256,730.4716698576314684,564.2163953150914040,624.0498987335778338,587.8179606624725011,648.7011887908444123,4.6681822399763373,11.0275368698716729,3.6678030573221299,2.1320882295625876,237.3902006074244468,1.9109513730404162,7.2903203434781512,13.2022790914777293,-0.7753883331601801,4.3520438048820003,-1.6029165472236877,-2.8226802075810284,11.7740517961179449,-11.2021761228981003,6.6095970651346994,-0.7476458920953697,0.0464307063343711,-4.1354240672039513,757.8802125174330513,6.6078396329592115,-0.1400020672493828,-0.8636340960975444,12.5534074609430490,13.2022790914777293,0.1265183932060485,-0.7753883331601801,23.3154700104093031,25.8112747069572421,0.0368670697716323,-2.5326751279440578,6.0573453287028967,0.0192349529293936,4.9244749093769418,1.1136347341595869,16.8193992273296686,17.5334721089455314,-0.0704163978918403,-0.6436559322534786,4.3520438048820003,-2.8226802075810284,-2.6822378800919262,727.6489898991620748,9.1474911945068413,1.9846325962491922,730.4716698576314684,6.5605030850418213,6.6996509659900125,11.7740517961179449,6.7184207970567380,575.9904463322299080,-12.3231129699410129,-6.2039165491890760,564.2163953150914040,6.0361553586561305,6.5202605604028641,-11.2021761228981003,612.8477169748775850,29.8528719987883413,10.7536003722811291,624.0498987335778338,7.0285583263281861,8.5736422975544926,6.6095970651346994,3.8918993214481281,4.1354277294124024,594.4275551769995900,-21.2938394641065045,24.6778105820828237,587.8179606624725011,15.1913370178467169,15.7234194469079274,-0.7476458920953697,647.9535409978440157,12.2414107550078022,3.4944837391536154,648.7011887908444123,9.7261034567585334,9.7369277761680095,-1.6029165472236877,-1.8953694365165190,757.8802125174330513,10.9844096326661962,6.6078396329592115,759.4831295874603256,7.3045056190339901,7.9392945558673889,0.0464307063343711,0.0185722311033727,623.6745156820865077,8.2240298911615071,6.6975680395760069,623.6280850410612402,4.6234757570815708,4.6193644178902415,473.6954332627174153,0.0978923331408996,1.2572293472362881,3.4257866402164505,471.5336745216530403,0.1287941271870935,0.5853100188776672,3.1110604361379028,485.6456880062841037,-1.1166437177960529,2.6976783690611001,4.8470907492797863,470.5912936972353009,2.5771535167731696,5.5971048065605178,3.7169115103891244,-2.1094179618749678,-2.1617587889580117,0.0309004818006288,-0.3147248018072760,0.4030874863335301,-2.5648446453593934,-0.5993264043229738,-0.5964170511718347,5.8991308148120840,11.9502546102677307,-1.2145389434105662,1.4213026718079271,0.9227178999747956,11.0275368698716729,2.9226417042764412,2.9099085835815335,1.6752739300657127,-3.1041397285584242,2.4792583642924102,0.2911222933320784,-6.7719451131098127,3.6678030573221299,0.0503061858391618,0.0466402586643918,13.9266658574308480,5.7680297413923487,6.2009442395821281,5.1827138926178780,3.0506264981206490,1.9782729798270964,3.7604326873445229,2.1320882295625876,10.2821610101874032,1.7821609686546744,4.6681822399763373,-2.4613910487786042,4.0717656269488183,7.5780906449563057,4.7148227323323439,3.7604328196773444,3.7604330148730005,672.7240453093241968,3.0642746727807908,3.8184592036071305,673.6557815886999379,7.2903203434781512,1.9109513730404162,233.2547759684079551,6.8524335674898573,1.1349652455747046,8.4706245975369079,237.3902006074244468,1.0820946173011072,1.0298094414956216,1.0279897782071286,-4.1354240672039513,746.6385379440573615,272.9431026580218145,14.5808113607894487,10.4413843387583629,-2.1814352775801673,0.1795027545274174,32.0644053860155580,3.9169509304487118,0.4275714033530282,3.5296128171374108,1.4507587544854623,-0.8068530054494735,463.7295515668693611,-3.5305988139763240,0.6736659497091826,431.6651462028546575,-7.4475485715114553,0.2460943631327959,4.5098777875012521,427.1552685234580053,0.2982749458248848,-0.0334498975719517,395.4656772753124869,9.4814495330460229,10.4974853950098446,363.4012720238050065,5.5644993572827168,10.0699165675986055,-7.0197432388086058,370.4210158111650912,-1.8134106401160359,-3.5542018044056132,-0.1400020672493828,-0.1365648716021051,-0.0264758616685867,0.0000000000000000,0.1260786056518555,-0.0425788522697985,0.0000000000000000,1.1136347576975822,0.0466109954286367,0.0000000000000000,-0.6436559557914734,0.2154390811920166,1.9637099504470825,-2.8422528505325317,-0.2833752185106277,-0.0050428460154737,0.3879137285985053,-1.0404852032661438,1.5449752807617188,-2.3144495487213135,-0.0000007915358556,0.0316714346408844,0.7326681222766638,-0.9112409213557839,-0.1338966228067875,-0.1493827179074287,-0.0015351742331404,-0.1400020699948072,-0.3767243567854166,-0.0265389904379845,0.1359967812895775,-0.0023503678967245,-0.0080419862642884,0.0026225416222587,0.1133293541497551,-0.0017441740637878,-0.5246658294273920,0.0958535457029939,4.4416410624980927,0.0080188224092126,0.5131510496139526,-0.5488624572753906,-0.0740234896074980,0.2387171045411378,0.7897994872182608,-10.0000000000000000,,,,,,,,,,,,,,,,,,,,,,,,,,,,,,,,,,,,,,,,,,,,,,,,,,,,,,,,,,,,,,,,,,,,,,,,,,,,,,,,,,,,,,,,,,,,,,,,,,,,,,,,,,,,,,,,,,,,,,,,,,,,,,,,,,,,,,,,,,,,,,,,,,,,,,,,,,,,,,,,,,,,,2.5262359525519571,4.1907079206925175,1436.0000000000000000,325.6591949872336045,408.0000000000000000,679.0000000000000000,1944.0000000000000000,-13.9403292181069958,454.3408050127663955,143.3408050127663955,308.6150620708600059,16.8193992099763996,507.8213466112264314,28.6941225293251989,1748.2758711839699117,14.6786984633049542,-1.2306846675309329,573.5470663889176421,609.6354275289960469,-136.5876874914349912,695.4774481688619971,-34.8166005154326967,157.4451944200509956,0.6373503254016512,0.5155306883764911,,,,,,,,65.9775767621313918,0.1139729967608270,834.7386063134438245,6.3045002060539446,830.2088989277792734,77.5784189490047709,77.5784189490047709,95.4096925924480530,-22.6866655768528993,26.2135477572780999,11.6103798504094247,6.6557555919257938,9.5789270037220255,1.2631578947368327,-11.5940681708679438,-3.3599635284579210,34.7873616358878479,12.2707777380179692,-19.1794301380783239,29.6774193548387188,13.0221580149026739,4.3076923076923013,0.0979390089051346,3.4802404171745849,0.9640772657907304,3.2543190345738049,-1.1104412413050824,4.5797382602893011,2.6106458465751770,3.5207291363163362,2.9755668213422126,3.8922992015997471,6.1353945247006658,0.8283935370004825,5.9376244802127998,,,,,,,,,,,,,,,,
"2017Q4",6.7603726507921804,4.6939255329216802,18.9218520406738016,758.3020539161750548,626.1509006550145386,728.5956121710875095,610.7946818182817879,568.7467149179226453,604.2412576885602675,649.7179196451995722,474.5704878920754481,472.2652785063933720,486.5249487232549086,473.1004766200468907,5.5902409969927920,10.2154914687866878,673.6804980866868391,748.3809854698897652,0.3086396128576325,33.7638613793627584,1.6321083553953186,-0.8609630000000000,462.5706145415474566,411.9915618136426474,1.5095657361733856,8.0268410865834312,22.6719946989539416,3.0102292797897441,25.7818361349798479,4.9213728043422655,17.6175304099043721,0.0678491266474710,0.0353995304764882,-0.1093522095128935,761.2520234363192912,732.0940859307544315,565.6612496788699218,625.7055665146232286,591.5272842825701218,651.1131406319935877,4.7130817894472985,11.7014172880851781,3.6787061925677329,2.1601875612241623,237.6795971957408256,1.9214513634993409,5.5768105984779472,13.0856785027408495,-6.5379023407386452,4.6939255329216802,-2.9499635330604419,-3.4984749806725373,3.0854663338001544,-14.9108826734914821,12.7139848794712194,-1.3952181323918669,1.3720290796325119,-2.5005167004240230,758.3020598850307579,6.4479646945308060,-0.1044284069241230,-6.6545082645372222,6.7603714332800386,13.0856785027408495,0.2126005386427361,-6.5379023407386452,22.6719946989539416,25.7818361349798479,0.0678491266474710,-3.1776906077743035,3.0102292797897441,0.0353995304764882,4.9213728043422655,-1.9465439125269433,18.9218520586461096,17.6175304099043721,-0.1093522095128935,1.4136733218401452,4.6939255329216802,-3.4984749806725373,-3.0068153654112706,728.5956128815680586,3.7865064265283657,3.4694802960796345,732.0940859307544315,6.4896527672702851,6.6222425571794359,3.0854663338001544,1.1630736791112917,568.7467145173920926,-28.9749224496451987,-8.1103760952148676,565.6612496788699218,5.7794111232630829,6.2223191444571029,-14.9108826734914821,610.7946789052592749,-8.2121196496561772,12.8757271861565581,625.7055665146232286,6.6226423887489032,7.7133444312801185,12.7139848794712194,8.1558304059901925,2.5005124199755975,604.2412684022328904,39.2548425694786332,38.5376507168757882,591.5272842825701218,14.8372947884955977,15.4150019229789699,-1.3952181323918669,649.7179197708276206,7.0575520528919427,12.7442613279452246,651.1131406319935877,9.6477990284261690,9.6990511627687148,-2.9499635330604419,-1.8997127465533161,758.3020598850307579,1.6874171808864240,6.4479646945308060,761.2520234363192912,7.0755626628634563,7.5908062888703300,1.3720290796325119,0.5488116177329116,626.1509006661392505,9.9055399586103050,8.3328586906831781,624.7788716226953056,4.6031463125909218,4.6183905891588051,474.5704865841306628,3.5002057457520399,3.7081952064871269,2.2408329577293311,472.2652789964180329,2.9264096921164957,3.0173301235864232,2.4282688577865428,486.5249457160066413,3.5170307531296099,5.0316480907296839,-0.4415201277911389,473.1004767703254856,10.0367344087650654,8.5381145161618690,6.3502963369460801,-2.8600694944859963,-2.3052076186512114,-0.5737975983006334,0.1874385305375417,0.3977663968497382,-2.7029724736772192,-0.5525074885113100,-0.5948245926841998,9.4660603388134934,11.9544592178515856,0.0168286937341577,-2.6823524012327313,0.2530462590158757,11.7014172880851781,2.6955119909360805,2.9012402601281431,0.7128169340800736,-1.4700097959797800,6.5365288199133058,4.1094635040945491,-5.1487143176451848,3.6787061925677329,0.0436035432119646,0.0486232431163803,70.2485582415659593,5.5902407674218928,6.3207619431601829,2.5729129718516486,0.4127294161978472,0.0299658264197952,1.7454552156478240,2.1601875612241623,10.2154914596357074,1.7154915212888124,4.7130817894472985,-0.5772066436299725,4.1182571436291724,7.6143212107096367,4.7617051331702944,1.7454543906387081,1.7454550812841978,673.6804988836097436,3.8258093163750777,3.2507455180901861,674.4694371092656411,5.5768105984779472,1.9214513634993409,235.1790812640501542,7.6972330311110397,2.9918661471694001,7.1959021380286297,237.6795971957408256,1.1575781587233485,1.0647956181982126,1.0996992089573139,-2.5005167004240230,748.3809863044929216,273.8105009147337228,3.4695855873109429,10.6118189023771627,-2.1675225180580449,0.3086396192144666,33.7638614420609429,6.7978297634177496,2.1693913483272009,5.8343156030372914,1.6321083534428631,-0.8609630048149619,462.5706104602926416,-4.6357615443965932,0.6744955120110754,428.8067490125006884,-11.4335921867906301,-1.4948961995590668,1.5095621742343879,427.2971868593929230,0.5676700997955932,0.1968407092026125,411.9915684711506856,66.1035846068258621,18.5521224063108541,378.2277067254202620,59.3057581745905154,16.3827251243982417,8.0268479956361052,370.2008595523076337,-0.8806371278233833,-2.4204838735144532,-0.1044284069241230,0.0179036304806797,-0.0388759355992079,0.0000000000000000,-1.4048157930374146,-0.0568777653388679,0.0000000000000000,-1.9465439319610596,0.0493937912397087,0.0000000000000000,1.4136733040213585,-0.2337359189987183,-2.8049527406692505,8.8252545595169067,1.4932794272899628,-0.3510224944027014,1.3534567710012197,1.4584986865520477,3.2118365764617920,1.3117400109767914,-0.0000012082473746,0.0643827691674232,0.1115465909242630,-0.4061535922810435,-0.0596797071630135,-7.7838866710662842,-0.0022036913724151,-0.1044284100644290,-0.3165400195866823,0.0439219679683447,0.0463972305878997,0.0238164371694438,-0.1328922314569354,-0.0016718072874937,0.1295881672995165,0.0015951484674588,-0.5420475197098824,0.1399069980252534,3.2682172060012817,0.1548744507599622,-1.2865618467330933,13.1512622833251953,-0.1347952983342111,0.2992218895815313,0.7514314744621515,-9.0000000000000000,,,,,,,,,,,,,,,,,,,,,,,,,,,,,,,,,,,,,,,,,,,,,,,,,,,,,,,,,,,,,,,,,,,,,,,,,,,,,,,,,,,,,,,,,,,,,,,,,,,,,,,,,,,,,,,,,,,,,,,,,,,,,,,,,,,,,,,,,,,,,,,,,,,,,,,,,,,,,,,,,,,,,2.4926913099295405,3.7380067088804481,1448.0000000000000000,337.8305482966143813,437.0000000000000000,680.0000000000000000,1988.0000000000000000,-12.2233400402414478,444.1694517033856187,148.1694517033856187,382.0723463628099807,18.9218520406738016,533.4972645890350122,26.0156030907949010,1779.0056341607401009,6.9697959569548402,2.2064379539904713,573.8079045570269727,646.3254427583849520,-151.2095711653279864,699.9343895394440551,38.0866101047463417,152.5239782454360125,0.6166491878476006,0.5199440145606455,134.1610974553536266,27.4900021832381292,161.6510996385917451,,,,,212.8647161500078937,0.0250389423193811,839.6606786416709838,19.6882893129086369,833.9050233531997947,171.0407290157204727,171.0407290157204727,136.6006707227251411,-1.9351619319999900,-105.7323511097119990,1.7016874744871568,7.1700162954915880,3.8590896185044743,3.7776193870278085,-25.1548823841001088,-9.6281639115291089,-7.8839753137066149,14.8780876893342082,48.0749438311804482,48.7804878048780495,7.3125339541428858,14.1638225255972685,3.5621958223058803,2.1634185289937991,2.5187022131808678,2.3657292772296445,3.5796251167536042,-0.5450917076986306,10.5576991806793927,6.3338813378050141,3.3815686414875756,3.3041588141664135,6.3011517043074949,3.3341651366872505,5.7494477782869202,,,,,,,,,,,,,,,,
"2018Q1",12.5088772975911002,5.8672401677998502,17.7258671047929006,762.6058330788820285,628.2445228910237347,735.8013023655174720,612.9365148866936579,557.9684892317693539,602.7864911809948580,653.0822904185401967,474.5640344353283808,472.5177970825647549,483.8981438482188651,476.2390495651078481,5.3775803784337608,10.3655204164490868,674.5342475617491118,753.0310218899004440,0.5380904232951949,36.6462134487959972,2.0917365222048132,-0.8899380000000000,466.5375630409051837,420.7643574469815917,2.3727568925540368,13.9451757666714116,22.1098938109620917,8.1248510477387725,25.8027027946464109,4.9368968064106724,17.6962072264912464,0.0107064942276399,0.0055859844229116,0.0133843038048339,763.0713298573296015,733.7124504605064885,567.0663936546776540,627.6051295575109634,595.1700173098838604,653.4776061519769428,4.7538954277013774,12.3243037483865105,3.6880901473005498,2.1870873650857887,237.9841805796497454,1.9196089632793809,2.5431618004050298,13.0433927701196328,-0.5374245039084151,5.8672401677998502,-0.4654974494598909,2.0888525095671828,-9.0979065576730065,-14.6686265788727788,7.6164697683170175,-0.3953149884641859,2.3248205685553542,0.6784859004563152,762.6058322331920181,9.5643034509027736,-0.0533094196982143,-0.5797124493483681,12.5088730836404505,13.0433927701196328,0.0029084114575938,-0.5374245039084151,22.1098938109620917,25.8027027946464109,0.0107064942276399,-3.7035197894891176,8.1248510477387725,0.0055859844229116,4.9368968064106724,3.1823674774558866,17.7258669792986900,17.6962072264912464,0.0133843038048339,0.0162750595419081,5.8672401677998502,2.0888525095671828,1.1690505792817649,735.8013016939826230,28.8227463464380094,14.1835148609505346,733.7124504605064885,6.4734640382841810,6.5490398286634397,-9.0979065576730065,-6.2304634349348138,557.9684869443367461,-43.1129085984661842,-19.6161736399699222,567.0663936546776540,5.6205760682009549,5.9514789949608495,-14.6686265788727788,612.9364983233103885,8.5672708713170458,15.1020318965121820,627.6051295575109634,7.5982630709550580,7.3428437113617564,7.6164697683170175,5.5507867138794129,-0.6784840295431406,602.7864866389231793,-5.8191080079387998,11.7083680672438071,595.1700173098838604,14.5709411613237840,15.0594372483870238,-0.3953149884641859,653.0822878073081483,13.4574687585453496,13.7266125015717826,653.4776061519769428,9.4578751451060583,9.6364989775982206,-0.4654974494598909,0.1059324086387732,762.6058322331920181,17.2150789554570025,9.5643034509027736,763.0713298573296015,7.2772185377167302,7.3605088312295681,2.3248205685553542,0.9299281760159543,628.2445228924060530,8.3744888885796520,8.4392731179775389,625.9197023677580773,4.5633230764214536,4.6042763565989198,474.5640336134429731,-0.0258107387712565,3.6676904978714848,0.8950580110320920,472.5177957663927373,1.0100666202766453,3.7411136130907803,1.5738450276929161,483.8981409764723480,-10.5072369671589048,0.6553480310689030,-5.0472100131650022,476.2390501603892403,12.5542926435613520,9.8536047793365604,6.9784332906543671,-0.2367030789149646,-2.0462376631436068,1.0358818907574234,0.6787889365889990,0.7843501971885514,-2.8305899692645471,-0.5104678063943321,-0.5712527356416084,13.7260684549823910,9.3341073065100435,-10.4814152510717626,-5.9422624867148972,-2.9901995029277293,12.3243037483865105,2.4915359646017059,2.7864941685371871,20.1808349903585906,1.6750164280221667,12.5801049132333596,6.0833761710889815,-2.0130732772210891,3.6880901473005498,0.0375351691825534,0.0461090185046848,37.9474121801622744,5.3775806564369493,6.4305147160326790,1.6364648990274087,-0.5506212642455056,-1.7295423174202176,0.1359775310036671,2.1870873650857887,10.3655204303807160,1.8655204699940957,4.7538954277013774,1.2472538571748935,4.1826423291794068,7.5403894295092462,4.8000040933137065,0.1359773711930551,0.1359768846920030,674.5342474905975223,3.4150025267469091,3.1301977186733807,675.3204429035171188,2.5431618004050298,1.9196089632793809,238.6626651228174012,13.9343335811759594,6.8296634412522224,7.4103610762522472,237.9841805796497454,1.2183330546991336,1.1194414861854824,1.1574163514508384,0.6784859004563152,753.0310198909260180,278.4669859695690661,18.6259480596946503,13.0424338520677594,-2.1811921787866773,0.5380904190830320,36.6462134686380665,11.5293987501635886,5.2733120638494491,9.6195717715987890,2.0917365199733711,-0.8899379969220510,466.5375611303257983,15.8677843633510403,0.5102695772628980,429.8913475738388001,4.3383844789612027,-4.7630421850018410,2.3727553930661731,427.5185921464968715,0.8856218052640157,0.4544362560477917,420.7643584179093068,35.0911835006466220,20.6113801333624096,384.1181447792292261,23.5617866148267048,15.3380635412559059,13.9451764948799024,370.1729681733439179,-0.1115584815986925,-1.4245114931415581,-0.0533094196982143,1.0202774013390101,0.0099596548825502,0.0000000000000000,-1.4791368246078491,-0.0384069069987163,0.0000000000000000,3.1823674663901329,0.0448516203614417,0.0000000000000000,0.0162750631570816,4.5275248289108276,-10.9098048210144043,-0.9447430372238159,3.4136253371834755,0.7238899297887200,1.7760088527575135,-2.8163368999958038,-11.3120677471160889,1.3961858749389648,0.0000004761398698,-0.4588918313384056,0.3215780751779675,0.0854406096041203,0.0125545414630324,10.5362935140728951,-0.0283948346768739,-0.0533094191923738,-0.2314677871763706,0.1139085944741964,-0.0691372877918184,0.0242200951324776,-0.1324514592997730,-0.0017077203810913,0.1186337507388089,-0.0096972612736863,-0.5656072027026677,0.2479691822081804,5.6950815916061401,0.4422204691218212,1.4368257522583008,8.0855808258056641,-0.1150712664239109,0.3747189550194889,0.6810137853026390,-8.0000000000000000,,,,,,,,,,,,,,,,,,,,,,,,,,,,,,,,,,,,,,,,,,,,,,,,,,,,,,,,,,,,,,,,,,,,,,,,,,,,,,,,,,,,,,,,,,,,,,,,,,,,,,,,,,,,,,,,,,,,,,,,,,,,,,,,,,,,,,,,,,,,,,,,,,,,,,,,,,,,,,,,,,,,,3.6466200724754572,4.3475589275845437,1600.0000000000000000,253.3343394435351854,396.0000000000000000,692.0000000000000000,2025.0000000000000000,-14.6172839506172831,468.6656605564647862,186.6656605564648146,359.2625516060959967,17.7258671047929006,585.2965678812236092,29.6097793689251993,1863.6835637525200582,18.6001456800427150,-5.8007742255171246,581.5846062865389285,654.7022844371399515,-104.9155482332890017,725.7016212700330016,47.7795370109394071,197.6589707082499956,0.6693977397564592,0.5266800827329422,,,,,,1.5995172633928973,9.9215175765504906,71.9842358638590696,0.2375075001593400,841.2718218854785164,6.4445729752301304,837.3881516097384292,86.9312216504172710,86.9312216504172710,118.3450866355734519,5.5559222999999101,75.0251718521331981,18.7857383895593024,9.7207303974221162,33.4060912209167569,16.2892622352081915,-35.0224933451635536,-19.9888870751439676,8.9450371500687353,16.5471890625050762,-5.6529951997359547,10.2209944751381130,14.4050266148855854,13.8747884940778388,-0.0258104955070504,0.9482429545286220,1.4638557260795437,1.5527308043056465,-9.9740473997694590,-4.4861814369683062,13.3763826568298327,7.2627075142192909,3.3308873927360816,3.1797034794555534,16.8400714324635778,7.7450233526253465,5.5247993026013686,,,,,,,,,,,,,,,,
"2018Q2",7.4100565897874304,3.1636602755863499,19.2667615041989002,762.8001623230964015,628.7485524237075651,734.3233854858857512,613.3990137828972138,569.9190181224071239,606.7309681893073048,647.2493544074493457,476.1166404216759247,473.2477469331577709,487.9274060249386480,481.4417003317414583,5.4882181384351840,10.1409062942017627,675.3831877547410159,754.3703054060938484,0.7685416072346456,38.2223126970699241,2.4657815236983174,-0.8796440000000000,466.7085031265555699,431.6199870774476608,0.6536205497554874,23.0962529049922409,22.1796138026386949,4.4972029843644776,25.9344888680964551,4.9165339879902428,17.7743406364234637,0.0506194484599761,0.0264101132850725,-0.1072438228231445,765.0009957976920987,735.3198178782987497,568.4378763125932892,630.0416654679066824,598.7322897154438124,655.7943168565765291,4.8106668698242405,12.8807318359617362,3.6951292087834564,2.2745339750002271,238.3049959747190769,1.9350833380931771,1.7539560273279635,13.0766818166367838,-5.8509016368329654,3.1636602755863499,-2.2008475087462336,-0.9964417413005162,1.4811312204502554,-16.6426811015983596,7.9986619015813396,-8.5449749773620027,1.7013093606981819,2.0527577086203261,762.8001481443136527,7.6660548505884396,-0.0819451004376866,-5.8176148260896863,7.4100510833565156,13.0766818166367838,0.1842732349667207,-5.8509016368329654,22.1796138026386949,25.9344888680964551,0.0506194484599761,-3.8054934385213697,4.4972029843644776,0.0264101132850725,4.9165339879902428,-0.4457418931463534,19.2667617104675024,17.7743406364234637,-0.1072438228231445,1.5996654270032220,3.1636602755863499,-0.9964417413005162,-1.1007439379662602,734.3233782207295235,-5.9116794240181267,8.9612611280223859,735.3198178782987497,6.4294491715055226,6.4882687610409828,1.4811312204502554,0.3777444766742262,569.9190078882058970,47.8020793199707654,-9.1522124668006626,568.4378763125932892,5.4859314753063053,5.7305186292510264,-16.6426811015983596,613.3989960671540302,1.8498538033046081,8.0144893822925418,630.0416654679066824,9.7461498371980273,7.7489045007781669,7.9986619015813396,5.9439187977770658,-2.0527594155150561,606.7309528513626447,15.7778608126658781,6.9799390935195254,598.7322897154438124,14.2490907624684215,14.7121651442759784,-8.5449749773620027,647.2493440414027646,-23.3317710495286619,2.3561655412688394,655.7943168565765291,9.2668321015740318,9.5246521503388397,-2.2008475087462336,-0.8584751363514069,762.8001481443136527,0.7773018871626762,7.6660548505884396,765.0009957976920987,7.7186738305572202,7.3439904689294657,1.7013093606981819,0.6805237039257468,628.7485524424942014,2.0161181906034980,7.1300442413522021,627.0472431605212478,4.5101631961227069,4.5750270630504106,476.1166389503914615,6.2104151978293016,5.3343985018694235,2.4456769996580245,473.2477465991016743,2.9197859263555688,3.8155725776232186,1.7462663130915805,487.9274022810855627,16.1170558181953716,10.5948110963576436,2.0025557551140234,481.4416996237053468,20.8105988159675057,10.4684782804152618,11.4946951728144722,-1.3501214706631595,-2.8688927381740750,-3.2906239436836966,-0.6994096983304281,0.0755776594882670,-2.9444712664205377,-0.4555239437096090,-0.5294574325534889,8.4168991368174328,11.8107630865367401,9.9066336957643397,-0.4431162410590335,-1.0699626722384039,12.8807318359617362,2.2257114504565587,2.5838516624818531,4.2215963281734243,5.3250604367592356,14.6001854811369096,9.0490166705630504,1.6299337823001794,3.6951292087834564,0.0281492353965404,0.0399001428692762,45.5048436726422949,5.4882151325546777,6.6296773170475571,1.6726427127463124,-0.6018907161033433,-1.0928106481881581,0.5480952727689361,2.2745339750002271,10.1409063737750031,1.6409064195329119,4.8106668698242405,0.6322494432928554,4.2812097292908273,7.3945185047087776,4.8505673696473224,0.5480946543080084,0.5480955982341380,675.3831881859667874,3.3957606577715334,3.4252121481988911,676.2645500590035681,1.7539560273279635,1.9350833380931771,240.3577547810645001,6.7803651624965573,8.8160868265538550,3.5691938422887750,238.3049959747190769,1.2832575288680941,1.1853161714987306,1.2190945979172567,2.0527577086203261,754.3702987208622517,278.2536616550768827,-0.8533087514696219,8.9557599710183009,-2.1615288830787156,0.7685415579196307,38.2223131075012574,6.3043969572125969,7.1371433421522461,5.4395694524842604,2.4657815256073468,-0.8796439991426602,466.7085045064906126,0.6837686057703358,2.0963021840680938,428.4861916250957847,-5.6206275214982924,-5.0408400856658400,0.6536218197447632,427.8325695775185977,1.2559091958757740,0.7518703467414355,431.6199770913452767,43.4224922312413426,38.5246669996826370,393.3976638181460430,37.1180924783130237,31.3875191825855069,23.0962413624060403,370.3014221555270638,0.5138118173349666,-0.5729390674800199,-0.0819451004376866,-2.2699598083135748,0.1219210922718048,0.0000000000000000,-1.2130351066589355,-0.0735172652639449,0.0000000000000000,-0.4457418918609619,0.0450946901110001,0.0000000000000000,1.5996654257178307,-1.2774453163146973,8.7623908519744873,2.4068421125411987,-4.1008183434605598,-2.4588150439901093,0.7713810428977013,0.4066528677940369,15.7120516300201416,8.1761560738086700,-0.0000002183371204,0.0170758534222841,-0.0380620546638966,0.2064563380554318,0.0303364428691566,-14.6019004657864571,0.0035711623495445,-0.0819451063871384,-0.2152190553024411,0.0450930502265692,-0.0797526189126074,0.0442594152409583,-0.2146970538888127,-0.0056325315381400,0.1258411314338446,0.0074352172523504,-0.5869084951911039,0.2627365691587329,-3.3151750862598419,0.3796186692779884,-0.8174868822097778,12.9162645339965820,-0.0786997671239078,0.4588486074935645,0.6142111010849476,-7.0000000000000000,,,,,,,,,,,,,,,,,,,,,,,,,,,,,,,,,,,,,,,,,,,,,,,,,,,,,,,,,,,,,,,,,,,,,,,,,,,,,,,,,,,,,,,,,,,,,,,,,,,,,,,,,,,,,,,,,,,,,,,,,,,,,,,,,,,,,,,,,,,,,,,,,,,,,,,,,,,,,,,,,,,,,2.8252303874172497,3.1910087754922074,1588.0000000000000000,251.3999969628887925,422.0000000000000000,660.0000000000000000,2056.0000000000000000,-11.5758754863813227,454.6000030371112075,163.6000030371112075,411.5537958825700002,19.2667615041989002,584.4994934125276131,26.6550882440750989,1888.8114618202400834,5.3571340647736179,3.4448710249106611,585.5659819819048835,657.7928413582619669,-83.1319305219858933,740.2249017666530335,-30.0873528613934695,204.1591795366049951,0.6406437487217120,0.5363192627993014,,,,,,,,63.0350940775838993,0.1559504786415970,842.6616587194185968,5.5593473357603216,840.6671175383913805,85.3808004629836859,85.3808004629836859,74.0844391454328388,43.5535842620000011,63.8222212808250973,0.7803459283685976,7.7731092436974736,-5.7403214913515743,8.7357954545454586,61.2879604499599893,-5.9400776937991395,1.8672140193306985,6.1492938691443344,17.0907489638918904,7.2164948453608213,-20.8097848149677240,2.2875816993463971,6.4073257362457392,2.5383541055425729,1.9485103010099980,1.8097447232612973,17.4885254483527746,1.9890533257054255,23.1343722821621292,12.6730571612555067,4.3119830724957176,3.4845468283053016,4.9791005960561296,8.3890447486617337,5.6416141855648805,,,,,,,,,,,,,,,,
"2018Q3",7.1927247134320202,4.5648702142028696,20.4617792280270017,764.7908402569034934,628.1071024647116019,733.0330201672605881,618.0705956417609741,572.1146051192120012,613.7366447491624513,654.1935863405409464,475.4336779236998609,472.9116705874168360,485.2760440732133702,481.3753634509208155,5.4771290338609218,10.3599045632832123,676.3842002715126682,757.1930024226236355,1.0006289545036111,38.1999102590877868,2.5044745706179139,-0.8138609999999999,459.6190543257863510,433.0308065659368140,-6.8345417930106009,24.2718814268296228,22.8766552338057458,4.7778521283419320,25.9341730773391745,4.8974835598158180,17.8469286838442542,0.0427669710673939,0.0223131756288509,-0.1068593990453102,766.6502792338188783,736.8727860290587159,569.7290185777317220,631.6897339985557664,602.0995131480646023,658.1258891111851881,4.8351356978282114,13.4053921941516538,3.7010072950053878,2.3672965136099013,238.6357170053933885,1.9244383458842687,2.0336688252478328,12.9847289456505468,-5.9639393817978963,4.5648702142028696,-1.8594361536065260,-3.8397613797597105,2.3855885402175807,-13.6191213794339863,11.6371340505586520,-3.9322956174454369,-0.0548968072922673,3.0367211968351193,764.7908430745649184,6.9106368121704591,-0.2577264230820372,-6.0558980802904081,7.1927277972695638,12.9847289456505468,0.1719389824500409,-5.9639393817978963,22.8766552338057458,25.9341730773391745,0.0427669710673939,-3.1002862847705370,4.7778521283419320,0.0223131756288509,4.8974835598158180,-0.1419446768708743,20.4617792362862119,17.8469286838442542,-0.1068593990453102,2.7217094155498076,4.5648702142028696,-3.8397613797597105,-3.2965197823739851,733.0330254379972530,-5.1614496941968309,5.3840398690534537,736.8727860290587159,6.2118539457037878,6.4011076632635957,2.3855885402175807,0.6427938288347810,572.1146068981402095,8.7823745368423793,-3.8758324090911209,569.7290185777317220,5.1645602502496075,5.5126205615529162,-13.6191213794339863,618.0706098694265620,18.6864572888831191,5.2229175120508469,631.6897339985557664,6.5922541112260609,7.6398268751195175,11.6371340505586520,8.5318142903632506,-3.0367252654075356,613.7366454985099153,28.0227341771982488,19.3090973337384391,602.0995131480646023,13.4688956797816779,14.2815541217809745,-3.9322956174454369,654.1935917793595081,27.7769594699011009,6.2400662390400443,658.1258891111851881,9.3262945830549313,9.4246994893322533,-1.8594361536065260,-1.5205296466540146,764.7908430745649184,7.9627487673522319,6.9106368121704591,766.6502792338188783,6.5971222031464407,7.1671412402646437,-0.0548968072922673,-0.0219587331434342,628.1071024941454652,-2.5657996863158949,4.4325868196491847,628.1619993500185046,4.4590246499140829,4.5339142856108525,475.4336781001858867,-2.7318462759673681,0.2296909286767157,1.7382427071556359,472.9116720261155251,-1.3443019306416575,-0.2980903445466749,1.3779937162638352,485.2760424785118403,-10.6054470239762608,1.6779685756576823,-0.3696398958908320,481.3753632530092545,-0.2653473332469896,2.8994688621421254,10.7840706725123425,-0.8801950602774571,-2.5220060593417650,1.3875447440698956,-0.3602479791783846,0.5297780013005193,-3.0517848428973275,-0.4292546269607745,-0.4869390774944854,2.5915793771230162,9.8423643794332243,-7.8735949571668815,-2.1078849039294569,-3.5630229510472633,13.4053921941516538,2.0986368558871407,2.3778517887620918,-24.8331786926236013,5.9416851271840185,2.4664993317345560,9.0458261262325710,2.2406796973235359,3.7010072950053878,0.0235106832915325,0.0332000124627664,7.7468501558676301,5.4771302652351368,6.7731779122943507,5.7752194956276277,3.4079237535788938,1.9613800005387141,3.8212834746613424,2.3672965136099013,10.3599045308984259,1.8599046339484557,4.8351356978282114,-2.7485042029747673,4.3481970338771134,7.2129883152109429,4.8683360780031029,3.8212830316930146,3.8212836927334601,676.3841997845472633,4.0040407540794671,3.6601523959991162,677.1926474899021287,2.0336688252478328,1.9244383458842687,241.6724382384335570,5.2587437270468707,8.4176641713058125,2.8197691542078669,238.6357170053933885,1.3228622894712736,1.2455097281491179,1.2567190572793465,3.0367211968351193,757.1930037937978568,281.7593257575416601,14.0226467444054386,8.8162237860716175,-2.1921081174532957,1.0006289047393639,38.1999104432054892,-0.0895985698619897,6.1355063692998320,0.3243737496296513,2.5044745736748761,-0.8138610007582369,459.6190552672168224,-28.3577836478556122,-4.1104956376547932,421.4191446602943643,-28.2681866511654363,-10.2460020467154855,-6.8345413077645389,428.2536859944852949,1.6844639618016346,1.0984169864783739,433.0307978503698223,5.6432638429897715,37.5651317166046965,394.8308871415665067,5.7328636332720535,31.4296190297018967,24.2718773058934580,370.5590093190813263,1.0303540817406522,0.1379973076645631,-0.2577264230820372,0.4830400764096945,-0.0035919938236475,0.0000000000000000,-0.4364421367645264,-0.0732237972551957,0.0000000000000000,-0.1419447064399719,0.0403312621056102,0.0000000000000000,2.7217094451189041,-1.8324708938598633,3.0852513313293457,5.5304615497589111,0.6538293510675430,0.1377489279348931,-0.7354205590672791,-2.4627035856246948,-14.7978205680847168,-8.7634539008140564,-0.0000006972650770,0.1927120797336102,0.3830888029187918,0.2847964297980070,0.0418476432096213,11.7679134681820869,-0.0447050433431286,-0.2577264271676540,-0.4086781376972795,-0.4293442890048027,0.1612005648203194,0.0176338910532650,-0.1025290037505329,-0.0018241069046780,0.1037676765990909,-0.0171367170696612,-0.5955191479127111,0.2781998380087316,-5.5291687846183777,0.0629689671332017,-7.2397862672805786,7.4116172790527344,-0.0221813691314310,0.5541450569871813,0.5679218135774136,-6.0000000000000000,,,,,,,,,,,,,,,,,,,,,,,,,,,,,,,,,,,,,,,,,,,,,,,,,,,,,,,,,,,,,,,,,,,,,,,,,,,,,,,,,,,,,,,,,,,,,,,,,,,,,,,,,,,,,,,,,,,,,,,,,,,,,,,,,,,,,,,,,,,,,,,,,,,,,,,,,,,,,,,,,,,,,2.0038407023590850,2.0344586233998143,1561.0000000000000000,302.0459413970671676,494.0000000000000000,753.0000000000000000,2080.0000000000000000,-12.4519230769230766,475.9540586029328324,148.9540586029328040,403.3688296451130100,20.4617792280270017,529.0467794008635565,27.4004809345519007,1942.8864832473600472,11.2907880661191484,-0.4498196731351967,584.4411634491747236,669.6575756096229952,-93.7765686490102013,788.9738058895089807,25.7602165176144808,226.0898359158719870,0.6169275421612548,0.5499601371351517,,,,,,,,-20.3656830812082958,-1.1283252247405000,842.2147323050139676,-1.7877056576185169,843.7531822740772895,25.1202469093024590,25.1202469093024590,102.8861106827447998,12.9075554329998994,-25.7512509941987986,8.2883204026480648,7.0588235294117618,-5.0305203403228749,4.8510048510048476,9.1795381157158360,-1.5397797397782020,20.5462456149629418,6.4209538285411538,32.3430279471570898,21.8905472636815830,32.0181566243596265,6.4896755162241915,-2.6948724587576689,1.7745123250564987,-0.1266448444976587,1.4846278954495862,-10.0624349507465354,-0.5446255817080359,-0.2649957879177656,10.9657366910186802,3.9603628312331107,3.7279636536826199,6.0734691832555310,8.3684809979188692,5.6299001259980663,,,,,,,,,,,,,,,,
"2018Q4",10.6796978536577001,5.6315329546930197,18.5907093213576999,766.7447616822755663,629.7932929644277920,737.1749256694017731,630.0153936150712752,572.8869864164357750,607.2544660345848797,658.5562112086508932,474.9019766497664818,473.5792046892555618,478.6875373335728909,481.2299133061499106,5.3531981191025109,10.0847243946335183,677.4550035831758805,761.8750597007199303,1.2345079164251445,37.9299412832255953,2.7746157156375655,-0.7027640000000001,458.8249599806194396,421.9066843304909185,-7.9018973481149146,13.0437636430749535,25.4742811034116627,3.7961273342063198,25.9567696727851285,4.8780366679484404,17.9096758397092550,0.0337260385799959,0.0175962101420784,-0.0551631754578759,768.2111088303817041,738.3764702394144024,570.9505461311499630,633.3374737317540166,605.2748540912622275,660.4591553209170343,4.8724954102600995,13.8891097265013155,3.7055678632722002,2.5226094744421221,238.9762356309423978,1.9313948570653456,1.7678656592266779,12.9251321766947971,-2.3519193984631248,5.6315329546930197,-1.4663489069377564,-1.2015466163599768,1.9364401605694792,-3.3220582835421300,1.9796111458174983,-1.9029476391377897,0.5260177450742308,2.8295081906238511,766.7447600988958811,8.4427008671770274,-0.2481313748049328,-2.4115099886708204,10.6796997041151691,12.9251321766947971,0.1064851189380268,-2.3519193984631248,25.4742811034116627,25.9567696727851285,0.0337260385799959,-0.5162105541163654,3.7961273342063198,0.0175962101420784,4.8780366679484404,-1.0995060334739533,18.5907093233039085,17.9096758397092550,-0.0551631754578759,0.7361977825698707,5.6315329546930197,-1.2015466163599768,-0.9846275111649734,737.1749255086150470,16.5676030615169374,8.5793097871155002,738.3764702394144024,6.0147332910629645,6.2823775762627170,1.9364401605694792,1.0383646876705650,572.8869863862539660,3.0895067170291970,4.1402715988095471,570.9505461311499630,4.8861141644118025,5.2892956992904363,-3.3220582835421300,630.0154082973895129,47.7792143101279194,19.2207283720494857,633.3374737317540166,6.5909762976901689,7.6319101763751629,1.9796111458174983,2.1020148134815173,-2.8295061427634192,607.2544625416297777,-25.9287251038423534,3.0131991100941127,605.2748540912622275,12.7013795427333953,13.7475758513837043,-1.9029476391377897,658.5562106311086836,17.4505075156549800,8.8382910108272092,660.4591553209170343,9.3330707159643325,9.3460192570720295,-1.4663489069377564,-0.1420833365806266,766.7447600988958811,7.8156767241336320,8.4427008671770274,768.2111088303817041,6.2433262724496759,6.9590782134649904,0.5260177450742308,0.2104070653905699,629.7932929864820153,6.7447619496428945,3.6423922892729474,629.2672752593347241,4.4211036737283047,4.4884036652270742,474.9019768787008502,-2.1267963325745480,2.0513494238508043,0.3314882327679604,473.5792040617404268,2.6701390807853511,2.9020661198494473,1.3139229282941947,478.6875364108144026,-26.3540345935320985,-2.5570007628464531,-7.8374137566671722,481.2299134920292545,-0.5818020472314724,3.0526704480995939,8.1294360217619843,-0.6071764169216619,-1.3227728471558318,4.7969354723599951,0.9824351875534343,1.8278778809965599,-3.1506516078118332,-0.3954717202389272,-0.4476800403550628,1.8412543461754702,3.7855594235787877,-24.2272320260608893,-8.1688969919419261,-10.1035512869987336,13.8891097265013155,1.9348869894182110,2.1876908949842582,-0.0978217819283618,6.3279364573566337,1.5449946692251972,7.7979457695123484,2.6223686046497137,3.7055678632722002,0.0182462087788295,0.0268609228647195,-42.6575022754124547,5.3532004737550185,6.9996330215381217,2.4511321563165174,-0.0714761733285769,-0.0287981564868542,1.5559280467333574,2.5226094744421221,10.0847244390690243,1.5847244017509983,4.8724954102600995,-0.8652140788770919,4.4248153929246943,7.0601853895151221,4.8993561914004635,1.5559278459019474,1.5559275551052181,677.4550041953974642,4.2832121418002558,3.7745037532973558,678.2763324625266250,1.7678656592266779,1.9313948570653456,241.8057425332899300,0.5332005535946498,6.6266576991985682,-0.6812316321502840,238.9762356309423978,1.3620827543953202,1.2966364407132600,1.2939787307731354,2.8295081906238511,761.8750604892715046,286.9730835351329574,20.8550341566782826,13.1625833899762537,-2.1853702801218295,1.2345079182341965,37.9299424575462538,-1.0798746382893469,4.1660793242890257,-0.4678480416065905,2.7746157123249127,-0.7027640041185201,458.8249578554118671,-3.1763899056929894,-3.7456567187716541,420.8950154117109150,-2.0965160803570999,-7.9117347305527090,-7.9019004258333672,428.7969157983456512,2.1729186115178587,1.4997291128608601,421.9066817989958054,-44.4964769208380773,9.9151219073796142,383.9767390901410522,-43.4166127533091384,5.7490429706647843,13.0437609801523671,370.9329777682392546,1.4958584343677144,0.7321245174031852,-0.2481313748049328,0.8490978475915850,0.0193059574812651,0.0000000000000000,1.6539878845214844,-0.0745718945981935,0.0000000000000000,-1.0995060056447983,0.0312148239463568,0.0000000000000000,0.7361977845430374,1.9843161106109619,1.1963961124420166,-6.5207865238189697,-0.1458194032311440,-1.0985546502413703,0.5479764300398529,1.8534134030342102,-21.1228663921356201,-2.4939178228378296,0.0000008944740220,-0.1952740419656038,-0.0891897100955248,0.3711628504097462,0.0545382178388536,8.2858249247074127,-0.0104458919231547,-0.2481313711032271,-0.3818213948979974,-0.4556753765791655,0.1114874850027263,0.0329716714913957,-0.1519123581238091,-0.0029136455850676,0.1053635910793673,-0.0005996679537930,-0.5925292722937807,0.2939167481381446,-1.4042480289936066,0.2963516933377832,-3.6644845008850098,-4.6747112274169922,0.0297109244856983,0.6569006824865937,0.5685329809784889,-5.0000000000000000,,,,,,,,,,,,,,,,,,,,,,,,,,,,,,,,,,,,,,,,,,,,,,,,,,,,,,,,,,,,,,,,,,,,,,,,,,,,,,,,,,,,,,,,,,,,,,,,,,,,,,,,,,,,,,,,,,,,,,,,,,,,,,,,,,,,,,,,,,,,,,,,,,,,,,,,,,,,,,,,,,,,,1.1824510173008207,0.8779084713074212,1603.0000000000000000,327.6830412270527972,440.0000000000000000,772.0000000000000000,2137.0000000000000000,-15.5357978474496967,538.3169587729471459,214.3169587729472028,402.5055416789280116,18.5907093213576999,660.5560673825415279,29.8305362712048989,2036.0167346384700977,18.7282291123851792,-4.8128530681925765,588.9723072225141323,675.8734947957419763,-101.7100273394659951,821.8902856666760499,64.2330485741900929,225.8062720722869869,0.6845789193410904,0.5573665885245316,147.1969633404445688,28.5070429422215277,175.7040062826660858,,,,,246.9620082471180922,-3.3337487809235000,847.5040755609237522,21.1573730236391384,846.6588535399524744,270.7864473479688741,270.7864473479688741,166.1819492530715650,33.1931998820000018,-164.7001185059139914,8.1292253643775680,9.6300050684237313,18.0190917740601790,9.3406593406593288,3.1377463387038729,1.1897079712900327,61.2509915687437427,22.5245272652780955,-22.8398573026749609,4.4496487119437989,19.0656689372177048,10.0149476831091100,-2.1043480835490347,0.1991133461831662,1.7875749481307546,1.2048448177080617,-23.1673318380842694,-7.7406799220414264,-0.5801113969925664,8.3421680158147105,3.6638999343233891,3.8466447262184067,4.0860464366048399,8.0492223945742616,5.4990731088177203,,,,,,,,,,,,,,,,
"2019Q1",12.4633273718644002,4.8376335228509904,19.1929581771975002,769.1929390279858580,632.3933531103047017,733.7825522735079176,628.8360894650661521,581.2381348933362233,613.0612294568040852,657.9760738650132907,475.4991418693928154,474.1476236746192399,481.1086577544598413,477.9015159879722319,5.3762576164713751,10.1159234835890857,678.6350414289114497,764.4837414111937051,2.0003060441813147,36.7576717143865039,2.7155593222018317,-0.7580720000000000,459.6135685608021504,415.5857620634389491,-6.6170674081093921,7.4023744164882714,24.5311365759798115,7.1251528365413890,25.9702942976112681,4.8658953397969027,17.9700472001450748,0.0103446721769011,0.0053971321026687,-0.1104278219768019,769.6427086985053165,739.8268852483038245,572.1058655472577357,634.8210920773520911,608.2541266079280149,662.7928549320214415,4.9131218617406152,14.3347529208326669,3.7087634992749465,2.5195288209102094,239.3256238343506652,1.9499290912025484,3.1776833358653995,12.8661482679616590,-0.5289914742240107,4.8376335228509904,-0.4497693348799590,-6.0443334165975102,9.1322718075378759,-5.9850046892651578,4.8071082229752440,-4.8167859821291223,2.0305422618218261,1.9194658675800602,769.1929393147811425,6.5871133691998853,-0.2739520658491238,-0.5879763678222849,12.4633281616092262,12.8661482679616590,0.1261697522362922,-0.5289914742240107,24.5311365759798115,25.9702942976112681,0.0103446721769011,-1.4495034595865828,7.1251528365413890,0.0053971321026687,4.8658953397969027,2.2538599906665282,19.1929581277635677,17.9700472001450748,-0.1104278219768019,1.3333403082388438,4.8376335228509904,-6.0443334165975102,-4.8902672718705213,733.7825530467957833,-13.5694752350533587,-2.0187487289354964,739.8268852483038245,5.8016480848352421,6.1144231415836021,9.1322718075378759,4.9251840067480135,581.2381357575703760,33.4045908550529163,23.2696467334838992,572.1058655472577357,4.6212809708607789,5.0394726519111916,-5.9850046892651578,628.8360930956547463,-4.7171665740762911,15.8995807530536268,634.8210920773520911,5.9344932904782075,7.2159669305333480,4.8071082229752440,4.0028951311655412,-1.9194689462165551,613.0612351091035634,23.2270659458920292,10.2747441110234021,608.2541266079280149,11.9170784895083042,13.0841113188489242,-4.8167859821291223,657.9760739282654640,-2.3205297693380817,4.8937824829665946,662.7928549320214415,9.3347961605026537,9.3152501602979605,-0.4497693348799590,-2.6941332123905402,769.1929393147811425,9.7927370617006311,6.5871133691998853,769.6427086985053165,5.7263928170803595,6.5713764912844148,2.0305422618218261,0.8122168845176467,632.3933531074426355,10.4002405541991259,4.1488301789752260,630.3628108626226094,4.3821424077485656,4.4431084704147352,475.4991418346288583,2.3886536882585969,2.0294857802344701,0.9351045601174434,474.1476230689586373,2.2736692906525358,0.8016076154184555,1.6298240292707420,481.1086582554793836,9.6844744777037306,9.1466760370580307,-2.7894856008071138,477.9015168988532309,-13.3135886803185528,-0.5021828872830802,1.6624662422997520,0.0240798395843480,-1.3515186890288640,-0.1149830598311349,0.6947192501027950,1.8901264227292160,-3.2416459504858026,-0.3639735763620410,-0.4110560582656875,-1.3664838820195406,5.6095165618768217,7.2958320892292754,-3.7245800668773659,-8.7252351916355106,14.3347529208326669,1.7825603805215322,2.0104514536521503,5.9193855573213856,2.4023752746515297,-15.7022393535301141,0.7273613962991021,-1.3063864012876802,3.7087634992749465,0.0127765681829769,0.0206710799808551,-23.5552383722287644,5.3762564748335118,7.0686774219845008,4.5746483201145480,2.0551174358864479,2.0209674218533920,3.6368907702854014,2.5195288209102094,10.1159234606685562,1.6159235104848819,4.9131218617406152,-2.7237893824216224,4.5020659182023319,6.9235735374031471,4.9337932873314303,3.6368905591343994,3.6368908067480508,678.6350414414995385,4.7201470132564891,4.1007905140786054,679.4821087871559939,3.1776833358653995,1.9499290912025484,241.2450890772772425,-2.2426035334843268,2.5824258845792483,-0.0663498443662593,239.3256238343506652,1.3975492316845997,1.3414391863893251,1.3276717088855430,1.9194658675800602,764.4837429979869512,288.9846019060991580,8.0460752134342659,10.5176118285103577,-2.1528474566478479,2.0003060570371805,36.7576705015080805,-4.6890815995092723,0.1114588161317662,-3.3552129411343490,2.7155593230990585,-0.7580720022795409,459.6135710783191826,3.1544486701673904,-6.9239885664160816,422.8559003288989402,7.8435287225691930,-7.0354477351615445,-6.6170643876579494,429.4729648588061650,2.7041940512656670,1.9543725377706860,415.5857814605399767,-25.2835971006425346,-5.1785772497273612,378.8281107209019183,-20.5945151113683735,-5.2900333536397071,7.4023868117453091,371.4257242619540307,1.9709946883064371,1.2527582074149239,-0.2739520658491238,-0.4781329544955196,0.0113651324063540,0.0000000000000000,-1.0881590843200684,-0.0682392811868340,0.0000000000000000,2.2538599967956543,0.0294668497226667,0.0000000000000000,1.3333403021097183,-4.7508815526962280,8.4154229164123535,2.5363747477531433,-1.9075103029608727,1.7587995789303354,1.8201351515017450,0.7348115444183350,15.7398195266723633,-12.8311723768711090,0.0000002049780619,-0.0026832269504666,0.1896715154871345,0.1746179163455963,0.0256581485737115,-9.8822573199868202,0.0160128700226778,-0.2739520673640072,-0.3821306386962533,-0.5108364168554544,0.1067757001146674,0.0399744946626015,-0.1568643841892481,-0.0036447860620683,0.1035705308313482,0.0116737212520093,-0.6011537588612539,0.8398686239961535,-4.2212345600128174,-0.0193387710023671,-1.7178874015808105,-2.1195631027221680,-0.1255843851249665,0.7485670074820518,0.6247267350554466,-4.0000000000000000,,,,,,,,,,,,,,,,,,,,,,,,,,,,,,,,,,,,,,,,,,,,,,,,,,,,,,,,,,,,,,,,,,,,,,,,,,,,,,,,,,,,,,,,,,,,,,,,,,,,,,,,,,,,,,,,,,,,,,,,,,,,,,,,,,,,,,,,,,,,,,,,,,,,,,,,,,,,,,,,,,,,,-1.7960744279740481,-3.2188683766783868,1584.0000000000000000,311.8923780668455947,426.0000000000000000,722.0000000000000000,2152.0000000000000000,-13.7546468401486983,552.1076219331544053,217.1076219331544053,411.9108168204430171,19.1929581771975002,660.9209203706967628,31.6319001268560989,2089.8287715444798778,10.4347268418950989,1.6929369066731854,592.5558335269309964,768.4027681281670539,-160.5433140661569951,882.0615988399749767,81.4669748064665100,145.3494071490590045,0.6402472551579926,0.5778966529534206,,,,,,1.5814266917258706,9.0467646313270578,63.5089710729643926,0.1187537500796700,848.8202410253488779,5.2646618577005029,849.3956775279422118,55.2497417318337867,55.2497417318337867,104.4210095860316443,14.3265999999999991,112.9797778217919983,10.2882375245669344,6.1674008810572722,-12.6891053883773317,-1.0678391959799027,39.6607300949789661,23.2058095320945021,-4.6076849681410899,16.5576785487852689,26.1460954391103044,8.5213032581453731,-2.2938316922498925,4.1604754829123403,2.4174178951709813,0.9598317841013948,3.0298764558301938,1.5776157890360576,10.1689396708082960,-2.4329101775926398,-12.4653869146916563,1.9572263161713455,4.7677236762081687,4.1860376500056695,-1.7153036866714766,3.3106181897417208,5.5234034699271017,,,,,,,,,,,,,,,,
"2019Q2",11.6147039662362008,2.9414973881021900,18.5505290829727016,774.5176333050943640,634.0509740152170934,737.8928455389387864,656.2649502008659965,583.7392693194724416,618.7836750677962527,667.1936802584982615,476.3811903249028319,474.6192128881465351,484.6912398884113600,477.1875380185390441,5.2355261053878710,10.0566092032230081,679.6650956238760273,767.4281589679317221,2.4133836455809075,35.9981488692037814,2.4700742638623350,-0.8499900000000000,460.4757873550702243,422.4325170767637587,-5.8099571324449926,14.3865905054762493,30.2782154563042134,-0.1129837149509162,25.9307675553415535,4.8275447443859720,18.0254482239010976,-0.0833349203537527,-0.0434791510701871,0.0449089213915453,770.8943758528089347,741.2244334972932620,573.1978529176290067,635.9207321049362918,611.0271984963827663,665.1232407453052247,4.9327755031152272,14.7628066669049254,3.7120779801167636,2.4392781021064822,239.6777838264304137,1.9510637293865820,2.6686017744329389,12.7328635423972489,-0.9464409609063312,2.9414973881021900,3.6232559524654415,-3.3315872785484530,10.5414162715698705,20.3442226604686454,7.7564755679595292,2.0704349257612877,2.6038311819331601,1.3662483357769069,774.5176315300167289,11.7174830248794137,-0.2829868647103021,-1.0797274302878273,11.6146994626754729,12.7328635423972489,-0.1717229422571631,-0.9464409609063312,30.2782154563042134,25.9307675553415535,-0.0833349203537527,4.4307797452460695,-0.1129837149509162,-0.0434791510701871,4.8275447443859720,-4.8970504233889347,18.5505288434808371,18.0254482239010976,0.0449089213915453,0.4801713953070386,2.9414973881021900,-3.3315872785484530,-1.3513077744870938,737.8928460407527155,16.4411566989968989,3.5694559845070821,741.2244334972932620,5.5901824707994860,5.9046055348725952,10.5414162715698705,7.8228403593441289,583.7392686723483166,10.0045389294348475,13.8202610380266488,573.1978529176290067,4.3679514595756190,4.7599762417599347,20.3442226604686454,656.2649316840826259,109.7154116703163993,42.8659335547081781,635.9207321049362918,4.3985405788133525,5.8790655228912030,7.7564755679595292,5.8315857420921606,-1.3662525673892985,618.7836741501680535,22.8897656853315112,12.0527130471439197,611.0271984963827663,11.0922916364134299,12.2949084849044574,2.0704349257612877,667.1936738115651906,36.8703960832594149,19.9443188302992098,665.1232407453052247,9.3215301748631187,9.3289239671587385,3.6232559524654415,2.6985234587688023,774.5176315300167289,21.2987988328979796,11.7174830248794137,770.8943758528089347,5.0066858540503025,5.8933849484045551,2.6038311819331601,1.0415324992655719,634.0509740039735789,6.6304835886218241,5.3024215808540909,631.4471428173440017,4.3373277474126004,4.3998995807855650,476.3811905071530646,3.5281885904277130,4.7393063558452653,0.2645478458570170,474.6192133148989001,1.8863511844933711,3.7016097797333321,1.3714613642634665,484.6912381755780643,14.3303292607534090,10.1415385144223258,-3.2361667857827503,477.1875387603080299,-2.8559145676947653,4.0288306776237164,-4.2541633092374527,3.1718574543440736,-1.7619772075134803,-1.6418356801340979,1.1069143431167474,1.5670929106628624,-3.3290707794246406,-0.3496961312368893,-0.3845992771168451,-0.3264987250428099,8.3100476222840314,10.8021346490305810,-3.5007141917637603,-6.4527570186791268,14.7628066669049254,1.7122047549495338,1.8820708288873307,4.9638409005233228,0.8063481238434242,-6.3841034994551400,-4.5187115646358400,-2.9057275926692792,3.7120779801167636,0.0132563943968645,0.0169475514563760,27.9733446738804901,5.2355262795776181,7.0223579604857971,1.5339139978388476,-0.9053635844208263,-1.0833418914058965,0.4732666810162396,2.4392781021064822,10.0566092111486789,1.5566092388483121,4.9327755031152272,0.6722247846609322,4.5481767651590070,6.8148464417239767,4.9497235215817561,0.4732662596789421,0.4732673304098309,679.6650956571198776,4.1202185318560431,4.2819054251472535,680.6353977385134613,2.6686017744329389,1.9510637293865820,241.0440315769182575,-0.8042128259047178,0.6862791086424126,-1.9407398686439934,239.6777838264304137,1.4086361884491256,1.3727824244490092,1.3382043421273626,1.3662483357769069,767.4281573829844092,291.0469684841033882,8.2494509870330592,12.7933009737487140,-2.1547385638541861,2.4133836399436914,35.9981492493150057,-3.0380800706983488,-2.2241611327416497,-2.0344122293909055,2.4700742589579732,-0.8499899903192389,460.4757879863645371,3.4488806099379063,-6.2327157305852623,424.4776388036776780,6.4869622996133618,-4.0085538972605663,-5.8099568262798673,430.2875956001651616,3.2585224833349153,2.4550257101591475,422.4325288201746389,27.3870264525355864,-9.1874710170081269,386.4343796155506539,30.4251060001206355,-6.9633077120651183,14.3866038784651007,372.0477754151676208,2.4882130375343752,1.7463481525103020,-0.2829868647103021,-1.9773193733233048,-0.0410145716741681,0.0000000000000000,5.4454374313354492,-0.0950547825777903,0.0000000000000000,-4.8970504254102707,0.0251029447535984,0.0000000000000000,0.4801714122295380,0.0278761386871338,4.0900740623474121,3.6345891952514648,-4.2427216246724129,-0.7318631599379259,1.7916143070906401,-1.6056539416313171,8.4146640300750732,-3.8370563089847565,0.0000000850061872,-0.8995007816702127,0.1022780425846577,0.1369829038158059,0.0201281027402729,-4.1508335396647453,-0.0151487796247238,-0.2829868625849485,-0.3838689560070634,-0.5905357636511326,0.0918706208467484,0.0230642778333277,-0.0901258857920766,0.0017572951619513,0.0809643353859428,-0.0038724339974578,-0.6147994110735600,0.5330959544517100,0.3171326518058777,-0.2087202314287424,-1.7073755264282227,8.9828662872314453,-0.1677251826040447,0.8247484883759171,0.7143302671611309,-3.0000000000000000,,,,,,,,,,,,,,,,,,,,,,,,,,,,,,,,,,,,,,,,,,,,,,,,,,,,,,,,,,,,,,,,,,,,,,,,,,,,,,,,,,,,,,,,,,,,,,,,,,,,,,,,,,,,,,,,,,,,,,,,,,,,,,,,,,,,,,,,,,,,,,,,,,,,,,,,,,,,,,,,,,,,,-1.1389805197613185,-2.4210190403836407,1644.0000000000000000,325.0112428996088170,459.0000000000000000,798.0000000000000000,2347.0000000000000000,-14.4439710268427781,715.9887571003912399,276.9887571003911830,452.4178526334400203,18.5505290829727016,742.1760039520432883,30.0002063171343991,2152.2769122062700262,11.7776702269520683,10.6078037394590030,596.9799929216914052,742.6845978197239901,-141.7742320996050012,826.6563592298240337,-111.2061916773667463,221.1530226917259938,0.5770594639965914,0.5542753999845674,,,,,,,,144.2404337646582633,0.8937610021257300,851.7466660611233920,11.7057001430980563,851.9757286937345953,157.1332927619786517,157.1332927619786517,75.6983583784374048,6.4793197760000201,71.0379324276370028,23.7369519463580758,12.3781676413255326,17.8699521880296039,2.8739386022207603,10.5221068604459447,20.2439122833476972,199.5629608773304824,52.1544686093606344,25.7213575945502981,13.2211538461538538,44.5859935660069411,22.5239616613418505,3.5911730741472914,0.3579931678432180,0.8911294925211477,1.4895683109264146,15.4079764088573157,-3.1578245304184627,-2.8155161830793807,-4.0869646022328894,5.1609282947714163,4.3749041324855575,-1.0470268694551699,1.7149290661631511,5.3750032371148393,,,,,,,,,,,,,,,,
"2019Q3",11.5919436197139003,4.2100288419555802,19.2007742946937014,775.2804527945456812,634.0890320392838930,739.2276457031216523,635.2205069805403355,600.9994678281019560,633.0968785631014271,675.2440257997329809,477.8027743917004386,475.4778568986325240,488.3992856069265258,479.7264986999626331,5.3282443582218297,9.6286326739927972,680.9007541741589193,770.2453905627622817,2.4712490201249864,35.5578868640543533,2.0823348013565162,-0.7338540000000000,458.6956864117046280,412.7154513874763211,-8.1046400536416741,4.3432200897198072,24.6083258709739106,6.1843885951423108,25.7344465815021657,4.8391767882398931,18.0784203351185440,-0.0776848541867417,-0.0405312006676856,0.0742103841978603,771.9028483960721587,742.5892236347103790,574.2574218404383828,636.1741243033013689,613.6399664740387152,667.4111511337328011,4.9443884777209153,15.1796943300720084,3.7158849648846140,2.5431494905920911,240.0279748243317783,1.9462779433872190,3.0002812574550646,12.4952019112385067,-0.7108336611394694,4.2100288419555802,3.3776011456505470,-3.3615796704553667,26.7420430452456834,-0.9536289038408093,19.4569178482308267,7.8328689396728084,1.5672273480627923,0.9528112925087591,775.2804493311572287,10.4896186416941237,-0.2131213325209050,-0.9484975531167499,11.5919420042552197,12.4952019112385067,-0.1924269062150912,-0.7108336611394694,24.6083258709739106,25.7344465815021657,-0.0776848541867417,-1.0484347177899629,6.1843885951423108,-0.0405312006676856,4.8391767882398931,1.3857436888923482,19.2007741994667995,18.0784203351185440,0.0742103841978603,1.0481443292389079,4.2100288419555802,-3.3615796704553667,-1.7683751116067177,739.2276444324834301,5.3391864140822847,6.1946201595568926,742.5892236347103790,5.4591552890308392,5.7164307132728025,26.7420430452456834,17.7643862605052583,600.9994632047510095,69.0407608300072724,28.8848588975273479,574.2574218404383828,4.2382816668576648,4.5284068212734692,-0.9536289038408093,635.2205002160420690,-84.1777866177192209,17.1498915129559499,636.1741243033013689,1.0135812801880073,4.4843953523888072,19.4569178482308267,13.3902909535258807,-0.9528115728902726,633.0968831919619788,57.2528357354230337,19.3602426696198044,613.6399664740387152,10.4510812025866660,11.5404566767011474,7.8328689396728084,675.2440204860366748,32.2013801888752482,21.0504358248438805,667.4111511337328011,9.1516489349241059,9.2852621958597314,3.3776011456505470,2.4164819979381833,775.2804493311572287,3.0512505346761127,10.4896186416941237,771.9028483960721587,4.0338908204231680,5.2525742957816774,1.5672273480627923,0.6268909465656380,634.0890320657942993,0.1522322381927737,5.9819295597477637,632.5218047001845889,4.2986474657393794,4.3598053295409001,477.8027739964880425,5.6863296986975804,5.7815293449340990,2.3690923652141835,475.4778565726993520,3.4345643554667746,4.5395984720096578,2.5661819901790603,488.3992841894180970,14.8321844631091597,11.2621732909273042,3.1232386593324266,479.7264993963260054,10.1558402822821208,7.2286756933153953,-1.6488674527772911,2.8926475547317905,-2.3249173350190535,-2.2517623223792769,0.1970887036860386,1.0893475836125943,-3.4142654982869547,-0.3407775326478304,-0.3624804558280531,1.7808169480718516,10.5965102748345021,9.1458605146249390,0.7541484682370444,-4.5831807519930017,15.1796943300720084,1.6675414241200475,1.7743005861405827,-5.3896144675404152,1.9237255059406615,4.4695115056644070,-4.0179609642280454,-1.7921577070707160,3.7158849648846140,0.0152267277752789,0.0148775605864894,-38.0366741282441865,5.3282439581856291,7.1467604364654029,0.7886477837993793,-1.7545011347511505,-1.3539407135919241,-0.2253085612749951,2.5431494905920911,9.6286326791137817,1.1286326751356188,4.9443884777209153,0.8548060525808998,4.5819079992123815,6.7186889379629955,4.9592660521613876,-0.2253089652942054,-0.2253085743367986,680.9007544607554792,4.9426292607925388,4.5165510634565376,681.7218666215125040,3.0002812574550646,1.9462779433872190,240.9807858005562196,-0.2529849055312039,-0.6916552084242281,-1.5524857701506327,240.0279748243317783,1.4007636940759982,1.3922592924756705,1.3307255511987046,0.9528112925087591,770.2453896472227370,292.4426167223878679,5.5825829501769597,10.6832882615149707,-2.1719598760104581,2.4712490310327313,35.5578880000932642,-1.7610479331039717,-2.6420245383740086,-1.0127861981588782,2.0823348025106156,-0.7338539975407655,458.6956836412168173,-7.1204206402930357,-0.9233732446694956,423.1377955566918558,-5.3593727017568469,1.7186507473921138,-8.1046443330458544,431.2424399178731846,3.8193788005194524,2.9887535273682877,412.7154553072206227,-38.8682725110678291,-20.3153563862973279,377.1575668621708246,-37.1072208989499899,-17.6733363183569665,4.3432249257489284,372.8143424710659133,3.0662670106596766,2.2553351384263958,-0.2131213325209050,0.2392801479044851,-0.1997817987576127,0.0000000000000000,-4.1499838829040527,-0.0469921556068584,0.0000000000000000,1.3857436776161194,0.0232249471300747,0.0000000000000000,1.0481443554162979,-1.7992485761642456,19.3343392610549927,13.4832683205604553,3.3291572630405426,1.3980543048603931,0.5256949164904654,-0.3516609966754913,6.6601138114929199,6.0265189707279205,-0.0000000705844126,-0.7127693518996239,-0.2723156074061990,0.2892288779839873,0.0424989418825135,-1.4862226843833923,-0.0306680889625568,-0.2131213378161192,-0.2728758780285716,-0.4482001774013042,-0.0654079839587212,0.0169890543038491,-0.0714694689959288,0.0032963216290227,0.0625592997239437,-0.0096794033452170,-0.6176279634584430,0.2026684039738029,0.2733639478683472,-0.3632488289149478,-4.5024714469909668,-6.1589956283569336,0.0311369965784252,0.8867092756554484,0.8268754407763481,-2.0000000000000000,,,,,,,,,,,,,,,,,,,,,,,,,,,,,,,,,,,,,,,,,,,,,,,,,,,,,,,,,,,,,,,,,,,,,,,,,,,,,,,,,,,,,,,,,,,,,,,,,,,,,,,,,,,,,,,,,,,,,,,,,,,,,,,,,,,,,,,,,,,,,,,,,,,,,,,,,,,,,,,,,,,,,-0.4818866115486315,-1.6231697040888378,1687.0000000000000000,437.9904738066450136,567.0000000000000000,921.0000000000000000,2354.0000000000000000,-15.0382327952421413,583.0095261933549864,248.0095261933549864,431.7306813936430103,19.2007742946937014,674.9341296068052998,30.5073051978734995,2213.7737238466897907,11.2689263793222381,-0.1410572179982594,599.0956709047667346,715.6810858462949909,-128.0041680227369909,816.1911963146740163,-33.0553710705969479,238.4556058249669945,0.6523539011469839,0.5808621788542807,,,,,,,,82.2642958446247405,-0.2028704455959350,853.3781212063173598,6.5258205807758713,854.4107218452030565,78.0715250851237244,78.0715250851237244,103.1455967414203343,114.4096897784999953,-49.6888149541045010,3.0983065493150441,10.9412326803631110,5.4843069492253704,5.6840713813615329,99.4529016160877291,34.0501265694491906,-56.9056259039723642,18.9007362350992025,77.2743133461592890,21.8367346938775455,37.9903848372621340,23.1301939058171655,5.8511168376166989,2.4266636494580496,4.8319545142508691,2.6522092751648740,15.9886120992114087,3.1889105772841875,10.6894589317225730,-1.8356528776478087,5.0139991394815953,4.6201032675329934,-2.9885064756623891,-0.5217913993343481,5.4727504067714650,,,,,,,,,,,,,,,,
"2019Q4",12.6824215623440004,4.5428037166937996,19.1941933239783005,774.1702367186927631,633.8111753177946639,737.5365320357792598,640.7192293646810413,603.6254575449173672,635.7390555349994656,677.9751127874103531,480.8552220925580514,477.2651692830908132,497.9827959774987676,482.0415462026035129,5.3350670168353442,9.9770908887733061,682.2536418474480797,775.1424685422069842,2.1699021025361418,35.3623477444027756,1.9056270409786153,-0.7694520000000000,460.7430719827297025,413.5740296122436348,-6.9547702063556471,4.4620944004022931,26.3266526140080934,5.5499622091985126,25.6557038599334106,4.8321521573443782,18.1278713386286974,-0.0230001368787651,-0.0120001157795416,-0.0068666673029086,773.1702276998352090,743.9937791738102533,575.3687501988060831,637.1386469958258658,616.2593807627497426,669.5384637217545105,4.9466376220727506,15.5933046696662707,3.7201661725176671,2.4620715208229003,240.3682075164382752,1.9386364234840716,3.4664957291450502,12.3599829716323466,0.3505721031612935,4.5428037166937996,1.0000000000000000,-6.4572419327590396,28.2567126271881861,3.5805972530723014,19.4796710222596019,8.4366492831074389,0.2183315291657584,-0.0173880651903563,774.1702338611154346,7.4254890143025225,0.0704076835247111,0.2153527714413617,12.6824207833606408,12.3599829716323466,-0.0281336635603684,0.3505721031612935,26.3266526140080934,25.6557038599334106,-0.0230001368787651,0.6939483873845490,5.5499622091985126,-0.0120001157795416,4.8321521573443782,0.7298098188759619,19.1941932972442793,18.1278713386286974,-0.0068666673029086,1.0731880533574290,4.5428037166937996,-6.4572419327590396,-3.7747909336229988,737.5365386807530967,-6.7644273750990536,0.3616107169335008,743.9937791738102533,5.6182087840124497,5.6172998311424402,28.2567126271881861,18.8159118469767819,603.6254608990100223,10.5039777910485910,30.7384733939697909,575.3687501988060831,4.4453057082322562,4.4182067825408140,3.5805972530723014,640.7192264065378140,21.9949299360119355,10.7038355355980848,637.1386469958258658,3.8580992105634566,3.8011757215372701,19.4796710222596019,13.0920622863254152,0.0173890418856486,635.7390522346635180,10.5686724056025909,28.4845871549722673,616.2593807627497426,10.4776522081811923,10.9845239162191195,8.4366492831074389,677.9751135820652053,10.9243585734642856,19.4189048014431940,669.5384637217545105,8.5092462590903679,9.0793067466380162,1.0000062983109224,1.6007734472316044,774.1702338611154346,-4.4408329171550660,7.4254890143025225,773.1702276998352090,5.0695261470943542,4.9591235734081174,0.2183315291657584,0.0873325926105737,633.8111752920123081,-1.1114270862547357,4.0178823000449579,633.5928437863896079,4.2841563523388535,4.3255685207745893,480.8552224054495809,12.2097940276480976,8.8858780917801816,5.9532446430215389,477.2651703260625027,7.1492506438116115,6.7692467848749729,3.6859631017297243,497.9827972168139354,38.3340411777394792,20.0389763979082645,19.2952668851733939,482.0415458922450398,9.2601896750255648,7.1241883696295778,0.8116312066991045,0.7965302707312567,-3.5900521547817625,-5.0605399848197923,-2.2672809311928468,-0.0912216615889085,-3.4988340162556506,-0.3382748925347603,-0.3481813466215089,3.2684572472067219,17.1275748468649667,26.1242540798979093,13.3420206510882053,1.5342748832488011,15.5933046696662707,1.6544429970431231,1.7041880362383572,9.8606676523445032,1.1863234666334153,-2.9496045864732081,-5.1416119205648032,-2.5338403780006429,3.7201661725176671,0.0171209586957730,0.0145972291064512,4.0993478883072747,5.3350657346580892,7.0704339728966703,-1.4341797844684052,-3.8962529654072235,-2.5646611893272646,-1.0875704417386707,2.4620715208229003,9.9770908895270072,1.4770908016607724,4.9466376220727506,1.9446648620183504,4.5984558362455923,6.6508253178870325,4.9612346098385656,-1.0875710408263242,-1.0875707859759987,682.2536424380367635,5.4115478535842936,4.7986351545892267,683.0033788191632311,3.4664957291450502,1.9386364234840716,240.3508198762162067,-2.5198621306413855,-1.4549223598832204,-2.2702359123617728,240.3682075164382752,1.3609337956292362,1.3919724683182753,1.2928870353236079,-0.0173880651903563,775.1424705721429973,294.2872479517108104,7.3785142976764275,7.3141607499994059,-2.1958207034394333,2.1699020879381608,35.3623477923151910,-0.7821567367799902,-2.5675938138464280,-0.2296730147549583,1.9056270384789828,-0.7694519911747564,460.7430738481430694,8.1895529440901456,1.9181169449003621,425.3807260731452402,8.9717103331765564,4.4857092394351499,-6.9547678513928286,432.3354939612981411,4.3722177967289921,3.5385783593534370,413.5740222092501313,3.4342867634220124,-8.3326605309698607,378.2116739926254354,4.2164483867064950,-5.7650716793262262,4.4620937904479439,373.7495808186268960,3.7409526326343068,2.8166011328702627,0.0704076835247111,-0.0622107042839906,-0.0920203393325210,0.0000000000000000,1.4278514385223389,-0.0650639231316745,0.0000000000000000,0.7298098132014275,0.0202363921853248,0.0000000000000000,1.0731880515813828,-4.6025052070617676,10.5333217382431030,6.1851803064346313,3.5311458334326744,0.4018460227447656,-0.4085594462230802,1.8963473141193390,22.3225359916687012,1.1630932688713074,-0.0000006171695325,-0.6360833458602428,0.4613214954733849,0.3136030491441488,0.0460804521571845,4.4045191556215286,-0.0390297296689823,0.0704076783731580,0.0573346447199583,0.1875221971422434,-0.5464235097169876,0.0087863132939674,-0.0443705767393112,0.0034168671118096,0.0302082593843807,-0.0130136965453858,-0.6011748557363974,-0.1530719981528819,0.2306287884712219,-0.1716041879262775,-1.9298900365829468,1.2915420532226562,-0.1089833655860275,0.9347770824097097,0.9813171140849590,-1.0000000000000000,,,,,,,,,,,,,,,,,,,,,,,,,,,,,,,,,,,,,,,,,,,,,,,,,,,,,,,,,,,,,,,,,,,,,,,,,,,,,,,,,,,,,,,,,,,,,,,,,,,,,,,,,,,,,,,,,,,,,,,,,,,,,,,,,,,,,,,,,,,,,,,,,,,,,,,,,,,,,,,,,,,,,0.1752072966640839,-0.8253203677940633,1744.0000000000000000,430.9856716098079801,579.0000000000000000,924.0000000000000000,2453.0000000000000000,-14.0644109253974730,623.0143283901920768,260.0143283901920199,475.5408988563989965,19.1941933239783005,823.9613249121964600,32.1777549307987982,2324.8822821866301638,19.5883119177788103,11.0781033970279879,605.1022426978996691,837.7768756045729788,-213.5883579704990041,934.7709687025100038,135.8139568053356925,200.4493466002350033,0.9671390745617611,0.5957051380881685,157.9093958479595869,28.5164733771504260,186.4258692251100058,,,,,165.2267999154738334,-0.3308709838604120,856.5765927895815821,12.7938863330568893,856.7122286260754436,394.3337935490453106,394.3337935490453106,138.3221906411360180,-52.9506728994998994,-81.9420963061831031,-4.3437015206072127,8.4142394822006583,-6.5407381420981014,1.0050251256281451,11.0754582784827313,33.1031283851950207,24.6013051918817283,12.8720780719794092,11.1474018384078555,34.0807174887892472,11.5433902578201408,22.1467391304347885,12.9864719198753633,5.9845740625257049,6.2493747906635422,3.6728932237363621,46.7177394000858115,20.8073060023304706,9.7024922820465811,0.5489315293292218,4.6684998686713275,4.9156368490086422,-8.6370029380185223,-3.5179227205992425,5.4799466979484013,,,,,,,,,,,,,,,,
"2020Q1",13.6250198162026006,3.7951330244857302,17.0219810408801990,773.2259687034897979,632.2976850503599735,739.6004374410019864,640.7221640838305348,590.6070632505696949,626.6152343099148538,680.1286688798031719,483.3310563663052335,478.9203188454498559,503.7564338362974468,486.2292269341883184,5.3879943501381540,10.1983554329551769,683.3738453905164079,779.8337173947205656,0.3194552869027234,34.8509739394482736,1.4830154299061040,-0.8998390000000001,461.7474250129075131,393.1698193231709411,-6.6632419162066299,-16.5615472721456172,26.5729238086479960,4.0740775786209227,25.6496941756233703,4.8131024617978682,18.1738175150828916,0.0347005684289197,0.0181045938767676,-0.0485502978372428,774.7346917458535245,745.4719784766837165,576.5775677201664848,638.6799969784790392,618.9652650106030478,671.4482460290032577,4.9475245804415167,15.9964727115956435,3.7247304172751639,2.2819519575085088,240.6955468846547035,1.9379114804576718,5.2832118313087593,12.2889819469070254,1.2346842677757688,3.7951330244857302,-1.5087208451792780,-5.8715431550489718,14.0294968653238250,2.0421603359672789,7.6499675581223103,8.6804168289594248,-2.3706365371432692,-1.3910462231264535,773.2259709867979609,4.0330337228687725,0.2138829197220160,1.1636799645815734,13.6250189443396632,12.2889819469070254,0.1013553207748549,1.2346842677757688,26.5729238086479960,25.6496941756233703,0.0347005684289197,0.8885296090878200,4.0740775786209227,0.0181045938767676,4.8131024617978682,-0.7571307207579887,17.0219803814433952,18.1738175150828916,-0.0485502978372428,-1.1032868538861009,3.7951330244857302,-5.8715431550489718,-4.1210550910072010,739.6004349277791334,8.2555969589886082,5.8178760989836213,745.4719784766837165,5.9127843403774811,5.6450841940065732,14.0294968653238250,8.8481473516351876,590.6070642482696940,-52.0735681416471863,9.3689324140704109,576.5775677201664848,4.8352725106922323,4.4717027802116878,2.0421603359672789,640.7221576264995520,0.0117095435839252,11.8860732281210328,638.6799969784790392,6.1654149722759346,3.8589056482569091,7.6499675581223103,4.7202971887858460,1.3910427945780368,626.6152319733570266,-36.4952900782992060,13.5539960604926684,618.9652650106030478,10.8235393252063332,10.7111388909251826,8.6804168289594248,680.1286640107819039,8.6142110585231819,22.1525955525318459,671.4482460290032577,7.6391419490660635,8.6553914045051492,-1.5087208451792780,-1.1107971195711148,773.2259709867979609,-3.7770457305908209,4.0330337228687725,774.7346917458535245,6.2578464131926639,5.0919897419653148,-2.3706365371432692,-0.9482546669149462,632.2976850723143798,-6.0539610701361362,-0.0956680802925467,634.6683216894425641,4.3019117850129618,4.3055108484563416,483.3310564862804881,9.9033393276022128,6.4115125543155953,7.8319121914260474,478.9203186978362510,6.6205858064043870,4.7295394590199438,4.7726937947554857,503.7564332163653376,23.0945482585105886,14.3106731336208277,22.6477752400274923,486.2292264255865462,16.7507231194002948,7.2596136824722670,8.3277098324376091,-1.4851821464951409,-4.4107381928857405,-3.2827455589158925,-3.0592201459284394,-0.8294361665315293,-3.5813042786251619,-0.3298793277221366,-0.3396572464674121,1.1259708661743650,20.4253762970727593,13.1912139445310110,14.8158579221429250,4.4289053537569609,15.9964727115956435,1.6126692777628742,1.6617161073524045,4.2346325146806230,2.8981694782930543,6.8473877376644232,0.4957955800562024,-0.8265565832652655,3.7247304172751639,0.0182514434170146,0.0159651470843490,-82.6204362847485783,5.3879947238881076,6.8995976751240589,0.6584544931007490,-1.6234982933732391,-0.4902400241981895,1.2081153163489851,2.2819519575085088,10.1983554220074719,1.6983554035547035,4.9475245804415167,-0.6399855291540487,4.6078678580171255,6.6092407274526295,4.9634902902156677,1.2081149253020533,1.2081149379968643,683.3738456468367986,4.4808127387907115,4.7388024081880520,684.3530045582216417,5.2832118313087593,1.9379114804576718,239.3045001922459960,-4.1852697369462142,-1.9405885872502115,-0.0372687089721138,240.6955468846547035,1.3093468751652673,1.3699192082809062,1.2438794595587463,-1.3910462231264535,779.8337164086194662,296.5026606047571818,8.8616552913058584,7.5180540834122924,-2.2069503187114421,0.3194552738719691,34.8509730913299123,-2.0454943957903695,-1.9066958594665560,-1.2403436604607871,1.4830154304194048,-0.8998389973916900,461.7474259508330761,4.0174185642466753,2.1338579535155207,426.8964528929870994,6.0629131473596551,4.0405536424818278,-6.6632411383590870,433.5596940331035398,4.8967983166533857,4.0867288983564674,393.1698243728188231,-81.6167830027685852,-22.4159446482184883,358.3188514160262343,-79.5712883476869592,-20.5092487076998395,-16.5615403091528108,374.8803920190902090,4.5232382167458072,3.4546761892229290,0.2138829197220160,-0.9762688338611700,-0.0232227891683578,0.0000000000000000,0.4027607440948486,-0.0774405017727986,0.0000000000000000,-0.7571307122707367,0.0172239356033970,0.0000000000000000,-1.1032868474721909,-1.3681436777114868,-4.0893603563308716,-4.8294502496719360,7.1924156546592712,2.2092043162495454,-2.4579693139530718,1.2793944776058197,-0.8413858413696289,11.5067862868309021,0.0000007817072948,-0.0451086200773716,0.3689736248925328,-0.2579577509313822,-0.0379039904801175,4.3944654390215874,-0.0286846355447778,0.2138829207979143,0.2506288643926382,0.5081662759184837,-0.8062453065067530,0.0076494043460116,-0.0743565158918500,0.0028431356186047,0.0164597072871402,-0.0068612959512393,-0.5718265224261287,-1.7202526547480375,-1.8158230185508728,-0.4263433166779578,-2.3512837886810303,-19.8188691139221191,-0.2073322033975273,0.9618019263725728,1.1563742533326149,0.0000000000000000,,,,,,,,,,,,,,,,,,,,,,,,,,,,,,,,,,,,,,,,,,,,,,,,,,,,,,,,,,,,,,,,,,,,,,,,,,,,,,,,,,,,,,,,,,,,,,,,,,,,,,,,,,,,,,,,,,,,,,,,,,,,,,,,,,,,,,,,,,,,,,,,,,,,,,,,,,,,,,,,,,,,,-1.4945308560310906,-2.9398149513097280,1872.0000000000000000,340.9280030572359692,461.0000000000000000,906.0000000000000000,2405.0000000000000000,-18.5031185031185039,637.0719969427640308,239.0719969427640024,406.0174906242339716,17.0219810408801990,715.0371622505207370,30.9193626460026003,2436.5470533228099157,18.7649954100543255,7.8695155108026853,610.6340900814336692,934.8811827125739455,-289.8072437425710177,1054.7698412785000528,139.5286076000357980,201.0968672706169968,0.8204799032432433,0.6471000199062219,,,,,,1.6070928357488836,11.2836512922123600,134.5726705833754977,35.5928075013670977,859.1081237829308748,10.1261239733971706,858.8911753046802460,106.1458621525416390,106.1458621525416390,89.2578049739771870,-2.5347459259999598,115.1511552866950012,-3.7066303564776693,3.6883356385431165,8.6059725883410820,6.5396825396825342,-40.5916722582617027,6.9927650233909455,0.0117395656312524,12.0539065245995900,-30.5770616286400454,12.4711316397228664,8.9961357410575538,23.5378031383737465,10.4103143914795027,8.1841473775180695,7.5826064720207809,4.8205864659576436,25.9790597072145673,25.8516297618641921,18.2353837701340709,9.1704968354231262,4.4633634692456736,4.8528800862190025,-6.6983357353099677,-4.9097357601511238,5.5357891975742035,,,,,,,,,,,,,,,,
"2020Q2",17.9256100574874999,5.7630811350704496,19.5653437236566994,761.3528466632092204,632.8652813706563620,730.9310291576039162,645.8018712880092380,532.5321438306182245,590.1606060950979327,645.9995553755171613,484.6943810044811016,481.2436774895998610,500.3569456603154322,487.7013864298272097,5.2162565732449853,9.4243919361377770,683.9395341435947557,783.6791056903347226,-1.1124459497803940,34.6292103916099236,0.7046779691324399,-0.8810310000000000,456.8699831931310200,350.6922320909638415,-12.6628485445240813,-60.1734129612128754,30.9806592508757781,6.5102936073269477,25.8809287701676887,4.7875954691131950,18.2268324731661551,0.3556473630498076,0.1855551184667528,-0.6653615161808200,776.8157721349441545,747.0372494171658673,577.9047876111684445,641.6504412128590502,621.8020011457398368,673.1376235455024926,4.9628277147716799,16.3723506297798060,3.7283255116869687,2.2709078458636252,241.0131321345008075,1.9451132250264569,8.8253715743102656,12.4416914432383514,4.2773526041911687,5.7630811350704496,-15.4629301546198477,-16.1062272452030513,-45.3726478713347703,4.1514257003783674,-31.6413981288563306,-27.1380738177724083,-2.8931885804333044,-3.6880657085697117,761.3528417800370107,-13.1647790800917281,0.2823266546354447,4.4300647238210722,17.9256061073121664,12.4416914432383514,1.2065640322211832,4.2773526041911687,30.9806592508757781,25.8809287701676887,0.3556473630498076,4.7440846020755973,6.5102936073269477,0.1855551184667528,4.7875954691131950,1.5371429450734473,19.5653436396982663,18.2268324731661551,-0.6653615161808200,2.0038731195108066,5.7630811350704496,-16.1062272452030513,-13.5613124674456706,730.9310237642541779,-34.6776503059720937,-6.9618275624136459,747.0372494171658673,6.2610750348123867,5.8128085354815884,-45.3726478713347703,-32.4165017324383626,532.5321394782675952,-232.2996965586222586,-51.2071242928048349,577.9047876111684445,5.3088835593624930,4.7069363293978901,4.1514257003783674,645.8018652663669172,20.3188198706663776,-10.4630881292979332,641.6504412128590502,11.8817880905857507,5.7297207032724353,-31.6413981288563306,-21.3051805169118893,3.6880639539833320,590.1606009949049394,-145.8185387293039241,-28.6230738206224977,621.8020011457398368,11.3469427423204152,10.7748038262508992,-27.1380738177724083,645.9995498326487677,-136.5164756806206583,-21.1941278304137093,673.1376235455024926,6.7575103835840524,8.0143872335122275,-15.4629301546198477,-14.7856527325103801,761.3528417800370107,-47.4924984170490774,-13.1647790800917281,776.8157721349441545,8.3243340014958065,5.9213999236481554,-2.8931885804333044,-1.1572754552520377,632.8652813881570864,2.2703853034963188,-1.1856926325860906,635.7584700206614343,4.3605933016479970,4.3113271938569877,484.6943801791127271,5.4532921103117147,0.5561863425765567,8.3131865364316084,481.2436768519993393,9.2934304620522248,0.0892013498618711,6.6244610295853805,500.3569455686328524,-13.5979543283424817,2.2078295747035241,15.6657154312898523,487.7013854631672416,5.8886372063743027,2.0548508562393333,10.5138471290896405,-13.1079553644594142,-3.4507034188038768,3.8401380720182736,-1.6887272753613076,0.2074268076759904,-3.6581314412378436,-0.3073059737002981,-0.3290597472287996,0.1053596114562678,15.6625653678170451,-19.0512401430244864,7.3525202117376383,-0.7097809235608867,16.3723506297798060,1.5035023472420213,1.6095349394029537,-22.0822663792743867,3.0070051378543425,0.4353471925778792,2.2006584349420248,-0.7213167299598109,3.7283255116869687,0.0143761059643882,0.0162457729761494,-174.0204359426547285,5.2162560245997192,6.9264297444257066,5.1270542158622918,2.8561462906062967,4.0825772206386519,5.0069687123638964,2.2709078458636252,9.4243919912310687,0.9243920055431619,4.9628277147716799,-6.5452179191136208,4.6337682069620421,6.5723634485604281,4.9790736765448145,5.0069684385389053,5.0069686726655238,683.9395342935641793,2.2627576906494085,4.2744368743881411,685.4587581855586222,8.8253715743102656,1.9451132250264569,237.3250667965931768,-7.9177240426472935,-3.7189647105230059,7.4678792787309352,241.0131321345008075,1.2703427312412836,1.3353469094384272,1.2068255581875982,-3.6880657085697117,783.6791022401977216,298.9847222337227777,9.9282414249987330,7.9377510254992281,-2.2055059619442128,-1.1124459391660964,34.6292092279056973,-0.8870542730931679,-1.3689393321359786,-0.3135913473040939,0.7046779645291169,-0.8810309946885095,456.8699805040559454,-19.5097778936308970,-3.6058072749028565,422.2407712078727400,-18.6227232590942577,-2.2368667304188419,-12.6628503847577871,434.9036216810498559,5.3757106784857474,4.6160268561459841,350.6922280807744414,-169.9103556833099162,-71.7403009315090117,316.0630189702250732,-169.0232934591783760,-70.3713670745649296,-60.1734151906378329,376.2364335507088526,5.4241737236212595,4.1886579554289307,0.2823266546354447,1.3655146228275843,0.2137192580848932,0.0000000000000000,4.1221125125885010,-0.0848526684567332,0.0000000000000000,1.5371429398655891,0.0247525975282770,0.0000000000000000,2.0038731247186661,-9.1394447088241577,-51.5630472898483276,-35.5425357818603516,-11.2640867829322815,-0.8100880658077809,-1.9449340058490634,8.8858837187290192,-23.4835326671600342,6.1986348628997803,-0.0000001594703134,1.7213869886472821,-0.6041279025375843,-1.4880440067499876,-0.2186513614142314,17.5677069984376431,-0.0172235987265594,0.2823266540654004,0.3537713713012636,0.7029770882800221,-0.8612779043614864,0.0221539144404233,-0.1459262752905488,-0.0020499936072156,0.0264632123435149,0.0009928893705364,-0.5273493566469347,-1.4127339187543839,0.3532884120941162,-0.8031998413498513,-8.5316402912139893,-48.0834884643554688,-0.0711758856195956,0.9685923070646822,1.3532588873058558,1.0000000000000000,,,,,,,,,,,,,,,,,,,,,,,,,,,,,,,,,,,,,,,,,,,,,,,,,,,,,,,,,,,,,,,,,,,,,,,,,,,,,,,,,,,,,,,,,,,,,,,,,,,,,,,,,,,,,,,,,,,,,,,,,,,,,,,,,,,,,,,,,,,,,,,,,,,,,,,,,,,,,,,,,,,,,0.6888296123990614,-0.1624713304096304,1644.0000000000000000,212.9979270269449785,333.0000000000000000,684.0000000000000000,2172.0000000000000000,-16.1602209944751394,666.0020729730549647,286.0020729730550215,442.1141883211479922,19.5653437236566994,832.7110432922854670,36.6308841982918025,2532.0665257285900225,15.3815531824566278,4.3403273454776361,615.5549368564057886,1077.1574509011500140,-384.6776686049830118,1142.1483544580200942,63.7775291192140230,184.1980921295850067,0.8972797605432781,0.7456376604344153,,,,,,,,250.5849288209132339,0.1000000000000000,863.6577828822642005,18.1986363973333027,860.9584033769480129,452.4938320766310653,452.4938320766310653,143.6934856268111673,-34.2303869010000028,-109.7852019986089971,-37.8068226776912013,-12.4891587163920228,-29.3036563857484111,-7.2380952380952435,-90.2020477555938243,-37.2811667273661413,22.5303156614435025,-11.3693099590118525,-76.7341863598940250,-24.2038216560509483,-74.4661340935301439,-18.2529335071707983,5.6047310116317473,8.7478460028138407,8.9460609990232633,6.9393829517979455,-12.7139497655428979,16.9974556779066468,6.0654722119064530,11.1227692716640227,3.3219033226907335,4.3671082973457453,-2.8218018682393931,-5.3331856529930448,5.3546999232351178,,,,,,,,,,,,,,,,
"2020Q3",17.2675747243347999,5.6512279335566404,19.7720223289751011,771.4451752960617341,635.6609910800126499,741.0205956860097558,660.5879348317215545,471.5026874537680328,638.9263914434900471,675.6816297122662718,486.3925974370974359,482.6651875191363388,505.2404912266892438,485.1398106445795975,5.1386790016697930,10.1048133027057467,685.6603131825829678,789.1689094794692210,-2.1329020517966342,35.8509059205538776,0.3101518648046056,-1.0000000000000000,459.2621952022875007,376.9812619058848782,-12.9404118156928689,-36.7066811907336046,32.2010344094900915,4.8385641410153042,25.7416367005320552,4.7351034843673743,18.2753856729898168,0.1630752848938043,0.0850827304817577,-0.2273270803309801,778.5354058190230262,748.6201839341908908,579.2890760732487934,642.8343362457911780,624.6220603154425817,674.7362686818756856,5.0454940687069563,16.6494954776572079,3.7276685332675052,2.2326266602376554,241.3415022521519973,1.9848187491211244,6.7290626362023129,12.2013543421575132,4.5907355071766309,5.6512279335566404,-7.0902283078988901,-7.5995822104897126,-107.7863816554081922,17.7535987583587023,14.3043323008417236,0.9453721982239225,-1.2080097056923553,-2.4954702495482421,771.4451778253470593,-3.8352647818580881,0.0221227672571148,4.3503997243931281,17.2675750910608379,12.2013543421575132,0.4754851103742529,4.5907355071766309,32.2010344094900915,25.7416367005320552,0.1630752848938043,6.2963204102123109,4.8385641410153042,0.0850827304817577,4.7351034843673743,0.0183772158009429,19.7720214904950673,18.2753856729898168,-0.2273270803309801,1.7239627230780696,5.6512279335566404,-7.5995822104897126,-5.8838250619310308,741.0206019790624623,40.3583119827607533,1.7929564743365400,748.6201839341908908,6.3317474670621756,6.0309545945791907,-107.7863816554081922,-70.7824296338585270,471.5026929005907164,-244.1178008401118689,-129.4967668658493949,579.2890760732487934,5.5371511673153657,5.0316543132945926,17.7535987583587023,660.5879398399329148,59.1443023504442777,25.3674328870561538,642.8343362457911780,4.7355894050513392,6.6602186664574781,14.3043323008417236,8.4848894220895286,2.4954673189574477,638.9263929997431433,195.0631596002997412,5.8295105207903504,624.6220603154425817,11.2802384903852495,10.9820922798640002,0.9453721982239225,675.6816399480211430,118.7283336216183898,0.4376198323091121,674.7362686818756856,6.3945820537859239,7.3251204884622316,-7.0902283078988901,-6.1924933933078758,771.4451778253470593,40.3693266087854141,-3.8352647818580881,778.5354058190230262,6.8785245789995182,6.6325604981040192,-1.2080097056923553,-0.4832039187497150,635.6609910932140792,11.1828387877194597,1.5719590022429522,636.8690008562550702,4.4421234545868957,4.3471961786570050,486.3925971808894246,6.7928658112451732,4.6849891912600139,8.5898214150510501,482.6651864493969128,5.6860264121209045,2.9361237742081325,7.1873266805835332,505.2404902650559393,19.5341863192064729,14.8711596920001270,16.8412071825212983,485.1398114625196740,-10.2462977120188565,0.9644348438550845,5.4133125930031074,-6.1712740719102070,-3.7274106335060742,-1.1068310404750561,-1.4024935711786874,-0.0129218153296200,-3.7144913038801541,-0.2254386397732399,-0.3002248110006315,10.4564240262395138,18.8478932511602437,12.7413224757271557,8.2513847413025214,2.1984016710092886,16.6494954776572079,1.1085795091730506,1.4698000655555947,10.6801930200167678,-1.2527855973722404,-17.0391600051572638,-3.1765112197701337,-4.9804528756161632,3.7276685332675052,-0.0026298302884424,0.0117817239606614,104.5461472068080582,5.1386822810462469,7.0526824603859088,2.2025606828561317,-0.0300666217616650,0.1879825114500759,1.7927945896922619,2.2326266602376554,10.1048132075521000,1.6048132722747619,5.0454940687069563,-1.4861964622155730,4.7452695023326568,6.5152941763859227,5.0572760869165512,1.7927943011462428,1.7927941032707633,685.6603130924135030,6.8831170891991018,4.7595585335104111,686.2265678819281902,6.7290626362023129,1.9848187491211244,238.8460326979676438,6.0838741717891125,-2.1347504141527089,7.0007159192038024,241.3415022521519973,1.3134820124634174,1.3135280563324920,1.2478079255017620,-2.4954702495482421,789.1689118859412702,302.7763156138095724,15.1663572385837266,10.3336964379225300,-2.1475607387623601,-2.1329020925538829,35.8509059909946970,4.8867892018913741,0.2930197667596792,4.3054838617036868,0.3101518647533109,-0.9999999997092116,459.2621957101973180,9.5688562038200029,0.5665108176410971,423.4112895273069057,4.6820658968700215,0.2734908226696273,-12.9404114176465512,436.3517010174127790,5.7923165917554247,5.1092605888869622,376.9812596276208865,105.1561180091817391,-35.7341939022550221,341.1303528905756934,100.2693136563486291,-36.0272097552047299,-36.7066813171313981,377.8370351430674532,6.4024098140070915,5.0226992912291912,0.0221227672571148,0.2696873660214152,-0.1452443990856409,0.0000000000000000,2.9754610061645508,-0.1131111580762081,0.0000000000000000,0.0183771550655365,0.0208221085194964,0.0000000000000000,1.7239627838134766,4.0317492485046387,-77.3493988513946533,36.0102044939994812,13.7494396567344666,6.0933172726328655,-0.0507343704812229,0.7473601475358009,14.9990160465240479,-13.1440316438674927,0.0000005452999585,0.4127829298377037,0.7728604264557362,0.0597460591234267,0.0087790220859461,-4.2513753995299339,0.0394216915010475,0.0221227710135281,0.1321082646027207,0.1390397651121020,-0.3866559690795839,0.0910475775017403,-0.4425991689786315,-0.0155677901348099,0.1066564561624546,0.0342168111164938,-0.4927644171568171,-1.0872028646990657,5.2003788948059082,-0.4583053757087328,-5.0894448757171631,7.2199063301086426,-0.2070721074996982,0.9541775593534112,1.5206514894962311,2.0000000000000000,,,,,,,,,,,,,,,,,,,,,,,,,,,,,,,,,,,,,,,,,,,,,,,,,,,,,,,,,,,,,,,,,,,,,,,,,,,,,,,,,,,,,,,,,,,,,,,,,,,,,,,,,,,,,,,,,,,,,,,,,,,,,,,,,,,,,,,,,,,,,,,,,,,,,,,,,,,,,,,,,,,,,2.8721900808290144,2.6148722904902684,1896.0000000000000000,128.7949162707139976,615.0000000000000000,1010.0000000000000000,2449.0000000000000000,-16.1290322580645160,820.2050837292860024,438.2050837292860024,465.5573384634429885,19.7720223289751011,871.6034197243490098,37.4523137159208019,2674.9583651917801035,21.9592151565379936,7.0947730409637231,623.5738582121914533,1294.7637756918800278,-572.1176653221669994,1361.5799652075399990,197.3414305118926677,23.4430017835341999,1.1099750641894650,0.6638567703900745,,,,,,,,104.1198258071570990,0.1000000000000000,865.4889707296645156,7.3247513896012606,862.9248899316080497,268.8226920352413458,268.8226920352413458,131.7387408015014785,165.4223305820000007,-206.9338256130859861,49.7344409307696864,-3.7037037037037090,49.7178985580172252,1.3133208255159401,-91.2941785775211514,-72.6327121075508018,80.6592621887563155,30.9209882780505865,603.3126993283258344,5.6951423785594590,227.8162242555128500,-0.2249718785151900,7.0288948456556533,8.9747989316296017,7.0643439920384354,7.4966608270234047,21.5726478325941393,18.2858146240187480,-9.7388482588653620,5.2524897984568275,7.2362269220574982,4.8746446091124218,5.0112787623411981,-3.4800715374155966,5.2729999999999944,,,,,,,,,,,,,,,,
"2020Q4",12.3147005504976992,4.9382265173233701,19.5082935209419013,773.2256070117504123,636.6811876143764266,741.7319392713778825,657.7740238650966376,557.9032770763842564,600.4148373151733722,661.1880685032220981,485.8759021453506648,481.5878423605811349,506.1607466932280204,487.6960194539407212,5.1123591736483185,10.1025085420101757,687.5288358764931900,792.7422055485058081,-2.7483181847108398,37.7000906996863634,0.2509847695556216,-1.2000000000000000,467.9866196681538213,381.2341688106799893,-7.5939105786084156,-36.1298374027978753,31.0065057718506516,0.8164909837190824,26.0444368323633455,4.6847380353017858,18.3160413420650627,0.1780355624119948,0.0928881134654425,-0.3472086051626470,780.9662856940352640,750.2764134607673441,580.8180531604974703,646.4298321363780815,627.5427247254266376,676.1649837923761197,5.1210481126021508,16.8342572509434625,3.7237395417250561,2.0794061321867563,241.6736622072922103,2.0171977241906713,4.0659407457028802,12.4131349775337831,-0.7165634287631057,4.9382265173233701,-7.7406778028507945,-8.5444742600425609,-22.9147772416121960,11.3441992724926859,-27.1278905096676546,-14.9769124989961835,-1.3192994312321331,1.9674221060460608,773.2256076150647459,-0.9446276947231133,0.2481357256378503,-0.5047865554239701,12.3147024163109720,12.4131349775337831,0.6181322327251674,-0.7165634287631057,31.0065057718506516,26.0444368323633455,0.1780355624119948,4.7840324107530021,0.8164909837190824,0.0928881134654425,4.6847380353017858,-3.9611354338877609,19.5082935314702439,18.3160413420650627,-0.3472086051626470,1.5394608545058179,4.9382265173233701,-8.5444742600425609,-6.8981459626051587,741.7319394287457044,2.8453676098455887,4.1954049417894517,750.2764134607673441,6.6248991210628088,6.2826280546386686,-22.9147772416121960,-16.0695669258342733,557.9032759429874204,345.6023427409953683,-45.7221865590357481,580.8180531604974703,6.1158986867100973,5.4493028606760898,11.3441992724926859,657.7740301413595034,-11.2556145670617376,17.0548104303876507,646.4298321363780815,14.3819818493989899,9.2911912322817010,-27.1278905096676546,-17.4941644116318855,-1.9674228960306386,600.4148338418585809,-154.0462357093497872,-35.3242178809367360,627.5427247254266376,11.6826551344029728,11.2833433488357269,-14.9769124989961835,661.1880712826723538,-57.9742729999049686,-16.7870378507269109,676.1649837923761197,5.7148502451783472,6.6265231031230574,-7.7406778028507945,-7.1073063078121148,773.2256076150647459,7.1217354385432916,-0.9446276947231133,780.9662856940352640,9.7235039038698829,7.7960538439795952,-1.3192994312321331,-0.5277197711534091,636.6811875991533043,4.0807860583505473,2.8700122735461870,638.0004870330423046,4.5259446814696433,4.4076432759367972,485.8759021060982946,-2.0667805847163612,-1.0758839502514479,5.0206764989482116,481.5878426038379416,-4.3093782510657368,-3.3277165666061825,4.3226689111922170,506.1607473802824302,3.6810309714258738,6.9278856934585757,8.1779523220755035,487.6960195565637264,10.2248362789738874,6.0587299475620782,5.6544741831354379,-5.7990569964019372,-4.2880595270364505,-2.2425973793064746,-0.6980083269809652,-0.5363021195440691,-3.7517579511039805,-0.1490655357211614,-0.2529225741541171,13.5421927720917399,20.2848452326800270,5.7478123782615471,3.1572727541726593,3.4505889762631190,16.8342572509434625,0.7390412848108874,1.2409466144296850,35.8162995254462260,1.8201173783273334,12.2916163793268147,0.6337943663694063,-1.9036214001501963,3.7237395417250561,-0.0157172651633016,0.0035720709320042,15.9829424739376655,5.1123584613738124,7.0513888770649018,8.4400752940595289,6.3606692895994312,3.0363959227952222,4.6389051123252507,2.0794061321867563,10.1025085431322328,1.6025086077141737,5.1210481126021508,-4.3555892517567854,4.8681257678106471,6.3619944532943835,5.1246203110945476,4.6389046653990089,4.6389051002201436,687.5288358874215646,7.4740920939959690,5.2751947798081691,687.8637201748341568,4.0659407457028802,2.0171977241906713,243.6410842027398189,19.1802127564471974,3.2902676245533407,11.6723273550801387,241.6736622072922103,1.3286404603561284,1.3054523977175680,1.2622084394694910,1.9674221060460608,792.7422062301278629,306.8663049190130891,16.3599631453781491,12.5790547521345779,-2.1052011142187301,-2.7483181877258325,37.7000908302326962,7.3967416797066079,2.3377436986912725,6.3134456520325672,0.2509847683209796,-1.2000000015134378,467.9866191014864967,34.8976980969899699,7.2435460915840197,430.2865282757491059,27.5009568437155778,4.9058029420349909,-7.5939118112093755,437.8804400604278726,6.1149560523583002,5.5449461013667039,381.2341742138637528,17.0116741059840990,-32.3398492068657788,343.5340830651930446,9.6149394987331078,-34.6775886788931160,-36.1298336304685606,379.6639165976723120,7.3075308236052017,5.9143373579494023,0.2481357256378503,-0.3873874494549501,0.2898829150944948,0.0000000000000000,0.3766062259674072,-0.1136104392935522,0.0000000000000000,-3.9611354321241379,0.0134092747175600,0.0000000000000000,1.5394608452916145,-1.5422334074974060,49.2341189384460449,-35.9946949481964111,-6.8172323219478130,-0.2512948166247881,-0.8360955382231623,-4.7215328663587570,-11.5655087232589722,9.3556828349828720,-0.0000003091770447,0.8007643343880773,0.1581766167655587,0.7568624257110059,0.1112124403007329,3.2662891149520874,0.0296306287636980,0.2481357259675860,0.4940016721375287,0.6048248372972012,-0.7216059388592839,0.0922016946715303,-0.4567064449656755,-0.0133507224381901,0.0808325746329501,0.0308608066989109,-0.4741673142388132,-0.7433902611956000,3.0912579596042633,-0.1426726513309404,0.4291435480117798,-9.3339529037475586,-0.2999999988824129,0.9018708505900577,1.5453603090718389,3.0000000000000000,,,,,,,,,,,,,,,,,,,,,,,,,,,,,,,,,,,,,,,,,,,,,,,,,,,,,,,,,,,,,,,,,,,,,,,,,,,,,,,,,,,,,,,,,,,,,,,,,,,,,,,,,,,,,,,,,,,,,,,,,,,,,,,,,,,,,,,,,,,,,,,,,,,,,,,,,,,,,,,,,,,,,5.0555505492591237,5.3922159113902808,1938.0000000000000000,273.7077521854399720,446.0000000000000000,842.0000000000000000,2568.0000000000000000,-15.4205607476635507,752.2922478145600280,340.2922478145600280,506.0420580676520217,19.5082935209419013,851.7611270420567280,31.7728341421407983,2772.2708242547300870,14.2931842761463486,1.8232721344478406,625.3071079711982065,1297.8286150119599824,-597.8116309142679938,1401.6530006238599526,19.3967186050474538,4.9746414588619503,0.9299294016355141,0.6251985532148556,200.3993493236399956,35.9219762376362937,236.3213255612762680,,,,,21.5178018624927603,0.1000000000000000,865.8632657403213670,1.4971800426274058,864.8032991695804412,202.4412254726618983,202.4412254726618983,137.7360791170076197,89.9384679159999934,-20.6875367822057008,7.3814506729253715,-0.6396588486140775,2.8862418071617713,4.8507462686567138,3069.0710218944045664,-37.8462680149399091,-10.6453084909630569,18.3796005235160393,-78.5717955151192911,-29.2642140468227439,-43.9957412121626987,-15.0166852057842082,-2.0455696283926961,5.0521248105717564,-5.3387835155230494,4.3572445606513188,3.7496104753850457,8.2396984168828133,10.7658527196485387,5.7185371102395077,6.6861502195535216,5.4168116046602321,16.6646299005549707,2.7206418101188401,5.2452959734329507,,,,,,,,,,,,,,,,
"2021Q1",14.5308403039399998,6.2695109095167698,17.5526785406196986,776.9180514401269875,639.2697537772013447,745.5611103096845227,657.3191979216562686,515.6648957978590033,606.9410894078546335,664.3471869649187056,485.3936541178584889,481.9715339496529509,501.4853902712622471,487.0719041610102522,5.0513892275082810,9.6381963411581193,688.4637696247451686,796.4193530071487430,-2.3215491693836157,39.7934131973334786,0.2160331469340733,-1.2562110000000000,478.2361216576708216,411.1624860793267544,-1.0155477805365649,-10.3067704274395169,29.9282125425166754,2.1553065219160654,26.1227209316233733,4.6660136660948179,18.3533000271981592,0.1415766570019364,0.0738660784798966,-0.2787080553062140,783.0735554252715929,751.9021284956330646,582.3472237452136824,648.8381941551581349,630.3432172964035090,677.5981468829226060,5.1831880213686494,16.9477773103733789,3.7167568730717750,2.0759298649183311,242.0111461362580485,2.0497074641689927,1.8619601092082161,12.4354353693458783,1.6012512535008103,6.2695109095167698,-6.1555082331347952,-6.3410149432258489,-66.6823295043258781,8.4809920400088235,-23.4021298221623901,-13.2509631112540909,0.1142124141186512,4.2745037452669683,776.9180476130176203,3.6920759802044794,-0.1523973514735094,1.6235526465511683,14.5308358749478117,12.4354353693458783,0.4941506992670401,1.6012512535008103,29.9282125425166754,26.1227209316233733,0.1415766570019364,3.6639134796353785,2.1553065219160654,0.0738660784798966,4.6660136660948179,-2.5845734289944753,17.5526799065619556,18.3533000271981592,-0.2787080553062140,-0.5219121911465550,6.2695109095167698,-6.3410149432258489,-5.6791424943648341,745.5611135960930369,15.3166983786488604,5.9606767387556214,751.9021284956330646,6.5028601999831563,6.4301477766856063,-66.6823295043258781,-44.7710584828277405,515.6648936320057146,-168.9535266095311954,-74.9421695210440078,582.3472237452136824,6.1166862581299215,5.7696566352416889,8.4809920400088235,657.3191856346722943,-1.8193318280723947,16.5970333250730420,648.8381941551581349,9.6334463189391908,10.1581976225931854,-23.4021298221623901,-14.6783073893468927,-4.2745058393143811,606.9410880654073708,26.1050170467114562,-19.6741479296348949,630.3432172964035090,11.2019690354672949,11.3779526752324980,-13.2509631112540909,664.3471832538758690,12.6364442931646757,-15.7814872917809339,677.5981468829226060,5.7326492124708981,6.1498990974396497,-6.1555082331347952,-8.4634005216254025,776.9180476130176203,14.7697635544352934,3.6920759802044794,783.0735554252715929,8.4290791127265390,8.3388634355837539,0.1142124141186512,0.0456849819110227,639.2697537746432772,10.3542646507364164,6.9720687243364434,639.1555413661039893,4.6202173240723985,4.4872196471013694,485.3936541848892148,-1.9289899294256512,-0.0805510032480268,2.0625968652334077,481.9715332030652348,1.5347620246719649,0.0855388201149201,3.0512143192633605,501.4853902442944218,-18.7014272560467845,-2.6099165480369280,-2.2710411192856927,487.0719044638238984,-2.4964595314667286,3.9166754494754672,0.8426783796457848,-4.0695043469590377,-3.4221206667503790,3.4637550129330230,0.9886176660290451,0.3521367305701633,-3.7742578863135900,-0.0899988438014319,-0.1929525524272381,10.7630994092829582,16.0917363247647920,-16.7724338202155323,-4.3336406097205771,-0.8560429997443677,16.9477773103733789,0.4540732697222974,0.9513010604620384,37.6206209816141026,1.6782505071985157,-0.5674683790638309,-1.2199194523680346,-2.0385061253902226,3.7167568730717750,-0.0279315953163934,-0.0079733016360359,114.1174361917843498,5.0513897966660117,7.1691190977112944,4.9658513461057119,2.8899206350074262,1.2747367855346212,2.4129328385652760,2.0759298649183311,9.6381962834159083,1.1381963091737126,5.1831880213686494,-3.2954294538168996,4.9902354808093001,6.1344890107089034,5.1752148148623816,2.4129325049536203,2.4129325682471237,688.4637693984462885,3.7397351287743423,5.0899245739844252,689.5474802744490717,1.8619601092082161,2.0497074641689927,246.2856494724129846,10.5782660528643415,6.9811522263962535,7.9394451702431565,242.0111461362580485,1.3499299038113501,1.3156000741805729,1.2824334081614446,4.2745037452669683,796.4193533392491418,311.0257000627810271,16.6375770786656005,14.5230338002584780,-2.0528975216777234,-2.3215491682122820,39.7934132120261168,8.3732940994527603,4.9424416497366526,7.0946878154005617,0.2160331407683266,-1.2562109977518479,478.2361209494671357,40.9980065698193243,16.4886974393354251,438.4427075256707553,32.6247123234769205,11.5462556068303890,-1.0155486170964549,439.4582561755320853,6.3112628191509001,5.8985620520040261,411.1624849561150654,119.7132605599065869,17.9926618291149829,371.3690713455263790,111.3399609462890538,13.0502258013337737,-10.3067714382362663,381.6758428680580550,8.0477058063165234,6.7954511840950484,-0.1523973514735094,1.3003976508550847,0.0805058237165213,0.0000000000000000,0.3150913715362549,-0.0844874550821260,0.0000000000000000,-2.5845733955502510,0.0104191254067700,0.0000000000000000,-0.5219122320413589,0.5229332447052002,-50.5588628053665161,-5.9274361729621887,1.7811050564050674,5.7851681131910775,0.6419321815483272,3.7069594413042068,-22.5917880535125732,-10.0485252439975739,0.0000003414523038,0.4727720394730568,-0.3040614537894726,0.2980960037093610,0.0438018689164892,0.4564676024019718,0.0438105513167102,-0.1523973527364433,-0.0550208697095513,-0.2581565720029175,-0.0580618837848306,0.0863430136814713,-0.4090901557356119,-0.0137859773822129,0.0877214600041043,0.0342295149966958,-0.4469516537972318,0.2618699525482953,2.0598475933074951,-0.1214155172347091,3.6926766633987427,16.0680093765258789,-0.1762109827250242,0.8078022686531767,1.4709317684173584,4.0000000000000000,,,,,,,,,,,,,,,,,,,,,,,,,,,,,,,,,,,,,,,,,,,,,,,,,,,,,,,,,,,,,,,,,,,,,,,,,,,,,,,,,,,,,,,,,,,,,,,,,,,,,,,,,,,,,,,,,,,,,,,,,,,,,,,,,,,,,,,,,,,,,,,,,,,,,,,,,,,,,,,,,,,,,11.4604992153864487,14.4154470515030368,2037.0000000000000000,156.9790558298599876,421.0000000000000000,803.0000000000000000,2585.0000000000000000,-14.7775628626692459,773.0209441701399555,350.0209441701400124,445.9347160215149870,17.5526785406196986,806.5782326268820270,32.4168123663231000,2876.1087471549799375,14.7085898345717396,1.4146795991113663,629.4152546887985409,1266.7219422275500165,-626.4248079789749681,1355.8435140483900341,-40.8832623510027133,39.3573707550905993,1.2586788261895434,0.6105543487102812,,,,,,1.2267428662463695,14.1084799256571429,-86.1596131653653003,0.4000000000000000,864.3560475446745386,-6.0288727825873138,866.6078978422840464,138.0586899154586149,138.0586899154586149,157.7753769973128044,-8.7008567005000401,102.0450714979509996,15.9162518002345710,3.5126722987994574,16.5519419767760283,6.3766388557806808,-81.5394700838361501,-53.6797357333405074,-1.8028543487124016,18.0009098067817277,29.8292687116286999,-18.6858316221765968,13.4695960081519406,-15.3579676674364904,-1.9105061124723655,2.1154014029299173,2.2103655462477612,3.0335903234986139,-17.0568088808979539,-1.9164441418803024,-2.4655572817989246,1.2400723280947101,3.5747099825956363,5.2216869034786839,15.3783196672012679,8.2626746478860156,5.1811475307856680,,,,,,,,,,,,,,,,
"2021Q2",12.0520160756696004,4.8304970926333004,21.2048690693414983,780.1427416722555108,640.1374172095605672,741.2037139379092423,661.1264669472208197,597.4844622141577020,621.9424014373890941,669.2157322073448995,485.3354816148869872,482.2412572073919250,500.1412072371940667,486.2560839499247436,5.0593754076164243,9.7854986261432302,689.2158801104123995,800.2368450332390921,-1.9267162502024604,42.0931045136343300,0.1857939627424422,-1.3736130000000000,487.4396260171988047,423.4224859911833505,4.2976969729743359,-2.4796315727481328,30.0796835071917492,3.1772019459656047,26.2610453148269940,4.6750819092652502,18.3907372078152527,0.1144930522282436,0.0597355010099162,-0.3060103741931733,785.1207005453488819,753.4737412096095568,583.8604769128684211,651.4173563737941777,632.9693202443221480,679.0842150534205075,5.2402487633001691,17.0062961567483590,3.7074899116491964,2.0094027451762257,242.3535127471556621,2.0820226799132411,-0.8727907215972897,12.5453907179429436,-0.9736138012712221,4.8304970926333004,-4.9779592825205246,-12.2700276089574878,13.6239848543250339,9.7091091343063898,-11.0269199937794866,-9.8684840843244555,-0.1970343090204208,6.7142146757810384,780.1427411612091873,18.7898985320987038,-0.2528761717081587,-0.8636583871983246,12.0520150935002448,12.5453907179429436,0.4802389331365318,-0.9736138012712221,30.0796835071917492,26.2610453148269940,0.1144930522282436,3.7041446268516420,3.1772019459656047,0.0597355010099162,4.6750819092652502,-1.5576156508328289,21.2048690613032100,18.3907372078152527,-0.3060103741931733,3.1201421450974309,4.8304970926333004,-12.2700276089574878,-8.4780659280184878,741.2037137793332704,-17.4295989253611161,10.2726883555992892,753.4737412096095568,6.2864444781793187,6.4364899606049164,13.6239848543250339,8.4840415381431136,597.4844614894964252,327.2782675435504984,64.9523180136575746,583.8604769128684211,6.0530158008360866,5.9556878169296450,9.7091091343063898,661.1264645586080633,15.2290884529395427,15.3245943932558628,651.4173563737941777,10.3166458343668115,9.7669134277206435,-11.0269199937794866,-6.2029061887385559,-6.7142151592214203,621.9424002570577841,60.0052498650478086,31.7818020448418181,632.9693202443221480,10.5044089489401404,11.1673183296246936,-9.8684840843244555,669.2157312464607912,19.4741884119920634,23.2161794333044007,679.0842150534205075,5.9442684930673257,5.9465890922525926,-4.9779592825205246,-4.0593353963216359,780.1427411612091873,12.8987803610838547,18.7898985320987038,785.1207005453488819,8.1885791837231885,8.3049208085373376,-0.1970343090204208,-0.0788137208045260,640.1374172099456246,3.4706537188848454,7.2721358227977593,640.3344515127986369,4.7156406147151042,4.5759814999264901,485.3354814836587252,-0.2326914020831449,2.5729183756657905,0.6410995219543250,482.2412574446374265,1.0788939739674328,2.2007422475100555,0.9975789849355219,500.1412073399226870,-5.3767282637683183,3.3237153604742771,-0.2157358245051959,486.2560839908180697,-3.2632798023022147,5.0865728945615993,-1.4453005069775784,-2.6395236875317996,-3.0942240541843091,1.3115849600052634,0.3564791927902514,0.6911361445575818,-3.7853606403867395,-0.0444108753578666,-0.1272285408542372,10.8377439381874403,14.8057258295864749,-5.1440372240775369,-0.8568377744395536,-2.2005696781104431,17.0062961567483590,0.2340767554892235,0.6339414464181505,32.3692117598522060,0.9206024703484653,-3.0305874143168747,-2.0864024468335227,-2.7868870435331701,3.7074899116491964,-0.0370707221098774,-0.0208369374592364,42.1536462257077886,5.0593752686754474,7.2052406343117950,2.8586328097814451,0.8492295977260245,-0.8212687403393104,0.4642299361194764,2.0094027451762257,9.7854986409618387,1.2854986628041423,5.2402487633001691,-0.4983239301317375,5.1130202084678107,5.8741901699316070,5.2194118274799592,0.4642298486238758,0.4642297958607988,689.2158801510245212,3.0084443421274187,5.2763476493444035,690.4006248586981656,-0.8727907215972897,2.0820226799132411,249.0677272847352981,11.1283172082083084,11.7426609643660846,4.6026519761087741,242.3535127471556621,1.3694663762400670,1.3403797415771290,1.3009930657716555,6.7142146757810384,800.2368447002659195,314.9013633869815862,15.5026486372442598,15.9166370525721916,-1.9994348944251714,-1.9267162579468899,42.0931045938168609,9.1987660060456857,7.4638959946886692,7.7550653348171386,0.1857939629629988,-1.3736129996676671,487.4396261899533442,36.8140199606155250,30.5696456780520620,445.3465216103633111,27.6152541364184252,23.1057495068449228,4.2976969941397920,441.0488246138637010,6.3622736499556520,6.1452026427357005,423.4224880764409704,49.0400134985658269,72.7302562708540705,381.3293835511744874,39.8412476791015706,65.2663608335483758,-2.4796310157155044,383.8090145458432403,8.5326839998876451,7.5725841008992765,-0.2528761717081587,-0.8042583621250845,0.1444603735581040,0.0000000000000000,1.1394034028053284,-0.0576310529722832,0.0000000000000000,-1.5576156601309776,0.0109697208681609,0.0000000000000000,3.1201421450823545,-7.0199850797653198,58.1390610635280609,3.4196369647979736,-5.8419132418930531,-0.5498666206797238,-0.2427192839095369,-0.7261036187410355,-5.5821068286895752,-7.5039400979876518,-0.0000003183071589,0.1248432812280953,0.2611219519749284,0.6788761236239225,0.0997532267938368,-0.2912373812869191,0.0501999495390919,-0.2528761727735400,-0.1194394518388435,-0.4990645465441048,0.1366484442260116,0.0874778637953568,-0.3726153930183500,-0.0119323210092261,0.0870329672470689,0.0372859577182680,-0.4269464765462689,0.2555399589473382,2.1040778979659081,-0.1184506536228582,4.9273368716239929,5.0443134307861328,-0.2430230974568985,0.6821370042162016,1.2897474877536297,5.0000000000000000,,,,,,,,,,,,,,,,,,,,,,,,,,,,,,,,,,,,,,,,,,,,,,,,,,,,,,,,,,,,,,,,,,,,,,,,,,,,,,,,,,,,,,,,,,,,,,,,,,,,,,,,,,,,,,,,,,,,,,,,,,,,,,,,,,,,,,,,,,,,,,,,,,,,,,,,,,,,,,,,,,,,,10.8338445918990658,13.0442720869891673,1848.0000000000000000,426.5690896708600235,536.0000000000000000,927.0000000000000000,2664.0000000000000000,-14.6771771771771764,780.4309103291400334,316.4309103291399765,589.5689167343949748,21.2048690693414983,893.3047224460194684,32.2828656777893030,2988.0266055085398875,15.2699681043613964,-3.0274970087358852,628.2505887165715421,1245.1699449487100537,-570.4147084407089778,1353.9394034648200886,-10.3363932203947115,157.6173013148410007,1.1226785806571209,0.5848377047246748,,,,,,,,72.8326215422110010,0.4800000000000000,865.6316123435832424,5.1022591956348151,868.3536151802441054,72.0926537290081910,72.0926537290081910,150.7457050907910343,-116.1817565924999940,205.3999898949489875,13.7676027459139974,20.6144697720515460,-15.9951671499823043,10.5407255304585945,2538.4656727956075883,98.9020051113070053,16.4498778067878817,15.7849576930844560,82.2214429847116719,38.0952380952380949,21.4997245482134076,27.4322169059011181,-0.2324194985379169,0.6752734161168394,0.6524503100403534,1.0796831735813139,-5.2347420638086506,-0.3311124312375346,-3.2106103186800850,-1.5651469304895249,4.2090569045225568,5.4180259477258241,14.6219497519205497,12.8255195138808666,5.1895478220940205,,,,,,,,,,,,,,,,
"2021Q3",12.7736577867405998,5.4424413074039100,18.1495649357273017,780.9493462937249433,641.4177793569933783,743.1345885637388164,652.7679414979904777,605.0054802961398082,614.7989923973286750,670.0163513174259151,485.7469397838529517,482.7139555702297002,499.2416825264928661,489.0240394847351695,5.0609530810086785,10.0794523349066498,690.1322010481276266,804.9318303640973227,-1.5657228618535299,42.9590308869167430,0.1541145158828292,-1.4748570000000001,486.1400925848458314,429.3576209113994651,0.5658786472981205,0.4054145323066223,27.6967476884416897,3.2264740606791378,26.2052436408912115,4.6973335452523823,18.4172809144907816,0.1320743610872047,0.0689083558870791,-0.3207582445876795,786.6917122844459982,754.9496959981346436,585.2776371225382945,652.7737459676834533,635.3060543166157004,680.7046331502464227,5.2819183804268768,17.0299627758883148,3.6969104838604960,1.9504203006568916,242.6992844801825697,2.1113472207727928,-0.9094598913283624,12.4852959698606707,-0.2333801617464584,5.4424413074039100,-5.7423634652187321,-11.8151082878465949,19.7278438553815647,-0.0058038632334431,-20.5070614223728995,-10.6882832173477755,-0.1230664308470077,7.6779920893777609,780.9493489860750515,9.5041763508280521,-0.4299070330688905,-0.2934739335814935,12.7736574284921520,12.4852959698606707,0.5217408755269294,-0.2333801617464584,27.6967476884416897,26.2052436408912115,0.1320743610872047,1.3594307732001210,3.2264740606791378,0.0689083558870791,4.6973335452523823,-1.5397681458831394,18.1495650926242185,18.4172809144907816,-0.3207582445876795,0.0530427149475184,5.4424413074039100,-11.8151082878465949,-9.0193152041842009,743.1345877708720309,7.7234956441883860,2.1139898363032241,754.9496959981346436,5.9038185511893468,6.3295076742058338,19.7278438553815647,11.5326356434424628,605.0054809260410593,30.0840742436405151,133.5027932837488436,585.2776371225382945,5.6686398152891302,5.9885586181443458,-0.0058038632334431,652.7679400889282988,-33.4340868155798319,-7.8200004684380460,652.7737459676834533,5.4255553778221781,9.9394094283404506,-20.5070614223728995,-12.1921513568396289,-7.6779931531058754,614.7989926398194029,-28.5736344500700881,-24.1274001507233820,635.3060543166157004,9.3469393970051549,10.6839951826391459,-10.6882832173477755,670.0163497411898561,3.2024689796811003,-5.6652883477235223,680.7046331502464227,6.4816724329649036,5.9683611995952921,-5.7423634652187321,-6.2383986340952013,780.9493489860750515,3.2264328327863865,9.5041763508280521,786.6917122844459982,6.2840513930993405,8.1563064268445711,-0.1230664308470077,-0.0492265833672275,641.4177793562330407,5.1214485728165506,5.7567882580813139,641.5408457990375837,4.8255771566494365,4.6718449398055828,485.7469398396635256,1.6458333909476774,1.6042413065597154,-0.6456569021328136,482.7139555002051452,1.8907916842807948,0.6639361883108903,0.0487692113881610,499.2416817372666173,-3.5981031717547585,3.6946967746847181,-5.9988105763282018,489.0240390852985115,11.0718200482777203,7.5035164080246606,3.8842291641080253,-3.0582902884512606,-3.0329844056173356,0.2449583831561480,0.6944260693316485,0.7562710531241551,-3.7892560278823710,-0.0155807944081528,-0.0747643528363329,5.7459051479699070,13.4947418336258131,-5.2439359571726483,-5.3531493223021585,-3.5352209971488202,17.0299627758883148,0.0946638157511510,0.3804657941611427,-9.0711230847490523,3.2770991812770216,9.4259870318689511,4.5298858064760372,-0.4198114916470130,3.6969104838604960,-0.0423174376226389,-0.0307583423149251,17.2593408044809991,5.0609529727995870,7.2167578862175059,4.3970164470645710,2.4465965735575228,1.2748364836873967,2.8542890680071817,1.9504203006568916,10.0794523227822612,1.5794523305431361,5.2819183804268768,-2.7518842160698300,5.2071539452309548,5.6623840177789280,5.2511599967923868,2.8542889217514977,2.8542892080514695,690.1322010051623010,3.6652843788296190,4.4718890905630424,691.2507242115390227,-0.9094598913283624,2.1113472207727928,250.3772764832319524,5.2381985430949927,11.5312452885347092,2.1814048282355007,242.6992844801825697,1.3830842941889161,1.3577813410659010,1.3139301077094223,7.6779920893777609,804.9318306635454974,319.1848910284665521,17.1341074940606610,16.4085740154690924,-1.9467115454931385,-1.5657228645659365,42.9590309066350713,3.4637051499056541,7.1081258203628819,3.1670165669638703,0.1541145157970323,-1.4748570013999303,486.1400924500057386,-5.1981357413761620,26.8778978055618367,443.1810615068884545,-8.6618409378793420,19.7697722754528868,0.5658787593541815,442.6151827696870100,6.2654323372774430,6.2634814827698992,429.3576172683616505,23.7405189522055302,52.3763607659710360,386.3985864336519853,20.2768126924144134,45.2682385716007616,0.4054112905711095,385.9931750157711576,8.7366430709834688,8.1561432153890632,-0.4299070330688905,0.5271927610872593,-0.0427499327342957,0.0000000000000000,-1.2334705591201782,-0.0439940623036819,0.0000000000000000,-1.5397681389003992,0.0004506825353019,0.0000000000000000,0.0530427116900682,-2.3763411641120911,12.3501762747764587,-14.4054467380046844,-3.6869438383728266,1.4757200955524414,-0.0442527229897678,1.3976842276751995,-4.2793543934822083,5.6945068687200546,0.0000003281619615,0.4195252563804388,0.4225035365670919,0.8310189848998562,0.1221089143946301,5.0536807179450989,0.0548069304386445,-0.4299070333363488,-0.4433285241248086,-0.9938524838071316,0.4730140399187803,0.0777928594834520,-0.3140315571799874,-0.0089537867606850,0.0820912501731073,0.0375267949766567,-0.3933485663113087,0.2453904161229730,-4.2913601398468018,-0.1214028897375101,-2.0986934900283813,2.2155417799949646,-0.2386053005466238,0.5393861232441850,1.0572273917496204,6.0000000000000000,,,,,,,,,,,,,,,,,,,,,,,,,,,,,,,,,,,,,,,,,,,,,,,,,,,,,,,,,,,,,,,,,,,,,,,,,,,,,,,,,,,,,,,,,,,,,,,,,,,,,,,,,,,,,,,,,,,,,,,,,,,,,,,,,,,,,,,,,,,,,,,,,,,,,,,,,,,,,,,,,,,,,10.2071899684116545,11.6730971224752409,1893.0000000000000000,506.3249563181079793,541.0000000000000000,983.0000000000000000,2755.0000000000000000,-16.0435571687840302,797.6750436818920207,291.6750436818920207,483.7836439759780092,18.1495649357273017,842.0120437300470257,32.1187041507945992,3131.6594026537400168,18.7799413234329222,7.9986343564612952,640.5613374713877874,1304.5801429382399874,-559.2531303886549949,1394.7916115184100363,14.5397053886360936,216.5712167465860034,1.4730095661705989,0.5689311856744974,,,,,,,,238.1526533214667438,207.9197036200000070,869.6924649713847657,16.2434105112060934,870.0539730075495299,336.8072451632353932,336.8072451632353932,129.2759404379159776,-8.5823875730000108,-138.1318912912940107,3.2790316831190935,10.1073345259391711,8.0295899936957618,1.7283950617283939,35.0994142483650435,276.8260800187241557,-28.4190363348075117,-6.8215958155622536,-24.8539296270255718,-21.5530903328050698,3.2543075301586288,-5.9751972942502789,1.6594511114878863,-0.6330611387544094,2.8683364486873808,0.0711381814286538,-3.5341367014197211,-5.8263211845581360,11.7080093229440010,3.8672841904130228,3.9743237016063304,4.5733840479805110,5.7778447756628548,12.9924552730816387,5.1912073826926308,,,,,,,,,,,,,,,,
"2021Q4",17.7916922511194002,5.8511266288917003,19.2579985206490001,783.0353559265662398,641.4362591760166197,748.3563292065275618,666.5111486994704819,573.8922527243486229,628.2202342951784431,676.2072655566066715,487.0866280793550800,484.6664968933607724,497.2334380176892523,491.1505881757228735,5.0426457814302541,10.2552106782778054,691.3927860013285454,809.3681156636819196,-1.2392682413666165,43.0731660727857744,0.2341589671146869,-1.5500000000000000,487.0859818060998805,437.9522038289274519,-0.1102407626966055,6.7225061350137594,30.7276213350213609,6.3220698681788559,26.0368281535541506,4.7290469685658012,18.4444214220146527,0.1127782959927097,0.0588408457775526,-0.2313987477530634,787.9387600826108837,756.3542480981482186,586.6189724631469744,653.3730420650713313,637.4217253089872202,682.4332163473777655,5.3110302657553863,17.0326170620383799,3.6851993796966718,1.9061080904306076,243.0441115107417147,2.1457652264583538,-0.8681154057869149,12.3214535457853813,5.0672203566567173,5.8511266288917003,-4.9034039801267415,-7.9979176362561315,-12.7267197847373161,13.1381062907892368,-9.2014912953496051,-6.2259503591987340,-1.3427173928731135,6.7553437602966984,783.0353560789097855,9.8097562469749686,-0.3520268935139517,4.9033777086423127,17.7916917562468377,12.3214535457853813,0.4030179137394605,5.0672203566567173,30.7276213350213609,26.0368281535541506,0.1127782959927097,4.5780145094382538,6.3220698681788559,0.0588408457775526,4.7290469685658012,1.5341820191152902,19.2579985575739201,18.4444214220146527,-0.2313987477530634,1.0449759200654416,5.8511266288917003,-7.9979176362561315,-5.5689141696756908,748.3563305901677722,20.8869678047891689,6.6243920281035571,756.3542480981482186,5.6182040678027807,6.0778330812438233,-12.7267197847373161,-8.4805975693335238,573.8922530834706777,-124.4529117557797235,15.9889795406862305,586.6189724631469744,5.3653423046219029,5.8009215160057153,13.1381062907892368,666.5111486216858339,54.9728355654400787,8.7371215643089712,653.3730420650713313,2.3971875522431603,6.9432090972825495,-9.2014912953496051,-5.2370844378838219,-6.7553434047791523,628.2202338599702216,53.6849653878520172,27.8053964222396992,637.4217253089872202,8.4626816528446227,9.8789995707727343,-6.2259503591987340,676.2072664117361001,24.7636674146738009,15.0191965536270313,682.4332163473777655,6.9143348177126658,6.2682310404506101,-4.9034039801267415,-3.1555700942180422,783.0353560789097855,8.3440301196108226,9.8097562469749686,787.9387600826108837,4.9881927153171102,6.9724737295867927,-1.3427173928731135,-0.5370869640173048,641.4362591780578668,0.0739192614646367,4.7550715654282891,642.7789765787556462,4.9525231318440506,4.7784895460281724,487.0866280005376439,5.3587518396948282,5.4235721152848821,1.2107253580212749,484.6664969096507889,7.8101654122072244,5.5361537086432770,3.0786535841562910,497.2334378701577293,-8.0329766433272045,4.2265835895538029,-8.9273087220365817,491.1505878156849576,8.5061936816558124,6.9257527127054042,3.4545690696887732,-2.5716540286069773,-2.4201310016342843,2.4514138146444648,1.8679287815531631,1.3686424905518333,-3.7887737843382889,0.0019284864019840,-0.0370154772428130,4.1195724626094030,10.1468099304509920,-13.3917282122672852,-10.1380348834376157,-6.8858074163156608,17.0326170620383799,0.0106183776709949,0.1983590723189646,1.4237841216796390,4.0639598764656633,3.1474424523673834,2.2438422028640783,0.3787607662581352,3.6851993796966718,-0.0468434044118669,-0.0385404585324617,29.3391574999780111,5.0426456714627754,7.2190667735473575,-0.4935082534672857,-2.3996163681554168,-1.3778158960744027,0.3773948123184150,1.9061080904306076,10.2552106818834137,1.7552106746607639,5.3110302657553863,0.0140465484109642,5.2740147562901987,5.5093891586792747,5.2724897529058312,0.3773948682059429,0.3773948996466481,691.3927860671022927,5.0423404371055769,3.8639516291724210,692.3156702805603118,-0.8681154057869149,2.1457652264583538,249.7994551355835711,-2.3112843297873891,6.1583714735657367,-3.8438572594828586,243.0441115107417147,1.3793082798811311,1.3704479073297362,1.3103428840698068,6.7553437602966984,809.3681154239446869,322.2814875514173423,12.3863856293488652,15.4151793323649198,-1.8763252707697791,-1.2392682419275163,43.0731659852135067,0.4565403667093949,5.3730758695316672,0.7612848067835332,0.2341589676672233,-1.5499999998164591,487.0859817958802296,3.7835578287126417,19.0993622425503560,444.0128157762310366,3.3270175707709191,13.7262867608854791,-0.1102407472420616,444.1230565260946719,6.0314951657129230,6.2426163440237472,437.9521989109622950,34.3783202083728625,56.7180292934323305,394.8790328530982379,33.9217796995119159,51.3449557681643824,6.7225024567477423,388.1565303375227245,8.6534214997109160,8.4926163235315606,-0.3520268935139517,0.6299059751897449,-0.1581531714182347,0.0000000000000000,3.6264121830463409,-0.0334200293873437,0.0000000000000000,1.5341820195317268,0.0013132523454260,0.0000000000000000,1.0449759196490049,0.2099855542182922,-25.2669047415256500,3.1488108783960342,-1.1500988584011793,-0.2790884763326558,-1.2934908398892730,4.4995835497975349,-12.7446717321872711,-0.4830530993640423,-0.0000001275628477,0.0390055894386023,0.3337035831063986,1.1306503830710426,0.1661363836319651,-2.3471330450847745,0.0777421919119661,-0.3520268935244530,-0.3814688349375501,-0.7785140878986567,0.3951426853891462,0.0694020703303977,-0.2726053599035367,-0.0087577184967813,0.0653782028202841,0.0455527235408226,-0.3543518240456709,0.2325112393591553,-2.7104764096438885,-0.0112629635841586,-0.4610855877399445,6.4265511035919189,-0.2226286997902207,0.3926058802753687,0.7904427563771605,7.0000000000000000,,,,,,,,,,,,,,,,,,,,,,,,,,,,,,,,,,,,,,,,,,,,,,,,,,,,,,,,,,,,,,,,,,,,,,,,,,,,,,,,,,,,,,,,,,,,,,,,,,,,,,,,,,,,,,,,,,,,,,,,,,,,,,,,,,,,,,,,,,,,,,,,,,,,,,,,,,,,,,,,,,,,,9.5805353449243000,10.3019221579612577,2106.0000000000000000,392.8744452717589866,638.0000000000000000,1130.0000000000000000,2925.0000000000000000,-16.8205128205128212,918.1255547282410134,455.1255547282410134,567.3794996315029948,19.2579985206490001,1134.4338888723880245,36.9233641282514000,3273.7164796393799406,17.7451411983383878,6.7250055418236983,645.7253588195383145,1335.0784203223599889,-513.7355113441959702,1401.3280097455199211,-26.8772909378556051,287.9675690353960249,1.1553058078974359,0.5672256576115777,202.5526253900723646,80.4718263099145332,283.0244516999869120,,,,,59.1030122709430756,0.4800000000000000,870.6752249160406336,3.9310397786234716,871.7207918965159479,418.3748082443269141,418.3748082443269141,169.2182497352957284,104.6166032940000008,40.9242790101691014,8.7020410980399134,10.2575107296137382,23.2284329864274710,7.3546856465005916,-71.1923469392845618,16.5997508677999903,73.2782136300978379,8.5621102453153028,71.0609390791174320,32.3877068557919543,28.0994295274721537,16.4921465968586460,5.5049338114752766,1.1606912227790867,6.7938343532809364,3.0828805271141846,-7.7188029055866085,-8.6392993687010815,8.8784512239797877,3.4099392165701348,4.0060765239644747,3.9395715244632479,-1.2879634567435794,8.4186771083789136,5.1719514758989726,,,,,,,,,,,,,,,,
"2022Q1",13.3356448650036992,7.1645899093476304,20.6021013049690005,784.4482636965525444,640.3656246780353740,744.7211594561360926,664.4582775322559201,567.5824309233158829,639.9395676780710573,679.3220714858139218,491.0830804318220544,487.6585918177896701,505.2676272966037914,497.2376409157683383,5.1566821057077767,10.1354532029031024,692.3159091085882437,815.0997742024615036,-0.9394218580217313,43.3291766704597663,0.7799835375938010,-1.5962369999999999,499.8934129500628387,457.8610324923845383,11.0257130437040018,24.3043200146305480,29.8265187128260472,4.1112279425307721,25.8236468372899175,4.7361461300470884,18.4693952298466648,0.1071354376475442,0.0558967449708214,-0.2786729009257965,789.1063286099057450,757.7534722835268894,587.9665939795874010,653.7206823808268155,639.4741917070853106,684.1760495953703867,5.3070799185348454,17.0562123419886973,3.6738158353864017,1.8431724593980152,243.3773187643740812,2.1732258337932016,0.6209651923111842,12.0903978797913005,0.8035424595638787,7.1645899093476304,-4.6580630614332810,-13.0323147712313308,-20.3841646702191959,10.7375986745919825,0.4653755791155422,-4.8539793002886178,-3.6904982545170135,4.6091743922284216,784.4482657351804846,7.5302200824237682,-0.1020032724944629,0.5724862536738233,13.3356460285620049,12.0903978797913005,0.4417050505862735,0.8035424595638787,29.8265187128260472,25.8236468372899175,0.1071354376475442,3.8957361057310713,4.1112279425307721,0.0558967449708214,4.7361461300470884,-0.6808149996740880,20.6021012806361199,18.4693952298466648,-0.2786729009257965,2.4113789531929566,7.1645899093476304,-13.0323147712313308,-9.3893848363802750,744.7211575685130356,-14.5406898091126386,-0.8399563051409675,757.7534722835268894,5.5968938721638786,5.8513406858751340,-20.3841646702191959,-14.0294022953392563,567.5824290755813308,-25.2392957827373365,51.9175347030024170,587.9665939795874010,5.3904847378840524,5.6193703444019327,10.7375986745919825,664.4582793072212326,-8.2114677610829450,7.1390894913716885,653.7206823808268155,1.3905656734878491,4.8824876601554212,0.4653755791155422,0.7369004947614113,-4.6091756863603530,639.9395672140060469,46.8773325216222219,32.9984784224696313,639.4741917070853106,8.2098633755673927,9.1309737339660995,-4.8539793002886178,679.3220706556172672,12.4592112801325108,14.9748852456612411,684.1760495953703867,6.9713322255389540,6.5779017317972368,-4.6580630614332810,-5.7232083081119800,784.4482657351804846,5.6516422416164467,7.5302200824237682,789.1063286099057450,4.6702753372034120,6.0327739366366124,-3.6904982545170135,-1.4761993012758381,640.3656246764547859,-4.2825379886492669,1.0958708924234797,644.0561229286680600,5.1085853908711538,4.9005815705291056,491.0830806812342075,15.9858098622262030,9.3344415391925502,5.6894258399627091,487.6585921088789064,11.9683789800723108,7.0766603843478144,5.6870574009787749,505.2676273224446390,32.1367597475472948,19.7211474541177267,3.7822386405920829,497.2376400598030841,24.3482085715844150,10.9782354434164020,10.1657362010380901,-2.8046143231583978,-3.4244885937808740,-4.0174307736528378,-0.0023683081730330,0.3680952233002400,-3.7925838205304352,-0.0152400884356758,-0.0183257699387956,3.3837083405432393,14.1845466597184942,16.1509487265921585,-1.9071876183117720,-2.8716654099385579,17.0562123419886973,0.0943812171079606,0.1084358095324864,48.0371452276322870,6.1545593851939824,8.3623988886795733,4.4763097760225925,2.4807441906241525,3.6738158353864017,-0.0455353672424779,-0.0429421681645095,73.6806548808042834,5.1566808796199410,7.1350123310785509,-1.9199790868949833,-3.7631517577412961,-1.7316208371967694,-0.0961671928119134,1.8431724593980152,10.1354531798105754,1.6354531828332770,5.3070799185348454,0.5842196179600874,5.2887541769424615,5.4155158170492115,5.2641377934901463,-0.0961671971040619,-0.0961672810860725,692.3159085695368731,3.6924902837556295,3.8521396531973044,693.5690364222128892,0.6209651923111842,2.1732258337932016,247.9864928416126020,-7.2518462602862552,1.7008447526967283,-3.1840730412199174,243.3773187643740812,1.3328248779239562,1.3661712991344159,1.2661836402887878,4.6091743922284216,815.0997731609063521,324.0166928023251671,6.9408195012378222,12.9909911271235838,-1.8121633819647318,-0.9394218749321733,43.3291763061865041,1.0240431685211144,3.5357635274827190,1.2152868132289272,0.7799835386558946,-1.5962369961603993,499.8934126892439167,51.2297245359368176,21.6572916476565567,456.5642362259074503,50.2056816601400513,18.1215282361851955,11.0257130432839610,445.5385232012437200,5.6618661809536626,6.0802669630675643,457.8610296193651834,79.6353121528516823,46.6985476645100519,414.5318529607218920,78.6112642604398104,43.1627808147913896,24.3043173505638990,390.2275358440504647,8.2840220735570185,8.5516940367001890,-0.1020032724944629,1.7390265949017805,-0.2113397133070976,0.0000000000000000,0.6911256909370422,-0.0564483480411582,0.0000000000000000,-0.6808150224387646,-0.0005820718943141,0.0000000000000000,2.4113789722323418,-6.9689201116561890,-11.2756739556789398,5.8063372373580933,2.4969063308089972,3.8908149158738272,-3.1534112904919311,5.3072120100259781,11.8747428059577942,11.6619014553725719,0.0000000917843828,0.1029461324214935,0.0557635501027107,0.4738532388582826,0.0696274184447248,-3.6720424182713032,0.0785564364250604,-0.1020032730884850,-0.0681937774643302,-0.1912875380367041,0.0411108140833676,0.0392510497185867,-0.1132015860639513,-0.0033762095263228,0.0224820078437915,0.0420371200489171,-0.2998463463268944,0.2254902916029096,0.2627578377723694,0.4585193919629091,11.0940624028444290,19.3968887329101562,-0.2012369992444292,0.2335205862182193,0.4959412887692451,8.0000000000000000,,,,,,,,,,,,,,,,,,,,,,,,,,,,,,,,,,,,,,,,,,,,,,,,,,,,,,,,,,,,,,,,,,,,,,,,,,,,,,,,,,,,,,,,,,,,,,,,,,,,,,,,,,,,,,,,,,,,,,,,,,,,,,,,,,,,,,,,,,,,,,,,,,,,,,,,,,,,,,,,,,,,,10.3670093690135445,8.8887678682504827,2152.0000000000000000,337.9660481861890275,651.0000000000000000,1090.0000000000000000,3021.0000000000000000,-14.5316120489904002,970.0339518138109725,410.0339518138109725,609.0247199296679810,20.6021013049690005,991.5662002039093750,34.0824727675894010,3466.8363487718597753,22.9266341551183359,20.1359507227314438,646.8480492334754217,1301.3669884550799907,-488.3970910914400179,1499.3847412632001124,96.9538276055102415,363.5248785271430165,1.3001247386295927,0.6023646808923506,,,,,,1.2285885654182087,6.6746117783416681,-193.7922734006081100,0.4800000000000000,867.4161085969166152,-13.0364652764960738,873.3656664769368945,98.3623969772576885,98.3623969772576885,208.6488684101278182,-23.2551975670000992,33.8372595168924022,5.8143873831986603,7.8608247422680355,-13.5329517759989919,-0.8403361344537785,-22.3060559682491402,65.3653799350019540,-7.8833840261943733,8.0357378467418084,59.8032740114040138,38.3838383838383876,13.2686491436649234,15.4160982264665680,17.3344354689057170,5.8920560491746432,13.4761177701260948,5.8360048000839937,37.9012372919838469,4.0874615820054361,27.5683495150826907,10.8952934463641284,3.4404451286965454,3.9272963197261479,-10.6138307657976263,1.6768010522153931,5.2919541138271242,,,,,,,,,,,,,,,,
"2022Q2",13.9110279493724995,7.8940204242272003,17.9924509547778015,787.4621029561843670,642.1338511638770115,759.9308088200738212,661.2486978493346896,581.7226975520097767,644.3356235371983303,692.6887722717483484,496.7187985097093588,492.3457170110838774,515.3583979431126636,503.3513636922158412,5.3613434113930234,9.7446760794886700,692.9738548517482286,819.9624723147639997,-0.6795481999223227,42.2898266363407132,2.0628176516327867,-1.5476340000000000,507.9971933940735767,471.7471879834133119,18.8797740187449108,37.3185173599223390,28.2084289379750537,3.6950500111035849,25.6909907606215313,4.7525183407392220,18.4842659234044113,0.0708308907780354,0.0369552487928640,-0.0119606420053497,790.5417097760691831,759.2302441560764237,589.4097394352013453,654.6458480499862844,641.6541106242395927,685.8179955639370746,5.2849114264595949,17.1141798092587010,3.6629589195139598,1.8431641789912696,243.6920447980213567,2.1948354678634083,4.0369012073079000,11.9592434139232306,1.8320380555546141,7.8940204242272003,-3.0796038062859759,0.7005653679901989,-7.6870427248013113,6.6028497110647457,2.6815131280646871,6.8707765414069408,-3.2474604387153070,-0.7740799746137613,787.4621057966701301,7.3193664051929721,0.2284400933754059,1.7008832831549225,13.9110276663773273,11.9592434139232306,0.1197467828310702,1.8320380555546141,28.2084289379750537,25.6909907606215313,0.0708308907780354,2.4466075704018597,3.6950500111035849,0.0369552487928640,4.7525183407392220,-1.0944236025562326,17.9924508695231644,18.4842659234044113,-0.0119606420053497,-0.4798544168124156,7.8940204242272003,0.7005653679901989,0.9977210858167789,759.9308095516463482,60.8386031519766561,18.7270943786975650,759.2302441560764237,5.9070925357399524,5.7565020705081960,-7.6870427248013113,-4.3659587003101032,581.7226968985996791,56.5610704793310362,-15.7617655756895410,589.4097394352013453,5.7725872173605639,5.5492633070884620,6.6028497110647457,661.2486989639089643,-12.8383220596972922,0.1222323158598095,654.6458480499862844,3.7006678258873373,3.2284934020842662,2.6815131280646871,0.8737708551237408,0.7740802359794801,644.3356236545268985,17.5842223635371404,22.3932223532937869,641.6541106242395927,8.7196733360822698,8.6847889483090537,6.8707765414069408,692.6887724326370517,53.4668061402819390,23.4730382937858337,685.8179955639370746,6.5677849347442958,6.7337816770164221,-3.0796038062859759,1.0956936903518022,787.4621057966701301,12.0553523859416138,7.3193664051929721,790.5417097760691831,5.7415288074119157,5.4210119371958818,-3.2474604387153070,-1.2989841847164063,642.1338511630416406,7.0729059149675511,1.9964339435321321,645.3813116117197524,5.3007547657820222,5.0468601030638478,496.7187986006146048,22.5428727850071162,14.1989415340212766,11.3833171136300138,492.3457170186339908,18.7485001198779209,13.5738311301358330,10.1044595466401006,515.3583979332349827,40.3630834803556340,18.8563677589450123,15.2171898941247079,503.3513639020912365,24.4548921961795998,10.4977100040950120,17.0952793893189892,-2.6184990486335908,-4.3730814755046525,-3.7943713325408495,-1.2788576985950428,-0.5696452338001958,-3.8034363272852469,-0.0434105510332420,-0.0180759958048889,-2.7845249393046387,18.6395993970147487,17.8202115899439164,3.8338745460399006,1.5254200808134852,17.1141798092587010,0.2318701498233571,0.1078833015696060,28.9069987607881735,6.6325653801885887,1.9120203906570277,5.7119628863635494,2.9696064544700693,3.6629589195139598,-0.0434240588263356,-0.0445300409720424,49.2722558190943118,5.3613445487969491,7.0846650473214057,-8.2124867421858205,-10.0556507529604851,-5.0698158131880584,-3.8251398521558686,1.8431641789912696,9.7446761020919777,1.2446761041894496,5.2849114264595949,3.5323912098301111,5.2668354192582694,5.3927947192574264,5.2403813690776744,-3.8251398192215564,-3.8251399013945959,692.9738548861083700,2.6317833895989970,3.7579748758406577,694.6177758384089884,4.0369012073079000,2.1948354678634083,242.9179646413380169,-20.2741174831724251,-6.1497622329617032,-9.2593178941545613,243.6920447980213567,1.2589081093726808,1.3385316416489670,1.1959627053011599,-0.7740799746137613,819.9624722247207274,323.2436736733978364,-3.0920789824114512,8.3423096689135576,-1.7579293279638251,-0.6795482072957826,42.2898267951289100,-4.1574002959767853,0.1967217514827264,-2.9298676676270778,2.0628176497366084,-1.5476339948886637,507.9971934878525417,32.4151222237166508,20.5575669593191606,465.7073667435111020,36.5725230554517680,20.3608450894844850,18.8797739230936656,446.8275928103196861,5.1562793341202404,5.7787683642523735,471.7471888109809015,55.5446269401301507,48.3247010135797055,429.4573620744957907,59.7020305325149110,48.1279798414902729,37.3185182897774155,392.1388437246765193,7.6452335032543610,8.3298298900780541,0.2284400933754059,1.8117254695533855,-0.1414736859733239,0.0000000000000000,-0.2804076075553894,-0.0468206734221894,0.0000000000000000,-1.0944236032664776,-0.0104349524626741,0.0000000000000000,-0.4798544161021709,9.2348863482475281,5.5409370660781860,2.7376989126205444,5.3751817811280489,-2.3037308068057452,-1.7712611634051427,7.2387390434741974,9.3812615722417831,8.3988590408116579,-0.0000000259621911,-0.2262127427384257,-0.2272317241877317,-0.5546232151100412,-0.0814956582762534,-11.8361405404284596,0.0750447882778644,0.2284400942735374,0.2900234283879399,0.5586997868958861,-0.4165840300265700,0.0206378234433942,-0.0510991979390383,-0.0024422489805147,-0.0072755218716338,0.0389322205046483,-0.2325267785066274,0.2035083363298327,-5.3726871907711029,1.2228201532489038,12.0438318550586700,19.5763635635375977,-0.1110206961166114,0.0605997822713107,0.1896135248243809,9.0000000000000000,,,,,,,,,,,,,,,,,,,,,,,,,,,,,,,,,,,,,,,,,,,,,,,,,,,,,,,,,,,,,,,,,,,,,,,,,,,,,,,,,,,,,,,,,,,,,,,,,,,,,,,,,,,,,,,,,,,,,,,,,,,,,,,,,,,,,,,,,,,,,,,,,,,,,,,,,,,,,,,,,,,,,8.8166016655513033,7.5487343788796863,2526.0000000000000000,457.5418237000030217,766.0000000000000000,1372.0000000000000000,3282.0000000000000000,-18.4643510054844597,904.4581762999969214,378.4581762999969783,617.8107823726729748,17.9924509547778015,1036.8206170144937914,30.6123433995615990,3639.5841993118101527,19.4507924492099846,20.1194488558871853,650.8468419382186312,1505.6355941272199743,-627.3070482305689666,1662.6696079790099247,184.0766671529420364,273.1919973204080065,1.1187252464351005,0.6171198225386659,188.0893816734190693,74.2961748867306540,262.3855565601497801,,,,,130.1309949790568226,0.4800000000000000,869.6162678185272625,8.8006368864425895,874.9995378992426822,21.8174913909161674,21.8174913909161674,306.7653101767382964,-48.5904505394275006,51.0586814966140992,12.8121173232947925,7.4774034511092768,83.7463291623427040,20.3715170278637743,76.0522544288332796,-13.0022616025609281,-12.0483704923636807,-0.6759311890653596,19.2249947742363823,25.7606490872210898,70.6881517188139554,27.2841051314142611,25.2859730995456111,12.0502023546039005,20.3160735690930849,10.6555153403718137,49.7251098529609266,16.2503616502912998,27.7045122324751887,18.7046899074778459,3.8761512255455211,3.8294795104530710,-20.5461999349471292,-7.1541738255436638,5.5076666666666663,,,,,,,,,,,,,,,,
"2022Q3",15.7097311318982999,4.4069145524484696,17.6741778233782014,790.3320858780386970,642.7570464081663886,758.8137952599962546,665.4614716672090253,568.1815523117078328,646.5362650784862808,689.4963779982499545,500.8897338216181652,495.4462474465895525,525.2272175278416171,506.4969485296534799,5.8712206079331697,9.1172243457960320,694.2232377876518967,823.3636812096256108,-0.4580062459973533,41.3408096642341150,3.1017106453173584,-1.4513069999999999,501.1315614004892041,458.3045868253202002,11.8275861916327472,23.1254748639050263,28.5575552588836885,4.8263539026859821,25.7412713775236703,4.7738858271339106,18.5016322122672427,0.0494198440787317,0.0257842644951029,-0.0539182867573091,792.4807752162037104,760.8291517691727677,590.9978004476283786,656.7783002865566004,644.0832477099196467,687.2897503853868102,5.2589773080417102,17.2057181892417184,3.6524550493620644,1.8673133963344204,243.9864892601918882,2.1997313803645984,7.5400883041471465,12.0135247682867732,3.5670841203921220,4.4069145524484696,-2.1486890788916679,-2.0153566983895326,-22.8162479156180424,8.6831736131810544,2.4530171463310761,2.2066271815480971,-4.0013634597463668,-3.8686889224191798,790.3320861568666942,9.3827369875324127,0.4222896562681616,3.6213655076678419,15.7097308951107397,12.0135247682867732,0.1291224166690900,3.5670841203921220,28.5575552588836885,25.7412713775236703,0.0494198440787317,2.7668640067318546,4.8263539026859821,0.0257842644951029,4.7738858271339106,0.0266837589813507,17.6741778854502201,18.5016322122672427,-0.0539182867573091,-0.7735361364109553,4.4069145524484696,-2.0153566983895326,-1.4540777362506543,758.8137951708030187,-4.4680545446731079,15.6792068473415789,760.8291517691727677,6.3956308860828068,5.8794556481204703,-22.8162479156180424,-14.8753541553188047,568.1815524506909014,-54.1645783380311059,-36.8239286731115385,590.9978004476283786,6.3522410013030965,5.7201633393441700,8.6831736131810544,665.4614726110402216,16.8511020498184578,12.6935279312156055,656.7783002865566004,8.5298041828522173,4.0045548861502596,2.4530171463310761,0.5394945079570612,3.8686892038512704,646.5362649590464343,8.8025633107466135,31.7372705448398591,644.0832477099196467,9.7165525683806795,8.7771920711730722,2.2066271815480971,689.4963773017108224,-12.7695806177670832,19.4800290997407437,687.2897503853868102,5.8870158340605805,6.5851163445788616,-2.1486890788916679,-1.6291676730401961,790.3320861568666942,11.4799238271498325,9.3827369875324127,792.4807752162037104,7.7562588400520198,5.7890630892172581,-4.0013634597463668,-1.6005453815165440,642.7570464084776631,2.4927809794219513,1.3392670480403419,646.7584098621802013,5.5083930126026663,5.2175640677639139,500.8897337998018884,16.6837418545776650,9.5315583468363716,15.1427931559238935,495.4462472639386874,12.4021220600359126,8.1909614527336370,12.7322913575584611,525.2272175621567385,39.4752795360327724,17.6927496892069982,25.9855361727710950,506.4969485720816351,12.5823393779344617,5.8561291360229220,17.4729092895904436,-2.4926890559108834,-5.4434865485064430,-4.2816202294325088,-2.4105022593412810,-1.6223327912515730,-3.8211537999374756,-0.0708700533330756,-0.0318979255149101,0.0236868495298181,24.3374837550419585,22.7915371038593904,10.8427424863864097,7.1317657776064696,17.2057181892417184,0.3661545114916520,0.1757558818531158,-27.7480396507831522,5.6072147607081746,-4.1014028099976558,2.3301151868150685,1.9547595812739789,3.6524550493620644,-0.0420153444028293,-0.0444550818303681,-56.7196358023017169,5.8712203472700981,7.0554206787933911,-2.3197409186636273,-4.1870543803999825,-1.5409387361656446,-0.9237145198975796,1.8673133963344204,9.1172243438455798,0.6172243435696947,5.2589773080417102,0.0937152386452775,5.2270793988446487,5.4347332040986558,5.2145222530880257,-0.9237144919828845,-0.9237145356228338,694.2232377787678388,4.9975323730615013,4.0910368384965246,695.4234424413560873,7.5400883041471465,2.1997313803645984,240.1178003572406396,-11.2006572026094382,-10.2594763237128124,-1.9225221939603543,243.9864892601918882,1.1777779123541312,1.2872043969021831,1.1188890210622240,-3.8686889224191798,823.3636811790270258,322.4739473855555616,-3.0789044182193619,3.2890550483104835,-1.7402341730641402,-0.4580062431144892,41.3408098288322989,-3.7960675325905333,-1.6182211066738106,-2.6408015316641968,3.1017106460660018,-1.4513070015398124,501.1315615524311511,-27.4625279414779300,14.9914689728153068,459.7907517035133083,-23.6664607735875450,16.6096901579581768,11.8275861812589511,447.9631655248696234,4.5422908243502187,5.3479826638728385,458.3045853534890171,-53.7704115695019951,28.9469664470718477,416.9637755276930875,-49.9743447063018209,30.5651870946057080,23.1254734217531066,393.8383020965799801,6.7978333883376258,7.8451272813961443,0.4222896562681616,-2.0400956596651305,0.0348300246405415,0.0000000000000000,1.0542394220829010,-0.0410066367185209,0.0000000000000000,0.0266837603412569,-0.0077908573402965,0.0000000000000000,-0.7735361354425550,-2.4954937696456909,-18.0255078673362732,1.6211722120642662,2.8071036934852600,0.6494576039440453,-2.7023792826803401,0.3671700917184353,12.4694668948650360,2.7008471675217152,0.0000001214659267,0.3765587988309562,-0.5029841344803572,-0.7200632303138264,-0.1058052087100805,-4.7028649998828769,0.0439292961145838,0.4222896556893829,0.5066798772895709,1.0712596708908677,-0.7139831342501566,0.0146553837439569,-0.0405548888957128,-0.0029337024243432,-0.0181847861822462,0.0243794505549886,-0.1786240313159961,0.1807690644636750,-0.8661998882889748,1.0430207360768691,0.1221263259649277,-4.1170445382595062,-0.0584364014939638,-0.0983605453948257,-0.0828770715743303,10.0000000000000000,,,,,,,,,,,,,,,,,,,,,,,,,,,,,,,,,,,,,,,,,,,,,,,,,,,,,,,,,,,,,,,,,,,,,,,,,,,,,,,,,,,,,,,,,,,,,,,,,,,,,,,,,,,,,,,,,,,,,,,,,,,,,,,,,,,,,,,,,,,,,,,,,,,,,,,,,,,,,,,,,,,,,7.2661939620891474,6.2087008895088616,2590.0000000000000000,484.8318117751770160,825.0000000000000000,1440.0000000000000000,3583.0000000000000000,-17.1643873848730131,1123.1681882248230977,436.1681882248229840,614.0821858048809645,17.6741778233782014,1209.1334305208231399,35.3906043453176977,3765.5033081997398767,13.6048355794464442,19.7088788694000812,647.1971317594086486,1436.3956447205500808,-466.5000209108810054,1612.9871514634598952,-93.5272091504759828,508.4338801499779947,1.4037115852491040,0.6285854317485561,,,,,,1.4593795474348146,8.2504882900098533,42.9762535085432944,0.4800000000000000,870.3323735606182936,2.8644229683641242,876.6296288401887296,84.6890224530057765,84.6890224530057765,124.3125028663203580,106.6367494830000027,241.2807979138999883,12.1648319093198953,10.0324939073923591,-4.3697068722239329,16.9296116504854339,-41.8210051492019090,-30.8415496946259360,18.3541189763177570,14.5524631999066187,9.2016144606396963,36.7676767676767611,-11.9878903167139335,21.2230215827338142,18.1562142427620827,16.3681495268066755,14.1772422228481521,13.6135768102771273,48.4017271848160533,29.7029284385152756,13.4081864364446357,18.8913055096519003,5.4677966299980563,4.1758725812483632,-13.9991502099443448,-11.9143480447110655,6.0470000000000024,,,,,,,,,,,,,,,,
"2022Q4",7.1538174270365102,3.8668626124183700,16.6349185061908997,790.2143548283435166,643.5668648488833696,761.5440695380091256,644.5213054062710398,594.9744984980331992,645.8567261863125850,686.3185948920170176,506.2804190177173496,499.7828456804416533,536.4613750477957410,510.3356453260619219,6.6199640714203687,8.6864735012633076,696.5136406038177483,826.3095560870906411,-0.2727302575509185,40.8226565230449339,3.3754412595893215,-1.3318490000000001,499.5027816446734619,460.5170185988091589,9.7501830707198565,24.3972811285427724,23.1437214861413274,0.6450138677698627,25.8741303640579794,4.7951427704806786,18.5202992990905031,0.1046286964322865,0.0545888834921708,-0.1166835160570294,794.7634279854283932,762.5340921709098438,592.7143613034326108,659.5719492244975299,646.7188243384465522,688.6222192660025030,5.2490606688233381,17.3064442520066635,3.6415271714840616,1.9325884290316873,244.2661331960301538,2.2017920801223854,9.9314078185308716,12.1489738328314498,-5.2710582294611079,3.8668626124183700,-4.5490736804609808,-0.9900241811755489,2.2601348719119212,-15.0506471401948865,-0.8620998959627434,-2.3036253841882259,-4.6249306986582752,-6.7126817644092593,790.2143542819889035,7.1789966208272329,0.3823089881728552,-5.1356091719174985,7.1538166882769891,12.1489738328314498,0.2759010891689711,-5.2710582294611079,23.1437214861413274,25.8741303640579794,0.1046286964322865,-2.8350376618674549,0.6450138677698627,0.0545888834921708,4.7951427704806786,-4.2047178109073187,16.6349184484751831,18.5202992990905031,-0.1166835160570294,-1.7686973887598971,3.8668626124183700,-0.9900241811755489,-1.5494962024975840,761.5440679779121638,10.9210901337668780,13.1877378545655244,762.5340921709098438,6.8197616839904205,6.1798450429022607,2.2601348719119212,0.4659679405541439,594.9744961847671902,107.1717747786949388,21.0822439334780576,592.7143613034326108,6.8662434956484981,6.0953900037503788,-15.0506471401948865,644.5213025861479537,-83.7606767603059694,-21.9898474182591315,659.5719492244975299,11.1745959117864544,6.1989087148910880,-0.8620998959627434,-2.0738777167755629,6.7126816659877164,645.8567243579973365,-2.7181610395129843,17.6364908421775404,646.7188243384465522,10.5423057055050169,9.2970982914581874,-2.3036253841882259,686.3185939856265350,-12.7111335450366276,10.1113271849216240,688.6222192660025030,5.3298756122996860,6.1890024460030384,-4.5490736804609808,-3.4732839856207423,790.2143542819889035,-0.4709281122988720,7.1789966208272329,794.7634279854283932,9.1306105382024381,6.8246710308605065,-4.6249306986582752,-1.8499722876828926,643.5668648482555909,3.2392737452972007,2.1306056708329839,648.1917955595940839,5.7335428039136431,5.4128189822936816,506.2804188370047882,21.5627398856719239,11.5556427327044879,19.1937917026059566,499.7828457604782670,17.3463931284566613,10.4320295029885877,15.1163494637091986,536.4613750419113103,44.9366298652625034,19.0758686836311924,39.2279382342733953,510.3356453758211160,15.3547874986470774,6.8888158820027225,19.1850571556031007,-4.9817953757755689,-6.4975731094304257,-4.2163464852571364,-4.0774422531800480,-2.6568692982764359,-3.8407038665318627,-0.0782002692518195,-0.0519302034933480,5.9704246743290517,30.1809561681516065,23.3738903435632963,20.0341468615862546,12.8745122552500799,17.3064442520066635,0.4029046418427413,0.2738275275009696,-1.8580839143108463,4.0552265001807948,-6.2079523009155295,-0.0087333187934973,0.4136995647907077,3.6415271714840616,-0.0437125282938148,-0.0436716810444727,11.0921391084176477,6.6199642656770754,7.1034488231879678,-3.8120655522663469,-5.7446538832689704,-1.6935927336852457,-1.5071193556360130,1.9325884290316873,8.6864735171706986,0.1864735233597968,5.2490606688233381,0.1859820933705330,5.1971304581322588,5.5228881921646504,5.2053889788443790,-1.5071193597566639,-1.5071192783246210,696.5136404824661440,9.1616109751439883,5.1208538542648556,696.9487560152183505,9.9314078185308716,2.2017920801223854,237.5534513629604021,-10.2573944567405402,-12.2460033171082046,-0.8186867239373479,244.2661331960301538,1.1185740493313889,1.2220213350774469,1.0626453514669996,-6.7126817644092593,826.3095553745849884,320.0291365846043732,-9.7792436293705869,-2.2523521887877478,-1.7351037166316183,-0.2727302721957408,40.8226566228060719,-2.0726122372526667,-2.2505093131712020,-1.2620372386688081,3.3754412599507284,-1.3318490021018232,499.5027814719236403,-6.5151195710445045,12.4167996213225980,458.6801248592729507,-4.4425074312593402,14.6673092843649329,9.7501828083323900,448.9299420323652043,3.8671059350322903,4.8068856184642792,460.5170180786514038,8.8497289565252331,22.5648142984521094,419.6943615056269437,10.9223408975405398,24.8153253131653635,24.3972806990211986,395.2970805626231936,5.8351129715391368,7.1405500892227138,0.3823089881728552,-0.8365946638058649,0.1199226096505299,0.0000000000000000,-4.7718425393104553,-0.0400487740407698,0.0000000000000000,-4.2047178111970425,-0.0063166117724904,0.0000000000000000,-1.7686973884701729,1.5926210284233093,18.6201401203870773,-1.0322053134441376,0.0306580346077681,-1.2342514481823881,-3.0243853346764809,7.2472610175609589,15.1263547167181969,6.3739630654454231,-0.0000002119444268,0.9386070463806391,-0.3690283857285976,-0.1888459133333527,-0.0277487879502587,-7.9307403177954257,0.0331341124147002,0.3823089885991067,0.4700112163554877,0.9499774631112814,-0.6243927424075082,0.0280794308200711,-0.1246606955537573,-0.0058987231750507,-0.0003149701806251,0.0220338423750945,-0.1195848374992709,0.1577955981483683,0.5681893080472946,0.3298030062869657,2.4170794188976288,7.5156855583190918,-0.0256726985098794,-0.2209558507238398,-0.2829371020197868,11.0000000000000000,,,,,,,,,,,,,,,,,,,,,,,,,,,,,,,,,,,,,,,,,,,,,,,,,,,,,,,,,,,,,,,,,,,,,,,,,,,,,,,,,,,,,,,,,,,,,,,,,,,,,,,,,,,,,,,,,,,,,,,,,,,,,,,,,,,,,,,,,,,,,,,,,,,,,,,,,,,,,,,,,,,,,5.7157862586269630,4.8686674001379799,2889.0000000000000000,608.0529014639189427,842.0000000000000000,1403.0000000000000000,3829.0000000000000000,-14.6513449986941762,892.9470985360810573,328.9470985360810005,640.5088486578009679,16.6349185061908997,935.3068873945431960,23.2480743984391012,3878.0803726477702185,11.7834995098601212,19.6926526422997910,658.1693408276884156,1362.6149245814099231,-364.2525744009259938,1532.2779937032798898,-139.4419407419622985,682.9669178044169939,1.1285256405464767,0.6467491819739351,171.1956745941560030,65.8918777748759510,237.0875523690319540,,,,,505.0013328655256828,0.4800000000000000,878.3840399849747200,32.2066656974257057,878.2597974327298971,85.8072639766599963,85.8072639766599963,136.8411669903163954,133.8189996689999930,-25.7082333261884983,-0.4698170893397080,7.2790969248734960,11.5397642211076068,14.1988950276243031,192.0391981332111868,22.9979626439748905,-56.7255004946245478,-20.4726100591579936,-2.6815461703288856,19.6428571428571388,-11.9364368960491074,10.6741573033707802,24.0640040126689954,21.1336681547154015,17.2744091793207701,16.2720786136480555,56.7318662140718928,48.0767154264996748,16.5963602628183864,21.2433834408844326,8.2927722162332795,5.2542373924613583,-14.7055885536667041,-15.0426648435704191,6.8440000000000056,,,,,,,,,,,,,,,,
"2023Q1",9.4226059440259693,2.7157874397808901,18.4491554602219985,793.1720459841442334,641.4334555534088622,757.9379439141805506,646.9297942338833991,591.3417126358580163,645.7201241017452276,679.1807215551564241,509.5090943567459476,502.2441587049664236,545.0691916409605255,509.8096610388893168,7.0989146411406949,7.6740965612928633,699.6513032390607805,827.9788989635937924,-0.1311570086417646,40.5592764120861347,4.1539072056814561,-1.1951590000000001,500.4936355408460713,460.5170185988091589,10.2143442314365984,23.4569386178268360,23.0009288085014987,4.8708321118538773,26.0213829724860943,4.8551323120716621,18.5455052363308539,0.0921278932393465,0.0480667189421284,-0.2206820898246797,797.1776084962466484,764.2937455874358648,594.4924398374949988,662.5524858127488415,649.4395840156976192,689.8975972688266438,5.2292331465130806,17.4235509679470155,3.6304712357218123,2.0085283309033475,244.5328492801976950,2.1901659184506825,10.9401095148804703,12.3310099715831232,-3.2692808383478744,2.7157874397808901,-4.0055608179073250,-6.3558025010157815,-3.1507264459922717,-15.6226904206193424,-3.7194583648230330,-10.7168767317931621,-8.2506380220564726,-6.5664292292739841,793.1720478834517962,8.7237793187384955,0.1982367746007148,-3.0872447517494770,9.4226055403998483,12.3310099715831232,0.3608766874354984,-3.2692808383478744,23.0009288085014987,26.0213829724860943,0.0921278932393465,-3.1125818965986642,4.8708321118538773,0.0480667189421284,4.8551323120716621,-0.0323669094187410,18.4491550470069292,18.5455052363308539,-0.2206820898246797,0.1243319067699106,2.7157874397808901,-6.3558025010157815,-5.9217797911349486,757.9379432757376662,-14.4244970729765267,13.2167859206514535,764.2937455874358648,7.0386136676177102,6.5402745512354699,-3.1507264459922717,-3.9458399663486174,591.3417132232652875,-14.5311331117825606,23.7592841796216732,594.4924398374949988,7.1123143716846693,6.5258462779088742,-15.6226904206193424,646.9297946125199132,9.6339610933330722,-17.5284819953137614,662.5524858127488415,11.9221472781795388,8.8318034070916340,-3.7194583648230330,-3.5313139874105510,6.5664290295202576,645.7201257647275270,-0.5463941518009172,5.7805593283037568,649.4395840156976192,10.8830395283531747,9.9653930710329703,-10.7168767317931621,679.1807200758792078,-28.5514993921706832,-0.1413498846107277,689.8975972688266438,5.1015116342004054,5.7215471561771114,-4.0055608179073250,-7.1337539529819729,793.1720478834517962,11.8307732134200183,8.7237793187384955,797.1776084962466484,9.6567225873026565,8.0712810796041090,-8.2506380220564726,-3.3002552046881517,641.4334555594045923,-8.5336371426010302,1.0678308793485085,649.6840935753283475,5.9691920491633823,5.6279706504424576,509.5090945490798617,12.9147030115385224,5.8216785184836120,18.4260141404459716,502.2441590650140597,9.8452532816879614,4.1179238271061713,14.5855673908063324,545.0691916392760277,34.4312659295885837,15.7437631203632868,39.8015646309084588,509.8096610105864102,-2.1039369391414633,2.2001618545211654,12.5720206161276096,-4.5177340565827144,-7.2649353578558493,-3.0694490267260330,-3.8404466114790936,-3.4013577859341910,-3.8635777212934554,-0.0914955408414229,-0.0709940890940831,10.4302648209355588,35.5600972127563182,21.5165634230428182,21.3755505306632188,18.1365463747618385,17.4235509679470155,0.4684274578740230,0.3673389630748427,12.8468328035242791,0.3005665905362864,-15.0186394872208897,-5.8539937208882407,-3.3299044143296594,3.6304712357218123,-0.0442245645877413,-0.0433439798458276,6.7161659155952691,7.0989141511278815,7.1462659297182807,2.9809904856856746,0.9724622961561455,2.1513533460855330,1.3254499868031244,2.0085283309033475,7.6740965328112232,-0.8259034720859363,5.2292331465130806,-3.5748977734857261,5.1582390522975841,5.5965720285239353,5.1858891625886239,1.3254498815493210,1.3254499781360090,699.6513031771147553,12.5506502997953326,7.3353943074440746,699.3464254426498883,10.9401095148804703,2.1901659184506825,237.9664202392258971,1.6518756062733002,-10.0200737832071916,5.7456427192458523,244.5328492801976950,1.0668646547142775,1.1555315456738426,1.0135214207344179,-6.5664292292739841,827.9788991610855646,318.4698047457640655,-6.2373280233379749,-5.5468888090922084,-1.7532405391261805,-0.1311570044736068,40.5592761108370468,-1.0535209064382449,-2.7699002686899044,-0.4467641334746025,4.1539072042035539,-1.1951590002063073,500.4936354238122362,3.9634157643081931,0.6002228934963827,459.9343592704267394,5.0169363109670488,3.3701232326820376,10.2143442023509241,449.7200150811218577,3.1602915078511384,4.1814919269534885,460.5170192647973408,0.0000040912774253,2.6559884076444593,419.9577430383466776,1.0535212396892319,5.4258891510315967,23.4569393933947268,396.5008039888858207,4.8148948633108040,6.2732693734396801,0.1982367746007148,-1.7176438664282947,0.1409591184346937,0.0000000000000000,-1.1280560791492462,-0.0002532374055590,0.0000000000000000,-0.0323669090867043,0.0004089387948625,0.0000000000000000,0.1243319101631641,-4.4699047207832336,-3.2230706661939621,-1.8064604997634888,-4.5957210753113031,1.9849577041782533,-6.4006657294230536,0.3624485693871975,-1.8272644579410553,-8.3558373656123877,-0.0000002088766022,1.1317354869097471,-0.9937296397984028,0.4208258432336152,0.0618356363411294,-3.4599598231725395,0.0103798793224996,0.1982367748860270,0.2277797269634902,0.5062458345200866,-0.3234735188307241,0.0171768940490438,-0.0922129636164755,-0.0048832824686542,0.0042193169938400,0.0085530351952912,-0.0640554263537513,0.1252094388473779,0.2085164487361908,0.8482248683576472,4.1692308112978935,5.6469230651855469,0.0035050973528996,-0.3201038840925321,-0.4367075376212597,12.0000000000000000,,,,,,,,,,,,,,,,,,,,,,,,,,,,,,,,,,,,,,,,,,,,,,,,,,,,,,,,,,,,,,,,,,,,,,,,,,,,,,,,,,,,,,,,,,,,,,,,,,,,,,,,,,,,,,,,,,,,,,,,,,,,,,,,,,,,,,,,,,,,,,,,,,,,,,,,,,,,,,,,,,,,,1.9306958051693357,1.7280250248820153,2966.0000000000000000,497.3000000000000114,760.0000000000000000,1298.0000000000000000,3901.0000000000000000,-13.7913355549859009,976.7000000000000455,347.6999999999999886,703.6000000000000227,18.4491554602219985,1053.4000000000000909,27.9218470324854984,3943.3622038900198277,6.6773715060126051,7.4321312970720044,660.0749966283467529,1315.1771303163200173,-353.0927637799749732,1492.6423725812799148,-67.8537155991559757,690.1118351769730452,,,,,,,,,,,,,,,451.8601925652827731,451.8601925652827731,96.9971251760226352,0.0000000000000000,-244.1999999999999886,12.5590341733823543,9.1995221027479026,-13.4324390055061578,14.1807909604519722,-13.5247062717838595,25.4549389270057205,10.1132893615368591,-15.4074389897211219,-0.5449182431459976,5.6569343065693500,-24.8372883309793124,-0.3546099290780091,13.7857392337408449,20.2296296287442843,11.2634688912760303,15.6964387606959743,41.1019741235797227,48.8908797288879029,-2.0819587978238019,13.4168842152672774,12.9965724445568540,7.6111349773196668,-1.4656372432003684,-12.9404979718733326,7.3569573722644499,,,,,,,,,,,,,,,,
"2023Q2",13.1028262406404217,3.8578937198904448,17.4793290373163117,792.4363149861513875,647.9392800842363158,761.1309189559972310,643.5533930026472262,593.0862744817807197,648.9991753839751709,683.1239117898169297,510.8340333626308052,503.2156458224932294,549.3428414149371974,508.3063084735080679,7.4478858520054860,7.7566868751226590,703.6324379776845035,830.8557541529912669,-0.0146547272901500,41.5020025236953245,4.4891039415150766,-1.0559170000000000,500.8065024882417333,452.6686356798538782,8.9729293767843501,13.7162910616230533,22.3143551314209780,8.2678001465357802,26.0203138238617875,4.9123756964680760,18.5700501839675454,0.1601541736457288,0.0835586992934095,-0.2468174491906381,799.3995399272694158,766.0558171604684503,596.2720153277444979,664.7703052223857867,652.1147067306566214,691.1996071089239422,5.1942114735560896,17.5784537142085675,3.6205207086895608,2.0780776774852519,244.7862296356924787,2.1711493266056161,6.4625870443107409,12.3626393363623190,0.2496565821483636,3.8578937198904448,-6.9632249411183276,-4.9248982044708676,-3.1857408459641015,-21.2169122197380950,-3.1155313466824603,-8.0756953191059697,-3.3002552088225912,-2.8674349568061901,792.4363149861513875,4.9742091894814022,0.0000000000000000,0.2812859469275621,13.1028262406404217,12.3626393363623190,0.4905303221297510,0.2496565821483636,22.3143551314209780,26.0203138238617875,0.1601541736457288,-3.8661128660865138,8.2678001465357802,0.0835586992934095,4.9123756964680760,3.2718657507742916,17.4793290373163117,18.5700501839675454,-0.2468174491906381,-0.8439036974605877,3.8578937198904448,-4.9248982044708676,-6.4329034088400494,761.1309189559972310,12.7719027210413199,1.2001094043530949,766.0558171604684503,7.0482862921349554,6.8255730043945499,-3.1857408459641015,-3.7975894570699817,593.0862744817807197,6.9782450340630540,11.3635775831815931,596.2720153277444979,7.1183019609985667,6.8622758925431970,-21.2169122197380950,643.5533930026472262,-13.5056064394919382,-17.6953059612627648,664.7703052223857867,8.8712776385488912,10.1244571724022858,-3.1155313466824603,-2.2564695326107373,2.8674349568052575,648.9991753839751709,13.1161984769851365,4.6635517294481170,652.1147067306566214,10.7004908598336517,10.4605961064181674,-8.0756953191059697,683.1239117898169297,15.7727668557510228,-9.5648606428192409,691.1996071089239422,5.2080393603885140,5.3816115449864785,-6.9632249411183276,-7.0585718298136664,792.4363149861513875,-2.9429315892016943,4.9742091894814022,799.3995399272694158,8.8877257240904974,8.8578301512017497,-3.3002552088225912,-1.3201020835290360,647.9392800842363158,26.0232980993273912,5.8054289211949124,651.2395352930591343,6.2217668709232257,5.8582236813393083,510.8340333626308052,5.2997552542025250,10.1703945670344336,14.1152347620158292,503.2156458224932294,3.8859470299157692,11.8560907320627287,10.8699288038606738,549.3428414149371974,17.0945991026369484,5.3943919383016059,33.9844434817024847,508.3063084735080679,-6.0134101483158720,1.9938678732509836,4.9549445714163500,-6.1440669442561004,-7.6183875401365695,-1.4138087291228874,-3.2453060646318486,-3.7241454455991390,-3.8942420945373200,-0.1226574929741004,-0.0908057672517887,18.6819234317333596,38.5088080523059517,11.7948433581968555,19.8692086552908620,20.9303543380967341,17.5784537142085675,0.6196109850484192,0.4642739049500795,14.4585324894791611,-2.5277248891222088,-11.3131659186341036,-9.1602902693108827,-6.1482455978115063,3.6205207086895608,-0.0398021081289642,-0.0424382108243649,-20.1978135972233019,7.4478858520054860,7.1496316580674018,-4.4082048800575215,-6.4862825575421770,-1.9535212762729257,-2.6968344011494594,2.0780776774852519,7.7566868751226590,-0.7433131248773409,5.1942114735560896,0.2651511397210786,5.1034057063043070,5.6584853785063309,5.1517732627316937,-2.6968344011493475,-2.6968344011494154,703.6324379776845035,15.9245392022800871,10.6585830915759967,702.8257346688603775,6.4625870443107409,2.1711493266056161,241.9187946788861154,15.8094977586401910,-0.9991699624521577,7.3288159808671267,244.7862296356924787,1.0135214219785664,1.0941848376706400,0.9628453508796351,-2.8674349568061901,830.8557541529912669,320.0217207903596659,6.2076641783818722,-3.2219528830386093,-1.7799435583887566,-0.0146547272901500,41.5020025236953245,3.7709056514318138,-0.7878242714338120,4.4593174638475057,4.4891039415150766,-1.0559170000000000,500.8065024882417333,1.2514682577182068,-7.1906909996109007,459.3044999645461530,-2.5194372235208675,-6.4028667789646159,8.9729293767843501,450.3315705877625987,2.4462220265634471,3.5039777774428411,452.6686356798538782,-31.3935343397706106,-19.0785531311269025,411.1666331561589232,-35.1644395287511742,-18.2907289183372335,13.7162910616230533,397.4503420945358698,3.7981524226003280,5.3114983698592111,0.0000000000000000,0.0000000000000000,0.0000000000000000,0.0000000000000000,-1.6873055384674529,0.0000000000000000,0.0000000000000000,3.2718657507742916,0.0000000000000000,0.0000000000000000,-0.8439036974605877,0.3012063746056823,-0.0570000000000000,-0.1200000000000000,-0.0070000000000000,0.0000000000000000,0.0000000000000000,-6.1777450956099580,-2.4645950645950006,-7.0699114393402072,0.0000000000000000,0.5908420831621307,0.0000000000000000,2.0931127225527235,0.0000000000000000,10.8779520748724767,0.0000000000000000,0.0000000000000000,0.0000000000000000,0.0000000000000000,0.0000000000000000,0.0000000000000000,0.0000000000000000,0.0000000000000000,0.0000000000000000,0.0000000000000000,0.0000000000000000,0.1086328569150406,4.2176698306588092,0.4438789610407994,2.6400359713267680,-3.4072746955550990,0.0197261001856744,-0.3980403305025800,-0.5352529543793940,13.0000000000000000,,,,,,,,,,,,,,,,,,,,,,,,,,,,,,,,,,,,,,,,,,,,,,,,,,,,,,,,,,,,,,,,,,,,,,,,,,,,,,,,,,,,,,,,,,,,,,,,,,,,,,,,,,,,,,,,,,,,,,,,,,,,,,,,,,,,,,,,,,,,,,,,,,,,,,,,,,,,,,,,,,,,,1.8172165198622565,1.5100969084034830,3092.1259625073957977,510.9920058134459850,820.9509133239324683,1410.3573693247371921,3897.2752561336110375,-15.1235521553984373,953.4913888745617214,,,,,,4058.4546072653097326,11.5074199676228091,2.5608220557678849,660.2917122056220478,1598.9142368706500292,-573.4065452492790200,,,,,,,,,,,,,,,,,,,,132.2131000292145586,,,-2.9000490550245956,5.0999999999999943,13.6233707088168785,1.2073396117823876,7.2274882842628756,12.0343994203767153,-12.6333071292772416,-16.2180888846391440,14.0152453687336447,4.7740056345883914,17.0847292753954889,-9.1216699421852070,5.4427064450270279,15.1600078152501112,3.9624375281669018,11.4827058099525203,18.6426669604582429,40.4729046633951270,-5.8361749968896106,5.0797548365529366,17.2625664361227820,11.2473406959313849,17.1277434528679606,-0.9941948431363983,7.7322567088045560,-4.3124556230348077,1137.2000000000005002,17.7417557221423436,17.4346361106835701,-1.2344113608257299,30.8579541991274802,33.2074029664345929,-0.3821095334338094,-9.6196594095761689,16.6578497509570909,10.8641920639788232,0.0297864776675709,,,,
"2023Q3",10.1988514046733840,4.4289468599452224,18.3279746474228489,794.5422037587301247,651.5253898916126900,761.3872825729835085,650.1247092639680432,594.2554234133860973,652.4900046042323538,684.5254577502120128,513.3766320043890801,506.1796685055094258,550.6914393995140244,508.8047754418212776,7.4365081955306698,7.8310181876103941,707.3138352899561596,835.2623079810218769,0.0793810086450293,42.6168318896575187,4.5846684294642852,-0.9255289999999999,498.8842136034547821,447.0582670147440467,5.4982021225326330,6.2802060819802250,23.4753662784938228,5.0514597736024269,26.0192981326686947,4.9667569116446710,18.5943496821278700,0.1623471520857183,0.0847028619577532,-0.2663750347050048,801.6007755885433426,767.8201859818237835,598.0530128704559729,666.9676343790708870,654.7464741368422665,692.5269172839908833,5.1626919678948049,17.7673727540843629,3.6115652343605316,2.1432084772807118,245.0269409734125361,2.1540343939450568,5.5801914321290207,12.3917053621855011,-2.7062790062605595,4.4289468599452224,-7.0585718298136522,-6.4329034088398975,-3.7975894570699635,-16.8429251151028794,-2.2564695326110482,-8.0014595337779220,-1.3201020835290369,-1.2759422993084746,794.5422037587301247,4.2101176018635140,0.0000000000000000,-2.6772129804373801,10.1988514046733840,12.3917053621855011,0.5134250487484493,-2.7062790062605595,23.4753662784938228,26.0192981326686947,0.1623471520857183,-2.7062790062605595,5.0514597736024269,0.0847028619577532,4.9667569116446710,0.0000000000000000,18.3279746474228489,18.5943496821278700,-0.2663750347050048,0.0000000000000000,4.4289468599452224,-6.4329034088398975,-5.4872882348142156,761.3872825729835085,1.0254544679485500,2.5734874021826242,767.8201859818237835,7.0574752854263387,6.9910342126536564,-3.7975894570699635,-3.8677218941516451,594.2554234133860973,4.6765957264240274,26.0738709626958496,598.0530128704559729,7.1239901708467697,7.0552124228276378,-16.8429251151028794,650.1247092639680432,26.2852650452804610,-15.3367633470732887,666.9676343790708870,8.7893166267418170,10.1893340925172051,-2.2564695326110482,-1.5830444088836357,1.2759422993076499,652.4900046042323538,13.9633168810223971,5.9537396451860340,654.7464741368422665,10.5270696247401041,10.6632264269237673,-8.0014595337779220,684.5254577502120128,5.6061838415804086,-4.9709195514977615,692.5269172839908833,5.3092407002672166,5.2371668986036841,-7.0585718298136522,-5.7349836053479031,794.5422037587301247,8.4235550903142773,4.2101176018635140,801.6007755885433426,8.8049426450951511,9.1200003723411385,-1.3201020835290369,-0.5280408334116148,651.5253898916126900,14.3444392295057401,8.7683434831352667,652.8454919751419538,6.4238267283311004,6.0870821129616797,513.3766320043890801,10.1703945670328046,5.6819233411727579,12.4868982045869323,506.1796685055094258,11.8560907320638851,7.2046533750879238,10.7334212415722554,550.6914393995140244,5.3943919383018741,-1.3173519538942335,25.4642218373579290,508.8047754418212776,1.9938678732503519,4.5595380860608872,2.3078268697390540,-5.9020459237127474,-7.1969634988788371,1.6856961650309319,-1.7534769503723400,-3.2650459912476166,-3.9319175076311077,-0.1507016523738352,-0.1107637076933544,18.2220613620553706,37.3148073951248378,-4.7760026287261708,12.9773236400825933,19.5474346410398745,17.7673727540843629,0.7556761595053761,0.5616545648428414,5.2295301569294441,-4.5718565625674410,-8.1765266937812857,-10.1790713232757390,-8.1834217969277105,3.6115652343605316,-0.0358218973160686,-0.0408898150014981,-11.4073988014528034,7.4365081955306698,7.1551987928018477,0.2318548204424609,-1.9113536568376479,-0.1954022459570792,-0.8643840583458793,2.1432084772807118,7.8310181876103941,-0.6689818123896054,5.1626919678948049,-1.6702251364497758,5.0519282602014552,5.7243465327378154,5.1218021528932738,-0.8643840583457971,-0.8643840583458493,707.3138352899561596,14.7255892490874487,13.0905975111879798,706.2622039273171595,5.5801914321290207,2.1540343939450568,243.7509986741038404,7.3288159808697522,3.6331983168629787,2.7703053437598815,245.0269409734125361,0.9628453508796404,1.0404517132201689,0.9147030833356568,-1.2759422993084746,835.2623079810218769,321.8856759766317737,7.4558207450874505,-0.5882714089243659,-1.8039762757250752,0.0793810086450293,42.6168318896575187,4.4593174638475119,1.2760220608250068,4.0618124695470001,4.5846684294642852,-0.9255289999999999,498.8842136034547821,-7.6891555391476265,-2.2473479489764809,456.2673817137970218,-12.1484730029952033,-3.5233699897160538,5.4982021225326330,450.7691795912650150,1.7504360140105877,2.8060140663954236,447.0582670147440467,-22.4414746604363557,-11.2463183387449046,404.4414351250868549,-26.9007921242885715,-12.5223404026066216,6.2802060819802250,398.1612290431065730,2.8435477942830145,4.3229269465264837,0.0000000000000000,0.0000000000000000,0.0000000000000000,0.0000000000000000,0.0000000000000000,0.0000000000000000,0.0000000000000000,0.0000000000000000,0.0000000000000000,0.0000000000000000,0.0000000000000000,-1.6387223177616281,0.0000000000000000,0.0000000000000000,0.0000000000000000,0.0000000000000000,0.0000000000000000,6.7743939976982990,-0.5082582330593634,0.0000000000000000,0.0000000000000000,0.4965251422032504,0.0000000000000000,2.0742961045252932,0.0000000000000000,0.0000000000000000,0.0000000000000000,0.0000000000000000,0.0000000000000000,0.0000000000000000,0.0000000000000000,0.0000000000000000,0.0000000000000000,0.0000000000000000,0.0000000000000000,0.0000000000000000,0.0000000000000000,0.0931564522977695,1.0465403967784637,0.2210065485440637,-0.0650140910736677,-3.7326863930045997,0.0247962999999969,-0.4511638098965149,-0.5747893860572809,14.0000000000000000,,,,,,,,,,,,,,,,,,,,,,,,,,,,,,,,,,,,,,,,,,,,,,,,,,,,,,,,,,,,,,,,,,,,,,,,,,,,,,,,,,,,,,,,,,,,,,,,,,,,,,,,,,,,,,,,,,,,,,,,,,,,,,,,,,,,,,,,,,,,,,,,,,,,,,,,,,,,,,,,,,,,,1.7037372345551205,1.2921687919248939,3193.3251193832547870,532.5547248778841549,885.7590200316951723,1488.6995898685531756,4069.8039799829662115,-14.8149781365976647,1048.8858487617733317,,,,,,4241.2914105447398470,17.6262153121224401,8.9033166846404974,,,,,,,,,,,,,,,,,,,,,,,152.7738436636856818,,,8.7885115952540929,4.2999999999999687,1.0307302705076467,2.6068874894018990,4.7876732440968084,29.7888495355563805,30.0635056844716360,-14.2185697413690093,14.9851919934928617,6.1345450791460365,5.7663085924094588,-4.8493913491029161,10.7055674581797717,13.2999999999999972,12.5875446070490113,11.3306273088211782,5.5425411587114297,28.9999999999998295,2.0138781905574916,2.3346632420692828,15.8650415039073351,13.9860601007778769,7.6040563886942181,3.7000055916326886,7.7199999999999989,0.2321238115807347,1179.8450000000002547,16.4293264836425692,16.0177580410123426,7.0218142348899777,30.3926433646649663,21.6239418825927530,17.3268717749547747,38.1413557773443443,12.8815452000124360,16.5326864584879125,0.5228559599172851,,,,
"2023Q4",10.9439397936554599,4.7144734299726112,18.3991416202469793,798.0473666883802935,653.9638197952943983,764.0994489542713382,656.6317039862412912,595.9676394688548271,655.7540095908107105,687.4253570881276119,514.7971128396823133,507.9808318492820263,550.3621014110420901,509.9446599633367896,6.9147746889665100,7.8979163688493568,708.7921218522826621,839.1667113285618598,0.1535637805094013,43.6322850070445867,4.6801416788846408,-0.8027949999999999,497.2985634983756995,443.5289886794922154,2.6232580335992566,1.2391340569591867,24.2558425445758381,5.0872388693266029,26.0183332260352600,5.0184190660624353,18.6184061853065934,0.1319046229230063,0.0688198032641643,-0.2192645650596148,803.7823502937280864,769.5867371890858522,599.8353613630064274,669.1454979048962741,657.3370539996933530,693.8782627772790192,5.1343244127996464,17.9869064582129781,3.6035053074644061,2.2048038837194270,245.2556167442465949,2.1386309545505511,5.2960671980312020,12.4183461067911018,-1.8943953043823900,4.7144734299726112,-5.7349836053478951,-5.4872882348140486,-3.8677218941516429,-12.5137939186545761,-1.5830444088839351,-6.4529056891505228,-0.5280408334116142,-0.8120417342017301,798.0473666883802935,7.8330124063915276,0.0000000000000000,-1.8677545597767873,10.9439397936554599,12.4183461067911018,0.4199889912467584,-1.8943953043823900,24.2558425445758381,26.0183332260352600,0.1319046229230063,-1.8943953043823900,5.0872388693266029,0.0688198032641643,5.0184190660624353,0.0000000000000000,18.3991416202469793,18.6184061853065934,-0.2192645650596148,0.0000000000000000,4.7144734299726112,-5.4872882348140486,-4.5747963639997389,764.0994489542713382,10.8486655251548427,2.5553809763614237,769.5867371890858522,7.0662048290531532,7.0526450181785316,-3.8677218941516429,-3.5871647558592015,595.9676394688548271,6.8488642218776858,0.9931432840881277,599.8353613630064274,7.1293939702025622,7.1210000595738601,-12.5137939186545761,656.6317039862412912,26.0279788890913046,12.1104014000925186,669.1454979048962741,8.7114541033026800,9.5735486804016485,-1.5830444088839351,-0.9904489953935561,0.8120417342009283,655.7540095908107105,13.0560199463057991,9.8972852328133936,657.3370539996933530,10.3623194514012340,10.6182296612478257,-6.4529056891505228,687.4253570881276119,11.5995973516617408,1.1067631025021567,693.8782627772790192,5.4053819731519841,5.2560435112761272,-5.7349836053478951,-4.5344566423556207,798.0473666883802935,14.0206517186012309,7.8330124063915276,803.7823502937280864,8.7262988207385792,9.0189223083011996,-0.5280408334116142,-0.2112163333646459,653.9638197952943983,9.7537196147274248,10.3969549470390490,654.4918606287062630,6.5854746142574001,6.3000650691121063,514.7971128396823133,5.6819233411716565,3.4676718173637853,8.5166940026769602,507.9808318492820263,7.2046533750890198,4.7329576202177854,8.1979860888051039,550.3621014110420901,-1.3173519538938554,-3.6330575325088548,13.9007263691314229,509.9446599633367896,4.5595380860602859,5.5322887848254449,-0.3909854124847559,-4.7503952311188637,-6.8162809903993091,1.5227300339181222,-0.3187078809688260,-2.8403779217987939,-3.9759030686003922,-0.1759422438758101,-0.1351992020682489,9.0602556355173647,35.5649885713597698,-6.9992752950618140,5.3840324032078835,17.5780821131461984,17.9869064582129781,0.8781348165166367,0.6804622062064982,-1.3854436598229345,-4.8524528763447377,-1.1223852551093183,-8.9076793765255449,-8.4559581838088089,3.6035053074644061,-0.0322397075844616,-0.0380218640196226,-10.9603299282706494,6.9147746889665100,7.1631860526434368,2.1818170687484426,-0.0229868149704409,0.3233720513550415,-0.2787115797947596,2.2048038837194270,7.8979163688493568,-0.6020836311506437,5.1343244127996464,-2.3766973377298632,4.9991252107314059,5.8147866190063215,5.0963025487799900,-0.2787115797946981,-0.2787115797947534,708.7921218522826621,5.9131462493059042,12.2784813698161042,709.4332014174386813,5.2960671980312020,2.1386309545505511,244.4435750100446683,2.7703053437624532,6.8901236470841480,3.6621780192420772,245.2556167442465949,0.9147030833356606,0.9894835482159632,0.8689679291688752,-0.8120417342017301,839.1667113285618598,324.3695984888786938,9.9356900489874445,4.3404619042738943,-1.8256057213277621,0.1535637805094013,43.6322850070445867,4.0618124695470010,2.8096283842383056,3.0635395202536095,4.6801416788846408,-0.8027949999999999,497.2985634983756995,-6.3426004203159687,-2.2042179735480230,453.6662784913308428,-10.4044128898632451,-5.0138463679417962,2.6232580335992566,451.0430204577322684,1.0953634658699971,2.1130784253670960,443.5289886794922154,-14.1171133410043481,-16.9880293991590463,399.8967036724479840,-18.1789258105557892,-19.7976578331793363,1.2391340569591867,398.6575696154887964,1.9853622895289200,3.3604890528655220,0.0000000000000000,0.0000000000000000,0.0000000000000000,0.0000000000000000,0.0000000000000000,0.0000000000000000,0.0000000000000000,0.0000000000000000,0.0000000000000000,0.0000000000000000,0.0000000000000000,0.0000000000000000,0.0000000000000000,0.0000000000000000,0.0000000000000000,0.0000000000000000,0.0000000000000000,0.0000000000000000,0.0000000000000000,0.0000000000000000,0.0000000000000000,0.0000000000000000,0.0000000000000000,0.0000000000000000,0.0000000000000000,0.0000000000000000,0.0000000000000000,0.0000000000000000,0.0000000000000000,0.0000000000000000,0.0000000000000000,0.0000000000000000,0.0000000000000000,0.0000000000000000,0.0000000000000000,0.0000000000000000,0.0000000000000000,0.0789456323830736,0.0983059525453962,0.2256935344126692,-0.7856272823709767,-3.3454163828863730,0.0301810999999989,-0.4800289467395328,-0.5738307253257920,15.0000000000000000,,,,,,,,,,,,,,,,,,,,,,,,,,,,,,,,,,,,,,,,,,,,,,,,,,,,,,,,,,,,,,,,,,,,,,,,,,,,,,,,,,,,,,,,,,,,,,,,,,,,,,,,,,,,,,,,,,,,,,,,,,,,,,,,,,,,,,,,,,,,,,,,,,,,,,,,,,,,,,,,,,,,,1.5902579492478424,1.0742406754463900,3340.7523240427894962,551.5979646549868676,932.4760686588260796,1559.5080845153979681,4273.1708109713081285,-14.6736941628140798,1139.7513049458289061,,,,,,4410.1638118076116371,15.6176133901599314,5.4838659689518003,,,,,,,,,,,,,,,,,,,,,,,168.2435301334390374,,,15.0511374696213522,8.1479622193636914,11.4590034515459109,2.5883107312754134,7.0888461965041785,0.9980913187942235,29.7293004064072477,12.8742311265481817,13.9466533102368118,10.4036327136105768,12.2991350418140115,1.1129103830063229,5.8464458092061022,8.8898832326215000,7.4705352971429164,8.5433949933599393,-1.3087128504501067,14.9132446916663923,4.6650830310088338,-0.3902220597109363,6.0914702064647912,13.0641096292143573,2.8090351194244079,7.1330395552410550,7.1594522210565685,2.2057927483520814,1197.4160453053109450,7.5034041985537465,6.9873869247522942,4.9789814115513131,20.5594241448595447,18.5869842764140358,19.5045176875530331,33.2326322641803245,18.0533189002438625,14.0535175969667065,1.6166021586310313,,,,
"2024Q1",11.4523132732240676,4.8572367149863052,18.4652306736834788,801.4107904482730191,655.9593425260909498,766.7805652989592318,662.0712423994576739,598.0318285020447320,658.8980567009836022,690.0183150637163862,515.6640307940231196,509.1640712543371023,549.4538370279165065,511.3277321595436433,6.5493240103831267,7.9581247319644222,710.1250208820852095,842.8967440404304625,0.2042590423883441,44.3981698871083097,4.6403722351336150,-0.6967369999999999,497.7565158612325149,441.4938728247306017,2.1916378607335218,-1.8716912037410789,24.7956323544399702,5.1219115924675691,26.0174165647334981,5.0674981127593117,18.6422221234535286,0.1042925027741820,0.0544134797082564,-0.1769914497700532,805.9452470906281860,771.3553616629593535,601.6189932579038668,671.3048690814049451,659.8885056963764555,695.2524418228773584,5.1087936132140044,18.2339933601691264,3.5962513732578918,2.2535503918059296,245.4728587265389592,2.1247678590954955,4.5970819290305567,12.4426925540392830,-1.3260767130676716,4.8572367149863052,-4.5344566423556323,-4.5747963639995710,-3.5871647558591824,-9.2336266819472979,-0.9904489953938315,-5.2341267591601834,-0.2112163333646442,-0.1137392116826220,801.4107904482730191,8.2387425648211572,0.0000000000000000,-1.3017302658194898,11.4523132732240676,12.4426925540392830,0.3356974322524657,-1.3260767130676716,24.7956323544399702,26.0174165647334981,0.1042925027741820,-1.3260767130676718,5.1219115924675691,0.0544134797082564,5.0674981127593117,0.0000000000000000,18.4652306736834788,18.6422221234535286,-0.1769914497700532,0.0000000000000000,4.8572367149863052,-4.5747963639995710,-3.6948252336174425,766.7805652989592318,10.7244653787552924,8.8426220232238357,771.3553616629593535,7.0744978954986264,7.0616160755260111,-3.5871647558591824,-3.0981685489146202,598.0318285020447320,8.2567561327624563,6.6901152787797260,601.6189932579038668,7.1345275795905652,7.1265534204089107,-9.2336266819472979,662.0712423994576739,21.7581536528614414,15.1414477869368529,671.3048690814049451,8.6374847060362754,8.7523832686590062,-0.9904489953938315,-0.4434559428799440,0.1137392116817931,658.8980567009836022,12.5761884406851951,13.1779309362561925,659.8885056963764555,10.2058067867293083,10.4489216806798613,-5.2341267591601834,690.0183150637163862,10.3718319023538079,10.8375949878380453,695.2524418228773584,5.4967161823925137,5.3548445540503256,-4.5344566423556323,-3.4413303946254099,801.4107904482730191,13.4536950395701336,8.2387425648211572,805.9452470906281860,8.6515871875999455,8.7676385943830439,-0.2112163333646442,-0.0844865333458582,655.9593425260909498,7.9820909231868882,14.5258869666865991,656.1705588594558094,6.7147929229984396,6.4864652841273891,515.6640307940231196,3.4676718173617784,2.5174607275432197,6.1549362449428298,509.1640712543371023,4.7329576202189276,3.6892356943179414,6.9199121893243651,549.4538370279165065,-3.6330575325085155,-4.7131774342026276,4.3846453886412586,511.3277321595436433,5.5322887848249165,5.9567739130966526,1.5180711489567034,-3.6503131562211593,-6.4999595396850749,1.2652858028569542,0.7649758181708395,-2.4743917770273542,-4.0255677626576105,-0.1986587762275394,-0.1619900413638702,7.5261677102961739,33.7898062338933798,-7.1007293498672928,-1.7702909788632895,15.5558128737236494,18.2339933601691264,0.9883476078267708,0.8104423922222920,6.9866934028886787,-4.3362986344788634,2.0646169674631771,-4.6368652250152769,-7.9325500077364763,3.5962513732578918,-0.0290157368260154,-0.0342198624638894,-4.7474902930982141,6.5493240103831267,7.1636852287925725,2.8600883160648629,0.6065379242594963,0.2518218312050398,-0.2900534368296876,2.2535503918059296,7.9581247319644222,-0.5418752680355782,5.1087936132140044,-2.3385452085455847,4.9468035718501406,5.9192360054364723,5.0745737507500825,-0.2900534368296100,-0.2900534368296566,710.1250208820852095,5.3315961192113779,10.4737177049703067,710.8055810513031929,4.5970819290305567,2.1247678590954955,245.3591195148561042,3.6621780192449216,7.3926992756300116,3.8220753886571566,245.4728587265389592,0.8689679291688787,0.9400094463407578,0.8255195327104334,-0.1137392116826220,842.8967440404304625,327.2327132464064903,11.4524590301109193,8.7629085006420215,-1.8450722223701803,0.2042590423883441,44.3981698871083097,3.0635395202536113,3.8388937762710609,2.9644435140770611,4.6403722351336150,-0.6967369999999999,497.7565158612325149,1.8318094514276655,-2.7371195625798102,453.3583459741239494,-1.2317300688259634,-6.5760132963024578,2.1916378607335218,451.1667081133911097,0.4947506226364385,1.4466930322692924,441.4938728247306017,-8.1404634190431153,-19.0231464400666539,397.0957029376226615,-11.2040029393013469,-22.8620401007244212,-1.8716912037410789,398.9673941413637408,1.2392981034998538,2.4665901524778180,0.0000000000000000,0.0000000000000000,0.0000000000000000,0.0000000000000000,0.0000000000000000,0.0000000000000000,0.0000000000000000,0.0000000000000000,0.0000000000000000,0.0000000000000000,0.0000000000000000,0.0000000000000000,0.0000000000000000,0.0000000000000000,0.0000000000000000,0.0000000000000000,0.0000000000000000,0.0000000000000000,0.0000000000000000,0.0000000000000000,0.0000000000000000,0.0000000000000000,0.0000000000000000,0.0000000000000000,0.0000000000000000,0.0000000000000000,0.0000000000000000,0.0000000000000000,0.0000000000000000,0.0000000000000000,0.0000000000000000,0.0000000000000000,0.0000000000000000,0.0000000000000000,0.0000000000000000,0.0000000000000000,0.0000000000000000,0.0599090887095065,-0.5819630013075855,0.0952245037123055,0.5652178799019802,-2.7762590653212804,0.0257784999999989,-0.4910764966465600,-0.5475279570761732,16.0000000000000000,,,,,,,,,,,,,,,,,,,,,,,,,,,,,,,,,,,,,,,,,,,,,,,,,,,,,,,,,,,,,,,,,,,,,,,,,,,,,,,,,,,,,,,,,,,,,,,,,,,,,,,,,,,,,,,,,,,,,,,,,,,,,,,,,,,,,,,,,,,,,,,,,,,,,,,,,,,,,,,,,,,,,1.3034589035393083,0.4212219083224511,3472.3777361040629330,569.8047398086616795,978.3540278620224626,1623.6587103361860045,4453.9097787708869873,-14.4884991956941604,1217.7901493062158806,,,,,,4577.7708305608002775,14.9201308474744110,3.1167777832885228,,,,,,,,,,,,,,,,,,,,,,,178.2776514490817306,,,14.4006929730169162,8.5876424723515044,11.3206571370302527,9.2453648660557235,8.6072047429826881,6.9189786521310310,24.3066780725897900,16.3478794369253109,13.4012110165527361,14.0856515131299744,10.9287945591991331,11.4466650239535994,3.5284965879791770,6.3482991358531109,4.8467502080847424,7.1649576797181709,-3.5678540093325211,4.4821914226918409,5.6881813882729233,1.5296523785795415,5.4762856605205030,11.0418728474474221,3.7300618995271435,7.6728193669004696,6.7685519845848319,2.9013815764436686,1213.4832339801901071,6.6350550227506861,5.7528180275338290,2.2372084734229820,19.2112434634358813,16.1246499298876387,16.5704728228586546,26.4911112730803708,15.4574229989742200,12.9897137529813840,1.6759287210565539,,,,
"2024Q2",11.7955833870996294,4.9286183574931526,18.5272784211830128,804.6490694800329493,657.7906342186075790,769.4311305064958333,666.7395609773167280,600.3056758361163929,661.9593296923204662,692.4221510198237866,516.2933959759088793,510.0863801779171354,548.2755426693676100,512.8169256378179170,6.3390973144931353,8.0123122587679809,711.2617377743108591,846.6107216218738358,0.2441865122134462,45.1392807656278876,4.3216460195971722,-0.6042549999999999,498.0693828086281201,440.5877624906810865,1.7746050222611414,-3.6710256841452629,25.1674426364257968,5.1554191718568401,26.0165457364968233,5.1141232071213443,18.6657999022189962,0.0791505990763880,0.0412959647354952,-0.1385214810359775,808.0903998746578054,773.1259557401136817,603.4038443850309932,673.4466725260627982,662.4027856351999617,696.6483127431703224,5.0858158935869247,18.5058781401700614,3.5897228324720238,2.2922796292608592,245.6792386097167196,2.1122910731859448,3.7554004064634983,12.4648690413991741,-0.9282536991473697,4.9286183574931526,-3.4413303946254725,-3.6948252336173040,-3.0981685489146225,-6.7071115487459441,-0.4434559428802713,-4.2261617233459816,-0.0844865333458570,0.6353997523046291,804.6490694800329493,12.2127544938816506,0.0000000000000000,-0.9060772117874741,11.7955833870996294,12.4648690413991741,0.2589680448478331,-0.9282536991473697,25.1674426364257968,26.0165457364968233,0.0791505990763880,-0.9282536991473697,5.1554191718568401,0.0412959647354952,5.1141232071213443,0.0000000000000000,18.5272784211830128,18.6657999022189962,-0.1385214810359775,0.0000000000000000,4.9286183574931526,-3.6948252336173040,-2.8646900879678472,769.4311305064958333,10.6022608301499410,8.3002115505009311,773.1259557401136817,7.0823763086218259,7.0701385796476393,-3.0981685489146225,-2.5083458947882469,600.3056758361163929,9.0953893362894682,7.2194013543362425,603.4038443850309932,7.1394045085091680,7.1318290572865379,-6.7071115487459441,666.7395609773167280,18.6732743114329018,23.1861679746683897,673.4466725260627982,8.5672137786329969,8.6763673036799105,-0.4434559428802713,0.0446519014068712,-0.6353997523056241,661.9593296923204662,12.2450919653422154,12.9601543083453699,662.4027856351999617,10.0571197552909783,10.2880789045443635,-4.2261617233459816,692.4221510198237866,9.6153438244273683,9.2982392300078729,696.6483127431703224,5.5834836811710167,5.4487056342459912,-3.4413303946254725,-2.4718387070480472,804.6490694800329493,12.9531161270386548,12.2127544938816506,808.0903998746578054,8.5806111361179660,8.6908599473898942,-0.0844865333458570,-0.0337946133383430,657.7906342186075790,7.3251667700668097,9.8513541343715048,657.8751207519536592,6.8182475699912715,6.6355854588944529,516.2933959759088793,2.5174607275416347,2.3028114397059718,5.4593626132776771,510.0863801779171354,3.6892356943190916,3.5006241215113332,6.8707343554253297,548.2755426693676100,-4.7131774342023052,-5.2390432818079962,-1.0672987455690826,512.8169256378179170,5.9567739130960575,6.1697493832655157,4.5106171643097177,-2.6259843652396535,-6.2070157979906506,1.1717749667777155,1.4113717421459879,-2.1266721214965778,-4.0803436764939560,-0.2191036553440779,-0.1861015819563583,6.6857915502702161,31.9821466934586063,-7.2306381617408046,-6.5266613588477034,13.4762685532879516,18.5058781401700614,1.0875391200058919,0.9274244259616646,6.3243029717316350,-3.4764703380899404,3.4393131855556152,-0.9487454489677891,-7.0661931705616876,3.5897228324720238,-0.0261141631434135,-0.0307978762175032,-0.3185568791407984,6.3390973144931353,7.1589918675038868,2.8384731929814979,0.5461935637212123,-0.0889742896347959,-0.5766620308659538,2.2922796292608592,8.0123122587679809,-0.4876877412320193,5.0858158935869247,-1.9450705152931609,4.8997143116305750,6.0132403195487676,5.0550180173693926,-0.5766620308659010,-0.5766620308659104,711.2617377743108591,4.5468675689035205,7.6292997966261487,712.0294949921769785,3.7554004064634983,2.1122910731859448,246.3146383620211850,3.8220753886590693,4.3958436831348155,3.2464907187989165,245.6792386097167196,0.8255195327104355,0.8930089740237346,0.7842435560749127,0.6353997523046291,846.6107216218738358,330.3173256459639333,12.3384495982292961,10.2956048556038873,-1.8625920733083565,0.2441865122134462,45.1392807656278876,2.9644435140770633,3.6372782419323721,2.9002525380655935,4.3216460195971722,-0.6042549999999999,498.0693828086281201,1.2514677895828372,-2.7371196796137087,452.9301020429999767,-1.7129757244943549,-6.3743979215458699,1.7746050222611414,451.1554970207395172,-0.0448443706053099,0.8239264329769462,440.5877624906810865,-3.6244413361949785,-12.0808731891726939,395.4484817250536253,-6.5888848502765285,-15.7181514311057118,-3.6710256841452629,399.1195074091988317,0.6084530713403861,1.6691653146628631,0.0000000000000000,0.0000000000000000,0.0000000000000000,0.0000000000000000,0.0000000000000000,0.0000000000000000,0.0000000000000000,0.0000000000000000,0.0000000000000000,0.0000000000000000,0.0000000000000000,0.0000000000000000,0.0000000000000000,0.0000000000000000,0.0000000000000000,0.0000000000000000,0.0000000000000000,0.0000000000000000,0.0000000000000000,0.0000000000000000,0.0000000000000000,0.0000000000000000,0.0000000000000000,0.0000000000000000,0.0000000000000000,0.0000000000000000,0.0000000000000000,0.0000000000000000,0.0000000000000000,0.0000000000000000,0.0000000000000000,0.0000000000000000,0.0000000000000000,0.0000000000000000,0.0000000000000000,0.0000000000000000,0.0000000000000000,0.0521830123684025,0.1175593519505778,-0.1857207402606623,0.4157895486063571,-2.3046911054142702,0.0228082999999990,-0.4901199309781057,-0.5069152218094812,17.0000000000000000,,,,,,,,,,,,,,,,,,,,,,,,,,,,,,,,,,,,,,,,,,,,,,,,,,,,,,,,,,,,,,,,,,,,,,,,,,,,,,,,,,,,,,,,,,,,,,,,,,,,,,,,,,,,,,,,,,,,,,,,,,,,,,,,,,,,,,,,,,,,,,,,,,,,,,,,,,,,,,,,,,,,,1.3035207593054849,0.4883327161463171,3598.6843745423880137,588.3107548740480297,1023.6298820417555362,1684.2298991608954566,4624.7106484499790895,-14.2841372646858886,1287.8113354281376814,,,,,,4750.9848682402589475,14.8559103257734932,2.0994815152100368,,,,,,,,,,,,,,,,,,,,,,,185.7117048785451061,,,13.8294581615371754,12.9898205387755468,11.1847013194876297,8.6544107135308082,9.5218507252062778,7.4863861982004778,20.5305115909320364,26.0945302491601581,13.0263644981233710,13.8374699671224306,10.0927975490536710,9.7442411661294841,2.5494163634726732,5.6111351406624976,3.7581326401037813,7.1122692314131513,-4.6038318365428239,-1.0616233216958335,6.1377655344471975,4.6138924301169197,4.6518222638278814,7.9278754314994018,3.8960562147011046,4.4938923013178709,6.5443317534686969,2.8791417198342089,1227.3557994070145014,5.8503883282090055,5.0352002850498376,1.1617548119602947,18.0954802935512191,14.6505441094772060,15.0525976422486920,22.3625100057519930,14.2914965244690322,12.7846250306085594,1.4213934815315787,,,,
"2024Q3",12.0256410373135623,4.9643091787465767,18.5852312244671722,807.7468571394125547,659.5665789605113787,772.0337308524166247,670.8194659986395436,602.6815078879878911,664.9264043054639615,694.7151870222428443,516.8690988358351888,510.9615362082955130,546.9657818489171177,514.3593629836345826,6.2625333290809131,8.0610810328911828,712.2234533498730116,850.3825541579491301,0.2756865189356717,45.8643439001446112,4.2018612984843564,-0.5228640000000000,496.1470939238417941,440.5125148094753058,-0.7432613922411526,-4.4933734911276693,25.4227931505308895,5.1880791112498432,26.0157184496719829,5.1584170467652752,18.6891419031968091,0.0568522902621079,0.0296620644845665,-0.1039106787296350,810.2186958464604913,774.8984209403847672,605.1898537827762539,675.5717866254622095,664.8817524040567832,698.0647909444231800,5.0651359459225525,18.8000810104112972,3.5838471457647398,2.3232293441385181,245.8752994987355862,2.1010619658673488,2.9884250830943064,12.4849935932404517,-0.6497775894031582,4.9643091787465767,-2.4718387070480801,-2.8646900879676838,-2.5083458947882260,-4.7523206268226836,0.0446519014065437,-3.3496039221793312,-0.0337946133383432,1.2509615429864411,807.7468571394125547,13.2046533806826893,0.0000000000000000,-0.6296530375618778,12.0256410373135623,12.4849935932404517,0.1904250334762817,-0.6497775894031582,25.4227931505308895,26.0157184496719829,0.0568522902621079,-0.6497775894031582,5.1880791112498432,0.0296620644845665,5.1584170467652752,0.0000000000000000,18.5852312244671722,18.6891419031968091,-0.1039106787296350,0.0000000000000000,4.9643091787465767,-2.8646900879676838,-2.1058350618992683,772.0337308524166247,10.4104013836865903,10.6464482794351287,774.8984209403847672,7.0898608010888653,7.0782349585633906,-2.5083458947882260,-1.8960443197502586,602.6815078879878911,9.5033282074893854,8.4260844746023889,605.1898537827762539,7.1440375909818403,7.1368409123203227,-4.7523206268226836,670.8194659986395436,16.3196200852876103,20.6947567346704737,675.5717866254622095,8.5004563975994394,8.6041522463942179,0.0446519014065437,0.4514851300235132,-1.2509615429873575,664.9264043054639615,11.8682984525697126,12.4363997012319576,664.8817524040567832,9.9158670754245648,10.1352782672156536,-3.3496039221793312,694.7151870222428443,9.1721440096758968,10.1897292720318013,698.0647909444231800,5.6659128050105947,5.5378736604319077,-2.4718387070480801,-1.6399023800719879,807.7468571394125547,12.3911506375188925,13.2046533806826893,810.2186958464604913,8.5131838872102286,8.6179202579186533,-0.0337946133383432,-0.0135178453353371,659.5665789605113787,7.1037789676158178,8.0411890688989285,659.6003735738499927,6.9010112875855372,6.7548815987079669,516.8690988358351888,2.3028114397035537,2.7425643156717867,3.4924668314457121,510.9615362082955130,3.5006241215125100,3.7755604525316371,4.7818677027875740,546.9657818489171177,-5.2390432818076809,-3.8454922474291782,-3.7256575505962264,514.3593629836345826,6.1697493832649837,6.2732508951421764,5.5545875418130750,-1.7272786570413476,-5.9075626275385975,1.1978126818082213,1.2894008713403071,-1.7678429394069495,-4.1397196881315352,-0.2375040465490080,-0.2078021805001451,5.9628712842407712,30.0966830130820284,-7.5418547215078613,-7.2181243820431469,11.2966020026701717,18.8000810104112972,1.1768114809671011,1.0327082563271111,-2.6942788462510912,-2.5097358521997197,3.8669379435603588,2.0621207103676067,-6.0935829979641802,3.5838471457647398,-0.0235027468290716,-0.0277180885957588,2.8874813560361821,6.2625333290809131,7.1508612435122467,2.4869728765489962,0.1637435324110646,-0.5038746233889786,-0.9427935904968960,2.3232293441385181,8.0610810328911828,-0.4389189671088164,5.0651359459225525,-1.4004322293431322,4.8573337654224114,6.0978442022498340,5.0374178573267621,-0.9427935904968505,-0.9427935904968876,712.2234533498730116,3.8468623022500341,4.9096180599165820,713.0717930852098334,2.9884250830943064,2.1010619658673488,247.1262610417219605,3.2464907188019150,3.3752623676177773,2.3847324388711502,245.8752994987355862,0.7842435560749142,0.8483585253225437,0.7450313782711681,1.2509615429864411,850.3825541579491301,333.5134553221132023,12.7845187045965201,11.6277793454810361,-1.8783599391527153,0.2756865189356717,45.8643439001446112,2.9002525380655961,3.2475120104868913,2.8589507823213522,4.2018612984843564,-0.5228640000000000,496.1470939238417941,-7.6891555391449895,-2.7371196796130830,450.2827500236969627,-10.5894080772107806,-5.9846316900997918,-0.7432613922411526,451.0260114159387967,-0.5179424192020748,0.2568318246737714,440.5125148094753058,-0.3009907248201094,-6.5457522052686841,394.6481709093309860,-3.2012432628904870,-9.7932642157562491,-4.4933734911276693,399.1415444004587130,0.0881479650395015,0.9803153573520067,0.0000000000000000,0.0000000000000000,0.0000000000000000,0.0000000000000000,0.0000000000000000,0.0000000000000000,0.0000000000000000,0.0000000000000000,0.0000000000000000,0.0000000000000000,0.0000000000000000,0.0000000000000000,0.0000000000000000,0.0000000000000000,0.0000000000000000,0.0000000000000000,0.0000000000000000,0.0000000000000000,0.0000000000000000,0.0000000000000000,0.0000000000000000,0.0000000000000000,0.0000000000000000,0.0000000000000000,0.0000000000000000,0.0000000000000000,0.0000000000000000,0.0000000000000000,0.0000000000000000,0.0000000000000000,0.0000000000000000,0.0000000000000000,0.0000000000000000,0.0000000000000000,0.0000000000000000,0.0000000000000000,0.0000000000000000,0.0461511974550320,0.1326451808803496,-0.0027155566138571,-1.8435165060430556,-1.8135247417016227,0.0209654999999991,-0.4775824856572969,-0.4594597991668447,18.0000000000000000,,,,,,,,,,,,,,,,,,,,,,,,,,,,,,,,,,,,,,,,,,,,,,,,,,,,,,,,,,,,,,,,,,,,,,,,,,,,,,,,,,,,,,,,,,,,,,,,,,,,,,,,,,,,,,,,,,,,,,,,,,,,,,,,,,,,,,,,,,,,,,,,,,,,,,,,,,,,,,,,,,,,,1.3035826150717753,0.5554435239701263,3726.0395656203390899,607.7509545356487024,1068.1219040434775707,1742.3670298996908059,4793.7430411755867681,-14.0651077887325755,1353.2305702711150843,,,,,,4933.6065020066198485,15.0873301443011769,1.9679405533431282,,,,,,,,,,,,,,,,,,,,,,,192.0376645965840510,,,13.1915699243752869,14.1161420616826803,10.9715874718810653,11.2338418591720171,9.9695454663527840,8.7912633095742194,17.7267647947213334,22.9918082221701496,12.6012898187904483,13.2427996395773278,9.6059461334665741,10.7269741224562694,2.3295308473391998,3.5541696759804182,3.5626172345183846,4.8980433829266019,-5.1041709954494365,-3.6571088625793067,6.3640538233603792,5.7117511667920553,3.9218120322837251,5.0321366420414932,3.2997641715876540,3.4328706644538300,6.4627883872563388,2.5181560157642195,1239.2164125642987074,5.1504449173218099,4.4023058262201609,1.1723144623484576,17.0187433698915243,13.5744498358960577,14.3590911908620207,19.8202442068001190,13.9110255051991007,13.0039523290018959,1.3429105161630042,,,,
"2024Q4",12.1792356674342201,4.9821545893732884,18.6387453249014392,810.6910754665760805,661.3286612939295992,774.5668286457168961,674.4368105520212566,605.0809192178586500,667.7786567914696434,696.9279975760555317,517.5547399147528722,511.9054263214289904,546.0044087870613794,515.9276757074203488,6.2899117444317998,8.1049729296020665,713.0487888771444887,854.2987909686283956,0.3009467749358380,46.5790815957252704,4.2018612984843564,-0.4505669999999999,494.5614438187620294,440.9290305114263901,-2.8136224402516068,-4.7088967898541778,25.5978059693477924,5.2201750229878634,26.0149325271883853,5.2004961944270098,18.7122504841648407,0.0377177547416600,0.0196788285608538,-0.0735051592634022,812.3309778466475564,776.6726637076168345,606.9769635376087535,677.6810458468662546,667.3271716614453908,699.5008460625879252,5.0465239930246186,19.1143701618687984,3.5785590277281814,2.3481685786382243,246.0615573433034911,2.0909557692806127,2.3934078308356597,12.5031782374505536,-0.4548443125822100,4.9821545893732884,-1.6399023800720052,-2.1058350618990902,-1.8960443197502452,-3.2442352948447191,0.4514851300231431,-2.5728484865312673,-0.0135178453353360,1.6608868081370094,810.6910754665760805,12.6437087781954762,0.0000000000000000,-0.4366596683721053,12.1792356674342201,12.5031782374505536,0.1309017425658882,-0.4548443125822100,25.5978059693477924,26.0149325271883853,0.0377177547416600,-0.4548443125822100,5.2201750229878634,0.0196788285608538,5.2004961944270098,0.0000000000000000,18.6387453249014392,18.7122504841648407,-0.0735051592634022,0.0000000000000000,4.9821545893732884,-2.1058350618990902,-1.4377184082065757,774.5668286457168961,10.1323911732055922,10.4673796914481532,776.6726637076168345,7.0969710689325529,7.0859265185333884,-1.8960443197502452,-1.3164564233111862,605.0809192178586500,9.5976453194853359,9.1132797490043149,606.9769635376087535,7.1484390193308798,7.1416021746023679,-3.2442352948447191,674.4368105520212566,14.4693782135241023,17.8051065657791661,677.6810458468662546,8.4370368856179816,8.5355479419728812,0.4514851300231431,0.7562175463895020,-1.6608868081379990,667.7786567914696434,11.4090099440159687,12.0246472006587037,667.3271716614453908,9.7816770295514708,9.9901176617529455,-2.5728484865312673,696.9279975760555317,8.8512422152510606,9.5026404879290958,699.5008460625879252,5.7442204726581938,5.6225832853085169,-1.6399023800720052,-0.9593829723535037,810.6910754665760805,11.7768733086533697,12.6437087781954762,812.3309778466475564,8.4491280007477467,8.5486275529210900,-0.0135178453353360,-0.0054071381341349,661.3286612939295992,7.0483293336733208,7.3648414986354425,661.3421791392652267,6.9672222616609494,6.8503185105588926,517.5547399147528722,2.7425643156695418,3.5181571357579999,2.7576270750701348,511.9054263214289904,3.7755604525327806,4.2509308613641563,3.9245944721484127,546.0044087870613794,-3.8454922474287754,-1.2785390628121518,-4.3576926239801779,515.9276757074203488,6.2732508951416186,6.3104527760529852,5.9830157440832608,-0.9797445424304304,-5.6493135933228986,1.0329961368628129,1.1669673970764767,-1.4460778055325718,-4.2032357877902129,-0.2540643986334106,-0.2273327191895398,5.4152615131370556,28.4496688723085462,-6.5880565630954653,-7.1153196990515388,9.3352987104391385,19.1143701618687984,1.2571566058321881,1.1274637036560005,-1.3549616744378090,-1.6270642073316606,3.5306865794719378,3.2253886690129629,-5.2056232350595701,3.5785590277281814,-0.0211524721461640,-0.0249462797361911,4.7860802447234763,6.2899117444317998,7.1406281730296159,2.0389808830673668,-0.3091876955702740,-0.8835723109215049,-1.2785993813185781,2.3481685786382243,8.1049729296020665,-0.3950270703979340,5.0465239930246186,-0.8264445823616245,4.8191912738350844,6.1739876966807934,5.0215777132883943,-1.2785993813185133,-1.2785993813185550,713.0487888771444887,3.3013421090868160,4.2566670248614091,713.9559968245608843,2.3934078308356597,2.0909557692806127,247.7224441514404703,2.3847324388726552,3.2788691413955391,1.3249514585223252,246.0615573433034911,0.7450313782711687,0.8059405990564175,0.7077798093576101,1.6608868081370094,854.2987909686283956,336.7440510538751823,12.9223829270466837,12.3744525649960355,-1.8925510184126380,0.3009467749358380,46.5790815957252704,2.8589507823213545,2.9467965886804870,2.6841808795724114,4.2018612984843564,-0.4505669999999999,494.5614438187620294,-6.3426004203186093,-2.7371196796137314,447.9823622230366027,-9.2015512026402195,-5.6839162682939843,-2.8136224402516068,450.7959846632888343,-0.9201070105988294,-0.2470357944433900,440.9290305114263901,1.6660628078071475,-2.5999581680657848,394.3499489157014182,-1.1928879745183680,-5.5467547567469566,-4.7088967898541778,399.0588457055556546,-0.3307947796124173,0.4012760900667175,0.0000000000000000,0.0000000000000000,0.0000000000000000,0.0000000000000000,0.0000000000000000,0.0000000000000000,0.0000000000000000,0.0000000000000000,0.0000000000000000,0.0000000000000000,0.0000000000000000,0.0000000000000000,0.0000000000000000,0.0000000000000000,0.0000000000000000,0.0000000000000000,0.0000000000000000,0.0000000000000000,0.0000000000000000,0.0000000000000000,0.0000000000000000,0.0000000000000000,0.0000000000000000,0.0000000000000000,0.0000000000000000,0.0000000000000000,0.0000000000000000,0.0000000000000000,0.0000000000000000,0.0000000000000000,0.0000000000000000,0.0000000000000000,0.0000000000000000,0.0000000000000000,0.0000000000000000,0.0000000000000000,0.0000000000000000,0.0418014471363063,0.1426962059452818,0.1110799284433176,-2.3528003770620871,-1.4287341413309749,0.0200105999999994,-0.4539588333169629,-0.4101279481479674,19.0000000000000000,,,,,,,,,,,,,,,,,,,,,,,,,,,,,,,,,,,,,,,,,,,,,,,,,,,,,,,,,,,,,,,,,,,,,,,,,,,,,,,,,,,,,,,,,,,,,,,,,,,,,,,,,,,,,,,,,,,,,,,,,,,,,,,,,,,,,,,,,,,,,,,,,,,,,,,,,,,,,,,,,,,,,1.3036444708380941,0.6225543317937934,3857.8721306233865107,628.4133799405635727,1111.7516868464911113,1798.9126470984388106,4969.2510562854613454,-13.8282600832328182,1416.3839298643197253,,,,,,5130.6514052592165172,15.6649472427170622,2.6061672376604634,,,,,,,,,,,,,,,,,,,,,,,198.1420237038122139,,,12.4983909723985533,13.4778057525740422,10.6635035787470969,11.0348352215562784,10.0733144939942179,9.5414463891342791,15.5685624494262527,19.4886337333676209,12.0853108572381416,12.7774782240461775,9.2547824321883070,9.9687891868788086,2.7805187916540035,2.7960015399455500,3.8477402684520285,4.0026241161982341,-3.7724919258136822,-4.2641094762482084,6.4741992184025747,6.1656216823141108,3.3564410710094279,4.3485623500567669,2.4133945677631488,3.3332164211324624,6.4919402021255053,2.0599101038503989,1249.4864286250015084,4.6049865799249101,3.9238964408806094,2.1064624020943516,16.0139965239408788,12.7751386561316700,14.3830405463138327,18.2449386660568820,13.9079516257383737,13.3732057720181174,1.5176804189119451,,,,
"2025Q1",12.2824226225243525,4.9910772946866437,18.6874220482350495,813.4686636014469059,663.0918197613611937,777.0108767552546851,677.6761476139602109,607.4486622083628617,670.4969383293291685,699.0778907947180869,518.4342791986921384,512.9681590367704302,545.6847740213601128,517.5052889014335733,6.3906776900600493,8.1444756366418609,713.7717142372241597,858.3882248354525473,0.3323875592920164,47.2501268156186853,3.9618605436091641,-0.3857619999999999,496.6504211252898813,441.5154001328996856,-1.0823912790481243,-4.6286702391885779,25.7178606903855211,5.2519839803738941,26.0141859008289664,5.2404713847056579,18.7351279793231953,0.0220658083641340,0.0115125956682319,-0.0477059310881353,814.4280465737998611,778.4485951634617322,608.7651186316741132,679.7752429341745710,669.7407207829392064,700.9554992518189920,5.0297732354164779,19.4467369664209500,3.5737997214952761,2.3684890112422821,246.2385022956430021,2.0818601923525502,2.0316241157455761,12.5195293062114299,-0.3183910188075465,4.9910772946866437,-0.9593829723534935,-1.4377184082064076,-1.3164564233111673,-2.0990953202141611,0.7562175463891667,-1.8776084571004970,-0.0054071381341328,1.8151797204289277,813.4686636014469059,12.0578731531737997,0.0000000000000000,-0.3020399500466631,12.2824226225243525,12.5195293062114299,0.0812843351204714,-0.3183910188075465,25.7178606903855211,26.0141859008289664,0.0220658083641340,-0.3183910188075466,5.2519839803738941,0.0115125956682319,5.2404713847056579,0.0000000000000000,18.6874220482350495,18.7351279793231953,-0.0477059310881353,0.0000000000000000,4.9910772946866437,-1.4377184082064076,-0.8723881858254477,777.0108767552546851,9.7761924381552294,10.2303114562975654,778.4485951634617322,7.1037258233840559,7.0932335005047840,-1.3164564233111673,-0.8039806605250058,607.4486622083628617,9.4709719620204336,9.4168337063188225,608.7651186316741132,7.1526203762624672,7.1461253737704018,-2.0990953202141611,677.6761476139602109,12.9573482477533872,15.6049052145015317,679.7752429341745710,8.3767883492353103,8.4703738527725267,0.7562175463891667,0.9534930670704844,-1.8151797204298450,670.4969383293291685,10.8731261514326949,11.5988816283458416,669.7407207829392064,9.6541964859720313,9.8522150865636586,-1.8776084571004970,699.0778907947180869,8.5995728746474107,9.0595757310023881,700.9554992518189920,5.8186127569234127,5.7030574289412446,-0.9593829723534935,-0.4249112960316417,813.4686636014469059,11.1103525394824452,12.0578731531737997,814.4280465737998611,8.3882749086085937,8.4827994831731814,-0.0054071381341328,-0.0021628552536537,663.0918197613611937,7.0526338697266651,7.1324772352704864,663.0972268994955812,7.0201910409212793,6.9266680400397007,518.4342791986921384,3.5181571357563333,3.9994486220447700,2.7702484046684610,512.9681590367704302,4.2509308613652950,4.7788352379179333,3.8040877824348787,545.6847740213601128,-1.2785390628117514,-0.8240229660145437,-3.7690630065559088,517.5052889014335733,6.3104527760524727,6.3200204876740074,6.1775567418897630,-0.4044704337972151,-5.4661201619206299,0.7327737256091185,1.0338393777645178,-1.1956421952526171,-4.2704779666678805,-0.2689687155093712,-0.2449102040099916,4.8681025105341282,27.2504948226677008,-4.7966961985649448,-6.5393114112259783,7.8037578562462073,19.4467369664209500,1.3294672182107665,1.2127436062519945,13.3914630890696174,-0.9289902972575571,2.7922956402961421,3.4073083372212523,-4.5027900187525578,3.5737997214952761,-0.0190372249315473,-0.0224516517625825,5.4389402037795715,6.3906776900600493,7.1292935311495720,1.6118424521418024,-0.7566465590998863,-1.1760253516798329,-1.5315497150371142,2.3684890112422821,8.1444756366418609,-0.3555243633581397,5.0297732354164779,-0.2873509282135623,4.7848630314064922,6.2425168416686443,5.0073215836538640,-1.5315497150370319,-1.5315497150370667,713.7717142372241597,2.8917014403192711,3.6466933551384866,714.7185308003211048,2.0316241157455761,2.0818601923525502,248.0536820160718605,1.3249514585244795,2.6945625012155263,0.5231111234920607,246.2385022956430021,0.7077798093576101,0.7656435691035641,0.6723908188897296,1.8151797204289277,858.3882248354525473,339.9539456367595562,12.8395783315370196,12.7212323903526947,-1.9053229897465684,0.3323875592920164,47.2501268156186853,2.6841808795724131,2.8519569285101842,2.7053821353748333,3.9618605436091641,-0.3857619999999999,496.6504211252898813,8.3559092261119350,-1.1060947359427402,449.4002943096709259,5.6717283465388686,-3.9580516644526895,-1.0823912790481243,450.4826855887197326,-1.2531962982753608,-0.6840225246713912,441.5154001328996856,2.3454784858962299,0.0215273081691747,394.2652733172813555,-0.3387023936805118,-2.8304296203416892,-4.6286702391885779,398.8939435564699920,-0.6596085963428104,-0.0734505848938919,0.0000000000000000,0.0000000000000000,0.0000000000000000,0.0000000000000000,0.0000000000000000,0.0000000000000000,0.0000000000000000,0.0000000000000000,0.0000000000000000,0.0000000000000000,0.0000000000000000,0.0000000000000000,0.0000000000000000,0.0000000000000000,0.0000000000000000,0.0000000000000000,0.0000000000000000,0.0000000000000000,0.0000000000000000,0.0000000000000000,0.0000000000000000,0.0000000000000000,0.0000000000000000,0.0000000000000000,0.0000000000000000,0.0000000000000000,0.0000000000000000,0.0000000000000000,0.0000000000000000,0.0000000000000000,0.0000000000000000,0.0000000000000000,0.0000000000000000,0.0000000000000000,0.0000000000000000,0.0000000000000000,0.0000000000000000,0.0494975908523284,0.0009677077917340,-0.1289208264318742,0.6620546339078713,-1.1911755825950245,0.0197482999999995,-0.4250999887364156,-0.3618932946916338,20.0000000000000000,,,,,,,,,,,,,,,,,,,,,,,,,,,,,,,,,,,,,,,,,,,,,,,,,,,,,,,,,,,,,,,,,,,,,,,,,,,,,,,,,,,,,,,,,,,,,,,,,,,,,,,,,,,,,,,,,,,,,,,,,,,,,,,,,,,,,,,,,,,,,,,,,,,,,,,,,,,,,,,,,,,,,1.3776332241488944,0.7354213661789402,3995.5593351983729917,650.3449765726093119,1154.6450950444057071,1854.7485542959193481,5155.6781007728177428,-13.5792701865263989,1478.6474624352963474,,,,,,5344.8151992605762644,16.3577354672966067,3.6214535833329675,,,,,,,,,,,,,,,,,,,,,,,204.4602659241550668,,,11.7510591591415903,12.8149558412114857,10.2700227816803249,10.7719186662485100,9.9339692061620042,9.8744689804557026,13.8342756635560136,16.8883537928467717,11.4862703565251252,12.2983312935972720,8.9801673475947297,9.4826340247607703,3.5807764748339679,2.8089765809079239,4.3425769175832443,3.8773694819251006,-1.2704004740717352,-3.6989178594129726,6.5138169920181355,6.3723583706688913,2.9339170605314564,3.7140008913932689,1.3337678349009110,2.7311941170452485,6.5993018956165059,1.6249027084925416,1258.5520121071274389,4.2693346644681656,3.6271228064982113,3.4594833130491680,15.1424608159008613,12.2266956811456211,14.7318061228154136,17.2082791091186813,14.0271232995205253,13.7219028233857294,1.2564784082343308,,,,
"2025Q2",12.3527598263658067,4.9955386473433219,18.7311627770878601,816.0857513955380682,664.8607055603240497,779.3537426876628160,680.6106014159183815,609.7502861374860004,673.0774863424037449,701.1533142266330287,519.4341413542030068,514.1628678462506059,545.4787682798580590,519.0852940233522759,6.5344996571288698,8.1800280729776755,714.4208552937338936,862.5420345165006211,0.3545990086679894,47.9264723494626992,3.4881720675475569,-0.3271579999999998,496.9632880726858275,442.1053723313918340,-1.0648087809127560,-4.4875271427586076,25.8003758524309283,5.2835467510227421,26.0134766057875204,5.2784478154703738,18.7577766995299662,0.0097729598087283,0.0050989355523692,-0.0266139224420965,816.5106626915691095,780.2261308734888416,610.5542667980106444,681.8551309940922920,672.1239932753329640,702.4278206085630245,5.0146975535691505,19.7953736587582796,3.5695163458856589,2.3852874510625388,246.4066000003655574,2.0736741731172939,1.8669617866438408,12.5341477217279245,-0.2228737131652823,4.9955386473433219,-0.4249112960316132,-0.8723881858252676,-0.8039806605249686,-1.2445295781735610,0.9534930670702225,-1.2745063819292428,-0.0021628552536526,1.7778597965804321,816.0857513955380682,11.4366819155050266,0.0000000000000000,-0.2082552976487808,12.3527598263658067,12.5341477217279245,0.0414858178031661,-0.2228737131652823,25.8003758524309283,26.0134766057875204,0.0097729598087283,-0.2228737131652823,5.2835467510227421,0.0050989355523692,5.2784478154703738,0.0000000000000000,18.7311627770878601,18.7577766995299662,-0.0266139224420965,0.0000000000000000,4.9955386473433219,-0.8723881858252676,-0.4149496646239411,779.3537426876628160,9.3714637296372523,9.9226121811694608,780.2261308734888416,7.1101428401129843,7.1001751333776779,-0.8039806605249686,-0.3776362758419296,609.7502861374860004,9.2064957164948442,9.4446103013700942,610.5542667980106444,7.1565926653474747,7.1504224129798057,-1.2445295781735610,680.6106014159183815,11.7378152078299731,13.8710404386006356,681.8551309940922920,8.3195522396717756,8.4084584680322756,0.9534930670702225,1.0494662778185171,-1.7778597965813481,673.0774863424037449,10.3221920522931914,11.1181566500833728,672.1239932753329640,9.5330899695715647,9.7212076401339083,-1.2745063819292428,701.1533142266330287,8.3016937276583906,8.7311632068101623,702.4278206085630245,5.8892854269753707,5.7795078653923131,-0.4249112960316132,-0.0279330113857281,816.0857513955380682,10.4683511763637167,11.4366819155050266,816.5106626915691095,8.3304644710765352,8.4202628169128086,-0.0021628552536526,-0.0008651421014612,664.8607055603240497,7.0755431958518562,7.0700713417167114,664.8628684155779638,7.0625660643295429,6.9877476636242335,519.4341413542030068,3.9994486220429484,4.3986447928487387,3.1407453782937216,514.1628678462506059,4.7788352379191306,5.2626199773620934,4.0764876683349804,545.4787682798580590,-0.8240229660142482,-0.6742179148883740,-2.7967743895087604,519.0852940233522759,6.3200204876735286,6.3316162952773531,6.2683683855339902,0.0156429224906060,-5.2712735079516460,0.7793866158759633,0.9357422900390782,-0.9301998911088888,-4.3410736168426443,-0.2823826006977436,-0.2607299403484044,4.6295555425254520,26.0446269256548710,-4.8234715880526409,-5.9375197678040434,6.2492532668960514,19.7953736587582796,1.3945467693514875,1.2894955185883923,6.3768149051173664,-0.3488473308499991,2.3205718656301868,3.1276230072399427,-3.9183636767353329,3.5695163458856589,-0.0171335024383922,-0.0202064865863320,5.4593770265100297,6.5344996571288698,7.1176024039341312,1.2718796797665095,-1.1134077712954527,-1.3593937577829007,-1.6793656848043617,2.3852874510625388,8.1800280729776755,-0.3199719270223251,5.0146975535691505,0.1543347613507783,4.7539676132207500,6.3041930721577151,4.9944910669827900,-1.6793656848042802,-1.6793656848043215,714.4208552937338936,2.5965642260402899,3.1591175194229719,715.3936210872451511,1.8669617866438408,2.0736741731172939,248.1844597969458164,0.5231111234951156,1.8698214349245101,-0.0939564084097979,246.4066000003655574,0.6723908188897294,0.7273613906483598,0.6387712779452429,1.7778597965804321,862.5420345165006211,343.1078931622965911,12.6157901021473240,12.7905675163322421,-1.9168177639471060,0.3545990086679894,47.9264723494626992,2.7053821353748355,2.7871915838346282,2.7226351317215376,3.4881720675475569,-0.3271579999999998,496.9632880726858275,1.2514677895843516,-1.1060947359424060,449.0368157232229009,-1.4539143457906323,-3.8932863197767849,-1.0648087809127560,450.1016245041363391,-1.5242443383326696,-1.0538725166031890,442.1053723313918340,2.3598887939714324,1.5176098407108138,394.1788999819294759,-0.3454933414076828,-1.2695817431245369,-4.4875271427586076,398.6664271246881412,-0.9100657271274538,-0.4530802845108347,0.0000000000000000,0.0000000000000000,0.0000000000000000,0.0000000000000000,0.0000000000000000,0.0000000000000000,0.0000000000000000,0.0000000000000000,0.0000000000000000,0.0000000000000000,0.0000000000000000,0.0000000000000000,0.0000000000000000,0.0000000000000000,0.0000000000000000,0.0000000000000000,0.0000000000000000,0.0000000000000000,0.0000000000000000,0.0000000000000000,0.0000000000000000,0.0000000000000000,0.0000000000000000,0.0000000000000000,0.0000000000000000,0.0000000000000000,0.0000000000000000,0.0000000000000000,0.0000000000000000,0.0000000000000000,0.0000000000000000,0.0000000000000000,0.0000000000000000,0.0000000000000000,0.0000000000000000,0.0000000000000000,0.0000000000000000,0.0421547029334939,0.1619848857933091,-0.3746085853620479,-0.3937261879029166,-1.1085978681509419,0.0200277999999995,-0.3963676698848459,-0.3164179904189235,21.0000000000000000,,,,,,,,,,,,,,,,,,,,,,,,,,,,,,,,,,,,,,,,,,,,,,,,,,,,,,,,,,,,,,,,,,,,,,,,,,,,,,,,,,,,,,,,,,,,,,,,,,,,,,,,,,,,,,,,,,,,,,,,,,,,,,,,,,,,,,,,,,,,,,,,,,,,,,,,,,,,,,,,,,,,,1.3277397832615918,0.7707025138001882,4139.4350850798437023,673.4853763353218028,1196.5103276634765734,1909.6529763865646601,5349.0094252578292071,-13.3322376542403198,1540.9812969650324703,,,,,,5571.5041712604670465,16.6152387241922952,4.2567442025973383,,,,,,,,,,,,,,,,,,,,,,,210.9431049310181834,,,11.0359139134711342,12.1163313642969683,9.8246302662616785,10.4315981258944532,9.6436041144477826,9.9049926057847699,12.4544598173237659,14.8791366885660921,10.8737433367085004,11.7597806757100614,8.6560211763219144,9.1236691083134360,4.0805035407025940,3.1905872191638593,4.8948624348441570,4.1607170619049327,-0.8206372029758739,-2.7580267231708717,6.5240084143997024,6.4690007323054033,2.6305686324163986,3.2095472811111989,0.5244817386372773,1.8874120626444011,6.7527254103967920,1.2800024702081458,1266.7483640964437654,3.9243040093018817,3.3672667398404781,4.3398542509212019,14.2464960615950726,11.6689604674988683,14.7250953789610541,16.5166504457491037,14.1502989675563828,13.9853309544139748,0.7655369358260193,,,,
"2025Q3",12.4022327923089346,4.9977693236716609,18.7700614640688279,818.5516158190390570,666.6361197942402441,781.5902409603646674,683.2959188513938216,611.9667221071631502,675.5279692479006144,703.1503580140014265,520.5338025524150680,515.4785228405916087,545.3102138011373654,520.6681980971718531,6.6970375972775242,8.2120252656799071,715.0323624030427254,866.7184158561263985,0.3692006974112303,48.6071311323933912,3.0526512154258021,-0.2737179999999999,495.0409991878989899,442.6995363594584774,-3.2337671713881382,-4.3005874357318685,25.8574336355442718,5.3148606208334703,26.0128027754981446,5.3145254246968543,18.7801989325346668,0.0006424592618760,0.0003351961366192,-0.0101374684658393,818.5795488304244145,782.0051906249891545,612.3443583830048738,683.9214254779884641,674.4785029700816494,703.9169267244443517,5.0011294399065562,20.1586532501022724,3.5656613078370016,2.3994214698535457,246.5662928198520092,2.0663067558055630,1.8616986084692564,12.5471292676603294,-0.1560115992156973,4.9977693236716609,-0.0279330113857866,-0.4149496646237777,-0.3776362758419184,-0.6255066265941476,1.0494662778181916,-0.7665687104421608,-0.0008651421014618,1.5946778749922945,818.5516158190390570,10.8047586796264845,0.0000000000000000,-0.1430300532832865,12.4022327923089346,12.5471292676603294,0.0111151238643072,-0.1560115992156973,25.8574336355442718,26.0128027754981446,0.0006424592618760,-0.1560115992156973,5.3148606208334703,0.0003351961366192,5.3145254246968543,0.0000000000000000,18.7700614640688279,18.7801989325346668,-0.0101374684658393,0.0000000000000000,4.9977693236716609,-0.4149496646237777,-0.0638222843098191,781.5902409603646674,8.9459930908113616,9.5565101079504231,782.0051906249891545,7.1162390060054657,7.1067696846067916,-0.3776362758419184,-0.0444572086074064,611.9667221071631502,8.8657438787111715,9.2852142191757601,612.3443583830048738,7.1603663399782320,7.1545046002287744,-0.6255066265941476,683.2959188513938216,10.7412697418990479,12.4764528527532015,683.9214254779884641,8.2651779355853350,8.3496388525290346,1.0494662778181916,1.0599724001294000,-1.5946778749931831,675.5279692479006144,9.8019316219814954,10.6015649424370189,674.4785029700816494,9.4180387789911197,9.5967505660257721,-0.7665687104421608,703.1503580140014265,7.9881751494723110,8.4351709917597262,703.9169267244443517,5.9564244635247308,5.8521357800207827,-0.0279330113857866,0.2469290501337152,818.5516158190390570,9.8634576940036069,10.8047586796264845,818.5795488304244145,8.2755445554205895,8.3608529839654278,-0.0008651421014618,-0.0003460568405844,666.6361197942402441,7.1016569356654156,7.0695408337291044,666.6369849363419462,7.0964660830561543,7.0366113624918833,520.5338025524150680,4.3986447928475725,4.9640670920060090,3.6647037165793543,515.4785228405916087,5.2626199773632010,5.6526633451434813,4.5169866322976766,545.3102138011373654,-0.6742179148879777,0.9863148226261624,-1.6555680477792285,520.6681980971718531,6.3316162952768318,6.3521738312391722,6.3088351135371674,0.2965891658896151,-5.0552797118225454,0.8639751845164383,0.8522829157161115,-0.6405923206376340,-4.4146873911847857,-0.2944550973672600,-0.2749677030529730,4.5298922910124304,24.7764112487223258,-5.0728627077315673,-5.3202717643599788,4.6177579986194761,20.1586532501022724,1.4531183653781368,1.3585722396911446,-2.3983678081425124,0.1343955447573972,1.9329715024295451,2.6441313969571181,-3.4312657630792733,3.5656613078370016,-0.0154201521945524,-0.0181858379277054,5.5566860642973142,6.6970375972775242,7.1060958123930318,1.0443742521337549,-1.3550472177192021,-1.4319479033654710,-1.7199226376846672,2.3994214698535457,8.2120252656799071,-0.2879747343200920,5.0011294399065562,0.4933602955106304,4.7261617368535918,6.3597016795978707,4.9829436019788220,-1.7199226376846148,-1.7199226376846461,715.0323624030427254,2.4460284372361460,2.8089090531693546,716.0112121383198200,1.8616986084692564,2.0663067558055630,248.1609706948441669,-0.0939564084078668,1.0347096531220545,-0.4810358479267357,246.5662928198520092,0.6387712779452428,0.6909933211159165,0.6068327140479807,1.5946778749922945,866.7184158561263985,346.1846133037102504,12.3068805656542697,12.6711579815967692,-1.9271630607275898,0.3692006974112303,48.6071311323933912,2.7226351317215398,2.7427872322485931,2.7319821696711273,3.0526512154258021,-0.2737179999999999,495.0409991878989899,-7.6891555391468032,-1.1060947359428626,446.4338680555053429,-10.4117906708686601,-3.8488819681912974,-3.2337671713881382,449.6676352268941628,-1.7359571089676378,-1.3583761890446013,442.6995363594584774,2.3766561122692593,2.1870215499832941,394.0924052270653988,-0.3459790194564949,-0.5557656822659993,-4.3005874357318685,398.3929926627972691,-1.0937378475635331,-0.7485517376615494,0.0000000000000000,0.0000000000000000,0.0000000000000000,0.0000000000000000,0.0000000000000000,0.0000000000000000,0.0000000000000000,0.0000000000000000,0.0000000000000000,0.0000000000000000,0.0000000000000000,0.0000000000000000,0.0000000000000000,0.0000000000000000,0.0000000000000000,0.0000000000000000,0.0000000000000000,0.0000000000000000,0.0000000000000000,0.0000000000000000,0.0000000000000000,0.0000000000000000,0.0000000000000000,0.0000000000000000,0.0000000000000000,0.0000000000000000,0.0000000000000000,0.0000000000000000,0.0000000000000000,0.0000000000000000,0.0000000000000000,0.0000000000000000,0.0000000000000000,0.0000000000000000,0.0000000000000000,0.0000000000000000,0.0000000000000000,0.0358776292633201,0.1622768774980752,-0.3601253852252755,-2.5735857272222216,-1.0246926215180814,0.0207241999999995,-0.3641372044682361,-0.2746786931488236,22.0000000000000000,,,,,,,,,,,,,,,,,,,,,,,,,,,,,,,,,,,,,,,,,,,,,,,,,,,,,,,,,,,,,,,,,,,,,,,,,,,,,,,,,,,,,,,,,,,,,,,,,,,,,,,,,,,,,,,,,,,,,,,,,,,,,,,,,,,,,,,,,,,,,,,,,,,,,,,,,,,,,,,,,,,,,1.2778463423743176,0.8059836614214646,4289.1168887795256524,697.6985916034768707,1237.6615790846753953,1964.0761967899325100,5548.1475431126427793,-13.0929217736289907,1603.8855332954653932,,,,,,5809.1187404773208982,16.7055253585031096,4.7576248738512117,,,,,,,,,,,,,,,,,,,,,,,217.5595316021941414,,,10.3662921979517506,11.4100760610958929,9.3583513536158023,10.0280449147405619,9.2706273419106822,9.7299478977000717,11.3393654363708123,13.2881660344328196,10.2984090385880762,11.1839276015046210,8.3158978171765625,8.8011490955105529,4.4968193308788216,3.7326818400212858,5.4035572736082855,4.6205559907206180,-0.6719501652910651,-1.6419388372463715,6.5363614496700251,6.5120939718634077,2.4761891237303075,2.8487308821114112,-0.0939122831950243,1.0400812843964786,6.9263801805436600,1.0498468749887024,1274.5183532052158171,3.7238747796104636,3.2520120986576107,5.0160623974113978,13.5258064015919590,11.2401872481299208,14.6210825678548186,16.0038897192622471,14.2086130681745626,14.1283638560743725,0.3206690457546748,,,,
"2025Q4",12.4386797809933718,4.9988846618358309,18.8044313729861585,820.8823205394454590,668.4175354040104367,783.7218759315784382,685.7798601624729145,614.0908890071168571,677.8656604071971969,705.0655977258172697,521.7748193254165017,516.8916886768778340,545.5567925067954320,522.2562415549820116,6.8602153775103965,8.2408227391119180,715.6422737349301997,870.9487733347899621,0.3775905754888955,49.2901266748114750,2.8503770464534250,-0.2246069999999999,493.4553490828194526,443.2976120591074505,-5.0296636608522931,-4.0800463346239999,25.8972751491191353,5.3458360048603977,26.0121626367232395,5.3487991534620107,18.8023969432093203,-0.0056793681530721,-0.0029631486016145,0.0020344297768462,820.6353914893114734,783.7856982158889423,614.1353462157240983,685.9748060646643353,676.8056880070673742,705.4219783615061488,4.9889181376102227,20.5351114505522574,3.5621917735932085,2.4115601585705884,246.7180009983641185,2.0596760802250054,1.9648340113834504,12.5585648469759246,-0.1092081194509877,4.9988846618358309,0.2469290501337251,-0.0638222843096516,-0.0444572086073915,-0.1949459021909373,1.0599724001290998,-0.3563806356878251,-0.0003460568405835,1.3227107344993310,820.8823205394454590,10.1912450728696342,0.0000000000000000,-0.0977725401353842,12.4386797809933718,12.5585648469759246,-0.0106769465315618,-0.1092081194509877,25.8972751491191353,26.0121626367232395,-0.0056793681530721,-0.1092081194509877,5.3458360048603977,-0.0029631486016145,5.3487991534620107,0.0000000000000000,18.8044313729861585,18.8023969432093203,0.0020344297768462,0.0000000000000000,4.9988846618358309,-0.0638222843096516,0.1883468202657325,783.7218759315784382,8.5265398848597656,9.1550472858640255,783.7856982158889423,7.1220303636033231,7.1130345082745112,-0.0444572086073915,0.1976106292885421,614.0908890071168571,8.4966675998168366,9.0099697892587027,614.1353462157240983,7.1639513308774516,7.1583826781153848,-0.1949459021909373,685.7798601624729145,9.9357652443150446,11.3430496104506435,685.9748060646643353,8.2135223467043730,8.2937602178008660,1.0599724001290998,1.0060735217668249,-1.3227107345001872,677.8656604071971969,9.3507646371808857,10.0870036157277809,676.8056880070673742,9.3087401479396981,9.4785163456228876,-0.3563806356878251,705.0655977258172697,7.6609588472633527,8.1376001497628625,705.4219783615061488,6.0202065482466232,5.9211322989178345,0.2469290501337251,0.4196354920022317,820.8823205394454590,9.3228188816253770,10.1912450728696342,820.6353914893114734,8.2233706355476084,8.3044136426654234,-0.0003460568405835,-0.0001384227362338,668.4175354040104367,7.1256624390813155,7.0888741100810799,668.4178814608512766,7.1235860980374435,7.0757023215859798,521.7748193254165017,4.9640670920043268,5.6075287219176904,4.2200794106631134,516.8916886768778340,5.6526633451446306,5.9276550775437169,4.9862623554505037,545.5567925067954320,0.9863148226265748,3.7038701695842753,-0.4476162802653040,522.2562415549820116,6.3521738312386109,6.3797930117996717,6.3285658475612916,0.4620853870066585,-4.8831306485374562,0.6885962531403935,0.7661829447855097,-0.3921131712597568,-4.4910174772775751,-0.3053203443698476,-0.2877816894870858,4.5647947831740163,23.7819731813790156,-3.9777522693748510,-4.6676956909298513,3.2468617308261392,20.5351114505522574,1.5058328018021201,1.4207412886836319,-0.8076380285094924,0.4814222295662197,1.3881067392350250,2.1084864368977674,-3.0807695440267158,3.5621917735932085,-0.0138781369750967,-0.0163672541349397,5.7384013950051447,6.8602153775103965,7.0951579518111529,0.9325602999664003,-1.4789998586035846,-1.4036871559420909,-1.6628644168293198,2.4115601585705884,8.2408227391119180,-0.2591772608880822,4.9889181376102227,0.7367654732061011,4.7011364481231448,6.4096594262940219,4.9725508834752530,-1.6628644168292246,-1.6628644168292752,715.6422737349301997,2.4396453275508048,2.5934848577855281,716.6046256138042736,1.9648340113834504,2.0596760802250054,248.0407117328632864,-0.4810358479245729,0.3182675814226390,-0.6310411941435371,246.7180009983641185,0.6068327140479802,0.6564436550601483,0.5764910783455816,1.3227107344993310,870.9487733347899621,349.1739540093725509,11.9573628226486139,12.4299029554970559,-1.9364738278300251,0.3775905754888955,49.2901266748114750,2.7319821696711299,2.7110450790860239,2.7723372170876295,2.8503770464534250,-0.2246069999999999,493.4553490828194526,-6.3426004203179458,-1.1060947359426876,444.1652224080077644,-9.0745825899891592,-3.8171398150285878,-5.0296636608522931,449.1948860688606828,-1.8909966321329985,-1.6010985944281795,443.2976120591074505,2.3923027985988008,2.3685815476811745,394.0074853842963307,-0.3396793710765578,-0.3424635314054746,-4.0800463346239999,398.0875317189203315,-1.2218437755078442,-0.9713139866354483,0.0000000000000000,0.0000000000000000,0.0000000000000000,0.0000000000000000,0.0000000000000000,0.0000000000000000,0.0000000000000000,0.0000000000000000,0.0000000000000000,0.0000000000000000,0.0000000000000000,0.0000000000000000,0.0000000000000000,0.0000000000000000,0.0000000000000000,0.0000000000000000,0.0000000000000000,0.0000000000000000,0.0000000000000000,0.0000000000000000,0.0000000000000000,0.0000000000000000,0.0000000000000000,0.0000000000000000,0.0000000000000000,0.0000000000000000,0.0000000000000000,0.0000000000000000,0.0000000000000000,0.0000000000000000,0.0000000000000000,0.0000000000000000,0.0000000000000000,0.0000000000000000,0.0000000000000000,0.0000000000000000,0.0000000000000000,0.0305419199223387,0.1578215183703017,-0.1486547446819856,-3.0247280145916404,-0.9406175065397329,0.0217391999999998,-0.3286352340621251,-0.2374797127006634,23.0000000000000000,,,,,,,,,,,,,,,,,,,,,,,,,,,,,,,,,,,,,,,,,,,,,,,,,,,,,,,,,,,,,,,,,,,,,,,,,,,,,,,,,,,,,,,,,,,,,,,,,,,,,,,,,,,,,,,,,,,,,,,,,,,,,,,,,,,,,,,,,,,,,,,,,,,,,,,,,,,,,,,,,,,,,1.2279529014870434,0.8412648090427410,4443.8844335738822338,722.8202104643063421,1278.6050552232093196,2018.5444419343407390,5756.5924269066244960,-12.8537741051913734,1667.6245940543144570,,,,,,6060.1372865193643520,16.9214299146542544,5.4298255463572138,,,,,,,,,,,,,,,,,,,,,,,224.4107687640731399,,,9.7712192337000801,10.7286525355783908,8.9006049300477912,9.5872087093632246,8.8680786893371391,9.4283376013464988,10.4461242190207741,12.0114033898046273,9.8018999170721628,10.6132875142379817,7.9620497815858613,8.4778698310082916,5.0893411960738746,4.3103906841193975,5.8154796739334813,5.1126686409043316,0.9911949385126348,-0.4466159716647837,6.5582649518204335,6.5331116632327451,2.4696481649376949,2.6274083079255206,-0.4798807234195266,0.3187745904286317,7.1010027080404399,0.9369221920793933,1282.3155388570989999,3.6675982290378482,3.2809101365935458,5.8703823756870550,13.0183628662187338,10.9418689838568994,14.7526444279825917,15.5884285894596744,14.1792032300043971,14.1493309449614664,0.0780398293657956,,,,
"2026Q1",12.4670190491011095,4.9994423309179155,18.8347617257390638,823.0984783342312312,670.2040635656204586,785.7559280744831085,688.1044104797051659,616.1247961130701469,680.1129881409459585,706.8981582901191132,523.1767015058953803,518.3736024462643854,546.4827600491928479,523.8511898079320872,7.0120571063226276,8.2667404652007264,716.2733429015095226,875.2511679444406809,0.3764197613542707,49.9832109790836938,2.8503770464534246,-0.1791490000000000,496.4502208582229059,443.8987860323519499,-2.2285143582820974,-3.8456729207641160,25.9254572049553076,5.3763235698848728,26.0115545048870800,5.3813591957889093,18.8243729737772298,-0.0096516163160501,-0.0050356259040367,0.0103887519618341,822.6788428422286188,785.5675812542182257,615.9271854837818410,688.0159184489809832,679.1069146191783830,706.9421782436894546,4.9779279655435218,20.9234303991976311,3.5590691927737925,2.4222259966308073,246.8621237679506351,2.0537084722025036,2.1210885145762970,12.5685407268987586,-0.0764456836156911,4.9994423309179155,0.4196354920022373,0.1883468202659221,0.1976106292885792,0.0884920307249751,1.0060735217665491,-0.0440199535694779,-0.0001384227362320,1.0208276663778002,823.0984783342312312,9.6298147327848120,0.0000000000000000,-0.0664698036928515,12.4670190491011095,12.5685407268987586,-0.0250759941819472,-0.0764456836156911,25.9254572049553076,26.0115545048870800,-0.0096516163160501,-0.0764456836156911,5.3763235698848728,-0.0050356259040367,5.3813591957889093,0.0000000000000000,18.8347617257390638,18.8243729737772298,0.0103887519618341,0.0000000000000000,4.9994423309179155,0.1883468202659221,0.3522998569219833,785.7559280744831085,8.1362085716237953,8.7450513192307415,785.5675812542182257,7.1275321533212876,7.1189860907588960,0.1976106292885792,0.3560756360963562,616.1247961130701469,8.1356284238170975,8.6761339047078412,615.9271854837818410,7.1673570722317104,7.1620668521077677,0.0884920307249751,688.1044104797051659,9.2982012689281603,10.4282628657440046,688.0159184489809832,8.1644495372672736,8.2406755148091975,1.0060735217665491,0.9088834544392861,-1.0208276663788121,680.1129881409459585,8.9893109349883655,9.6160498116168878,679.1069146191783830,9.2049064484408465,9.3661938362400772,-0.0440199535694779,706.8981582901191132,7.3302422572066650,7.8202674954019509,706.9421782436894546,6.0807995287324212,5.9866789918700736,0.4196354920022373,0.5078784611067747,823.0984783342312312,8.8646311791433838,9.6298147327848120,822.6788428422286188,8.1738054116684111,8.2507962684303777,-0.0001384227362320,-0.0000553690944933,670.2040635656204586,7.1461126464400957,7.1122438042595073,670.2042019883568855,7.1452821100224746,7.1069750888612351,523.1767015058953803,5.6075287219150374,5.7058886529127575,4.7424223072028155,518.3736024462643854,5.9276550775449142,6.0799512932041582,5.4054434094953168,546.4827600491928479,3.7038701695845733,3.5663727728544963,0.7979860278334800,523.8511898079320872,6.3797930117990589,6.4102573932670630,6.3459009064985388,0.5398739268772138,-4.8030990596302550,0.3201263556288311,0.6630211022904456,-0.2333068156841885,-4.5697922439459457,-0.3150990666721592,-0.2993142772777818,4.7201228050598711,23.3060585432975067,-1.9036585523276710,-3.9444362793705223,2.3826281440992387,20.9234303991976311,1.5532757945837052,1.4766934327768559,17.7930948765976318,0.6744883020373669,0.7722642898845601,1.6034785992948699,-2.8845808907361539,3.5590691927737925,-0.0124903232775867,-0.0147305287214503,5.9602252038992880,7.0120571063226276,7.0850548955023562,0.9321058131181836,-1.4901201835120288,-1.2922523355652427,-1.5255118703636494,2.4222259966308073,8.2667404652007264,-0.2332595347992733,4.9779279655435218,0.9008840553355830,4.6786136882657443,6.4546213983205556,4.9631974368220400,-1.5255118703635806,-1.5255118703636197,716.2733429015095226,2.5242766663177734,2.5016286642850583,717.2035239501663000,2.1210885145762970,2.0537084722025036,247.8829514343282483,-0.6310411941409120,-0.1707305817437075,-0.6812416671420861,246.8621237679506351,0.5764910783455807,0.6236214723071540,0.5476665244283020,1.0208276663778002,875.2511679444406809,352.0744664385441069,11.6020497166859169,12.1205208017842754,-1.9448535182222169,0.3764197613542707,49.9832109790836938,2.7723372170876321,2.7330841634648135,2.7704399684545411,2.8503770464534246,-0.1791490000000000,496.4502208582229059,11.9794871016143265,-0.2002002670670916,446.4670098791389705,9.2071498845263058,-2.9332844305316508,-2.2285143582820974,448.6955242374217505,-1.9974473257548353,-1.7871613512980402,443.8987860323519499,2.4046958929807523,2.3833858994523682,393.9155750532685261,-0.3676413241111787,-0.3496982640132201,-3.8456729207641160,397.7612479740326989,-1.3051349795505496,-1.1326955824374270,0.0000000000000000,0.0000000000000000,0.0000000000000000,0.0000000000000000,0.0000000000000000,0.0000000000000000,0.0000000000000000,0.0000000000000000,0.0000000000000000,0.0000000000000000,0.0000000000000000,0.0000000000000000,0.0000000000000000,0.0000000000000000,0.0000000000000000,0.0000000000000000,0.0000000000000000,0.0000000000000000,0.0000000000000000,0.0000000000000000,0.0000000000000000,0.0000000000000000,0.0000000000000000,0.0000000000000000,0.0000000000000000,0.0000000000000000,0.0000000000000000,0.0000000000000000,0.0000000000000000,0.0000000000000000,0.0000000000000000,0.0000000000000000,0.0000000000000000,0.0000000000000000,0.0000000000000000,0.0000000000000000,0.0000000000000000,0.0214846203947087,0.1906989354271321,0.0435057158417719,0.8898771114463241,-0.8672390964885932,0.0229972999999997,-0.2955503568351375,-0.2054755815934892,24.0000000000000000,,,,,,,,,,,,,,,,,,,,,,,,,,,,,,,,,,,,,,,,,,,,,,,,,,,,,,,,,,,,,,,,,,,,,,,,,,,,,,,,,,,,,,,,,,,,,,,,,,,,,,,,,,,,,,,,,,,,,,,,,,,,,,,,,,,,,,,,,,,,,,,,,,,,,,,,,,,,,,,,,,,,,1.1174152103992299,0.8258842055944910,4602.9091408099347973,748.6852950734474916,1319.6244520413063128,2073.1676145157516657,5977.3313149835612421,-12.6066821925282184,1732.3257259768472522,,,,,,6326.5584559602166337,17.2095784386028754,6.1867659651843177,,,,,,,,,,,,,,,,,,,,,,,231.5758615013799044,,,9.2694114948769055,10.1087301296619074,8.4763602871892800,9.1388253785922018,8.4757309657897792,9.0636356342905344,9.7441995060385267,10.9914104123489693,9.4057332955266730,10.0935747928445778,7.6055911308328632,8.1341797361430537,5.7677310322594337,4.8566740944296924,6.1068639523523558,5.5542058067901507,3.7733182094980293,0.8011784223073590,6.5876995360279409,6.5515808417024601,2.5564063071197296,2.5331819601591690,-0.6290543107451612,-0.1705849199941838,7.2637502501992799,0.9364634480854903,1290.4334246370490291,3.6416918767170032,3.3501608719122644,6.8230344873011459,12.6310028117053683,10.6804031291189290,15.0513971443277015,15.2258563464730745,14.0638636491687095,14.0632835013620117,0.0799370779988835,,,,
"2026Q2",12.4903822461929455,4.9997211654589577,18.8615980447794733,825.2184009155819240,671.9948063491647190,787.7030708245267761,690.3025114900977997,618.0759092515075963,682.2923641820983676,708.6573744978720697,524.6031736691235210,519.8935902695657205,547.3743532424081195,525.4537541562489196,7.1484980189876639,8.2900664186806541,716.9304103159124679,879.4931254117814206,0.3740518053092218,50.6758209711976306,2.8503770464534242,-0.1367979999999999,496.7630878056180563,444.5019720053055607,-2.0912865657535349,-3.5966440460424560,25.9457835965062493,5.4061966944661721,26.0109767796427285,5.4122912359994624,18.8461292440394601,-0.0116812046054538,-0.0060945415332908,0.0154688007400251,824.7105224544744715,787.3507709676055129,617.7198336154112894,690.0453760410562154,681.3834807276585934,708.4767689587381483,4.9680368106834907,21.3224240212188612,3.5562588700363138,2.4318228231891403,246.9990403990578329,2.0483376249822518,2.2949444068576046,12.5771387716027281,-0.0535119785309836,4.9997211654589577,0.5078784611067594,0.3522998569221594,0.3560756360963752,0.2571354490421685,0.9088834544389861,0.1806055391349228,-0.0000553690944927,0.7136006184860840,825.2184009155819240,9.1326495200437545,0.0000000000000000,-0.0449139338270054,12.4903822461929455,12.5771387716027281,-0.0332445468787986,-0.0535119785309836,25.9457835965062493,26.0109767796427285,-0.0116812046054538,-0.0535119785309836,5.4061966944661721,-0.0060945415332908,5.4122912359994624,0.0000000000000000,18.8615980447794733,18.8461292440394601,0.0154688007400251,0.0000000000000000,4.9997211654589577,0.3522998569221594,0.4420383701369077,787.7030708245267761,7.7885710001791786,8.3493281368663439,787.3507709676055129,7.1327588535533533,7.1246400941190728,0.3560756360963752,0.4429846019354771,618.0759092515075963,7.8044525537527791,8.3256231140219938,617.7198336154112894,7.1705925265182557,7.1655668174006841,0.2571354490421685,690.3025114900977997,8.7924040415691778,9.6919100741782263,690.0453760410562154,8.1178303683018189,8.1902450469667034,0.9088834544389861,0.7873232733299818,-0.7136006184870115,682.2923641820983676,8.7175041646032838,9.2148778396947133,681.3834807276585934,9.1062644339169374,9.2594874523264181,0.1806055391349228,708.6573744978720697,7.0368648310114317,7.5040602712399824,708.4767689587381483,6.1383628601939293,6.0489483501747348,0.5078784611067594,0.5309437205803735,825.2184009155819240,8.4796903254014584,9.1326495200437545,824.7105224544744715,8.1267184489831230,8.1998597629069803,-0.0000553690944927,-0.0000221476377971,671.9948063491647190,7.1629711341776128,7.1341007888409091,671.9948617182594717,7.1626389196104991,7.1319933026814386,524.6031736691235210,5.7058886529119688,5.7004744748380149,5.1690323149199280,519.8935902695657205,6.0799512932053110,6.1202995494247450,5.7307224233167551,547.3743532424081195,3.5663727728549572,3.3208691995922277,1.8955849625505099,525.4537541562489196,6.4102573932665630,6.4404932118264444,6.3684601328966925,0.5490228925824241,-4.7095833995566148,0.3740626402945969,0.5616901083950990,-0.0588161764241734,-4.6507672231323332,-0.3238999167442244,-0.3096936062894045,4.8510431016391795,22.7711795732844848,-2.1395158800536800,-3.2734473523707055,1.4487555520649946,21.3224240212188612,1.5959744880871320,1.5270503624607703,7.3198286765858276,0.8505804871263554,0.7043687403556990,1.1994278179762430,-2.7056783829096900,3.5562588700363138,-0.0112412909498275,-0.0132574758493101,6.1598172263248330,7.1484980189876639,7.0759597171285993,1.0281984695625810,-1.4036243536259527,-1.1179676677914958,-1.3279012491099642,2.4318228231891403,8.2900664186806541,-0.2099335813193454,4.9680368106834907,1.0334525205938112,4.6583432043940896,6.4950871731444231,4.9547793348341518,-1.3279012491098960,-1.3279012491099416,716.9304103159124679,2.6282696576128401,2.5095550221783767,717.8261814035544148,2.2949444068576046,2.0483376249822518,247.7126410175436320,-0.6812416671387451,-0.4718187794022458,-0.6302346194162147,246.9990403990578329,0.5476665244283011,0.5924403986917971,0.5202831982068864,0.7136006184860840,879.4931254117814206,354.8899517426571038,11.2619412164509622,11.7820585803600810,-1.9523952395751896,0.3740518053092218,50.6758209711976306,2.7704399684545442,2.7493486217347485,2.7538900567251230,2.8503770464534242,-0.1367979999999999,496.7630878056180563,1.2514677895809085,-0.2002002670678635,446.0872668344201770,-1.5189721788739183,-2.9495488888024570,-2.0912865657535349,448.1785534001743940,-2.0678833489886133,-1.9230711039619501,444.5019720053055607,2.4127438918171649,2.3965996739137703,393.8261510341082499,-0.3576960766413468,-0.3527489478216246,-3.5966440460424560,397.4227950801507063,-1.3538115755279916,-1.2436320445375637,0.0000000000000000,0.0000000000000000,0.0000000000000000,0.0000000000000000,0.0000000000000000,0.0000000000000000,0.0000000000000000,0.0000000000000000,0.0000000000000000,0.0000000000000000,0.0000000000000000,0.0000000000000000,0.0000000000000000,0.0000000000000000,0.0000000000000000,0.0000000000000000,0.0000000000000000,0.0000000000000000,0.0000000000000000,0.0000000000000000,0.0000000000000000,0.0000000000000000,0.0000000000000000,0.0000000000000000,0.0000000000000000,0.0000000000000000,0.0000000000000000,0.0000000000000000,0.0000000000000000,0.0000000000000000,0.0000000000000000,0.0000000000000000,0.0000000000000000,0.0000000000000000,0.0000000000000000,0.0000000000000000,0.0000000000000000,0.0202172296362072,0.1565176488608422,0.0435057158417719,-0.7096076636186308,-0.7893028138846484,0.0244360999999998,-0.2701807558092621,-0.1791900939324962,25.0000000000000000,,,,,,,,,,,,,,,,,,,,,,,,,,,,,,,,,,,,,,,,,,,,,,,,,,,,,,,,,,,,,,,,,,,,,,,,,,,,,,,,,,,,,,,,,,,,,,,,,,,,,,,,,,,,,,,,,,,,,,,,,,,,,,,,,,,,,,,,,,,,,,,,,,,,,,,,,,,,,,,,,,,,,1.1077878907108527,0.8952484407821260,4765.2968408374163118,775.1292100088080588,1361.3557720181809145,2128.6301345844044590,6201.5761473871825729,-12.3722477049562283,1797.9475139870939984,,,,,,6600.7017895903809404,16.9678298693629586,6.2520205170170229,,,,,,,,,,,,,,,,,,,,,,,238.7034269228071537,,,8.8495974257191108,9.5626663715578104,8.0999104224014076,8.7077911592619870,8.1170797309285376,8.6820250065909477,9.1905178214607446,10.1771237539695250,9.1087648782029333,9.6527949616141058,7.2903632469552235,7.7927916793311596,5.8718152797252401,5.3049586934736084,6.2685838060583734,5.8981105081683722,3.6307306480166943,1.9136652359251372,6.6201757660021343,6.5756207655638406,2.6631132560607256,2.5413094292226361,-0.6789264764247065,-0.4707074630859438,7.4102017771797222,1.0335025934130613,1298.9403597177515621,3.7360575483236929,3.5235180983949661,6.8810112591903545,12.4535617129269767,10.5603829294063978,14.7317108424184813,14.8723553347744897,13.8685222933844905,13.8844038469580902,0.0964869897283012,,,,
"2026Q3",12.5105013379598233,4.9998605827294789,18.8855618617082115,827.2619626336631882,673.7889706624416704,789.5772403924340779,692.4036664912921424,619.9562347693689617,684.4239426310197132,710.3534601743207304,526.0282922878329828,521.4236651569225387,548.2045705423076924,527.0638774592056279,7.2663397508301575,8.3110597768125896,717.6144540342343134,883.6565297214741577,0.3711826504244586,51.3642934853792212,2.8503770464534237,-0.0971139999999999,494.8407989208318440,445.1061321953209244,-4.1750789677895455,-3.3365844337731687,25.9607578501155167,5.4353053495525154,26.0104279406605947,5.4416766741994884,18.8676679515990671,-0.0122117055733463,-0.0063713246469749,0.0178939101091448,826.7310189130824938,789.1352020222979036,619.5132501674337391,692.0637615805022733,683.6366193576893693,710.0250309650089093,4.9591347713094622,21.7310248492783558,3.5537295795725807,2.4406589007805684,247.1291111986097064,2.0435038624840249,2.4671321023382125,12.5844366632610125,-0.0374583849716883,4.9998605827294789,0.5309437205803692,0.4420383701371098,0.4429846019355176,0.3399049107904188,0.7873232733297053,0.3284292093128358,-0.0000221476377986,0.4259711640811871,827.2619626336631882,8.7103468146240797,0.0000000000000000,-0.0301604933133977,12.5105013379598233,12.5844366632610125,-0.0364769403294939,-0.0374583849716883,25.9607578501155167,26.0104279406605947,-0.0122117055733463,-0.0374583849716883,5.4353053495525154,-0.0063713246469749,5.4416766741994884,0.0000000000000000,18.8855618617082115,18.8676679515990671,0.0178939101091448,0.0000000000000000,4.9998605827294789,0.4420383701371098,0.4732647587172882,789.5772403924340779,7.4966782716339768,7.9869994320718263,789.1352020222979036,7.1377242187738155,7.1300113973111499,0.4429846019355176,0.4728723383518840,619.9562347693689617,7.5213020714493641,7.9895126622063533,619.5132501674337391,7.1736662080904736,7.1688917844289044,0.3399049107904188,692.4036664912921424,8.4046200047752126,9.1077476398970987,692.0637615805022733,8.0735421577848783,8.1423361025165875,0.7873232733297053,0.6579821358554412,-0.4259711640821639,684.4239426310197132,8.5263137956795934,8.8959733831193457,683.6366193576893693,9.0125545201192239,9.1581163876085085,0.3284292093128358,710.3534601743207304,6.7843427057943613,7.2031021603201939,710.0250309650089093,6.1930480250823621,6.1081042405641686,0.5309437205803692,0.5080783359109378,827.2619626336631882,8.1742468723255968,8.7103468146240797,826.7310189130824938,8.0819858344320838,8.1514700826598112,-0.0000221476377986,-0.0000088590551188,673.7889706624416704,7.1766572531079165,7.1528508682016643,673.7889928100796624,7.1765243672809191,7.1520078737376478,526.0282922878329828,5.7004744748354170,5.8888425936025950,5.4944897354173898,521.4236651569225387,6.1202995494259369,6.0676850780756695,5.9451423163324639,548.2045705423076924,3.3208691995925013,4.7619063463420357,2.8943567411707942,527.0638774592056279,6.4404932118258946,6.4682593608839438,6.3956793620337313,0.5099492092804226,-4.6046271309092548,0.4198250745894759,0.4506525809133430,0.1290952626758047,-4.7337223935849426,-0.3318206818091008,-0.3190350023998708,4.9697817318069859,22.1762782544749690,-2.3796052752393844,-2.6001329942476685,0.4452534051960518,21.7310248492783558,1.6344033122402166,1.5723715991762677,-1.3991638822865315,1.0355851713738620,0.7400187369897823,0.9011896266163576,-2.5181444081985029,3.5537295795725807,-0.0101171618548442,-0.0119317282643863,6.3317237008433604,7.2663397508301575,7.0679729902811212,1.1986546727541934,-1.2420042280257508,-0.9097674603465129,-1.0987076835330354,2.4406589007805684,8.3110597768125896,-0.1889402231874105,4.9591347713094622,1.1270898876039588,4.6400997689095957,6.5315063704858991,4.9472030430450475,-1.0987076835329801,-1.0987076835330052,717.6144540342343134,2.7361748732887090,2.5820916311914779,718.4766115156563728,2.4671321023382125,2.0435038624840249,247.5550823626907402,-0.6302346194127109,-0.6058883321535757,-0.4948221985839239,247.1291111986097064,0.5202831982068855,0.5628183787571908,0.4942690382965416,0.4259711640811871,883.6565297214741577,357.6282374336404928,10.9531427639326537,11.4436241299297876,-1.9591827887928650,0.3711826504244586,51.3642934853792212,2.7538900567251257,2.7571623529856413,2.7236902226153372,2.8503770464534237,-0.0971139999999999,494.8407989208318440,-7.6891555391447799,-0.2002002670673311,443.4765054354523386,-10.4430455958700001,-2.9573626200526881,-4.1750789677895455,447.6515844032425662,-2.1078759877264632,-2.0160508236515695,445.1061321953209244,2.4166407600643645,2.4065958358625887,393.7418387099420443,-0.3372492966649951,-0.3505665171237409,-3.3365844337731687,397.0784231437152698,-1.3774877457417929,-1.3145695190821407,0.0000000000000000,0.0000000000000000,0.0000000000000000,0.0000000000000000,0.0000000000000000,0.0000000000000000,0.0000000000000000,0.0000000000000000,0.0000000000000000,0.0000000000000000,0.0000000000000000,0.0000000000000000,0.0000000000000000,0.0000000000000000,0.0000000000000000,0.0000000000000000,0.0000000000000000,0.0000000000000000,0.0000000000000000,0.0000000000000000,0.0000000000000000,0.0000000000000000,0.0000000000000000,0.0000000000000000,0.0000000000000000,0.0000000000000000,0.0000000000000000,0.0000000000000000,0.0000000000000000,0.0000000000000000,0.0000000000000000,0.0000000000000000,0.0000000000000000,0.0000000000000000,0.0000000000000000,0.0000000000000000,0.0000000000000000,0.0195739534337900,0.1414855360378939,0.0435057158417715,-2.8784812970223457,-0.7110342801621730,0.0260041999999999,-0.2467809736367117,-0.1590573277665998,26.0000000000000000,,,,,,,,,,,,,,,,,,,,,,,,,,,,,,,,,,,,,,,,,,,,,,,,,,,,,,,,,,,,,,,,,,,,,,,,,,,,,,,,,,,,,,,,,,,,,,,,,,,,,,,,,,,,,,,,,,,,,,,,,,,,,,,,,,,,,,,,,,,,,,,,,,,,,,,,,,,,,,,,,,,,,1.0981605710225608,0.9646126759697893,4930.3120184675562996,802.0201579092858992,1404.0806085767662807,2185.1652809880170025,6428.3038718422740203,-12.1507117271262626,1864.4349721121645871,,,,,,6881.3167260414547854,16.6536172387709485,6.1886502674406447,,,,,,,,,,,,,,,,,,,,,,,245.7504475384445186,,,8.5176307000899243,9.1009558615052839,7.7848347095694379,8.3146243358047229,7.8113786994349965,8.3173465657914392,8.7679143476416357,9.5353866044209070,8.9003587178412005,9.3036643042232470,7.0197731352714925,7.4688682112573161,5.8660833462830624,5.6482398096161575,6.3114699778638936,6.1254207355088823,3.3766255474571949,2.9366503019954138,6.6524181230190464,6.6046337763640395,2.7739518994232242,2.6157164008047857,-0.6282528065777058,-0.6040565302236018,7.5368504269545298,1.2058673273415792,1307.8561388012726638,3.8343354443112698,3.7007875492584983,6.7772289732229885,12.3606492399908632,10.4851302550528587,14.3628971397662415,14.5249195542011496,13.6169778210599137,13.6416016208753010,0.1266868238380865,,,,
"2026Q4",12.5281944480403222,4.9999302913647394,18.9073013248396542,829.2489697116461684,675.5858921323786035,791.3940771099469202,694.4339121166051427,621.7802690571813855,686.5254840190488039,711.9978321868969715,527.5005029362333744,522.9405864264418824,549.3950471288948165,528.6809422994269880,7.3580727271922770,8.3299537991313315,718.3267471984547683,887.8001740744043673,0.3682744573923459,52.0452160410333633,2.8503770464534237,-0.0597359999999998,493.2551488157527046,445.7104085838068954,-5.9109882639259563,-3.0669418258647747,25.9719998724214101,5.4634959004585770,26.0099065436275652,5.4695928404895131,18.8889912720830786,-0.0116858017259482,-0.0060969400309409,0.0183100527565851,828.7408913757346909,790.9208123512300972,621.3073967188296365,694.0716286699504280,685.8675018831931993,711.5862806979406514,4.9511229358728377,22.1482721627722903,3.5514532181552201,2.4489730626173372,247.2526784581839649,2.0391534762356205,2.6369408701499668,12.5905081120339979,-0.0262208694801815,4.9999302913647394,0.5080783359108917,0.4732647587174542,0.4728723383519010,0.3622834466551710,0.6579821358551429,0.4115514889572162,-0.0000088590551201,0.1786983548616881,829.2489697116461684,8.3666491722005727,0.0000000000000000,-0.0201494207071895,12.5281944480403222,12.5905081120339979,-0.0360927945135023,-0.0262208694801815,25.9719998724214101,26.0099065436275652,-0.0116858017259482,-0.0262208694801815,5.4634959004585770,-0.0060969400309409,5.4695928404895131,0.0000000000000000,18.9073013248396542,18.8889912720830786,0.0183100527565851,0.0000000000000000,4.9999302913647394,0.4732647587174542,0.4607018290830335,791.3940771099469202,7.2673468700553805,7.6722011783704627,790.9208123512300972,7.1424413157332545,7.1351141353435548,0.4728723383519010,0.4597747725903578,621.7802690571813855,7.2961371512530588,7.6893800500649796,621.3073967188296365,7.1765862055840808,7.1720505031055763,0.3622834466551710,694.4339121166051427,8.1209825012502641,8.6540519541310541,694.0716286699504280,8.0314683577937327,8.0968226052888763,0.6579821358551429,0.5241658206211569,-0.1786983548627287,686.5254840190488039,8.4061655521116005,8.6598236118521310,685.8675018831931993,8.9235301020113962,9.0618138761266103,0.4115514889572162,711.9978321868969715,6.5774880503043320,6.9322344610806628,711.5862806979406514,6.2449989317263732,6.1643023364341136,0.5080783359108917,0.4513836858101263,829.2489697116461684,7.9480283119313127,8.3666491722005727,828.7408913757346909,8.0394898506086161,8.1054998864248375,-0.0000088590551201,-0.0000035436220477,675.5858921323786035,7.1876858797482148,7.1683567283684066,675.5859009914339595,7.1876327254172550,7.1680195305826144,527.5005029362333744,5.8888425936000885,6.2200423621687202,5.7256836108163043,522.9405864264418824,6.0676850780767992,5.9423602416712340,6.0488977495657368,549.3950471288948165,4.7619063463424007,7.4678203291978154,3.8382546220998828,528.6809422994269880,6.4682593608834367,6.4914292459761436,6.4247007444446567,0.4422023397009114,-4.5599165097902263,0.1788424844762019,0.3232141387472818,0.2585432263870353,-4.8184597361771466,-0.3389493703674775,-0.3274422588992855,5.0785938412009042,21.8945441926615203,-1.1269362472553466,-1.8874289887177977,-0.2537279701113402,22.1482721627722903,1.6689892539779918,1.6131607122202130,0.1428952810016533,1.1804393631944554,0.5794167672821311,0.6990171336281858,-2.3710138549604944,3.5514532181552201,-0.0091054456693594,-0.0107385554379543,6.4870081975377882,7.3580727271922770,7.0611466281228878,1.4157124855207568,-1.0332605770959935,-0.6933447293043276,-0.8633909301721271,2.4489730626173372,8.3299537991313315,-0.1700462008686691,4.9511229358728377,1.1244846746694337,4.6236806769735557,6.5642836480932356,4.9403843804348559,-0.8633909301720595,-0.8633909301720963,718.3267471984547683,2.8491726568819957,2.6844734635242835,719.1561145363109517,2.6369408701499668,2.0391534762356205,247.4313768130454037,-0.4948221985821821,-0.6093349198178771,-0.3927571264757825,247.2526784581839649,0.4942690382965407,0.5346774598193675,0.4695555863817140,0.1786983548616881,887.8001740744043673,360.2996711381702539,10.6857348181183074,11.1257171287973673,-1.9652915830887729,0.3682744573923459,52.0452160410333633,2.7236902226153399,2.7550893662216880,2.5750047240158653,2.8503770464534237,-0.0597359999999998,493.2551488157527046,-6.3426004203164235,-0.2002002670668728,441.2099327747190500,-9.0662906429317420,-2.9552896332883969,-5.9109882639259563,447.1209210386456903,-2.1226534583866021,-2.0739650302149650,445.7104085838068954,2.4171055539466186,2.4127965246995213,393.6651925427739229,-0.3065846686728486,-0.3422928415228078,-3.0669418258647747,396.7321343686386967,-1.3851551003064377,-1.3553973502817669,0.0000000000000000,0.0000000000000000,0.0000000000000000,0.0000000000000000,0.0000000000000000,0.0000000000000000,0.0000000000000000,0.0000000000000000,0.0000000000000000,0.0000000000000000,0.0000000000000000,0.0000000000000000,0.0000000000000000,0.0000000000000000,0.0000000000000000,0.0000000000000000,0.0000000000000000,0.0000000000000000,0.0000000000000000,0.0000000000000000,0.0000000000000000,0.0000000000000000,0.0000000000000000,0.0000000000000000,0.0000000000000000,0.0000000000000000,0.0000000000000000,0.0000000000000000,0.0000000000000000,0.0000000000000000,0.0000000000000000,0.0000000000000000,0.0000000000000000,0.0000000000000000,0.0000000000000000,0.0000000000000000,0.0000000000000000,0.0193627659933546,0.1245256313116435,0.0435057158417720,-3.3224393038964291,-0.6312351892103595,0.0276666000000002,-0.2255650694327855,-0.1454161291388235,27.0000000000000000,,,,,,,,,,,,,,,,,,,,,,,,,,,,,,,,,,,,,,,,,,,,,,,,,,,,,,,,,,,,,,,,,,,,,,,,,,,,,,,,,,,,,,,,,,,,,,,,,,,,,,,,,,,,,,,,,,,,,,,,,,,,,,,,,,,,,,,,,,,,,,,,,,,,,,,,,,,,,,,,,,,,,1.0885332513341268,1.0339769111573105,5097.4471504428083790,829.2679284519639396,1448.0855824553141247,2243.0646165284638300,6662.4501410137072526,-11.9322323956962748,1931.7565376224388274,,,,,,7172.4440037115191444,16.5745774117208384,6.3626060983033259,,,,,,,,,,,,,,,,,,,,,,,252.8974767949918032,,,8.2724211374887631,8.7266221049900423,7.5379334567030867,7.9741879149841282,7.5688983873708509,7.9927382555132169,8.4598448575906531,9.0395549150166232,8.7695954202355182,9.0458484865268787,6.7986265570975775,7.1781636506520954,6.0656892337988921,5.8927746353717936,6.2555494723807357,6.2355887683403637,4.8771064003053226,3.9128671600762601,6.6820355040213570,6.6355764045721060,2.8901498253572981,2.7208300509761898,-0.4935999703243823,-0.6074822395146811,7.6355424401771188,1.4257811530817861,1317.2051653866637935,3.9377059082161225,3.8831495680393062,6.9688311458251260,12.3438714603277226,10.4606376183436378,14.3106344102346377,14.1886675793270634,13.3350319481321797,13.3638222293298590,0.2753723224375584,,,,