"Variables ->","obs_def_y","obs_grants_y","obs_grev_y","obs_l_y","obs_l_y_agr","obs_l_cons","obs_l_gdem","obs_l_inv","obs_l_exp","obs_l_imp","obs_l_cpi","obs_l_cpi_food","obs_l_cpi_ener","obs_i","obs_prem_d","obs_l_s","obs_l_md","obs_l_ystar_gap","obs_l_cpistar","obs_istar","obs_rstar_tnd","obs_l_foodstar","obs_l_enerstar","obs_l_rp_foodstar_gap","obs_l_rp_enerstar_gap","tune_gdem_y","tune_oexp_y","tune_def_y","tune_grev_y","tune_gdem_y_str","tune_oexp_y_str","tune_grev_y_str","tune_gdem_y_cyc","tune_oexp_y_cyc","tune_grev_y_cyc","tune_grev_y_discr","tune_oexp_y_discr","tune_gdem_y_discr","tune_l_y_tnd","tune_l_cons_tnd","tune_l_inv_tnd","tune_l_gdem_tnd","tune_l_exp_tnd","tune_l_imp_tnd","tune_d4l_cpi_tar","tune_l_rp_cpi_food_tnd","tune_l_rp_cpi_ener_tnd","tune_dl_cpi_core","tune_dl_cpi_food","tune_dl_cpi_ener","tune_dl_cpi","tune_r_tnd","tune_l_z_tnd","tune_prem","tune_dl_s_tar","tune_def_y_str","tune_def_y_discr","tune_grants_y","tune_l_y_gap","tune_l_cons_gap","tune_l_inv_gap","tune_l_gdem_gap","tune_l_exp_gap","tune_l_imp_gap","tune_l_y_agr_gap","tune_l_z_gap","tune_l_y","tune_d4l_y","tune_dl_s","tune_l_s","tune_l_cpi_core","tune_shock_dl_cons_tnd","tune_shock_dl_cpi_ener","tune_shock_dl_cpi_core","tune_shock_l_inv_gap","fisc_imp","def_y","def_y_str","def_y_cyc","def_y_discr","gdem_y","gdem_y_str","gdem_y_cyc","gdem_y_discr","oexp_y","oexp_y_cyc","oexp_y_str","oexp_y_discr","grev_y","grev_y_str","grev_y_cyc","grev_y_discr","grants_y","l_cons_gap","e_l_cons_gap","l_cons","dl_cons","d4l_cons","l_cons_tnd","dl_cons_tnd","d4l_cons_tnd","l_inv_gap","e_l_inv_gap","l_inv","dl_inv","d4l_inv","l_inv_tnd","dl_inv_tnd","d4l_inv_tnd","l_gdem_gap","l_gdem","dl_gdem","d4l_gdem","l_gdem_tnd","dl_gdem_tnd","d4l_gdem_tnd","l_exp_gap","e_l_exp_gap","rmci_exp","l_exp","dl_exp","d4l_exp","l_exp_tnd","dl_exp_tnd","d4l_exp_tnd","l_imp_gap","l_imp","dl_imp","d4l_imp","l_imp_tnd","dl_imp_tnd","d4l_imp_tnd","l_y_gap","e_l_y_gap","l_y","dl_y","d4l_y","l_y_tnd","dl_y_tnd","d4l_y_tnd","l_y_agr_gap","e_l_y_agr_gap","l_y_agr","dl_y_agr","d4l_y_agr","l_y_agr_tnd","dl_y_agr_tnd","d4l_y_agr_tnd","l_cpi","dl_cpi","e_dl_cpi","d4l_cpi","l_cpi_core","dl_cpi_core","e_dl_cpi_core","d4l_cpi_core","l_cpi_food","dl_cpi_food","e_dl_cpi_food","d4l_cpi_food","l_cpi_ener","dl_cpi_ener","e_dl_cpi_ener","d4l_cpi_ener","rmc","l_rp_cpi_core","dl_rp_cpi_core","d4l_rp_cpi_core","l_rp_cpi_core_gap","l_rp_cpi_core_tnd","dl_rp_cpi_core_tnd","d4l_rp_cpi_core_tnd","dl_cpi_core_direct","l_rp_cpi_food","dl_rp_cpi_food","d4l_rp_cpi_food","l_rp_cpi_food_gap","l_rp_cpi_food_tnd","dl_rp_cpi_food_tnd","d4l_rp_cpi_food_tnd","dl_cpi_food_direct","l_rp_cpi_ener","dl_rp_cpi_ener","d4l_rp_cpi_ener","l_rp_cpi_ener_gap","l_rp_cpi_ener_tnd","dl_rp_cpi_ener_tnd","d4l_rp_cpi_ener_tnd","dl_cpi_ener_direct","i","i_tnd","r","r_gap","e4_r_gap","r4_gap","r_tnd","prem_d","prem_d_gap","d4l_cpi_tar","d4l_cpi_dev","d4l_cpi_core_tar","d4l_cpi_food_tar","d4l_cpi_ener_tar","rmci_cons","rmci_inv","l_s","dl_s","d4l_s","e_l_s","dl_s_tar","prem","l_z","dl_z","d4l_z","e_dl_z","l_z_tnd","dl_z_tnd","d4l_z_tnd","e_dl_z_tnd","l_z_gap","l_md","l_rmd","dl_rmd","d4l_rmd","dl_v","l_ystar_gap","l_cpistar","dl_cpistar","d4l_cpistar","e_dl_cpistar","istar","rstar_tnd","l_foodstar","dl_foodstar","d4l_foodstar","l_rp_foodstar","dl_rp_foodstar","d4l_rp_foodstar","l_rp_foodstar_gap","l_rp_foodstar_tnd","dl_rp_foodstar_tnd","d4l_rp_foodstar_tnd","l_enerstar","dl_enerstar","d4l_enerstar","l_rp_enerstar","dl_rp_enerstar","d4l_rp_enerstar","l_rp_enerstar_gap","l_rp_enerstar_tnd","dl_rp_enerstar_tnd","d4l_rp_enerstar_tnd","aux_shock_dl_cons_tnd","aux_shock_dl_cpi_ener","aux_shock_dl_cpi_core","aux_shock_l_inv_gap","shock_grants_y","shock_gdem_y_str","shock_gdem_y_cyc","shock_gdem_y_discr","shock_oexp_y_str","shock_oexp_y_cyc","shock_oexp_y_discr","shock_grev_y_str","shock_grev_y_cyc","shock_grev_y_discr","shock_l_cons_gap","shock_l_inv_gap","shock_l_exp_gap","shock_l_imp_gap","shock_l_y_gap","shock_l_y_agr_gap","shock_dl_cpi_core","shock_dl_cpi_food","shock_dl_cpi_ener","shock_i","shock_prem_d_gap","shock_l_s","shock_dl_s_tar","shock_dl_rmd","shock_dl_v","shock_dl_cons_tnd","shock_dl_inv_tnd","shock_dl_exp_tnd","shock_dl_imp_tnd","shock_d4l_cpi_tar","shock_dl_rp_cpi_food_tnd","shock_dl_rp_cpi_ener_tnd","shock_dl_z_tnd","shock_prem","shock_dl_y_agr_tnd","shock_l_ystar_gap","shock_dl_cpistar","shock_istar","shock_l_rp_foodstar_gap","shock_l_rp_enerstar_gap","shock_rstar_tnd","shock_dl_rp_foodstar_tnd","shock_dl_rp_enerstar_tnd","ttrend","ss_grev_y_str","ss_oexp_y_str","ss_gdem_y_str","ss_bor_str","ss_debt_fcy_rat","ss_grants_y","ss_prem_debt_fcy","ss_prem_debt_lcy","ss_dl_y_tnd","ss_dl_y_agr_tnd","ss_d4l_cpi_tar","ss_dl_rp_cpi_food_tnd","ss_dl_rp_cpi_ener_tnd","ss_dl_z_tnd","ss_prem","ss_prem_d","ss_dl_v","d7","v1","v2","v3","v4","u1","u2","u3","t1","t2","t3","t4","s1","a1_cons","a2_cons","a3_cons","a4_cons","a5_cons","a6_cons","a1_inv","a2_inv","a3_inv","a4_inv","a5_inv","a6_inv","a1_exp","a2_exp","a3_exp","a5_exp","a6_exp","a1_imp","r1_y_agr","b1","b2","b3","b4","bf1","bf2","bf3","bf4","be1","be2","be3","c1","c2","c3","c4","c5","c6","e1","e2","e3","e4","e5","e6","m1","m2","m3","w_imp_cons","w_imp_inv","w_imp_gdem","w_imp_exp","w_y_cons","w_y_inv","w_y_gdem","w_y_exp","w_y_imp","w_core","w_food","w_ener","r_cons","r_inv","r_gdem","r_exp","r_imp","r2_y_agr","r_z","r_rp_food","r_rp_ener","ss_dl_cpistar","ss_rstar_tnd","ss_dl_rp_foodstar_tnd","ss_dl_rp_enerstar_tnd","r_ystar","r_cpistar","r_istar","r_rstar_tnd","r_rp_foodstar_gap","r_rp_enerstar_gap","r_rp_foodstar_tnd","r_rp_enerstar_tnd","mu_pimp","mu_pexp","r_debt_fcy_rat","r_debt_fcy_intrate_pers","r_debt_lcy_intrate_pers","gamma_r","gamma_k","gamma_BP_tnd","lam_imp_cons","lam_imp_inv","lam_imp_gdem","lam_imp_exp","std_shock_grants_y","std_shock_gdem_y_str","std_shock_gdem_y_cyc","std_shock_gdem_y_discr","std_shock_oexp_y_str","std_shock_oexp_y_cyc","std_shock_oexp_y_discr","std_shock_grev_y_str","std_shock_grev_y_cyc","std_shock_grev_y_discr","std_shock_l_cons_gap","std_shock_l_inv_gap","std_shock_l_exp_gap","std_shock_l_imp_gap","std_shock_l_y_gap","std_shock_l_y_agr_gap","std_shock_dl_cpi_core","std_shock_dl_cpi_food","std_shock_dl_cpi_ener","std_shock_i","std_shock_prem_d_gap","std_shock_l_s","std_shock_dl_s_tar","std_shock_dl_rmd","std_shock_dl_v","std_shock_dl_cons_tnd","std_shock_dl_inv_tnd","std_shock_dl_exp_tnd","std_shock_dl_imp_tnd","std_shock_d4l_cpi_tar","std_shock_dl_rp_cpi_food_tnd","std_shock_dl_rp_cpi_ener_tnd","std_shock_dl_z_tnd","std_shock_prem","std_shock_dl_y_agr_tnd","std_shock_l_ystar_gap","std_shock_dl_cpistar","std_shock_istar","std_shock_l_rp_foodstar_gap","std_shock_l_rp_enerstar_gap","std_shock_rstar_tnd","std_shock_dl_rp_foodstar_tnd","std_shock_dl_rp_enerstar_tnd","dl_pexpstar","dl_pimpstar","ncons","ninv","nexp","nimp","ny","tb_rat","ngdem","nginv","ngrev","ngrev_ny","ngexp","ngexp_ny","ndef_lcy","ndef_fcy","NFG","md","dl_md","dl_py","l_rm","nfa_nbr","ncg_nbr","NFA","dNFA_usd","NCG","intp_lcy_y","intp_fcy_y","debt_fcy_y","debt_lcy_y","debt_y","def_fcy_y","def_lcy_y","i_debt_fcy","i_debt_lcy","dBP_usd","dBPG_eurobond","l_BP","l_BP_tnd","dl_BP_tnd","dBG_usd","dBG_bop_usd","NFG_usd","dBnbf","dBbf","pct_y","pct4_y","pct_cons","pct4_cons","pct_inv","pct4_inv","pct_gdem","pct4_gdem","pct_exp","pct4_exp","pct_imp","pct4_imp","pct_cpi","pct4_cpi","pct_cpi_core","pct4_cpi_core","pct_cpi_food","pct4_cpi_food","pct_cpi_ener","pct4_cpi_ener","pct_s","pct4_s","pct_z","pct4_z","pct_i","pct_r","s","dl_pexp","dl_pimp","dl_pdom","dl_nexp","dl_nimp","dl_ny","dl_ngdem","dl_ncons","dl_ninv","rstar","debt_fcy_rat","def_lcy_bank_y","dNCP"
"Comments ->","obs_def_y","obs_grants_y","obs_grev_y","obs_l_y","obs_l_y_agr","obs_l_cons","obs_l_gdem","obs_l_inv","obs_l_exp","obs_l_imp","obs_l_cpi","obs_l_cpi_food","obs_l_cpi_ener","obs_i","obs_prem_d","obs_l_s","obs_l_md","obs_l_ystar_gap","obs_l_cpistar","obs_istar","obs_rstar_tnd","obs_l_foodstar","obs_l_enerstar","obs_l_rp_foodstar_gap","obs_l_rp_enerstar_gap","tune_gdem_y","tune_oexp_y","tune_def_y","tune_grev_y","tune_gdem_y_str","tune_oexp_y_str","tune_grev_y_str","tune_gdem_y_cyc","tune_oexp_y_cyc","tune_grev_y_cyc","tune_grev_y_discr","tune_oexp_y_discr","tune_gdem_y_discr","tune_l_y_tnd","tune_l_cons_tnd","tune_l_inv_tnd","tune_l_gdem_tnd","tune_l_exp_tnd","tune_l_imp_tnd","tune_d4l_cpi_tar","tune_l_rp_cpi_food_tnd","tune_l_rp_cpi_ener_tnd","tune_dl_cpi_core","tune_dl_cpi_food","tune_dl_cpi_ener","tune_dl_cpi","tune_r_tnd","tune_l_z_tnd","tune_prem","tune_dl_s_tar","tune_def_y_str","tune_def_y_discr","tune_grants_y","tune_l_y_gap","tune_l_cons_gap","tune_l_inv_gap","tune_l_gdem_gap","tune_l_exp_gap","tune_l_imp_gap","tune_l_y_agr_gap","tune_l_z_gap","tune_l_y","tune_d4l_y","tune_dl_s","tune_l_s","tune_l_cpi_core","tune_shock_dl_cons_tnd","tune_shock_dl_cpi_ener","tune_shock_dl_cpi_core","tune_shock_l_inv_gap","Fiscal impulse, % of GDP","Budget deficit, % of GDP","Struct. deficit, % of GDP","Cyc. deficit, % of GDP","Discr. deficit, % of GDP","Govt. demand (G&S), % GDP","Struct. govt. demand (G&S), % GDP","Cyc. govt. demand (G&S), % GDP","Discr. govt. demand (G&S), % GDP","Other govt. exp., % to GDP","Cyc. other govt. exp., % to GDP","Struct. other govt. exp., % to GDP","Discr. other govt. exp., % to GDP","Govt. rev., % of GDP","Struct. govt. rev., % of GDP","Cyc. govt. rev., % of GDP","Discr. govt. rev., % of GDP","Fiscal grants, % of GDP","Consumption gap, %","Exptd. cons. gap, %","Consumption, 100*log","Consumption, ann. QQ %","Consumption, YoY %","Consumption tnd., 100*log","Consumption tnd., ann. QQ %","Consumption tnd., YoY %","Investment gap, %","Exptd. investment gap, %","Investment, 100*log","Investment, ann. QQ %","Investment, YoY %","Investment tnd., 100*log","Investment tnd., ann. QQ %","Investment tnd., YoY %","Gov. demand gap, %","Gov. demand, 100*log","Gov. demand, ann. QQ %","Gov. demand, YoY %","Gov. demand, tnd., 100*log","Gov. demand, tnd., ann. QQ %","Gov. demand, tnd., YoY %","Export gap, %","Exptd. export gap, %","Export RMCI, %","Export, 100*log","Export, ann. QQ %","Export, YoY %","Export tnd., 100*log","Export tnd., ann. QQ %","Export tnd., YoY %","Import gap, %","Import, 100*log","Import, ann. QQ %","Import, YoY %","Import tnd., 100*log","Import tnd., ann. QQ %","Import tnd., YoY %","Output gap, %","Exptd. output gap, %","GDP, 100*log","GDP, ann. QQ %","GDP, YoY %","GDP tnd., 100*log","GDP tnd., ann. QQ %","GDP tnd., YoY %","Agric. output gap, %","Exptd. agric. output gap, %","Agric. GDP, 100*log","Agric. GDP, ann.QQ %","Agric. GDP, YoY %","Agric. GDP tnd., 100*log","Agric. GDP tnd., ann.QQ %","Agric. GDP tnd., YoY %","Headline CPI, 100*log","Headline CPI, ann. QQ %","Exptd. Headline CPI, ann. QQ %","Headline CPI, YoY %","Core CPI, 100*log","Core CPI, ann. QQ %","Exptd. Core CPI, ann. QQ %","Core CPI, YoY %","Food CPI, 100*log","Food CPI, ann. QQ %","Exptd. Food CPI, ann. QQ %","Food CPI, YoY %","Energy CPI, 100*log","Energy CPI, ann. QQ %","Exptd. energy CPI, ann. QQ %","Energy CPI, YoY %","RMC, %","Core rel. price, 100*log","Core rel. price, ann. QQ %","Core rel. price, YoY %","Core rel. price gap, %","Core rel. price tnd., 100*log","Core rel. price tnd., ann. QQ %","Core rel. price tnd., YoY %","Dir. ext. eff. in core, ann. QQ %","Food rel. price, 100*log","Food rel. price, ann QQ. %","Food rel. price, YoY %","Food rel. price gap, %","Food rel. price tnd., 100*log","Food rel. price tnd., ann. QQ %","Food rel. price tnd., YoY %","Dir. ext. eff. in food, ann. QQ %","Energy rel. price, 100*log","Energy rel. price, ann. QQ %","Energy rel. price, YoY %","Energy rel. price gap, %","Energy rel. price tnd., 100*log","Energy rel. price tnd., ann. QQ %","Energy rel. price tnd., YoY %","Dir. ext. eff. in energy, ann. QQ %","Policy rate (IB rate used), %","Policy rate tnd (IB rate used), %","Real interest (policy) rate, %","RIR (policy) gap, %","Exptd. RIR (policy) gap, %","Exptd. RIR (lending) gap, 4-Q ahead av., %","RIR (policy) trend, %","Lending premium, %","Lending premium gap, %","Inflation target, YoY %","Headline CPI dev, 4-Q ahead YoY %","Impl. core infl. target, YoY %","Impl. food infl. target, YoY %","Impl. ener. infl. target, YoY %","RMCI cons., %","RMCI invest., %","Exchang. rate, 100*log","Exchang. rate, ann. QQ %","Exchang. rate, YoY %","Exptd. exchang. rate, 100*log","Exchang. rate target, ann. QQ %","Risk premium, %","Real exchang. rate, 100*log","Real exchang. rate, ann. QQ %","Real exchang. rate, YoY %","Exptd. RER, ann. QQ %","Real exchang. rate trend, 100*log","Real exchang. rate trend, ann. QQ %","Real exchang. rate trend, YoY %","Exp. RER trend., ann. QQ %","Real exchang. rate gap, %","Money, 100*log","Real money, 100*log","Real money, ann. QQ %","Real money, YoY %","Velocity, ann. QQ %","Foreign output gap, %","Foreign CPI, 100*log","Foreign CPI, ann. QQ %","Foreign CPI, YoY %","Exptd. foreign CPI, 100*log","Foreign interest rate, %","Foreign real interest rate trend, %","Foreign food price, 100*log","Foreign food price, ann. QQ %","Foreign food price, YoY %","Foreign rel. food price, 100*log","Foreign rel. food price, ann. QQ %","Foreign rel. food price, YoY %","Foreign rel. food price gap, %","Foreign rel. food price tnd., 100*log","Foreign rel. food price tnd., ann. QQ %","Foreign rel. food price tnd., YoY %","Foreign ener. price, 100*log","Foreign ener. price, ann. QQ %","Foreign ener. price, YoY %","Foreign rel. ener. price, 100*log","Foreign rel. ener. price, ann. QQ %","Foreign rel. ener. price, YoY %","Foreign rel. ener. price gap, %","Foreign rel. ener. price tnd., 100*log","Foreign rel. ener. price tnd., ann. QQ %","Foreign rel. ener. price tnd., YoY %","aux_shock_dl_cons_tnd","aux_shock_dl_cpi_ener","aux_shock_dl_cpi_core","aux_shock_l_inv_gap","Fiscal grants, % of GDP","Gdem. cyc. shock, % of GDP","Gdem. str. shock, % of GDP","Gdem. discr. shock, % of GDP","Gov exp. cyc. shock, % of GDP","Gov exp. str. shock, % of GDP","Gov exp. discr. shock, % of GDP","Gov rev. str. shock, % of GDP","Gov rev. cyc. shock, % of GDP","Gov rev. discr. shock, % of GDP","Cons. gap shock, %","Inv. gap shock, %","Export gap shock, %","Import gap shock, %","Output gap shock, %","Agric. output gap shock, %","Core infl. shock, ann. QQ %","Food infl. shock, ann. QQ %","Energy infl. shock, ann. QQ %","Policy rate shock, %","Lending premium shock, %","Exchng. rate shock, 100*log","Exchng. rate target shock, ann. QQ %","Real money dem. shock, ann. QQ %","Chng. of vel. shock, ann. QQ %","Cons. tnd. shock, ann. QQ %","Inv. tnd. shock, ann. QQ %","Export shock, ann. QQ %","Import tnd. shock, ann. QQ %","CPI target shocck, YoY %","Food rel. price. tnd. shock, ann. QQ %","Energy rel. price. tnd. shock, ann. QQ %","RER tnd. shock, ann. QQ %","Premium shock, %","Agric. output tnd. shock, %","Foreign output gap shock, %","Foreign CPI shock, ann. QQ %","Foreign intr. rate shock, %","Foreign rel. food price gap shock, %","Foreign rel. ener. price gap shock, %","Foreign rel intr. rate rtnd. shock, %","Foreign rel. food price tnd. shock, ann. QQ %","Foreign rel. ener. price tnd. shock, ann. QQ %","Time trend","","","","","","","","","","","","","","","","","","","","","","","","","","","","","","","","","","","","","","","","","","","","","","","","","","","","","","","","","","","","","","","","","","","","","","","","","","","","","","","","","","","","","","","","","","","","","","","","","","","","","","","","","","","","","","","","","","","","","","","","","","","","","","","","","","","","","","","","","","","","","","","","","","","","","","","","","","","","","","","","","","","","","","","","","","","","","","","","","","","","","","","","","","","","","","","","","","","","","","","","","","","","","","","","","","","","","","","","","","","","","","","","","","","","","","","","","","","","","","","","","","","","","","","",""
"1995Q1",,,,,,,,,,,,,,,,,,,,,,,,,,,,,,,,,,,,,,,,,,,,,,,,,,,,,,,,,,,,,,,,,,,,,,,,,,,,,,,,,,,,,,,,,,,,,,,,,,,,,,,,,,,,,,,,,,,,,,,,,,,,,,,,,,,,,,,,,,,,,,,,,,,,,,,,,,,,,,,,,,,,,,,,,,,,,,,,,,,,,,,,,,,,,,,,,,,,,,,,,,,,,,,,,,,,,,,,,,,,,,,,,,,,,,,,,,,,,,,,,,,,,,,,,,,,,,,,,,,,,,,,,,,,,,,,,,,,,,,,,,,,,,,,,,,,,,,,,,,,,24.0000000000000000,5.5000000000000000,26.0000000000000000,5.0000000000000000,0.8462000000000000,2.5000000000000000,,,7.2320661579626080,7.2320661579626080,4.8790164169432053,1.9802627296179729,0.0000000000000000,0.0000000000000000,2.0000000000000000,8.5000000000000000,-2.0202707317519466,0.5000000000000000,0.0120000000000000,0.0060000000000000,0.0200000000000000,0.9700000000000000,0.0000000000000000,0.0120000000000000,0.9500000000000000,0.0000000000000000,0.0230000000000000,0.9500000000000000,0.7000000000000000,1.0000000000000000,0.6500000000000000,0.0000000000000000,0.1000000000000000,0.2000000000000000,0.2500000000000000,1.0000000000000000,0.6500000000000000,0.0000000000000000,0.1000000000000000,0.2000000000000000,0.1500000000000000,1.0000000000000000,0.6500000000000000,0.0000000000000000,0.2000000000000000,0.3000000000000000,0.0000000000000000,0.3000000000000000,0.4000000000000000,0.3500000000000000,0.2000000000000000,0.0500000000000000,0.8000000000000000,0.3500000000000000,0.1000000000000000,0.1000000000000000,1.5000000000000000,0.2500000000000000,0.0400000000000000,0.0200000000000000,0.8000000000000000,1.2000000000000000,0.2000000000000000,0.0000000000000000,0.9000000000000000,0.9000000000000000,0.5000000000000000,0.5000000000000000,0.9000000000000000,0.0000000000000000,0.3000000000000000,0.8500000000000000,0.7000000000000000,0.5000000000000000,0.9000000000000000,0.4457142857142858,0.1560000000000001,0.2760000000000000,0.1222857142857140,0.7800000000000000,0.1300000000000001,0.2300000000000000,0.2100000000000000,0.3500000000000000,0.7747000000000001,0.1577000000000000,0.0676000000000000,0.9500000000000000,0.9500000000000000,0.9500000000000000,0.9500000000000000,0.9500000000000000,0.8000000000000000,0.9500000000000000,0.9000000000000000,0.9000000000000000,1.9802627296179729,0.0000000000000000,0.0000000000000000,0.0000000000000000,0.9399999999999999,0.8000000000000000,0.9500000000000000,0.9000000000000000,0.6200000000000000,0.7300000000000000,0.9000000000000000,0.9000000000000000,0.3500000000000000,0.2000000000000000,0.9000000000000000,0.9000000000000000,0.9000000000000000,0.5000000000000000,0.5000000000000000,0.9000000000000000,0.2000000000000000,0.4200000000000000,0.4200000000000000,0.2038095238095233,2.5000000000000000,0.0750000000000000,0.0000000000000000,1.7321000000000000,0.1732000000000000,0.0000000000000000,1.7321000000000000,0.1000000000000000,0.0000000000000000,1.7321000000000000,2.5000000000000000,6.0000000000000000,6.0000000000000000,0.5000000000000000,1.0000000000000000,0.3000000000000000,2.0000000000000000,9.0000000000000000,7.0999999999999996,1.0000000000000000,0.8000000000000000,0.3500000000000000,0.3000000000000000,1.0000000000000000,0.1000000000000000,0.2500000000000000,0.5000000000000000,0.7500000000000000,0.2500000000000000,0.1000000000000000,0.5000000000000000,0.1500000000000000,0.1000000000000000,0.1000000000000000,0.0600000000000000,0.4500000000000000,3.7999999999999998,0.4500000000000000,5.2999999999999998,13.9000000000000004,0.5000000000000000,0.5000000000000000,2.5000000000000000,,,,,,,,,,0.0000000000000000,0.0000000000000000,,0.0000000000000000,,0.0000000000000000,0.0000000000000000,0.0000000000000000,38.0953515456007992,,,,,,2.0526368029090301,,25.9609284459579008,,,,,,,,,,,,,,,0.0000000000000000,,0.0000000000000000,0.0000000000000000,0.0000000000000000,,,,,,,,,,,,,,,,,,,,,,,,,,,,,,,,,,,,,,,,
"1995Q2",,,,,,,,,,,,,,,,,,,,,,,,,,,,,,,,,,,,,,,,,,,,,,,,,,,,,,,,,,,,,,,,,,,,,,,,,,,,,,,,,,,,,,,,,,,,,,,,,,,,,,,,,,,,,,,,,,,,,,,,,,,,,,,,,,,,,,,,,,,,,,,,,,,,,,,,,,,,,,,,,,,,,,,,,,,,,,,,,,,,,,,,,,,,,,,,,,,,,,,,,,,,,,,,,,,,,,,,,,,,,,,,,,,,,,,,,,,,,,,,,,,,,,,,,,,,,,,,,,,,,,,,,,,,,,,,,,,,,,,,,,,,,,,,,,,,,,,,,,,,,,,,,,,,,,,,,,,,,,,,,,,,,,,,,,,,,,,,,,,,,,,,,,,,,,,,,,,,,,,,,,,,,,,,,,,,,,,,,,,,,,,,,,,,,,,,,,,,,,,,,,,,,,,,,,,,,,,,,,,,,,,,,,,,,,,,,,,,,,,,,,,,,,,,,,,,,,,,,,,,,,,,,,,,,,,,,0.0000000000000000,0.0000000000000000,,0.0000000000000000,,0.0000000000000000,0.0000000000000000,0.0000000000000000,45.8781584064512984,74.3587536359011665,,,,,4.4469895446857901,2.9008384624200509,23.8880678899197996,,,,,,,,,,,,,,,0.0000000000000000,,0.0000000000000000,0.0000000000000000,0.0000000000000000,,,,,,,,,,,,,,,,,,,,,,,,,,,,,,,,,,,,,,,,
"1995Q3",,,,,,,,,,,,,,,,,,,,,,,,,,,,,,,,,,,,,,,,,,,,,,,,,,,,,,,,,,,,,,,,,,,,,,,,,,,,,,,,,,,,,,,,,,,,,,,,,,,,,,,,,,,,,,,,,,,,,,,,,,,,,,,,,,,,,,,,,,,,,,,,,,,,,,,,,,,,,,,,,,,,,,,,,,,,,,,,,,,,,,,,,,,,,,,,,,,,,,,,,,,,,,,,,,,,,,,,,,,,,,,,,,,,,,,,,,,,,,,,,,,,,,,,,,,,,,,,,,,,,,,,,,,,,,,,,,,,,,,,,,,,,,,,,,,,,,,,,,,,,,,,,,,,,,,,,,,,,,,,,,,,,,,,,,,,,,,,,,,,,,,,,,,,,,,,,,,,,,,,,,,,,,,,,,,,,,,,,,,,,,,,,,,,,,,,,,,,,,,,,,,,,,,,,,,,,,,,,,,,,,,,,,,,,,,,,,,,,,,,,,,,,,,,,,,,,,,,,,,,,,,,6.2928056510248513,6.6900484193630394,,,,,,,,0.0000000000000000,0.0000000000000000,,0.0000000000000000,,0.0000000000000000,0.0000000000000000,0.0000000000000000,55.5425975830412995,76.4644393093501549,,,,,13.7458873873385006,26.7150428485987135,20.9448375921344017,,,,,,,,,,,,,,,0.0000000000000000,,0.0000000000000000,0.0000000000000000,0.0000000000000000,,,,,,,,,,,,,,,,,,,,,,,,,,,,,,,,,,,,,,,,
"1995Q4",,,,,,,,,,,,,,,,,,,,,,,,,,,,,,,,,,,,,,,,,,,,,,,,,,,,,,,,,,,,,,,,,,,,,,,,,,,,,,,,,,,,,,,,,,,,,,,,,,,,,,,,,,,,,,,,,,,,,,,,,,,,,,,,,,,,,,,,,,,,,,,,,,,,,,,,,,,,,,,,,,,,,,,,,,,,,,,,,,,,,,,,,,,,,,,,,,,,,,,,,,,,,,,,,,,,,,,,,,,,,,,,,,,,,,,,,,,,,,,,,,,,,,,,,,,,,,,,,,,,,,,,,,,,,,,,,,,,,,,,,,,,,,,,,,,,,,,,,,,,,,,,,,,,,,,,,,,,,,,,,,,,,,,,,,,,,,,,,,,,,,,,,,,,,,,,,,,,,,,,,,,,,,,,,,,,,,,,,,,,,,,,,,,,,,,,,,,,,,,,,,,,,,,,,,,,,,,,,,,,,,,,,,,,,,,,,,,,,,,,,,,,,,,,,,,,,,,,,,,,,,,,4.0353190603823172,4.1798484714041866,,,,,,,,0.0000000000000000,0.0000000000000000,,0.0000000000000000,,0.0000000000000000,0.0000000000000000,0.0000000000000000,60.8200520319782996,36.3077149525331606,,,,,23.5084650630345990,38.6096836230170695,15.6271494469028998,,,,,,,,,,,,,,,0.0000000000000000,,0.0000000000000000,0.0000000000000000,0.0000000000000000,,,,,,,,,,,,,,,,,,,,,,,,,,,,,,,,,,,,,,,,
"1996Q1",,,,,,,,,,,,,,,,,,,,,,,,,,,,,,,,,,,,,,,,,,,,,,,,,,,,,,,,,,,,,,,,,,,,,,,,,,,,,,,,,,,,,,,,,,,,,,,,,,,,,,,,,,,,,,,,,,,,,,,,,,,,,,,,,,,,,,,,,,,,,,,,,,,,,,,,,,,,,,,,,,,,,,,,,,,,,,,,,,,,,,,,,,,,,,,,,,,,,,,,,,,,,,,,,,,,,,,,,,,,,,,,,,,,,,,,,,,,,,,,,,,,,,,,,,,,,,,,,,,,,,,,,,,,,,,,,,,,,,,,,,,,,,,,,,,,,,,,,,,,,,,,,,,,,,,,,,,,,,,,,,,,,,,,,,,,,,,,,,,,,,,,,,,,,,,,,,,,,,,,,,,,,,,,,,,,,,,,,,,,,,,,,,,,,,,,,,,,,,,,,,,,,,,,,,,,,,,,,,,,,,,,,,,,,,,,,,,,,,,,,,,,,,,,,,,,,,,,,,,,,,,,-0.0600250132449816,-1.1010912799704613,,,,,,,,0.0000000000000000,0.0000000000000000,,0.0000000000000000,,0.0000000000000000,0.0000000000000000,0.0000000000000000,61.0019151710932022,1.1942888685346134,,,,,31.4070833366054991,26.9363312887715267,13.0167324256022994,,,,,,,,,,,,,,,0.0000000000000000,,0.0000000000000000,0.0000000000000000,0.0000000000000000,,,,,,,,,,,,,,,,,,,,,,,,,,,,,,,,,,,,,,,,
"1996Q2",,,,,,,,,,,,,,,,,,,,,,,,,,,,,,,,,,,,,,,,,,,,,,,,,,,,,,,,,,,,,,,,,,,,,,,,,,,,,,,,,,,,,,,,,,,,,,,,,,,,,,,,,,,,,,,,,,,,,,,,,,,,,,,,,,,,,,,,,,,,,,,,,,,,,,,,,,,,,,,,,,,,,,,,,,,,,,,,,,,,,,,,,,,,,,,,,,,,,,,,,,,,,,,,,,,,,,,,,,,,,,,,,,,,,,,,,,,,,,,,,,,,,,,,,,,,,,,,,,,,,,,,,,,,,,,,,,,,,,,,,,,,,,,,,,,,,,,,,,,,,,,,,,,,,,,,,,,,,,,,,,,,,,,,,,,,,,,,,,,,,,,,,,,,,,,,,,,,,,,,,,,,,,,,,,,,,,,,,,,,,,,,,,,,,,,,,,,,,,,,,,,,,,,,,,,,,,,,,,,,,,,,,,,,,,,,,,,,,,,,,,,,,,,,,,,,,,,,,,,,,,,,-1.1458466006631056,-1.6920868770537503,,,,,,,,0.0000000000000000,0.0000000000000000,,0.0000000000000000,,0.0000000000000000,0.0000000000000000,0.0000000000000000,62.3084719653950003,8.4768572894518002,,,,,35.6420096096167001,2.1922566055780948,12.0896543803239993,,,,,,,,,,,,,,,0.0000000000000000,,0.0000000000000000,0.0000000000000000,0.0000000000000000,,,,,,,,,,,,,,,,,,,,,,,,,,,,,,,,,,,,,,,,
"1996Q3",,,,,,,,,,,,,,,,,,,,,,,,,,,,,,,,,,,,,,,,,,,,,,,,,,,,,,,,,,,,,,,,,,,,,,,,,,,,,,,,,,,,,,,,,,,,,,,,,,,,,,,,,,,,,,,,,,,,,,,,,,,,,,,,,,,,,,,,,,,,,,,,,,,,,,,,,,,,,,,,,,,,,,,,,,,,,,,,,,,,,,,,,,,,,,,,,,,,,,,,,,,,,,,,,,,,,,,,,,,,,,,,,,,,,,,,,,,,,,,,,,,,,,,,,,,,,,,,,,,,,,,,,,,,,,,,,,,,,,,,,,,,,,,,,,,,,,,,,,,,,,,,,,,,,,,,,,,,,,,,,,,,,,,,,,,,,,,,,,,,,,,,,,,,,,,,,,,,,,,,,,,,,,,,,,,,,,,,,,,,,,,,,,,,,,,,,,,,,,,,,,,,,,,,,,,,,,,,,,,,,,,,,,,,,,,,,,,,,,,,,,,,,,,,,,,,,,,,,,,,,,,,-2.2316681880812723,-2.2830824741369753,,,,,,,,0.0000000000000000,0.0000000000000000,,0.0000000000000000,,0.0000000000000000,0.0000000000000000,0.0000000000000000,64.3366749607016999,12.8129752522502258,,,,,37.3244587687008007,7.9535805626038467,11.3979466385180004,,,,,,,,,,,,,,,0.0000000000000000,,0.0000000000000000,0.0000000000000000,0.0000000000000000,,,,,,,,,,,,,,,,,,,,,,,,,,,,,,,,,,,,,,,,
"1996Q4",,,,,,,,,,,,,,,,,,,,,,,,,,,,,,,,,,,,,,,,,,,,,,,,,,,,,,,,,,,,,,,,,,,,,,,,,,,,,,,,,,,,,,,,,,,,,,,,,,,,,,,,,,,,,,,,,,,,,,,,,,,,,,,,,,,,,,,,,,,,,,,,,,,,,,,,,,,,,,,,,,,,,,,,,,,,,,,,,,,,,,,,,,,,,,,,,,,,,,,,,,,,,,,,,,,,,,,,,,,,,,,,,,,,,,,,,,,,,,,,,,,,,,,,,,,,,,,,,,,,,,,,,,,,,,,,,,,,,,,,,,,,,,,,,,,,,,,,,,,,,,,,,,,,,,,,,,,,,,,,,,,,,,,,,,,,,,,,,,,,,,,,,,,,,,,,,,,,,,,,,,,,,,,,,,,,,,,,,,,,,,,,,,,,,,,,,,,,,,,,,,,,,,,,,,,,,,,,,,,,,,,,,,,,,,,,,,,,,,,,,,,,,,,,,,,,,,,,,,,,,,,,-3.3174897754994213,-2.8740780712200973,,,,,,,,0.0000000000000000,0.0000000000000000,,0.0000000000000000,,0.0000000000000000,0.0000000000000000,0.0000000000000000,66.3199929053354964,12.1446250274582326,,,,,37.3468905765450998,8.8493826300671969,10.8880351784175993,,,,,,,,,,,,,,,0.0000000000000000,,0.0000000000000000,0.0000000000000000,0.0000000000000000,,,,,,,,,,,,,,,,,,,,,,,,,,,,,,,,,,,,,,,,
"1997Q1",,,,,,,,,,,,,,,,,,,,,,,,,,,,,,,,,,,,,,,,,,,,,,,,,,,,,,,,,,,,,,,,,,,,,,,,,,,,,,,,,,,,,,,,,,,,,,,,,,,,,,,,,,,,,,,,,,,,,,,,,,,,,,,,,,,,,,,,,,,,,,,,,,,,,,,,,,,,,,,,,,,,,,,,,,,,,,,,,,,,,,,,,,,,,,,,,,,,,,,,,,,,,,,,,,,,,,,,,,,,,,,,,,,,,,,,,,,,,,,,,,,,,,,,,,,,,,,,,,,,,,,,,,,,,,,,,,,,,,,,,,,,,,,,,,,,,,,,,,,,,,,,,,,,,,,,,,,,,,,,,,,,,,,,,,,,,,,,,,,,,,,,,,,,,,,,,,,,,,,,,,,,,,,,,,,,,,,,,,,,,,,,,,,,,,,,,,,,,,,,,,,,,,,,,,,,,,,,,,,,,,,,,,,,,,,,,,,,,,,,,,,,,,,,,,,,,,,,,,,,,,,,-6.3089847375083847,-4.2666122096847161,,,,,,,,0.0000000000000000,0.0000000000000000,,0.0000000000000000,,0.0000000000000000,0.0000000000000000,0.0000000000000000,70.7310926513427063,25.7575421120009196,,,,,42.4699617590487009,16.1924032490665724,12.2552402605747002,,,,,,,,,,,,,,,0.0000000000000000,,0.0000000000000000,0.0000000000000000,0.0000000000000000,,,,,,,,,,,,,,,,,,,,,,,,,,,,,,,,,,,,,,,,
"1997Q2",,,,,,,,,,,,,,,,,,,,,,,,,,,,,,,,,,,,,,,,,,,,,,,,,,,,,,,,,,,,,,,,,,,,,,,,,,,,,,,,,,,,,,,,,,,,,,,,,,,,,,,,,,,,,,,,,,,,,,,,,,,,,,,,,,,,,,,,,,,,,,,,,,,,,,,,,,,,,,,,,,,,,,,,,,,,,,,,,,,,,,,,,,,,,,,,,,,,,,,,,,,,,,,,,,,,,,,,,,,,,,,,,,,,,,,,,,,,,,,,,,,,,,,,,,,,,,,,,,,,,,,,,,,,,,,,,,,,,,,,,,,,,,,,,,,,,,,,,,,,,,,,,,,,,,,,,,,,,,,,,,,,,,,,,,,,,,,,,,,,,,,,,,,,,,,,,,,,,,,,,,,,,,,,,,,,,,,,,,,,,,,,,,,,,,,,,,,,,,,,,,,,,,,,,,,,,,,,,,,,,,,,,,,,,,,,,,,,,,,,,,,,,,,,,,,,,,,,,,,,,,,,-6.0943786298479274,-4.8302929708776770,,,,,,,,0.0000000000000000,0.0000000000000000,,0.0000000000000000,,0.0000000000000000,0.0000000000000000,0.0000000000000000,84.4601248317756017,70.9577073490711427,,,,,51.8614883985012014,21.8334935445890892,14.3037376365191005,,,,,,,,,,,,,,,0.0000000000000000,,0.0000000000000000,0.0000000000000000,0.0000000000000000,,,,,,,,,,,,,,,,,,,,,,,,,,,,,,,,,,,,,,,,
"1997Q3",,,,,,,,,,,,,,,,,,,,,,,,,,,,,,,,,,,,,,,,,,,,,,,,,,,,,,,,,,,,,,,,,,,,,,,,,,,,,,,,,,,,,,,,,,,,,,,,,,,,,,,,,,,,,,,,,,,,,,,,,,,,,,,,,,,,,,,,,,,,,,,,,,,,,,,,,,,,,,,,,,,,,,,,,,,,,,,,,,,,,,,,,,,,,,,,,,,,,,,,,,,,,,,,,,,,,,,,,,,,,,,,,,,,,,,,,,,,,,,,,,,,,,,,,,,,,,,,,,,,,,,,,,,,,,,,,,,,,,,,,,,,,,,,,,,,,,,,,,,,,,,,,,,,,,,,,,,,,,,,,,,,,,,,,,,,,,,,,,,,,,,,,,,,,,,,,,,,,,,,,,,,,,,,,,,,,,,,,,,,,,,,,,,,,,,,,,,,,,,,,,,,,,,,,,,,,,,,,,,,,,,,,,,,,,,,,,,,,,,,,,,,,,,,,,,,,,,,,,,,,,,,-5.8797725221874968,-5.3939737320706858,,,,,,,,0.0000000000000000,0.0000000000000000,,0.0000000000000000,,0.0000000000000000,0.0000000000000000,0.0000000000000000,80.7656451481505968,-17.8911344810810533,,,,,50.1242353142997032,-0.4038037010110713,16.5875909131108017,,,,,,,,,,,,,,,0.0000000000000000,,0.0000000000000000,0.0000000000000000,0.0000000000000000,,,,,,,,,,,,,,,,,,,,,,,,,,,,,,,,,,,,,,,,
"1997Q4",,,,,,,,,,,,,,,,,,,,,,,,,,,,,,,,,,,,,,,,,,,,,,,,,,,,,,,,,,,,,,,,,,,,,,,,,,,,,,,,,,,,,,,,,,,,,,,,,,,,,,,,,,,,,,,,,,,,,,,,,,,,,,,,,,,,,,,,,,,,,,,,,,,,,,,,,,,,,,,,,,,,,,,,,,,,,,,,,,,,,,,,,,,,,,,,,,,,,,,,,,,,,,,,,,,,,,,,,,,,,,,,,,,,,,,,,,,,,,,,,,,,,,,,,,,,,,,,,,,,,,,,,,,,,,,,,,,,,,,,,,,,,,,,,,,,,,,,,,,,,,,,,,,,,,,,,,,,,,,,,,,,,,,,,,,,,,,,,,,,,,,,,,,,,,,,,,,,,,,,,,,,,,,,,,,,,,,,,,,,,,,,,,,,,,,,,,,,,,,,,,,,,,,,,,,,,,,,,,,,,,,,,,,,,,,,,,,,,,,,,,,,,,,,,,,,,,,,,,,,,,,,-5.6651664145269756,-5.9576544932637265,,,,,,,,0.0000000000000000,0.0000000000000000,,0.0000000000000000,,0.0000000000000000,0.0000000000000000,0.0000000000000000,85.7286696738944016,23.8542454572659608,,,,,52.5164665575436018,14.1750373496664963,19.1708683712110002,,,,,,,,,,,,,,,0.0000000000000000,,0.0000000000000000,0.0000000000000000,0.0000000000000000,,,,,,,,,,,,,,,,,,,,,,,,,,,,,,,,,,,,,,,,
"1998Q1",,,,,,,,,,,,,,,,,,,,,,,,,,,,,,,,,,,,,,,,,,,,,,,,,,,,,,,,,,,,,,,,,,,,,,,,,,,,,,,,,,,,,,,,,,,,,,,,,,,,,,,,,,,,,,,,,,,,,,,,,,,,,,,,,,,,,,,,,,,,,,,,,,,,,,,,,,,,,,,,,,,,,,,,,,,,,,,,,,,,,,,,,,,,,,,,,,,,,,,,,,,,,,,,,,,,,,,,,,,,,,,,,,,,,,,,,,,,,,,,,,,,,,,,,,,,,,,,,,,,,,,,,,,,,,,,,,,,,,,,,,,,,,,,,,,,,,,,,,,,,,,,,,,,,,,,,,,,,,,,,,,,,,,,,,,,,,,,,,,,,,,,,,,,,,,,,,,,,,,,,,,,,,,,,,,,,,,,,,,,,,,,,,,,,,,,,,,,,,,,,,,,,,,,,,,,,,,,,,,,,,,,,,,,,,,,,,,,,,,,,,,,,,,,,,,,,,,,,,,,,,,,-5.7075524433865485,-8.7770192508091061,,,,,,,,0.0000000000000000,0.0000000000000000,,0.0000000000000000,,0.0000000000000000,0.0000000000000000,0.0000000000000000,86.0200201682850008,1.3571027488189884,,,,,46.4323034836066029,-24.6758516174157307,17.7159727595463998,,,,,,,,,,-40.1630080399999940,0.0000000000000000,738.3888205622848773,737.9399553063165058,,0.0000000000000000,16.6099999999999994,0.0000000000000000,0.0000000000000000,0.0000000000000000,,,,,,,,,,,,,,,,,,,,,,,,,,,,,,,,,,,,,,,,
"1998Q2",,,,,,,,,,,,,,,,,,,,,,,,,,,,,,,,,,,,,,,,,,,,,,,,,,,,,,,,,,,,,,,,,,,,,,,,,,,,,,,,,,,,,,,,,,,,,,,,,,,,,,,,,,,,,,,,,,,,,,,,,,,,,,,,,,,,,,,,,,,,,,,,,,,,,,,,,,,,,,,,,,,,,,,,,,,,,,,,,,,,,,,,,,,,,,,,,,,,,,,,,,,,,,,,,,,,,,,,,,,,,,,,,,,,,,,,,,,,,,,,,,,,,,,,,,,,,,,,,,,,,,,,,,,,,,,,,,,,,,,,,,,,,,,,,,,,,,,,,,,,,,,,,,,,,,,,,,,,,,,,,,,,,,,,,,,,,,,,,,,,,,,,,,,,,,,,,,,,,,,,,,,,,,,,,,,,,,,,,,,,,,,,,,,,,,,,,,,,,,,,,,,,,,,,,,,,,,,,,,,,,,,,,,,,,,,,,,,,,,,,,,,,,,,,,,,,,,,,,,,,,,,,-5.2413401494731673,-7.3456787592231834,,,,,,,,0.0000000000000000,0.0000000000000000,,0.0000000000000000,,0.0000000000000000,0.0000000000000000,0.0000000000000000,82.6382514278877949,-16.0429584543621786,,,,,46.2366795591469995,-9.2831694228679567,15.3524390335484000,,,,,,,,,,-40.1630080399999940,,735.8623223225229140,736.0644116703566624,-7.5021745438393737,0.0000000000000000,,0.0000000000000000,0.0000000000000000,0.0000000000000000,,,,,,,,,,,,,,,,,,,,,,,,,,,,,,,,,,,,,,,,
"1998Q3",,,,,,,,,,,,,,,,,,,,,,,,,,,,,,,,,,,,,,,,,,,,,,,,,,,,,,,,,,,,,,,,,,,,,,,,,,,,,,,,,,,,,,,,,,,,,,,,,,,,,,,,,,,,,,,,,,,,,,,,,,,,,,,,,,,,,,,,,,,,,,,,,,,,,,,,,,,,,,,,,,,,,,,,,,,,,,,,,,,,,,,,,,,,,,,,,,,,,,,,,,,,,,,,,,,,,,,,,,,,,,,,,,,,,,,,,,,,,,,,,,,,,,,,,,,,,,,,,,,,,,,,,,,,,,,,,,,,,,,,,,,,,,,,,,,,,,,,,,,,,,,,,,,,,,,,,,,,,,,,,,,,,,,,,,,,,,,,,,,,,,,,,,,,,,,,,,,,,,,,,,,,,,,,,,,,,,,,,,,,,,,,,,,,,,,,,,,,,,,,,,,,,,,,,,,,,,,,,,,,,,,,,,,,,,,,,,,,,,,,,,,,,,,,,,,,,,,,,,,,,,,,-4.7751278555598056,-5.9143382676372802,,,,,,,,0.0000000000000000,0.0000000000000000,,0.0000000000000000,,0.0000000000000000,0.0000000000000000,0.0000000000000000,81.6620265342021980,-4.7534253464807534,,,,,44.0911798443904033,-5.9496224593504792,14.7956929008854008,,,,,,,,,,-40.1630080399999940,,733.2703339688125652,734.1891485751820028,-7.5010523806986384,0.0000000000000000,,0.0000000000000000,0.0000000000000000,0.0000000000000000,,,,,,,,,,,,,,,,,,,,,,,,,,,,,,,,,,,,,,,,
"1998Q4",,,,,,,,,,,,,,,,,,,,,,,,,,,,,,,,,,,,,,,,,,,,,,,,,,,,,,,,,,,,,,,,,,,,,,,,,,,,,,,,,,,,,,,,,,,,,,,,,,,,,,,,,,,,,,,,,,,,,,,,,,,,,,,,,,,,,,,,,,,,,,,,,,,,,,,,,,,,,,,,,,,,,,,,,,,,,,,,,,,,,,,,,,,,,,,,,,,,,,,,,,,,,,,,,,,,,,,,,,,,,,,,,,,,,,,,,,,,,,,,,,,,,,,,,,,,,,,,,,,,,,,,,,,,,,,,,,,,,,,,,,,,,,,,,,,,,,,,,,,,,,,,,,,,,,,,,,,,,,,,,,,,,,,,,,,,,,,,,,,,,,,,,,,,,,,,,,,,,,,,,,,,,,,,,,,,,,,,,,,,,,,,,,,,,,,,,,,,,,,,,,,,,,,,,,,,,,,,,,,,,,,,,,,,,,,,,,,,,,,,,,,,,,,,,,,,,,,,,,,,,,,,-4.3089155616463835,-4.4829977760513486,,,,,,,,0.0000000000000000,0.0000000000000000,,0.0000000000000000,,0.0000000000000000,0.0000000000000000,0.0000000000000000,85.7524817189104027,19.5503698567144966,,,,,42.5709330027353019,-4.7466517959811938,17.8105101700550996,,,,,,,,,,-40.1630080399999940,,730.6093697685776078,732.3143202557353106,-7.4993132777867686,0.0000000000000000,,0.0000000000000000,0.0000000000000000,0.0000000000000000,,,,,,,,,,,,,,,,,,,,,,,,,,,,,,,,,,,,,,,,
"1999Q1",,,,,,,,,,,,,,,,,,,,,,,,,,,,,,,,,,,,,,,,,,,,,,,,,,,,,,,,,,,,,,,,,,,,,,,,,,,,,,,,,,,,,,,,,,,,,,,,,,,,,,,,,,,,,,,,,,,,,,,,,,,,,,,,,,,,,,,,,,,,,,,,,,,,,,,,,,,,,,,,,,,,,,,,,,,,,,,,,,,,,,,,,,,,,,,,,,,,,,,,,,,,,,,,,,,,,,,,,,,,,,,,,,,,,,,,,,,,,,,,,,,,,,,,,,,,,,,,,,,,,,,,,,,,,,,,,,,,,,,,,,,,,,,,,,,,,,,,,,,,,,,,,,,,,,,,,,,,,,,,,,,,,,,,,,,,,,,,,,,,,,,,,,,,,,,,,,,,,,,,,,,,,,,,,,,,,,,,,,,,,,,,,,,,,,,,,,,,,,,,,,,,,,,,,,,,,,,,,,,,,,,,,,,,,,,,,,,,,,,,,,,,,,,,,,,,,,,,,,,,,,,,-4.9178676064145961,-0.9730329116100975,64.0000000000000000,,-49.0000000000000000,29.0000000000000000,,,404.4539864917999807,12.4539864918000021,16.4945437499999983,,34.2125961598124988,,0.7102810973125002,2.2204812500000006,14.7872900625000021,90.4964865023724059,21.5383999273512927,,,,,39.1073168836937981,-14.6111797648903519,24.4885707490325011,,,,,,,,,,-39.9787977598661541,,727.8883685633536516,730.4395066878304306,-7.4992542716195203,6.6735863403462616,,44.4427337415427388,0.8130310973125003,-0.1027500000000001,,,,,,,,,,,,,,,,,,,,,,,,,,,,,,,,,,,,,,,,
"1999Q2",,,,,,,,,,,,,,,,,,,,,,,,,,,,,,,,,,,,,,,,,,,,,,,,,,,,,,,,,,,,,,,,,,,,,,,,,,,,,,,,,,,,,,,,,,,,,,,,,,,,,,,,,,,,,,,,,,,,,,,,,,,,,,,,,,,,,,,,,,,,,,,,,,,,,,,,,,,,,,,,,,,,,,,,,,,,,,,,,,,,,,,,,,,,,,,,,,,,,,,,,,,,,,,,,,,,,,,,,,,,,,,,,,,,,,,,,,,,,,,,,,,,,,,,,,,,,,,,,,,,,,,,,,,,,,,,,,,,,,,,,,,,,,,,,,,,,,,,,,,,,,,,,,,,,,,,,,,,,,,,,,,,,,,,,,,,,,,,,,,,,,,,,,,,,,,,,,,,,,,,,,,,,,,,,,,,,,,,,,,,,,,,,,,,,,,,,,,,,,,,,,,,,,,,,,,,,,,,,,,,,,,,,,,,,,,,,,,,,,,,,,,,,,,,,,,,,,,,,,,,,,,,-3.7906510314644919,-0.8992836379896900,80.0000000000000000,,-49.0000000000000000,29.0000000000000000,,,441.4539864917999807,12.4539864918000021,16.4945437499999983,,34.2125961598124988,,0.7102810973125002,2.2204812500000006,14.7872900625000021,91.9061577555083034,6.1828021197750331,,,,,37.3248441696986006,-10.6849374409660527,25.2513222015046992,,,,,,,,,,-39.9787977598661541,,725.0912529821107455,728.5632222532267406,-7.5051377384147600,6.6235049758488369,,44.1092170034260747,0.8130310973125003,-0.1027500000000001,,,,,,,,,,,,,,,,,,,,,,,,,,,,,,,,,,,,,,,,
"1999Q3",,,,,,,,,,,,,,,,,,,,,,,,,,,,,,,,,,,,,,,,,,,,,,,,,,,,,,,,,,,,,,,,,,,,,,,,,,,,,,,,,,,,,,,,,,,,,,,,,,,,,,,,,,,,,,,,,,,,,,,,,,,,,,,,,,,,,,,,,,,,,,,,,,,,,,,,,,,,,,,,,,,,,,,,,,,,,,,,,,,,,,,,,,,,,,,,,,,,,,,,,,,,,,,,,,,,,,,,,,,,,,,,,,,,,,,,,,,,,,,,,,,,,,,,,,,,,,,,,,,,,,,,,,,,,,,,,,,,,,,,,,,,,,,,,,,,,,,,,,,,,,,,,,,,,,,,,,,,,,,,,,,,,,,,,,,,,,,,,,,,,,,,,,,,,,,,,,,,,,,,,,,,,,,,,,,,,,,,,,,,,,,,,,,,,,,,,,,,,,,,,,,,,,,,,,,,,,,,,,,,,,,,,,,,,,,,,,,,,,,,,,,,,,,,,,,,,,,,,,,,,,,,-2.6634344565142953,-0.8255343643691759,78.0000000000000000,,-57.0000000000000000,29.0000000000000000,,,481.4539864917999807,12.4539864918000021,16.4945437499999983,,34.2125961598124988,,0.7102810973125002,2.2204812500000006,14.7872900625000021,95.3480409035591947,14.7063013564927587,,,,,43.3642830211514010,20.5590870677772557,21.6723926664670010,,,,,,,,,,-39.9787977598661541,,722.2136418937207054,726.6823868723554369,-7.5233415234852146,6.6446474102763045,,44.2500149995840530,0.8130310973125003,-0.1027500000000001,,,,,,,,,,,,,,,,,,,,,,,,,,,,,,,,,,,,,,,,
"1999Q4",,,,,,,,,,,,,,,,,,,,,,,,,,,,,,,,,,,,,,,,,,,,,,,,,,,,,,,,,,,,,,,,,,,,,,,,,,,,,,,,,,,,,,,,,,,,,,,,,,,,,,,,,,,,,,,,,,,,,,,,,,,,,,,,,,,,,,,,,,,,,,,,,,,,,,,,,,,,,,,,,,,,,,,,,,,,,,,,,,,,,,,,,,,,,,,,,,,,,,,,,,,,,,,,,,,,,,,,,,,,,,,,,,,,,,,,,,,,,,,,,,,,,,,,,,,,,,,,,,,,,,,,,,,,,,,,,,,,,,,,,,,,,,,,,,,,,,,,,,,,,,,,,,,,,,,,,,,,,,,,,,,,,,,,,,,,,,,,,,,,,,,,,,,,,,,,,,,,,,,,,,,,,,,,,,,,,,,,,,,,,,,,,,,,,,,,,,,,,,,,,,,,,,,,,,,,,,,,,,,,,,,,,,,,,,,,,,,,,,,,,,,,,,,,,,,,,,,,,,,,,,,,-1.5362178815641130,-0.7517850907487258,72.0000000000000000,,-54.0000000000000000,29.0000000000000000,,,488.4539864917999807,12.4539864918000021,16.4945437499999983,,34.2125961598124988,,0.7102810973125002,2.2204812500000006,14.7872900625000021,95.7285282989221997,1.5930279671897551,,,,,41.2865852906473023,-7.8415606592619866,25.4090033004557014,,,,,,,,,,-39.9787977598661541,,719.2507646637179732,724.7917504848530825,-7.5625455500094176,6.4798775802027215,,43.1527306740141299,0.8130310973125003,-0.1027500000000001,,,,,,,,,,,,,,,,,,,,,,,,,,,,,,,,,,,,,,,,
"2000Q1",,,,,,,,,,,,,,,,,,,,,,,,,,,,,,,,,,,,,,,,,,,,,,,,,,,,,,,,,,,,,,,,,,,,,,,,,,,,,,,,,,,,,,,,,,,,,,,,,,,,,,,,,,,,,,,,,,,,,,,,,,,,,,,,,,,,,,,,,,,,,,,,,,,,,,,,,,,,,,,,,,,,,,,,,,,,,,,,,,,,,,,,,,,,,,,,,,,,,,,,,,,,,,,,,,,,,,,,,,,,,,,,,,,,,,,,,,,,,,,,,,,,,,,,,,,,,,,,,,,,,,,,,,,,,,,,,,,,,,,,,,,,,,,,,,,,,,,,,,,,,,,,,,,,,,,,,,,,,,,,,,,,,,,,,,,,,,,,,,,,,,,,,,,,,,,,,,,,,,,,,,,,,,,,,,,,,,,,,,,,,,,,,,,,,,,,,,,,,,,,,,,,,,,,,,,,,,,,,,,,,,,,,,,,,,,,,,,,,,,,,,,,,,,,,,,,,,,,,,,,,,,,2.3845152278700681,0.9470439036775176,75.0000000000000000,,-38.0000000000000000,50.0000000000000000,,,470.4474457458999836,12.4474457459000014,17.9147937500000012,,36.8653333767812512,,-0.1848978732187496,1.5701500000000004,17.5652875000000002,94.0081482753646043,-7.2539572356092776,,,,,41.3526078108970978,-3.8870566457723612,25.1635687840709998,,,,,,,,,,-40.3601746845588139,,716.1678325725393961,722.8832700647451475,-7.6339216804317402,4.3270885600595337,,48.4071933225530771,1.1018521267812504,-1.2867500000000001,,,,,,,,,,,,,,,,,,,,,,,,,,,,,,,,,,,,,,,,
"2000Q2",,,,,,,,,,,,,,,,,,,,,,,,,,,,,,,,,,,,,,,,,,,,,,,,,,,,,,,,,,,,,,,,,,,,,,,,,,,,,,,,,,,,,,,,,,,,,,,,,,,,,,,,,,,,,,,,,,,,,,,,,,,,,,,,,,,,,,,,,,,,,,,,,,,,,,,,,,,,,,,,,,,,,,,,,,,,,,,,,,,,,,,,,,,,,,,,,,,,,,,,,,,,,,,,,,,,,,,,,,,,,,,,,,,,,,,,,,,,,,,,,,,,,,,,,,,,,,,,,,,,,,,,,,,,,,,,,,,,,,,,,,,,,,,,,,,,,,,,,,,,,,,,,,,,,,,,,,,,,,,,,,,,,,,,,,,,,,,,,,,,,,,,,,,,,,,,,,,,,,,,,,,,,,,,,,,,,,,,,,,,,,,,,,,,,,,,,,,,,,,,,,,,,,,,,,,,,,,,,,,,,,,,,,,,,,,,,,,,,,,,,,,,,,,,,,,,,,,,,,,,,,,,1.6360424658109238,-0.1549194667754463,71.0000000000000000,,-42.0000000000000000,50.0000000000000000,,,514.4474457459000405,12.4474457459000014,17.9147937500000012,,36.8653333767812512,,-0.1848978732187496,1.5701500000000004,17.5652875000000002,99.7803943026362958,23.8361007406292629,,,,,39.2984729709534975,-16.5371377086791540,28.1619376324145989,,,,,,,,,,-40.3601746845588139,,712.9868241367097426,720.9454394699187105,-7.7513223793057477,4.1386587071432759,,46.2992262238320791,1.1018521267812504,-1.2867500000000001,,,,,,,,,,,,,,,,,,,,,,,,,,,,,,,,,,,,,,,,
"2000Q3",,,,,,,,,,,,,,,,,,,,,,,,,,,,,,,,,,,,,,,,,,,,,,,,,,,,,,,,,,,,,,,,,,,,,,,,,,,,,,,,,,,,,,,,,,,,,,,,,,,,,,,,,,,,,,,,,,,,,,,,,,,,,,,,,,,,,,,,,,,,,,,,,,,,,,,,,,,,,,,,,,,,,,,,,,,,,,,,,,,,,,,,,,,,,,,,,,,,,,,,,,,,,,,,,,,,,,,,,,,,,,,,,,,,,,,,,,,,,,,,,,,,,,,,,,,,,,,,,,,,,,,,,,,,,,,,,,,,,,,,,,,,,,,,,,,,,,,,,,,,,,,,,,,,,,,,,,,,,,,,,,,,,,,,,,,,,,,,,,,,,,,,,,,,,,,,,,,,,,,,,,,,,,,,,,,,,,,,,,,,,,,,,,,,,,,,,,,,,,,,,,,,,,,,,,,,,,,,,,,,,,,,,,,,,,,,,,,,,,,,,,,,,,,,,,,,,,,,,,,,,,,,0.8875697037517725,-1.2568828372283960,81.0000000000000000,,-51.0000000000000000,50.0000000000000000,,,542.4474457459000405,12.4474457459000014,17.9147937500000012,,36.8653333767812512,,-0.1848978732187496,1.5701500000000004,17.5652875000000002,101.7343823521389936,7.7574431999796616,,,,,42.7057165875632023,3.6510809945053353,27.5688760369176009,,,,,,,,,,-40.3601746845588139,,709.7012935943765797,718.9625554098282691,-7.9315362403617655,3.8726253250104792,,43.3231074824634490,1.1018521267812504,-1.2867500000000001,,,,,,,,,,,,,,,,,,,,,,,,,,,,,,,,,,,,,,,,
"2000Q4",,,,,,,,,,,,,,,,,,,,,,,,,,,,,,,,,,,,,,,,,,,,,,,,,,,,,,,,,,,,,,,,,,,,,,,,,,,,,,,,,,,,,,,,,,,,,,,,,,,,,,,,,,,,,,,,,,,,,,,,,,,,,,,,,,,,,,,,,,,,,,,,,,,,,,,,,,,,,,,,,,,,,,,,,,,,,,,,,,,,,,,,,,,,,,,,,,,,,,,,,,,,,,,,,,,,,,,,,,,,,,,,,,,,,,,,,,,,,,,,,,,,,,,,,,,,,,,,,,,,,,,,,,,,,,,,,,,,,,,,,,,,,,,,,,,,,,,,,,,,,,,,,,,,,,,,,,,,,,,,,,,,,,,,,,,,,,,,,,,,,,,,,,,,,,,,,,,,,,,,,,,,,,,,,,,,,,,,,,,,,,,,,,,,,,,,,,,,,,,,,,,,,,,,,,,,,,,,,,,,,,,,,,,,,,,,,,,,,,,,,,,,,,,,,,,,,,,,,,,,,,,,0.1390969416925856,-2.3588462076814523,88.0000000000000000,,-62.0000000000000000,50.0000000000000000,,,567.4474457459000405,12.4474457459000014,17.9147937500000012,,36.8653333767812512,,-0.1848978732187496,1.5701500000000004,17.5652875000000002,105.8940984488660035,16.0296805301807126,,,,,51.6922959260257002,16.7332531768990833,24.2449940762057992,,,,,,,,,,-40.3601746845588139,,706.3041380884263845,716.9139404593449854,-8.1944598019331352,3.6925417781770467,,41.3085106132796511,1.1018521267812504,-1.2867500000000001,,,,,,,,,,,,,,,,,,,,,,,,,,,,,,,,,,,,,,,,
"2001Q1",,,,,,,,,,,,,,,,,,,,,,,,,,,,,,,,,,,,,,,,,,,,,,,,,,,,,,,,,,,,,,,,,,,,,,,,,,,,,,,,,,,,,,,,,,,,,,,,,,,,,,,,,,,,,,,,,,,,,,,,,,,,,,,,,,,,,,,,,,,,,,,,,,,,,,,,,,,,,,,,,,,,,,,,,,,,,,,,,,,,,,,,,,,,,,,,,,,,,,,,,,,,,,,,,,,,,,,,,,,,,,,,,,,,,,,,,,,,,,,,,,,,,,,,,,,,,,,,,,,,,,,,,,,,,,,,,,,,,,,,,,,,,,,,,,,,,,,,,,,,,,,,,,,,,,,,,,,,,,,,,,,,,,,,,,,,,,,,,,,,,,,,,,,,,,,,,,,,,,,,,,,,,,,,,,,,,,,,,,,,,,,,,,,,,,,,,,,,,,,,,,,,,,,,,,,,,,,,,,,,,,,,,,,,,,,,,,,,,,,,,,,,,,,,,,,,,,,,,,,,,,,,-2.1416315048699701,-6.9852586756584856,81.0000000000000000,,-81.0000000000000000,40.0000000000000000,,,590.5693649999999479,11.5693650000000030,21.2194624999999988,,39.8473687500000011,,-0.1349187500000020,1.5226062499999999,17.2402187500000004,123.1013807134119986,60.2274903401248594,,,,,70.0567713016315992,47.0690268500390090,22.8467075035810012,,,,,,,,,,-21.4153281893816434,,704.4536042816151848,714.7731289047054588,-8.5632462185581062,3.5111109394431543,,39.7557284764317700,2.2547749999999982,-2.3896937500000002,,,,,,,,,,,,,,,,,,,,,,,,,,,,,,,,,,,,,,,,
"2001Q2",,,,,,,,,,,,,,,,,,,,,,,,,,,,,,,,,,,,,,,,,,,,,,,,,,,,,,,,,,,,,,,,,,,,,,,,,,,,,,,,,,,,,,,,,,,,,,,,,,,,,,,,,,,,,,,,,,,,,,,,,,,,,,,,,,,,,,,,,,,,,,,,,,,,,,,,,,,,,,,,,,,,,,,,,,,,,,,,,,,,,,,,,,,,,,,,,,,,,,,,,,,,,,,,,,,,,,,,,,,,,,,,,,,,,,,,,,,,,,,,,,,,,,,,,,,,,,,,,,,,,,,,,,,,,,,,,,,,,,,,,,,,,,,,,,,,,,,,,,,,,,,,,,,,,,,,,,,,,,,,,,,,,,,,,,,,,,,,,,,,,,,,,,,,,,,,,,,,,,,,,,,,,,,,,,,,,,,,,,,,,,,,,,,,,,,,,,,,,,,,,,,,,,,,,,,,,,,,,,,,,,,,,,,,,,,,,,,,,,,,,,,,,,,,,,,,,,,,,,,,,,,,-1.9079988966412742,-5.7702688666542983,81.0000000000000000,,-103.0000000000000000,40.0000000000000000,,,644.5693649999999479,11.5693650000000030,21.2194624999999988,,39.8473687500000011,,-0.1349187500000020,1.5226062499999999,17.2402187500000004,126.3981310414449979,10.5713784871925327,,,,,80.4750880047833022,10.3563967029408275,15.6824026845260995,,,,,,,,,,-21.4153281893816434,,702.5681790286319028,712.5070239056648234,-9.0644199961625418,3.4611392146190743,,39.1899069009049654,2.2547749999999982,-2.3896937500000002,,,,,,,,,,,,,,,,,,,,,,,,,,,,,,,,,,,,,,,,
"2001Q3",,,,,,,,,,,,,,,,,,,,,,,,,,,,,,,,,,,,,,,,,,,,,,,,,,,,,,,,,,,,,,,,,,,,,,,,,,,,,,,,,,,,,,,,,,,,,,,,,,,,,,,,,,,,,,,,,,,,,,,,,,,,,,,,,,,,,,,,,,,,,,,,,,,,,,,,,,,,,,,,,,,,,,,,,,,,,,,,,,,,,,,,,,,,,,,,,,,,,,,,,,,,,,,,,,,,,,,,,,,,,,,,,,,,,,,,,,,,,,,,,,,,,,,,,,,,,,,,,,,,,,,,,,,,,,,,,,,,,,,,,,,,,,,,,,,,,,,,,,,,,,,,,,,,,,,,,,,,,,,,,,,,,,,,,,,,,,,,,,,,,,,,,,,,,,,,,,,,,,,,,,,,,,,,,,,,,,,,,,,,,,,,,,,,,,,,,,,,,,,,,,,,,,,,,,,,,,,,,,,,,,,,,,,,,,,,,,,,,,,,,,,,,,,,,,,,,,,,,,,,,,,,-1.6743662884125072,-4.5552790576501607,90.0000000000000000,,-122.0000000000000000,40.0000000000000000,,,726.5693649999999479,11.5693650000000030,21.2194624999999988,,39.8473687500000011,,-0.1349187500000020,1.5226062499999999,17.2402187500000004,124.7171549665050065,-5.3553129660022023,,,,,75.7389534977131973,-10.8914657295700579,15.3672086252814992,,,,,,,,,,-21.4153281893816434,,700.6465212608762840,710.0760789190884452,-9.7237799463055126,3.4226869533355662,,38.7545183058825700,2.2547749999999982,-2.3896937500000002,,,,,,,,,,,,,,,,,,,,,,,,,,,,,,,,,,,,,,,,
"2001Q4",,,,,,,,,,,,,,,,,,,,,,,,,,,,,,,,,,,,,,,,,,,,,,,,,,,,,,,,,,,,,,,,,,,,,,,,,,,,,,,,,,,,,,,,,,,,,,,,,,,,,,,,,,,,,,,,,,,,,,,,,,,,,,,,,,,,,,,,,,,,,,,,,,,,,,,,,,,,,,,,,,,,,,,,,,,,,,,,,,,,,,,,,,,,,,,,,,,,,,,,,,,,,,,,,,,,,,,,,,,,,,,,,,,,,,,,,,,,,,,,,,,,,,,,,,,,,,,,,,,,,,,,,,,,,,,,,,,,,,,,,,,,,,,,,,,,,,,,,,,,,,,,,,,,,,,,,,,,,,,,,,,,,,,,,,,,,,,,,,,,,,,,,,,,,,,,,,,,,,,,,,,,,,,,,,,,,,,,,,,,,,,,,,,,,,,,,,,,,,,,,,,,,,,,,,,,,,,,,,,,,,,,,,,,,,,,,,,,,,,,,,,,,,,,,,,,,,,,,,,,,,,,-1.4407336801837829,-3.3402892486458242,96.0000000000000000,,-120.0000000000000000,41.0000000000000000,,,738.5693649999999479,11.5693650000000030,21.2194624999999988,,39.8473687500000011,,-0.1349187500000020,1.5226062499999999,17.2402187500000004,125.8838414971600059,3.7244702973148378,,,,,79.3707123698012964,4.0905338441024526,14.1245961951569008,,,,,,,,,,-21.4153281893816434,,698.6872110753855623,707.4345356237934084,-10.5661731811801474,3.3352473920075885,,37.7644546143021742,2.2547749999999982,-2.3896937500000002,,,,,,,,,,,,,,,,,,,,,,,,,,,,,,,,,,,,,,,,
"2002Q1",,,,,,,,,,,,,,,,,,,,,,,,,,,,,,,,,,,,,,,,,,,,,,,,,,,,,,,,,,,,,,,,,,,,,,,,,,,,,,,,,,,,,,,,,,,,,,,,,,,,,,,,,,,,,,,,,,,,,,,,,,,,,,,,,,,,,,,,,,,,,,,,,,,,,,,,,,,,,,,,,,,,,,,,,,,,,,,,,,,,,,,,,,,,,,,,,,,,,,,,,,,,,,,,,,,,,,,,,,,,,,,,,,,,,,,,,,,,,,,,,,,,,,,,,,,,,,,,,,,,,,,,,,,,,,,,,,,,,,,,,,,,,,,,,,,,,,,,,,,,,,,,,,,,,,,,,,,,,,,,,,,,,,,,,,,,,,,,,,,,,,,,,,,,,,,,,,,,,,,,,,,,,,,,,,,,,,,,,,,,,,,,,,,,,,,,,,,,,,,,,,,,,,,,,,,,,,,,,,,,,,,,,,,,,,,,,,,,,,,,,,,,,,,,,,,,,,,,,,,,,,,,-3.7757979678490443,-3.3946499438100446,100.0000000000000000,,-135.0000000000000000,53.0000000000000000,,,741.2104150000000118,11.2104150000000011,25.5078812500000005,,45.5798571874999965,,0.8352634374999997,1.6131687500000003,17.6235437499999996,128.4778170578850052,8.1586682664337786,,,,,66.4732730234445057,-20.3056765499068774,27.7713736517005998,,,,,,,,,,-10.9095706393863185,,697.6741265466414461,704.5307422250606351,-11.6151735949310932,3.5009385136305298,,38.2470482775144234,2.4716509374999993,-1.6363874999999997,,,,,,,,,,,,,,,,,,,,,,,,,,,,,,,,,,,,,,,,
"2002Q2",,,,,,,,,,,,,,,,,,,,,,,,,,,,,,,,,,,,,,,,,,,,,,,,,,,,,,,,,,,,,,,,,,,,,,,,,,,,,,,,,,,,,,,,,,,,,,,,,,,,,,,,,,,,,,,,,,,,,,,,,,,,,,,,,,,,,,,,,,,,,,,,,,,,,,,,,,,,,,,,,,,,,,,,,,,,,,,,,,,,,,,,,,,,,,,,,,,,,,,,,,,,,,,,,,,,,,,,,,,,,,,,,,,,,,,,,,,,,,,,,,,,,,,,,,,,,,,,,,,,,,,,,,,,,,,,,,,,,,,,,,,,,,,,,,,,,,,,,,,,,,,,,,,,,,,,,,,,,,,,,,,,,,,,,,,,,,,,,,,,,,,,,,,,,,,,,,,,,,,,,,,,,,,,,,,,,,,,,,,,,,,,,,,,,,,,,,,,,,,,,,,,,,,,,,,,,,,,,,,,,,,,,,,,,,,,,,,,,,,,,,,,,,,,,,,,,,,,,,,,,,,,-1.8553143639758289,-1.3393367830555150,105.0000000000000000,,-132.0000000000000000,53.0000000000000000,,,746.2104150000000118,11.2104150000000011,25.5078812500000005,,45.5798571874999965,,0.8352634374999997,1.6131687500000003,17.6235437499999996,133.2230892432210112,14.5075304870874788,,,,,67.1827648060953067,-9.7116952143040862,28.7540519038115008,,,,,,,,,,-10.9095706393863185,,696.6506734836699479,701.3075798503282385,-12.8926494989295861,3.4550781873296073,,37.7460334475695873,2.4716509374999993,-1.6363874999999997,,,,,,,,,,,,,,,,,,,,,,,,,,,,,,,,,,,,,,,,
"2002Q3",,,,,,,,,,,,,,,,,,,,,,,,,,,,,,,,,,,,,,,,,,,,,,,,,,,,,,,,,,,,,,,,,,,,,,,,,,,,,,,,,,,,,,,,,,,,,,,,,,,,,,,,,,,,,,,,,,,,,,,,,,,,,,,,,,,,,,,,,,,,,,,,,,,,,,,,,,,,,,,,,,,,,,,,,,,,,,,,,,,,,,,,,,,,,,,,,,,,,,,,,,,,,,,,,,,,,,,,,,,,,,,,,,,,,,,,,,,,,,,,,,,,,,,,,,,,,,,,,,,,,,,,,,,,,,,,,,,,,,,,,,,,,,,,,,,,,,,,,,,,,,,,,,,,,,,,,,,,,,,,,,,,,,,,,,,,,,,,,,,,,,,,,,,,,,,,,,,,,,,,,,,,,,,,,,,,,,,,,,,,,,,,,,,,,,,,,,,,,,,,,,,,,,,,,,,,,,,,,,,,,,,,,,,,,,,,,,,,,,,,,,,,,,,,,,,,,,,,,,,,,,,,0.0651692398974717,0.7159763776990644,102.0000000000000000,,-124.0000000000000000,53.0000000000000000,,,792.2104150000000118,11.2104150000000011,25.5078812500000005,,45.5798571874999965,,0.8352634374999997,1.6131687500000003,17.6235437499999996,140.2765426256889896,20.6362771915714802,,,,,76.5333133883469969,12.9597418446729762,23.0670842256919997,,,,,,,,,,-10.9095706393863185,,695.6166374539486696,697.7036442422353275,-14.4157424323716441,3.3467284708198783,,36.5623346130804521,2.4716509374999993,-1.6363874999999997,,,,,,,,,,,,,,,,,,,,,,,,,,,,,,,,,,,,,,,,
"2002Q4",,,,,,,,,,,,,,,,,,,,,,,,,,,,,,,,,,,,,,,,,,,,,,,,,,,,,,,,,,,,,,,,,,,,,,,,,,,,,,,,,,,,,,,,,,,,,,,,,,,,,,,,,,,,,,,,,,,,,,,,,,,,,,,,,,,,,,,,,,,,,,,,,,,,,,,,,,,,,,,,,,,,,,,,,,,,,,,,,,,,,,,,,,,,,,,,,,,,,,,,,,,,,,,,,,,,,,,,,,,,,,,,,,,,,,,,,,,,,,,,,,,,,,,,,,,,,,,,,,,,,,,,,,,,,,,,,,,,,,,,,,,,,,,,,,,,,,,,,,,,,,,,,,,,,,,,,,,,,,,,,,,,,,,,,,,,,,,,,,,,,,,,,,,,,,,,,,,,,,,,,,,,,,,,,,,,,,,,,,,,,,,,,,,,,,,,,,,,,,,,,,,,,,,,,,,,,,,,,,,,,,,,,,,,,,,,,,,,,,,,,,,,,,,,,,,,,,,,,,,,,,,,1.9856528437707581,2.7712895384536580,104.0000000000000000,,-127.0000000000000000,53.0000000000000000,,,830.2104150000000118,11.2104150000000011,25.5078812500000005,,45.5798571874999965,,0.8352634374999997,1.6131687500000003,17.6235437499999996,143.6768342828299865,9.5803169886958131,,,,,86.0513372493023070,14.1108191467038466,17.5708730165270985,,,,,,,,,,-10.9095706393863185,,694.5717973033445105,693.6546205769418521,-16.1960946611739018,3.2134349161247764,,35.1061293693561609,2.4716509374999993,-1.6363874999999997,,,,,,,,,,,,,,,,,,,,,,,,,,,,,,,,,,,,,,,,
"2003Q1",,,,,,,,,,,,,,,,,,,,,,,,,,,,,,,,,,,,,,,,,,,,,,,,,,,,,,,,,,,,,,,,,,,,,,,,,,,,,,,,,,,,,,,,,,,,,,,,,,,,,,,,,,,,,,,,,,,,,,,,,,,,,,,,,,,,,,,,,,,,,,,,,,,,,,,,,,,,,,,,,,,,,,,,,,,,,,,,,,,,,,,,,,,,,,,,,,,,,,,,,,,,,,,,,,,,,,,,,,,,,,,,,,,,,,,,,,,,,,,,,,,,,,,,,,,,,,,,,,,,,,,,,,,,,,,,,,,,,,,,,,,,,,,,,,,,,,,,,,,,,,,,,,,,,,,,,,,,,,,,,,,,,,,,,,,,,,,,,,,,,,,,,,,,,,,,,,,,,,,,,,,,,,,,,,,,,,,,,,,,,,,,,,,,,,,,,,,,,,,,,,,,,,,,,,,,,,,,,,,,,,,,,,,,,,,,,,,,,,,,,,,,,,,,,,,,,,,,,,,,,,,,6.2197282286389211,7.4029544280668063,108.0000000000000000,,-146.0000000000000000,53.0000000000000000,,,824.0696799999999484,12.0696800000000000,30.6324062500000025,,53.6007050509687559,,0.2053161990312509,0.7685013519374999,21.9944812499999998,150.2328826438059934,17.8480279568100286,,,,,93.6670336311207024,23.0110150344624458,10.2464898494697998,,,,,,,,,,7.6352001904896341,,695.3041867972309547,689.0948896513647242,-18.2389237023085116,1.4957334243849858,,42.8078371946824561,2.4047599490312503,-2.1994437499999995,,,,,,,,,,,,,,,,,,,,,,,,,,,,,,,,,,,,,,,,
"2003Q2",,,,,,,,,,,,,,,,,,,,,,,,,,,,,,,,,,,,,,,,,,,,,,,,,,,,,,,,,,,,,,,,,,,,,,,,,,,,,,,,,,,,,,,,,,,,,,,,,,,,,,,,,,,,,,,,,,,,,,,,,,,,,,,,,,,,,,,,,,,,,,,,,,,,,,,,,,,,,,,,,,,,,,,,,,,,,,,,,,,,,,,,,,,,,,,,,,,,,,,,,,,,,,,,,,,,,,,,,,,,,,,,,,,,,,,,,,,,,,,,,,,,,,,,,,,,,,,,,,,,,,,,,,,,,,,,,,,,,,,,,,,,,,,,,,,,,,,,,,,,,,,,,,,,,,,,,,,,,,,,,,,,,,,,,,,,,,,,,,,,,,,,,,,,,,,,,,,,,,,,,,,,,,,,,,,,,,,,,,,,,,,,,,,,,,,,,,,,,,,,,,,,,,,,,,,,,,,,,,,,,,,,,,,,,,,,,,,,,,,,,,,,,,,,,,,,,,,,,,,,,,,,6.6057532393270435,7.7440737358974729,119.0000000000000000,,-133.0000000000000000,53.0000000000000000,,,836.0696799999999484,12.0696800000000000,30.6324062500000025,,53.6007050509687559,,0.2053161990312509,0.7685013519374999,21.9944812499999998,155.3912191371969982,13.5037161338959777,,,,,96.5450753640479036,-10.5280765323199716,17.5394010899115997,,,,,,,,,,7.6352001904896341,,696.0312513232855736,683.9594054978748545,-20.5419366139594786,1.4523249005485184,,41.5654867925598026,2.4047599490312503,-2.1994437499999995,,,,,,,,,,,,,,,,,,,,,,,,,,,,,,,,,,,,,,,,
"2003Q3",,,,,,,,,,,,,,,,,,,,,,,,,,,,,,,,,,,,,,,,,,,,,,,,,,,,,,,,,,,,,,,,,,,,,,,,,,,,,,,,,,,,,,,,,,,,,,,,,,,,,,,,,,,,,,,,,,,,,,,,,,,,,,,,,,,,,,,,,,,,,,,,,,,,,,,,,,,,,,,,,,,,,,,,,,,,,,,,,,,,,,,,,,,,,,,,,,,,,,,,,,,,,,,,,,,,,,,,,,,,,,,,,,,,,,,,,,,,,,,,,,,,,,,,,,,,,,,,,,,,,,,,,,,,,,,,,,,,,,,,,,,,,,,,,,,,,,,,,,,,,,,,,,,,,,,,,,,,,,,,,,,,,,,,,,,,,,,,,,,,,,,,,,,,,,,,,,,,,,,,,,,,,,,,,,,,,,,,,,,,,,,,,,,,,,,,,,,,,,,,,,,,,,,,,,,,,,,,,,,,,,,,,,,,,,,,,,,,,,,,,,,,,,,,,,,,,,,,,,,,,,,,6.9917782500152263,8.0851930437281965,115.0000000000000000,,-130.0000000000000000,54.0000000000000000,,,874.0696799999999484,12.0696800000000000,30.6324062500000025,,53.6007050509687559,,0.2053161990312509,0.7685013519374999,21.9944812499999998,165.1498931450620091,24.3630293562639508,,,,,94.0870977550038958,-16.0580267045382357,18.2345282370263000,,,,,,,,,,7.6352001904896341,,696.7530677551688996,678.1870029595590950,-23.0896101532630382,1.3947948174903151,,39.9189778697784803,2.4047599490312503,-2.1994437499999995,,,,,,,,,,,,,,,,,,,,,,,,,,,,,,,,,,,,,,,,
"2003Q4",,,,,,,,,,,,,,,,,,,,,,,,,,,,,,,,,,,,,,,,,,,,,,,,,,,,,,,,,,,,,,,,,,,,,,,,,,,,,,,,,,,,,,,,,,,,,,,,,,,,,,,,,,,,,,,,,,,,,,,,,,,,,,,,,,,,,,,,,,,,,,,,,,,,,,,,,,,,,,,,,,,,,,,,,,,,,,,,,,,,,,,,,,,,,,,,,,,,,,,,,,,,,,,,,,,,,,,,,,,,,,,,,,,,,,,,,,,,,,,,,,,,,,,,,,,,,,,,,,,,,,,,,,,,,,,,,,,,,,,,,,,,,,,,,,,,,,,,,,,,,,,,,,,,,,,,,,,,,,,,,,,,,,,,,,,,,,,,,,,,,,,,,,,,,,,,,,,,,,,,,,,,,,,,,,,,,,,,,,,,,,,,,,,,,,,,,,,,,,,,,,,,,,,,,,,,,,,,,,,,,,,,,,,,,,,,,,,,,,,,,,,,,,,,,,,,,,,,,,,,,,,,7.3778032607033381,8.4263123515588063,126.0000000000000000,,-155.0000000000000000,55.0000000000000000,,,916.0696799999999484,12.0696800000000000,30.6324062500000025,,53.6007050509687559,,0.2053161990312509,0.7685013519374999,21.9944812499999998,170.9585218045590125,13.8269838856265324,,,,,94.8828124406339981,-1.3282359659392284,17.1290880894272988,,,,,,,,,,7.6352001904896341,,697.4697113137893894,671.7240617831449754,-25.8517647056564783,1.3476741603838152,,38.5703863460242431,2.4047599490312503,-2.1994437499999995,,,,,,,,,,,,,,,,,,,,,,,,,,,,,,,,,,,,,,,,
"2004Q1",,,,,,,,,,,,,,,,,,,,,,,,,,,,,,,,,,,,,,,,,,,,,,,,,,,,,,,,,,,,,,,,,,,,,,,,,,,,,,,,,,,,,,,,,,,,,,,,,,,,,,,,,,,,,,,,,,,,,,,,,,,,,,,,,,,,,,,,,,,,,,,,,,,,,,,,,,,,,,,,,,,,,,,,,,,,,,,,,,,,,,,,,,,,,,,,,,,,,,,,,,,,,,,,,,,,,,,,,,,,,,,,,,,,,,,,,,,,,,,,,,,,,,,,,,,,,,,,,,,,,,,,,,,,,,,,,,,,,,,,,,,,,,,,,,,,,,,,,,,,,,,,,,,,,,,,,,,,,,,,,,,,,,,,,,,,,,,,,,,,,,,,,,,,,,,,,,,,,,,,,,,,,,,,,,,,,,,,,,,,,,,,,,,,,,,,,,,,,,,,,,,,,,,,,,,,,,,,,,,,,,,,,,,,,,,,,,,,,,,,,,,,,,,,,,,,,,,,,,,,,,,,10.0997715218858151,10.8487456626593399,95.0000000000000000,,-138.0000000000000000,56.0000000000000000,,,897.2223636280000392,16.2223636280000001,37.1224827396249992,,64.6528103837143817,,-3.8141555790274997,0.2143777038749998,31.1301055192418801,172.6775079235769965,4.0019097157414762,,,,,103.1027770015570013,21.4528278579367964,13.5681336909542996,,,,,,,,,,-68.7358684637989796,,690.8252570357669811,664.5285655058568182,-28.7819851091526289,0.3679690963210645,,53.4333402645920543,3.1830944209724996,-6.9972499999999993,,,,,,,,,,,,,,,,,,,,,,,,,,,,,,,,,,,,,,,,
"2004Q2",,,,,,,,,,,,,,,,,,,,,,,,,,,,,,,,,,,,,,,,,,,,,,,,,,,,,,,,,,,,,,,,,,,,,,,,,,,,,,,,,,,,,,,,,,,,,,,,,,,,,,,,,,,,,,,,,,,,,,,,,,,,,,,,,,,,,,,,,,,,,,,,,,,,,,,,,,,,,,,,,,,,,,,,,,,,,,,,,,,,,,,,,,,,,,,,,,,,,,,,,,,,,,,,,,,,,,,,,,,,,,,,,,,,,,,,,,,,,,,,,,,,,,,,,,,,,,,,,,,,,,,,,,,,,,,,,,,,,,,,,,,,,,,,,,,,,,,,,,,,,,,,,,,,,,,,,,,,,,,,,,,,,,,,,,,,,,,,,,,,,,,,,,,,,,,,,,,,,,,,,,,,,,,,,,,,,,,,,,,,,,,,,,,,,,,,,,,,,,,,,,,,,,,,,,,,,,,,,,,,,,,,,,,,,,,,,,,,,,,,,,,,,,,,,,,,,,,,,,,,,,,,8.9410913637241585,9.8460740980937000,116.0000000000000000,,-150.0000000000000000,56.0000000000000000,,,972.2223636280000392,16.2223636280000001,37.1224827396249992,,64.6528103837143817,,-3.8141555790274997,0.2143777038749998,31.1301055192418801,174.2403759802980119,3.6040312759173503,,,,,104.4413792336639943,-5.1372718467555103,12.3271422439150005,,,,,,,,,,-68.7358684637989796,,683.7076930642754178,656.5745886958754909,-31.8159072399253091,0.3697906599431590,,53.6978522298796364,3.1830944209724996,-6.9972499999999993,,,,,,,,,,,,,,,,,,,,,,,,,,,,,,,,,,,,,,,,
"2004Q3",,,,,,,,,,,,,,,,,,,,,,,,,,,,,,,,,,,,,,,,,,,,,,,,,,,,,,,,,,,,,,,,,,,,,,,,,,,,,,,,,,,,,,,,,,,,,,,,,,,,,,,,,,,,,,,,,,,,,,,,,,,,,,,,,,,,,,,,,,,,,,,,,,,,,,,,,,,,,,,,,,,,,,,,,,,,,,,,,,,,,,,,,,,,,,,,,,,,,,,,,,,,,,,,,,,,,,,,,,,,,,,,,,,,,,,,,,,,,,,,,,,,,,,,,,,,,,,,,,,,,,,,,,,,,,,,,,,,,,,,,,,,,,,,,,,,,,,,,,,,,,,,,,,,,,,,,,,,,,,,,,,,,,,,,,,,,,,,,,,,,,,,,,,,,,,,,,,,,,,,,,,,,,,,,,,,,,,,,,,,,,,,,,,,,,,,,,,,,,,,,,,,,,,,,,,,,,,,,,,,,,,,,,,,,,,,,,,,,,,,,,,,,,,,,,,,,,,,,,,,,,,,7.7824112055625729,8.8434025335281312,137.0000000000000000,,-149.0000000000000000,56.0000000000000000,,,1028.2223636280000392,16.2223636280000001,37.1224827396249992,,64.6528103837143817,,-3.8141555790274997,0.2143777038749998,31.1301055192418801,180.9944551845019873,15.2122317778002980,,,,,111.6264436571560026,7.4576403681059560,4.8221362321016201,,,,,,,,,,-68.7358684637989796,,676.0444445122567458,647.8526413535876145,-34.8877893691515055,0.3720341187210757,,54.0236282188105363,3.1830944209724996,-6.9972499999999993,,,,,,,,,,,,,,,,,,,,,,,,,,,,,,,,,,,,,,,,
"2004Q4",,,,,,,,,,,,,,,,,,,,,,,,,,,,,,,,,,,,,,,,,,,,,,,,,,,,,,,,,,,,,,,,,,,,,,,,,,,,,,,,,,,,,,,,,,,,,,,,,,,,,,,,,,,,,,,,,,,,,,,,,,,,,,,,,,,,,,,,,,,,,,,,,,,,,,,,,,,,,,,,,,,,,,,,,,,,,,,,,,,,,,,,,,,,,,,,,,,,,,,,,,,,,,,,,,,,,,,,,,,,,,,,,,,,,,,,,,,,,,,,,,,,,,,,,,,,,,,,,,,,,,,,,,,,,,,,,,,,,,,,,,,,,,,,,,,,,,,,,,,,,,,,,,,,,,,,,,,,,,,,,,,,,,,,,,,,,,,,,,,,,,,,,,,,,,,,,,,,,,,,,,,,,,,,,,,,,,,,,,,,,,,,,,,,,,,,,,,,,,,,,,,,,,,,,,,,,,,,,,,,,,,,,,,,,,,,,,,,,,,,,,,,,,,,,,,,,,,,,,,,,,,,6.6237310474009821,7.8407309689625038,149.0000000000000000,,-157.0000000000000000,56.0000000000000000,,,1031.2223636280000392,16.2223636280000001,37.1224827396249992,,64.6528103837143817,,-3.8141555790274997,0.2143777038749998,31.1301055192418801,190.9269559345239884,21.3698115131051054,,,,,144.4512376021419868,62.6248691479584920,-18.6925548200531004,,,,,,,,,,-68.7358684637989796,,667.7448394215219878,638.3701916696099943,-37.9297987359104809,0.3768715073351671,,54.7260726207808545,3.1830944209724996,-6.9972499999999993,,,,,,,,,,,,,,,,,,,,,,,,,,,,,,,,,,,,,,,,
"2005Q1",,,,,,,,,,,,,,,,,,,,,,,,,,,,,,,,,,,,,,,,,,,,,,,,,,,,,,,,,,,,,,,,,,,,,,,,,,,,,,,,,,,,,,,,,,,,,,,,697.0358337123331012,,,703.9740262495217848,,,,,492.0620202097352376,,,504.0875376769075160,,,,558.4285668723360914,,,577.3417964002794633,,,,,,460.7273445079096632,,,462.5900908147463042,,,,586.6573872320111604,,,599.3871721534396784,,,,,706.1212767819941973,,,713.4983792796964508,,,,,601.4286647917393793,,,601.4548178038016886,,,402.3686309828038929,,,,407.7205378307701267,,,,374.1134197713565186,,,,406.9503554343526162,,,,,5.3519068479678111,,,,4.4378541274094356,,,,-28.2552112114466567,,,,-22.7035399593110867,,,,4.5817244515491540,,,,2.1056606372615794,,,,,,,,,,,,,,,,,,,,636.1626939175199595,,,,,,236.8644916981652955,,,,229.1188864461970240,,,,,,134.2289779552364450,,,,,8.4223356114158978,,,,,,463.6542371767666850,,,455.2319015653488918,,,,456.2355653986971333,,,381.8348536799427961,,,373.4125180685273904,,,,372.1651576995260484,,,,,,,,,,,,,,,,,,,,,,,,,,,,,,,,,,,,,,,,,,,,,,,,,,,,,,,,,,,,,,,,,,,,,,,,,,,,,,,,,,,,,,,,,,,,,,,,,,,,,,,,,,,,,,,,,,,,,,,,,,,,,,,,,,,,,,,,,,,,,,,,,,,,,,,,,,,,,,,,,,,,,,,,,,,,,,,,,,,,,,,,,,,,,,,,,,,,,,,,,,,,,,,,,,,,,,2.7526898930774468,4.3882108115022751,147.0000000000000000,,-179.0000000000000000,56.0000000000000000,,-21.6858964783700543,1056.4341683611501139,21.4341683611500002,44.5586467292500004,,79.1937975552412610,,-5.3807990644299970,0.8462388519374996,39.1697110384837544,207.6254932581769879,33.5380073630976767,,,,,164.1802291401859861,52.4230805045898762,-21.1996409784245010,,,,,,,,,,-61.0427998288643323,,659.7482629874648410,628.1523277115336441,-40.8714558323054007,1.5033039404180464,,69.5831688823687529,2.2464509355700031,-7.6272500000000001,,,,,,,,,,,,,,,,,,,,,,,,,,,,,,,,,,,,,,,,
"2005Q2",,,,,,,,,,,,,,,,,,,,,,,,,,,,,,,,,,,,,,,,,,,,,,,,,,,,,,,,,,,,,,,,,,,,,,,,,,,,,,,,,,,,,,,,,,,,,,,,698.5667979989158312,,,705.8072550802363594,,,,,490.9350372280110264,,,506.7442786546624234,,,,558.7168164174795493,,,579.3439911171753920,,,,,,463.1865811046891395,,,464.8217014459227698,,,,586.8498775762712967,,,601.1871484985883853,,,,,707.6565799926197542,,,715.5728253913938488,,,,,603.1245164300870556,,,603.2401516275746189,,,402.6815653115975806,,,,407.8808798751852009,,,,374.7119824679106728,,,,408.3456810222147624,,,,,5.1993145635885041,,,,4.3350635451596204,,,,-27.9695828436872560,,,,-22.1978934958121528,,,,5.6641157106170645,,,,2.1040543765391755,,,,,,,,,,,,,,,,,,,,635.3205729568982179,,,,,,238.3700509514965802,,,,229.1587380255392077,,,,,,136.0950783693944857,,,,,10.9303578697835881,,,,,,465.5310266188773198,,,454.6006687490925060,,,,456.3637194443059570,,,387.5251004154679890,,,376.5947425456843689,,,,374.1300285582551055,,,,,,,,,,,,,,,,,,,,,,,,,,,,,,,,,,,,,,,,,,,,,,,,,,,,,,,,,,,,,,,,,,,,,,,,,,,,,,,,,,,,,,,,,,,,,,,,,,,,,,,,,,,,,,,,,,,,,,,,,,,,,,,,,,,,,,,,,,,,,,,,,,,,,,,,,,,,,,,,,,,,,,,,,,,,,,,,,,,,,,,,,,,,,,,,,,,,,,,,,,,,,,,,,,,,,,3.3994287868228277,4.9708961149089514,174.0000000000000000,,-195.0000000000000000,56.0000000000000000,,-21.2022087406148678,1116.4341683611501139,21.4341683611500002,44.5586467292500004,,79.1937975552412610,,-5.3807990644299970,0.8462388519374996,39.1697110384837544,220.2167998156459987,23.5506284687107836,,,,,176.6738806928410099,15.0691629078859251,-29.1348256249474993,,,,,,,,,,-61.0427998288643323,,651.0562178282791592,617.2424967017943800,-43.6393240389570565,1.5165280925409421,,70.1952729191862801,2.2464509355700031,-7.6272500000000001,,,,,,,,,,,,,,,,,,,,,,,,,,,,,,,,,,,,,,,,
"2005Q3",,,,,,,,,,,,,,,,,,,,,,,,,,,,,,,,,,,,,,,,,,,,,,,,,,,,,,,,,,,,,,,,,,,,,,,,,,,,,,,,,,,,,,,,,,,,,,,,700.9842067703244766,,,707.6393956745033620,,,,,488.6553666071516773,,,509.4440792069325425,,,,559.7886444464417082,,,581.3547596206880144,,,,,,466.0624796191882524,,,467.0697542896689356,,,,587.5691831370249929,,,602.9877854188191577,,,,,709.8155423902951497,,,717.6572140576308811,,,,,604.6771267766139317,,,605.0198147724181581,,,402.9847333074622497,,,,407.9792255112674297,,,,375.5142613044913560,,,,409.8317795290619188,,,,,4.9944922038061392,,,,4.2317194714247801,,,,-27.4704720029708582,,,,-21.6894416139109865,,,,6.8470462215996521,,,,2.1022465680563927,,,,,,,,,,,,,,,,,,,,634.2398743745167167,,,,,,239.6965398950130464,,,,229.2000291145332085,,,,,,138.2629756568460095,,,,,13.4358910317635001,,,,,,467.1415469236602007,,,453.7056558918960150,,,,456.5061128283158496,,,394.0546144148071335,,,380.6187233830432888,,,,376.3132184012881680,,,,,,,,,,,,,,,,,,,,,,,,,,,,,,,,,,,,,,,,,,,,,,,,,,,,,,,,,,,,,,,,,,,,,,,,,,,,,,,,,,,,,,,,,,,,,,,,,,,,,,,,,,,,,,,,,,,,,,,,,,,,,,,,,,,,,,,,,,,,,,,,,,,,,,,,,,,,,,,,,,,,,,,,,,,,,,,,,,,,,,,,,,,,,,,,,,,,,,,,,,,,,,,,,,,,,,4.0461676805681890,5.5535814183155772,135.0000000000000000,,-221.0000000000000000,57.0000000000000000,,-20.7127385255722807,1179.4341683611501139,21.4341683611500002,44.5586467292500004,,79.1937975552412610,,-5.3807990644299970,0.8462388519374996,39.1697110384837544,228.5000224472840102,14.7695175010885578,,,,,182.5955792986040080,3.8343253566325757,-35.3803150003419020,,,,,,,,,,-61.0427998288643323,,641.5361098043914581,605.7038933223751656,-46.1544135176768577,1.5263009731495543,,70.6476285497230947,2.2464509355700031,-7.6272500000000001,,,,,,,,,,,,,,,,,,,,,,,,,,,,,,,,,,,,,,,,
"2005Q4",,,,,,,,,,,,,,,,,,,,,,,,,,,,,,,,,,,,,,,,,,,,,,,,,,,,,,,,,,,,,,,,,,,,,,,,,,,,,11.5317190755147152,14.8844515969305444,,-3.8841350540279733,21.7071206540828996,25.5660799928627860,0.1590046102608388,-4.0179639490407002,4.1482749093280651,0.0829589270925368,3.9984015347291786,0.0669144475063535,14.3236764878962592,14.6800299306614281,-0.2894389952588058,-0.0669144475063571,8.8206732804375001,-4.7116732068662222,,704.7576824645063880,,,709.4693556713726821,7.3198399874833493,,-27.6113143310277387,,484.5772012391877865,,,512.1885155702149177,10.9777454531296179,,-21.7553952273812108,561.6186919254009808,,,583.3740871527820673,,,0.1704657974198433,,,469.5030724315954558,,,469.3326066341757041,9.0514093780276905,,-15.7723397148011575,589.0172424278147219,,,604.7895821426150178,7.2071868951835132,,-6.9132439243830976,,712.8371311294341695,,7.8624998649560789,719.7503750538166969,,,-0.9096247861742854,,605.8827647824249425,,,606.7923895685994466,7.0902991847259775,,403.4836283701299067,1.9955802506714460,,,408.1293313397442830,0.6004233139084246,,,377.1485093798982575,6.5369923016298186,,,411.6792226630141158,7.3897725358097590,,,,4.6457029696149261,,,,4.1276779833300701,,,,-26.3351189902309706,,,,-21.1774724895081050,2.0478764976116346,,,8.1955942928844241,,,,2.1002260045796870,-0.0080822539068276,,,7.9950770758115732,,,,,,2.9407923644104503,5.9383078341874445,-2.5616921658125569,5.0375054984877163,,,,,,,632.9825962994871134,-5.0291123001118780,,,-6.9538409106946828,2.0666744827445460,240.5721676385194598,,,,229.2426263030976656,0.1703887542573603,,,11.3295413354228085,544.4185969234347340,140.9349685533045999,10.6879715858363760,,-1.9888550021145039,-0.0672060883443242,15.7189026787755477,9.1320465880501338,,,4.7076035039798274,0.7122485651214118,468.3272403136664366,,,452.6083376348893239,,,-4.0559900645482658,456.6643276994376492,0.6328594844881232,,401.6689586792230671,,,385.9500560004480576,,,7.2110711069031570,378.7389848935450800,9.7030659690308472,,-0.0038975786316106,0.7129742057642213,-0.4358991101746276,-12.2709265019366924,,,,,,,,,,,,,,,,,,,,,,,,,,,,,,,,,,,,,,,,,,,,,,,,,,,,,,,,,,,,,,,,,,,,,,,,,,,,,,,,,,,,,,,,,,,,,,,,,,,,,,,,,,,,,,,,,,,,,,,,,,,,,,,,,,,,,,,,,,,,,,,,,,,,,,,,,,,,,,,,,,,,,,,,,,,,,,,,,,,,,,,,,,,,,,,,,,,,,,,,,,,,,,,,4.6929065743135112,6.1362667217221833,153.0000000000000000,,-183.0000000000000000,58.0000000000000000,,-20.2162672711825664,1118.4341683611501139,21.4341683611500002,44.5586467292500004,,79.1937975552412610,,-5.3807990644299970,0.8462388519374996,39.1697110384837544,235.4946674951320063,12.0607845182053097,,,,,205.8633844237409960,45.5454348230877599,-53.7494571868678008,,,,,,,,,,-61.0427998288643323,,631.0133910137255953,593.6208458309631624,-48.3321899656480127,1.5282546207247956,,70.7380566963604451,2.2464509355700031,-7.6272500000000001,,8.1798570071616012,,,,,,,,,,,2.0156250681305323,,0.6022294677346451,,6.7553864095008436,,7.6696681097352410,,-4.9047459958426174,,,,8.3233739586535229,,,,,,,,,,,,,,,
"2006Q1",11.4410023119230999,12.6413465608750002,13.3858353974995996,720.3052577255667757,606.2389311536012428,711.2236554480861059,566.7611341678282315,478.3171014603196340,473.5890495610140647,590.6713440267060378,404.7409698522636177,381.0721789024082113,414.7293879091812414,8.7766647256778434,5.5929574666621011,631.6914775859102065,550.0968889415797776,-0.0523015676130711,17.3764287327884333,4.7863385636498688,0.7515863504903872,469.0176598421109020,411.0118346547298529,-5.1988908913633622,12.2011249258869157,21.1024427221195552,3.7243949873031634,11.4410023119231283,13.3858353974996085,25.5472771539745835,3.8961750687027328,14.6152908436369895,0.0355370424988169,0.0185410656514811,-0.1272959252301990,-1.1021595209071768,-0.1903211470510550,-4.4803714743537641,721.8503465298615538,711.2955416092096357,514.9789512021524160,585.4017400177177706,471.6074544127963009,606.5932632285173440,5.0505521563824951,-20.6611387155828865,2.0979629946942908,2.2325422888532898,15.6946780900375131,12.2006609846667828,5.0293659285359027,2.9869559837597737,229.2862706941371584,2.0695209473197056,-6.8813930374987002,14.8281613790403455,-3.5685331004976928,12.6413465608750002,-1.5450888042949698,-0.0718861611237464,-36.6618497418328317,-18.6406058498897984,1.9815951482186260,-15.9219192018114946,-2.3171727753524212,11.0941687126059794,720.3052577255667757,14.1839809435725570,-5.1644748543117291,631.6914775859103202,408.6874669119569603,-0.0107075446590284,4.5376519563610236,-0.2883692540347689,-18.0426739001041945,-3.6248233183878700,11.4410023119231283,14.8281613790403455,0.1813740333804399,-3.5685331004976928,21.1024427221195552,25.5472771539745835,0.0355370424988169,-4.4803714743537641,3.7243949873031634,0.0185410656514811,3.8961750687027328,-0.1903211470510550,13.3858353974996085,14.6152908436369895,-0.1272959252301990,-1.1021595209071768,12.6413465608750002,-0.0718861611237464,-1.1829192316974009,711.2236554480862196,25.8638919343168112,14.1878217357528822,711.2955416092096357,7.3047437513482842,7.3215153596884681,-36.6618497418328317,-24.6591675856831962,478.3171014603201456,-25.0403991154698389,-13.7449187494153886,514.9789512021524160,11.1617425277493911,10.8914135252446744,-18.6406058498897984,566.7611341678285726,20.5697689697096848,8.3325672954927157,585.4017400177177706,8.1106114597436054,8.0599436174385986,1.9815951482186260,3.3409011628755780,-11.0941687126053417,473.5890495610142352,16.3439085176778320,12.8617050531045116,471.6074544127963009,9.0993911144815858,9.0173635980498084,-15.9219192018114946,590.6713440267060378,6.6164063955648498,4.0139567946945052,606.5932632285173440,7.2147243436088218,7.2060910750774800,-1.5450888042949698,-2.9172217122455844,720.3052577255667757,29.8725063845319028,14.1839809435725570,721.8503465298615538,8.3998859041782215,8.3519672501636997,-2.3171727753524212,-0.9268691101409670,606.2389311536011292,1.4246654847045397,4.8102663618616965,608.5561039289539167,7.0548574414168508,7.1012861251518187,404.7409698522636177,5.0293659285359027,5.6678459964723986,2.3723388694607483,408.6874669119569603,2.2325422888532898,3.4160970888728421,0.9669290811874678,381.0721789024083250,15.6946780900375131,16.3586294898612934,6.9587591310520009,414.7293879091812414,12.2006609846667828,6.5331318220889223,7.7790324748283686,0.9827626990851750,3.9464970596938018,-2.7968236396843356,-1.4054097882739538,-0.0762721116064366,4.0227691712999123,-0.4196352481204067,-0.4150849561094674,1.2910517975891089,-23.6687909498552749,10.6653121615026034,4.5864202615914209,-3.0076522342726442,-20.6611387155828865,2.0653350957007546,2.0424012437281243,-0.7955811658567606,9.9884180569175633,7.1712950561314193,5.4066936053682886,7.8904550622231318,2.0979629946942908,-0.0090520395414731,-0.0076976425672842,21.6618502821034156,8.7766647256779144,7.6178728920219640,5.3605676368044133,2.3736116530447822,1.0978452127711968,-1.8091973205670899,2.9869559837597737,5.5929574666621020,-2.9070425333378966,5.0505521563824951,0.9526095915283020,4.6354672002730286,7.0929534001106163,5.0428545138152128,-1.8091973205670215,-1.8091973205670364,631.6914775859103202,-5.1644748543117291,-4.4712163316098419,632.4005201506076901,-6.8813930374987002,2.0695209473197056,240.3804394067420844,-0.7669129271109858,3.5159477085765327,-2.8585589924450594,229.2862706941371584,0.1745775641575686,0.1673842479400877,0.1658486859496889,11.0941687126059794,550.0968889415798913,145.3559190893163304,17.6838021440434403,11.1269411340791375,-1.9823881995549804,-0.0523015676130731,17.3764287327886500,6.6301042160582693,8.9540931213723205,5.7001359187701670,4.7863385636498661,0.7515863504903800,469.0176598421110725,2.7616781137776285,5.3634226653436716,451.6412311093206426,-3.8684261022736099,-3.5906704560286014,-5.1988908913634893,456.8401220006842323,0.7031772049867840,0.6045566019868454,411.0118346547293982,37.3715039020278965,29.1769809747857316,393.6354059219408441,30.7413996859727128,20.2228878534140577,12.2011249258870880,381.4342809960539284,10.7811844100341787,9.2691232965280275,-0.0107075446590284,4.5376519563610236,-0.2883692540347689,-18.0426739001041945,5.7310099206562501,-0.0404988392450586,0.0000000000000000,-1.6677967100252991,-0.2023063892899838,0.0000000000000000,-0.1903211470510526,-0.1279387877178396,0.0000000000000000,-1.1021595209071784,4.0250052817396398,-18.0426739001041980,-0.3323508923419425,-1.9398929029014318,1.5755555115343896,-1.9533228608827076,-0.2883692540347688,0.1306177242092019,4.5376519563610263,0.6902057368291055,-0.6015195841066000,0.1001941423880352,0.0092015028723706,0.4719348836834996,0.0096083755232681,-0.0107075446590284,0.3712810393781293,0.1389488974571441,0.0062934852863542,0.0288955660492365,0.0242199748884787,-0.0017780110253389,0.0127082476130753,0.0095139128496161,-0.0637951379564548,0.0108721554305923,-1.0715856003054789,0.2151020983881330,-2.6841770513435534,6.9370430178477704,0.1105626418811078,0.1336036689474737,2.0484250379064020,-56.0000000000000000,,,,,,,,,,,,,,,,,,,,,,,,,,,,,,,,,,,,,,,,,,,,,,,,,,,,,,,,,,,,,,,,,,,,,,,,,,,,,,,,,,,,,,,,,,,,,,,,,,,,,,,,,,,,,,,,,,,,,,,,,,,,,,,,,,,,,,,,,,,,,,,,,,,,,,,,,,,,,,,,,,,,5.6719429195708919,7.4614857695644474,322.0000000000000000,32.9858202668499985,41.0000000000000000,89.0000000000000000,396.0000000000000000,-18.8706078187665263,89.0141797331500015,25.0141797331500015,53.3493327396249981,13.3858353974995996,96.3618631599956217,24.8114427561635011,-2.8874563488712544,5.7038812499999993,40.1961055192418755,244.9291265764960031,15.7122478193850839,,,,,254.4842521131529907,103.3997565734529758,-99.4871108002973017,0.7646716991477271,0.0000000000000000,,,,1.4441047804495000,-2.6444490294014003,,,-50.4758838111333716,,621.3893296066647736,581.1000776205469265,-50.0830728416649436,10.2983878883814963,,72.5742819837746822,0.6800436511287455,-3.5674999999999999,34.8138920384658661,15.2392031420661027,29.5166060974498237,15.2436293253687722,-22.1513782011194280,-12.8421364033456769,22.8381795385172381,8.6895723456808867,17.7553622531902704,13.7254529747496008,6.8401989044246676,4.0956048152858955,5.1579857227931143,2.4007026791255583,2.2576500129274564,0.9716189441227243,16.9933349444620632,7.2065960754784868,12.9761569306383393,8.0895997767911609,-5.0333822782650230,-4.3727307415936139,-0.7639796532640730,3.5784879582871270,9.1733333333334102,,,,,,,,,,,,,,,
"2006Q2",8.8867117191939204,7.2391085742828798,11.4878215619652995,728.3046546372102057,607.2809557231892086,716.5049776511394839,578.7633047216213527,504.0096466593725495,498.5915200393401960,605.8359427854938986,408.0774157297666420,390.2304091936509280,421.6587838461148294,8.0934617495999248,6.3886967042740608,631.3628779733037391,559.2607097182403777,0.2423861222752279,17.6817863170945735,5.1914484742198654,0.7819818364869258,478.6138962374429298,422.4376513473035288,3.8966609182777461,20.3268105869231590,22.1431638690784567,-1.7686305879194497,8.8867117191936860,11.4878215619652995,25.4687902520616660,3.7961583173580071,14.5517982206943035,-0.1016695806902129,-0.0530449986210608,0.1136967559476578,-3.1776734146766650,-5.5117439066563882,-3.2239568022929874,723.8842380854590601,713.1156424342515265,517.8163988374999462,587.1337588736502084,473.8898104102534603,608.3998757338335963,5.0619757293313734,-20.1395660390038174,2.0953393426374674,7.3513142906272835,36.6329211649707176,27.7175837477298259,13.3457835100100279,3.0206551588667740,229.3304844115010326,2.0706611963984982,-6.0676741641826029,14.7131503487253887,-5.5580272942727360,7.2391085742828798,4.4204165517500389,3.3893352168875932,-13.8067521781283435,-8.3704541520303515,24.7017096290868992,-2.5639329483405997,-3.0277870213343010,9.1888843942847398,728.3046546372096373,20.6480746445895740,-1.3143984504308839,631.3628779733036254,410.5252954846142188,-0.0207065715124534,16.2301744921146671,0.2068902710472131,9.5188779532513532,-5.6730383245877505,8.8867117191936860,14.7131503487253887,-0.2684113352589860,-5.5580272942727360,22.1431638690784567,25.4687902520616660,-0.1016695806902129,-3.2239568022929874,-1.7686305879194497,-0.0530449986210608,3.7961583173580071,-5.5117439066563882,11.4878215619652995,14.5517982206943035,0.1136967559476578,-3.1776734146766650,7.2391085742828798,3.3893352168875932,2.8634549500451030,716.5049776511389155,21.1252888122105276,17.9381796522235675,713.1156424342515265,7.2804033001666184,7.3083873540153199,-13.8067521781283435,-8.0955519359275456,504.0096466593723790,102.7701807962129834,13.0746094313619992,517.8163988374999462,11.3497905413929328,11.0721201828378586,-8.3704541520303515,578.7633047216204432,48.0086822151678518,20.0464883041423079,587.1337588736502084,6.9280754237296360,7.7897677564748307,24.7017096290868992,17.4807510509473936,-9.1888843942845764,498.5915200393398550,100.0098819133055770,35.4049389346509713,473.8898104102534603,9.1294239898292115,9.0681089643305448,-2.5639329483405997,605.8359427854935575,60.6583950351459862,18.9860652092220015,608.3998757338335963,7.2264500212638749,7.2127272352449054,4.4204165517500389,4.1590662446921698,728.3046546372096373,31.9975876465723985,20.6480746445895740,723.8842380854590601,8.1355662223903806,8.3114126940643249,-3.0277870213343010,-1.2111148085337633,607.2809557231897770,4.1680982783527121,4.1564392931025989,610.3087427445238973,7.0105552622804570,7.0685911169491433,408.0774157297666420,13.3457835100100279,10.8840919076249278,5.3958504181687630,410.5252954846142188,7.3513142906272835,8.8361722392714324,2.6444156094286049,390.2304091936513259,36.6329211649707176,21.4280446313091346,15.5184267257411719,421.6587838461142042,27.7175837477298259,9.7560153181305829,13.3131028238988272,5.3741101202570256,2.4478797548475719,-5.9944692193846745,-2.7514348087408829,-1.4689456288994585,3.9168253837466787,-0.4237751502129623,-0.4182381614129224,-0.2698229826557448,-17.8470065361147903,23.2871376549613558,10.1225763075725155,2.2925595028887904,-20.1395660390038174,2.0862907063169631,2.0583274568084899,38.6224501124323183,13.5813681163479103,14.3718002377204943,7.9172524057307836,11.4860287737104088,2.0953393426374674,-0.0104946082270226,-0.0087150339016453,32.6462002034804613,8.0934617495999408,7.6588557379853093,-0.7427104896719730,-3.7633656485386782,-2.6031430957739703,-4.7144463915002657,3.0206551588667740,6.3886967042740617,-2.1113032957259383,5.0619757293313734,3.7580350862644458,4.6437375679184587,7.1203031861398758,5.0532606954297439,-4.7144463915002088,-4.7144463915001822,631.3628779733036254,-1.3143984504308839,-3.9576949835954052,631.9860244697985081,-6.0676741641826029,2.0706611963984982,238.5193688057845804,-7.4442824038333120,0.1493178542878448,-9.4617873399544923,229.3304844115010326,0.1768548694540522,0.1717463859612969,0.1680121259813558,9.1888843942847398,559.2607097182400366,151.1832939884734799,23.3094995966282958,15.0882156190787207,-1.9739273636921022,0.2423861222752271,17.6817863170945628,1.2214303372289459,6.7514284473100687,1.3731968157068604,5.1914484742198654,0.7819818364869211,478.6138962374428161,38.3849455813278695,13.0828696185643327,460.9321099203467043,37.1635152441058167,6.3314411712539878,3.8966609182777212,457.0354490020690150,0.7813080055408259,0.6717295577631853,422.4376513473048931,45.7032667703062714,34.9125509318360585,404.7558650302103160,44.4818364330800478,28.1611224845270129,20.3268105869244877,384.4290544432857359,11.9790937889266846,10.2990258850309520,-0.0207065715124534,16.2301744921146671,0.2068902710472131,9.5188779532513532,-1.5815647061546205,-0.1011230442141859,0.0000000000000000,-0.0876967702453699,-0.2052079979095823,0.0000000000000000,-5.5117439066563856,-0.1273397145063112,0.0000000000000000,-3.1776734146766614,3.4987928532659107,9.5188779532513674,21.5031800672051858,0.1254897243805511,-0.5879182333262176,-2.1009179111934477,0.2068902710472051,10.0180297249146832,16.2301744921146742,-1.5383862613126960,0.5050349842781667,0.3865052258442347,0.0354953778836546,0.6741926909760823,0.0122490890825763,-0.0207065715124534,0.3845318321329004,0.1233991231734615,0.0108585869373822,0.0285771468928349,0.0294628472244505,-0.0023477726397248,0.0110061835043595,0.0080923438107642,-0.0797439224455478,0.2915495958315201,-4.4787055815412877,0.5454137022715926,7.1199732709230013,11.4199893910270625,0.1055541210455765,0.1484485210527361,2.2760278198959352,-55.0000000000000000,,,,,,,,,,,,,,,,,,,,,,,,,,,,,,,,,,,,,,,,,,,,,,,,,,,,,,,,,,,,,,,,,,,,,,,,,,,,,,,,,,,,,,,,,,,,,,,,,,,,,,,,,,,,,,,,,,,,,,,,,,,,,,,,,,,,,,,,,,,,,,,,,,,,,,,,,,,,,,,,,,,,6.1170296589227000,7.6008724237895890,342.0000000000000000,46.9858202668499985,58.0000000000000000,106.0000000000000000,446.0000000000000000,-19.3302761471988198,105.0141797331500015,25.0141797331500015,53.3493327396249981,11.4878215619652995,96.3618631599956217,20.1996696777367006,-2.8874563488712544,5.7038812499999993,40.1961055192418755,268.4345431782500100,36.6552831066424005,12.9645439174075818,,,,280.3949029424670130,40.1805769540104052,-103.7430620142300057,0.6789461723374438,0.0000000000000000,,,,1.3981581631842199,0.2494449817268207,,,-50.4758838111333716,,610.7394406062128382,568.2716824248536795,-51.3135807827729877,10.3322840118524262,,72.8131530429733118,0.6800436511287455,-3.5674999999999999,37.7094543547834746,22.9344064746739065,23.5224689218965182,19.6477467910748800,179.4635839012769907,13.9678373752692551,61.6214719340994463,22.1970699592127545,171.8550459985483485,42.4825555945221538,83.4155119892178050,20.9081102995796186,14.2773080206704037,5.5440804866505999,7.6282682061349192,2.6796905311030201,44.2430029267108296,16.7873142060006160,31.9398350316506594,14.2399675142390123,-1.3057979568209674,-3.8804012728768953,-7.1739453268834836,0.1494293889026750,8.4300000000000264,,,,,,,,,,,,,,,
"2006Q3",9.3505332274243305,10.5584170621186004,11.6167518537248995,732.8919542240525971,622.1799474531663918,725.3859158133291203,573.0482882155233710,518.2030853250379323,477.0515307596152752,606.1180974324270210,409.5302702923842162,394.7438202122363009,419.3302165329081390,7.6961041136128392,7.3439759531396929,631.2260986486811589,565.4957939050391360,0.5514083600156425,18.9374324599570336,5.3448503588170588,0.7938752941489134,476.7054198943936854,423.1465853416262917,0.5818414044265410,16.9766760382406687,19.4645616849137859,1.5027233962350153,9.3505332274239326,11.6167518537249030,25.3900627110813524,3.7585090199290465,14.4950323721212104,-0.1591871430211081,-0.0830541615763084,0.2392992015375566,-3.1175797199338593,-2.1727314621177380,-5.7663138831463678,725.9707740926974111,714.9513261065295637,520.7165877548412709,588.9174966463490364,476.2164720707924630,610.1746770276218967,5.0643450221651465,-19.6099410177645588,2.0919793870519880,4.6392192867431135,18.0536440743360060,-9.3142692528247153,5.8114182504707799,3.0252273112653354,229.3725594956784164,2.0714666972418798,-5.4354820017365713,14.6535393588892706,-4.8214656253303065,10.5584170621186004,6.9211801313540100,10.4345897067994802,-2.5135024298044675,-15.8692084308275536,0.8350586888233307,-4.0565795951964274,10.1358843098452081,9.1058713066624684,732.8919542240521423,23.0764118337570885,-0.5471172984889887,631.2260986486811589,411.6851003062991481,0.0647482460517904,-16.9574328886419110,-4.2406888807999792,5.4443616095265606,-4.8810766151664211,9.3505332274239326,14.6535393588892706,-0.4815405061350341,-4.8214656253303065,19.4645616849137859,25.3900627110813524,-0.1591871430211081,-5.7663138831463678,1.5027233962350153,-0.0830541615763084,3.7585090199290465,-2.1727314621177380,11.6167518537249030,14.4950323721212104,0.2392992015375566,-3.1175797199338593,10.5584170621186004,10.4345897067994802,6.8365660675011313,725.3859158133290066,35.5237526487534296,24.4017090430031907,714.9513261065295637,7.3427346891081804,7.3119304320249165,-2.5135024298044675,-1.1838040231876790,518.2030853250374776,56.7737546626592575,29.5477187178856795,520.7165877548412709,11.6007556693640659,11.2725085479088687,-15.8692084308275536,573.0482882155225752,-22.8600660243982361,13.2596437690817748,588.9174966463490364,7.1349510907948668,7.5627370256610726,0.8350586888233307,2.2338870170500638,-9.1058713066616868,477.0515307596152184,-86.1599571188991433,10.9890511404272608,476.2164720707924630,9.3066466421558118,9.1467177811231846,-4.0565795951964274,606.1180974324253157,1.1286185877229924,18.5489142954002197,610.1746770276218967,7.0992051751509839,7.1868916088019947,6.9211801313540100,3.7402760978097711,732.8919542240521423,18.3491983473696152,23.0764118337570885,725.9707740926974111,8.3461440289543933,8.3135600350652386,10.1358843098452081,4.0543537239380996,622.1799474531659371,59.5959669199085340,17.5028206765528083,612.0440631433210683,6.9412815951899001,7.0242483709032655,409.5302702923843299,5.8114182504707799,6.2232102131900930,6.5455369849223679,411.6851003062991481,4.6392192867431135,7.6999435762133084,3.7058747950324502,394.7438202122365283,18.0536440743360060,1.5081191253174460,19.2295589077450018,419.3302165329084232,-9.3142692528247153,0.2993127017305062,9.4984370038466164,7.3581183664155478,2.1548300139151997,-1.1721989637291848,-2.8396621898908672,-1.6544766750443163,3.8093066889591793,-0.4300747791495227,-0.4224127824655387,4.3071669362574019,-14.7864500801478247,12.2422258238664057,12.6840219228229252,4.8234909376163770,-19.6099410177645588,2.1185000849560898,2.0795005961463335,-6.4035362550477952,9.7999462405242248,-15.1256875032947189,2.9529000189243533,7.7079668534722501,2.0919793870519880,-0.0134398223418883,-0.0102671810041496,-8.6767363016681269,7.6961041136128143,7.6594975542810708,-0.0038394626011294,-3.0290667738662878,-2.4884793777035030,-3.6445034245642187,3.0252273112653354,7.3439759531396964,-1.1560240468602871,5.0643450221651465,1.8486437618198674,4.6419322396996288,7.1438456183115058,5.0540778411610150,-3.6445034245641108,-3.6445034245641179,631.2260986486811589,-0.5471172984889887,-3.0137757258357429,631.7168474862938865,-5.4354820017365713,2.0714666972418798,238.4784308023398012,-0.1637520137806643,-1.2181090926729934,-5.5515656709411383,229.3725594956784164,0.1683003367100251,0.1725303811449650,0.1598853198745075,9.1058713066624684,565.4957939050385676,155.9655236126543514,19.1289184967188888,17.7025479558079333,-1.9627042925475220,0.5514083600156425,18.9374324599570656,5.0225845714562904,5.5015414281931427,4.4141202030885607,5.3448503588170562,0.7938752941489151,476.7054198943932874,-7.6339053721978685,9.5638729707321080,457.7679874344347013,-12.6564899436472764,4.0623315425384954,0.5818414044265572,457.1861460300081603,0.6027881117574138,0.6800332016925127,423.1465853416271443,2.8357359772969932,29.0919709268194531,404.2091528816701498,-2.1868485941569471,23.5904294986265199,16.9766760382400719,387.2324768434301063,11.2136896005739679,10.9192584421424375,0.0647482460517904,-16.9574328886419110,-4.2406888807999792,5.4443616095265606,4.4388627749771601,-0.1052880283772196,0.0000000000000000,-3.5095441215414205,-0.1478413815610457,0.0000000000000000,-2.1727314621177367,-0.1212478663661749,0.0000000000000000,-3.1175797199338646,7.7031046008878405,5.4443616095265241,-17.2076493394210956,-1.3057717433609890,1.1637082320435344,11.3469991183789727,-4.2406888807999970,19.9258617281014097,-16.9574328886418613,-1.0310865050144740,0.7441489192930348,0.4006445512940713,0.0367938873637413,-3.2867929967961711,0.0158574079505606,0.0647482460517904,0.4568513471426082,0.2720905439200600,-0.1275256529478202,0.0206652240726206,0.0428121763090430,-0.0039946749375686,0.0002882107286543,0.0078716204832447,-0.1135758462269875,0.3235654050769318,3.6493877557493377,0.3139611718272907,-1.8340883649056430,2.1381043097858878,0.0900916413106879,-0.1003890932292835,0.4325051905400095,-54.0000000000000000,,,,,,,,,,,,,,,,,,,,,,,,,,,,,,,,,,,,,,,,,,,,,,,,,,,,,,,,,,,,,,,,,,,,,,,,,,,,,,,,,,,,,,,,,,,,,,,,,,,,,,,,,,,,,,,,,,,,,,,,,,,,,,,,,,,,,,,,,,,,,,,,,,,,,,,,,,,,,,,,,,,,6.5621163982745969,7.7402590780147875,383.0000000000000000,42.9858202668499985,50.0000000000000000,107.0000000000000000,472.0000000000000000,-20.4039222907319520,103.0141797331500015,25.0141797331500015,53.3493327396249981,11.6167518537248995,96.3618631599956217,21.2170299092268984,-2.8874563488712544,5.7038812499999993,40.1961055192418755,285.7044654726610133,24.9403367471950332,-9.3749079151616570,,,,285.5910217661549950,0.0856197504567717,-96.8245072789245000,0.6415465950476693,0.0038558574460457,,,,1.4570062813480300,-2.6648901160423000,,,-50.4758838111333716,,598.8186577694614243,555.2909347601017771,-51.9229906590076098,10.3464261096700465,,72.9128145245549177,0.6800436511287455,-3.5674999999999999,20.1405334275624313,25.9562096804031768,42.6519450197789922,27.6366143949331615,76.4270951877162759,34.3767434308595341,-20.4353796767528166,14.1789122286259754,-57.7514254488757572,11.6155857431083973,1.1350115152582987,20.3807129914802516,5.9836003531130757,6.7645087088975373,4.7485146611116420,3.7753984966938674,19.7859771585678175,21.2028726473984648,-8.8936510932103090,9.9641667634817281,-0.5456233376120281,-2.9688143159898885,-0.1636180133233722,-1.2107201759830986,7.9999999999999849,,,,,,,,,,,,,,,
"2006Q4",8.7140213819040095,7.0296953820356602,11.0900571687147007,734.0595360982000557,623.5605046431168148,727.4241734096974596,559.1019804783055633,531.5502637421654981,483.7970787529123982,608.8650533886699350,411.2907175913251194,396.2667353155449064,423.0624121806693552,7.1669286690359684,7.8444685154639124,630.9936581089320953,571.5808496758235151,0.8795382667574714,20.9797079005478295,5.2328974552316634,0.7843892369484908,477.6174261893382891,407.7463456772720747,-0.6330400482898995,-3.0696085695654460,15.5349503859585756,4.2691281646600023,8.7140213819038337,11.0900571687147096,25.2654418440668778,3.7429897268584185,14.4463044049250549,-0.1367799446947739,-0.0713634494060428,0.2280463091351518,-3.5842935453456035,0.5975018872076687,-9.5937115134135951,728.1125819810351913,716.8217442782507760,523.6963409474219588,590.5799935077083092,478.6540121189119645,611.8853738529289785,5.0556748508280984,-19.0657730945339132,2.0891721517777344,6.5469841815444649,6.0916604132355454,14.9287825910411058,7.0417891957621928,2.9851493586635076,229.4083555455089254,2.0647351323586842,-5.6135781829223115,14.5621271660001010,-5.4119160808602018,7.0296953820356602,5.9469541171653431,10.6024291314472716,7.8539227947425232,-31.4780130294035558,5.1430666340012881,-3.0203204642590595,9.8262391331913506,9.2431641122883494,734.0595360982000557,21.2224049687656802,-0.9297621589967756,630.9936581089326637,413.3218463516851671,0.1444714243310218,14.0488037642817378,-1.7376493533260238,8.7689621216088280,-5.5033282737494353,8.7140213819038337,14.5621271660001010,-0.4361897032360479,-5.4119160808602018,15.5349503859585756,25.2654418440668778,-0.1367799446947739,-9.5937115134135951,4.2691281646600023,-0.0713634494060428,3.7429897268584185,0.5975018872076687,11.0900571687147096,14.4463044049250549,0.2280463091351518,-3.5842935453456035,7.0296953820356602,10.6024291314472716,6.0557419972303448,727.4241734096972323,8.1530303854686696,22.6664909451895369,716.8217442782507760,7.4816726868818035,7.3523886068745821,7.8539227947425232,4.9323685377614916,531.5502637421647023,53.3887136685123878,46.9730625029775908,523.6963409474219588,11.9190127703226008,11.5078253772071619,-31.4780130294035558,559.1019804783044265,-55.7852309488822868,-2.5167114470941847,590.5799935077083092,6.6499874454305532,7.2059063549267623,5.1430666340012881,5.2364518839967182,-9.2431641122877721,483.7970787529125118,26.9821919731898205,14.2940063213179069,478.6540121189119645,9.7501601924764287,9.3214054847353918,-3.0203204642590595,608.8650533886707308,10.9878238249752798,19.8478109608563464,611.8853738529289785,6.8427873012304188,7.0957917103140575,5.9469541171653431,2.7828414495615830,734.0595360982000557,4.6703274965915123,21.2224049687656802,728.1125819810351913,8.5672315533483605,8.3622069272173576,9.8262391331913506,3.9304956532765245,623.5605046431167011,5.5222287598014699,17.6777398606918830,613.7342655099253079,6.7608094664169780,6.9418759413259981,411.2907175913254036,7.0417891957621928,6.5903327288711830,7.8070892211956480,413.3218463516851671,6.5469841815444649,8.3080996517821450,5.1925150119418166,396.2667353155458727,6.0916604132355454,-1.8821419180322005,19.1182259356474091,423.0624121806694689,14.9287825910411058,6.6695519099215659,11.3831895176549729,6.6061961161904073,2.0311287603601835,-0.4948050142202001,-2.6145742092546076,-1.6676506117167791,3.6987793720766162,-0.4421092675299505,-0.4288986112529685,7.0961554040509833,-15.0239822757795149,-0.9501287825256535,11.3111367144517789,4.0417908187541789,-19.0657730945339132,2.1766716929227869,2.1116993949742509,4.8554105536363181,11.7716945893439533,7.8869933952788678,3.5761002964592232,9.6825224375665329,2.0891721517777344,-0.0112289410966720,-0.0110538528016485,-72.6581027007390503,7.1669286690360590,7.5987149419617825,-1.1411709827467817,-4.1263203414102376,-2.8929252168202018,-3.5484567013568085,2.9851493586635076,7.8444685154639107,-0.6555314845360918,5.0556748508280984,1.8769263689180804,4.6267762395751557,7.1673742458023817,5.0446209980264696,-3.5484567013567734,-3.5484567013566854,630.9936581089326637,-0.9297621589967756,-1.9889381905569048,631.4850888732574958,-5.6135781829223115,2.0647351323586842,238.6515196577958591,0.6923554218245886,-1.9206479807235621,-3.9280558463742965,229.4083555455089254,0.1431841993224464,0.1657292424114141,0.1360249893563198,9.2431641122883494,571.5808496758234014,160.2901320844981115,17.2984338873711323,19.3551635311918702,-1.9617975709566644,0.8795382667574690,20.9797079005480072,8.1691017623701665,5.2608052217733352,6.9313339558197455,5.2328974552316678,0.7843892369484888,477.6174261893390849,3.6480251797832484,9.2901858756744495,456.6377182887897561,-4.5210765825798482,4.0293806539004580,-0.6330400482889023,457.2707583370789166,0.3384492282808718,0.6064306376409206,407.7463456772691757,-61.6009586574266947,6.0773869980480892,386.7666377767213817,-69.7700604197914913,0.8165817762752781,-3.0696085695659390,389.8362463462874530,10.4150780114315964,11.0972614527407494,0.1444714243310218,14.0488037642817378,-1.7376493533260238,8.7689621216088280,-0.7495131490236400,-0.1551177314605053,0.0000000000000000,-5.5572917952111140,-0.1275938420742121,0.0000000000000000,0.5975018872076650,-0.1137776434748222,0.0000000000000000,-3.5842935453456004,3.6515413968966612,8.7689621216089506,2.4877841837811161,1.8607707054456455,1.7588362724519868,5.7718854092532412,-1.7376493533259918,14.7718124232060291,14.0488037642816721,-1.1980381034735532,0.3848901576381769,0.3234236310089242,0.0297021701946976,1.9833213603405682,0.0066633655113023,0.1444714243310217,0.5366915765286576,0.5472425745302211,-0.2630609230611581,0.0098626891851581,0.0719953435005083,0.0008668990109790,-0.0167011205520910,0.0004151048409962,-0.2386290413274537,0.3612144083427686,3.7549815592815605,0.0562764778745601,-0.9937817190333575,-15.4625820774810450,0.0699014722144660,-0.2040600723008810,0.3227573709174836,-53.0000000000000000,,,,,,,,,,,,,,,,,,,,,,,,,,,,,,,,,,,,,,,,,,,,,,,,,,,,,,,,,,,,,,,,,,,,,,,,,,,,,,,,,,,,,,,,,,,,,,,,,,,,,,,,,,,,,,,,,,,,,,,,,,,,,,,,,,,,,,,,,,,,,,,,,,,,,,,,,,,,,,,,,,,,7.0072031376264192,7.8796457322400428,396.0000000000000000,51.9858202668499985,52.0000000000000000,105.0000000000000000,492.0000000000000000,-20.4078293063270806,97.0141797331500015,25.0141797331500015,53.3493327396249981,11.0900571687147007,96.3618631599956217,19.6925183713544989,-2.8874563488712544,5.7038812499999993,40.1961055192418755,303.6295876371329996,24.3402230831375164,14.0941762420551981,,,,281.9969016999469886,-1.5637632037495450,-78.8230125675656979,0.6154674651676828,0.0284073679511995,,,,0.9105958110281450,0.7737301888402043,,,-50.4758838111333716,,585.2820320750735164,542.3396514913727060,-51.8051330749162844,10.3705033701807388,,73.0824905857635940,0.6800436511287455,-3.5674999999999999,4.7811051177564963,23.6424874654608317,8.4946095134648800,25.4409456753894432,70.5549142658490211,59.9563252874080490,-42.7562837549059296,-2.4853062753518742,30.9731192682601773,15.3660652881137736,11.6142158761840477,21.9545330797386669,7.2956467458722187,8.1199304563518808,6.7660538124414700,5.3296900415527517,6.2810276506087632,21.0680089748102688,16.1007109050761414,12.0563736880977501,-0.9254532352233014,-1.9692892986585235,0.6947577429751988,-1.9023210568456221,7.4300000000000921,,,,,,,,,,,,,,,
"2007Q1",10.6544817248453008,6.2552658444008600,11.2311716100133001,733.0545906399768228,614.2650813810555519,717.2636619248188481,581.0318676818601489,521.1699974244938858,514.5864781550790212,611.4853504245899103,415.9380544816294787,406.6694906254075477,419.9384964919167942,7.6312682849163513,7.1992373133975383,630.6039301684759266,573.9961494338498369,1.5161779867008676,22.8129177924511914,5.2241661212206409,0.7521078313770517,481.8590438423923388,404.8966237988060470,1.7779312232059965,-10.1589655178444787,21.4980068780210729,0.3876464568372285,10.6544817248448851,11.2311716100133143,25.2117052646921529,3.7025501161152499,14.4129472578899911,-0.0578640204031472,-0.0301899236886796,0.0203482075100406,-3.2021238553866325,-3.2847137355893197,-3.6558343662677473,730.5387636659239661,718.7659664216340616,526.7902747641833230,592.7994960411555212,481.2898349036652235,613.4754634261291812,5.0432800726330083,-18.5102872193923105,2.0863705072191556,16.6154592926210789,41.6110212394467069,-12.4956627550108834,18.5893475612152059,2.9163989357131008,229.4357476703478369,2.0602010299474678,-4.4081315368966640,14.5013081229175391,-3.7384242464704380,6.2552658444008600,2.5158269740514201,-1.5023044968162078,-5.6202773396902819,-11.7676283592976656,33.2966432514135136,-1.9901130015410093,-1.1125872490292195,6.5053891157407904,733.0545906399761407,12.7493329144112959,-1.5589117618296726,630.6039301684767224,417.4757111748402849,0.3076962130987877,-16.2584082598684425,5.2913515050005921,-11.2824802798714323,-3.7992432895532224,10.6544817248448851,14.5013081229175391,-0.1084021516019140,-3.7384242464704380,21.4980068780210729,25.2117052646921529,-0.0578640204031472,-3.6558343662677473,0.3876464568372285,-0.0301899236886796,3.7025501161152499,-3.2847137355893197,11.2311716100133143,14.4129472578899911,0.0203482075100406,-3.2021238553866325,6.2552658444008600,-1.5023044968162078,-0.6336143888537393,717.2636619248174839,-40.6420459395198037,6.0400064767305857,718.7659664216340616,7.7768885735346229,7.4704248124208297,-5.6202773396902819,-3.0632300014365788,521.1699974244942268,-41.5210652706879983,42.8528959641739249,526.7902747641833230,12.3757352670466361,11.8113235620313564,-11.7676283592976656,581.0318676818594668,87.7195488142154858,14.2707335140305744,592.7994960411555212,8.8780101337943993,7.3977560234396433,33.2966432514135136,22.9761165648150367,-6.5053891157400416,514.5864781550784528,123.1575976086617743,40.9974285940633507,481.2898349036652235,10.5432911390143751,9.6823804908687521,-1.9901130015410093,611.4853504245886597,10.4811881436627132,20.8140063978810090,613.4754634261291812,6.3603582927969020,6.8822001976110529,2.5158269740514201,2.7069287900019905,733.0545906399761407,-4.0197818328953661,12.7493329144112959,730.5387636659239661,9.7047267395600834,8.6884171360626805,-1.1125872490292195,-0.4450348996116722,614.2650813810556656,-37.1816930482443979,8.0261502274550338,615.3776686300848269,6.5736124806373413,6.8215647011311269,415.9380544816293650,18.5893475612152059,13.8485470298204980,11.1970846293652215,417.4757111748402849,16.6154592926210789,13.4778291304682298,8.7882442628836408,406.6694906254071498,41.6110212394467069,21.1478747647374981,25.5973117229984908,419.9384964919170216,-12.4956627550108834,1.0688306516312256,5.2091085827346717,3.3137394023884230,1.5376566932114579,-1.9738882685950192,-2.4088403664821962,-2.0482909616359506,3.5859476548471525,-0.4513268689176960,-0.4368215164524176,5.6643593064346067,-9.2685638562214336,23.0216736782327160,14.4002270936335020,9.2417233631705784,-18.5102872193923105,2.2219435005663990,2.1508514961902114,17.9815147618964595,4.0004420102878644,-31.0850103162244480,-5.9879760466296990,1.9140715030683255,2.0863705072191556,-0.0112065782334776,-0.0115924874748718,-22.2529481959912161,7.6312682849162075,7.5083521394284682,-5.8465608455516707,-8.7629597812653337,-4.9379795356003031,-6.2387422222029372,2.9163989357131008,7.1992373133975418,-1.3007626866024586,5.0432800726330083,5.3322792139198611,4.6064585561805584,7.1941315688232246,5.0316875851580969,-6.2387422222029461,-6.2387422222028404,630.6039301684767224,-1.5589117618296726,-1.0875474174363868,631.4057043476726676,-4.4081315368966640,2.0602010299474678,235.9411367860872986,-10.8415314868349704,-4.4393026206554493,-7.8027412056148293,229.4357476703478369,0.1095684993563909,0.1494769762108272,0.1040900743885578,6.5053891157407904,573.9961494338499506,158.0580949522203014,-8.9281485291115903,12.7021758629031503,-1.9536300763780552,1.5161779867008740,22.8129177924512305,7.3328395676206792,5.4364890596636437,6.2623242000199566,5.2241661212206294,0.7521078313770583,481.8590438423919977,16.9664706122169733,12.8413840002821686,459.0461260499392893,9.6336310446039324,7.4048949406186431,1.7779312232062272,457.2681948267329517,-0.0102540413805329,0.4280728260491153,404.8966237988088892,-11.3988875138366197,-6.1152108559160725,382.0837060063579997,-18.7317270814551229,-11.5516999155793982,-10.1589655178428409,392.2426715242008868,9.6257007116490030,10.8083905281500030,0.3076962130987877,-16.2584082598684425,5.2913515050005921,-11.2824802798714323,0.2404181533830299,-0.0904644871713562,0.0000000000000000,3.0597636931215888,-0.1532901244002419,0.0000000000000000,-3.2847137355893374,-0.0988941029858670,0.0000000000000000,-3.2021238553866467,-8.5711122268979629,-11.2824802798714323,28.1977187201533894,0.6840271977468988,-0.5640195749700974,-5.0430829023057155,5.2913515050005060,24.6812460230614761,-16.2584082598682471,-0.9843251685011989,-0.7107843505199833,-0.0013719759968689,-0.0001259977956333,-20.4356441451393707,0.0140148106581375,0.3076962130987876,0.6910698273420506,0.9190356482636601,-0.5018929512701967,0.0052710651933900,0.0649127039740580,-0.0011005312464213,-0.0264564899999375,0.0019394108246614,-0.2814483240887559,0.6894120159488374,0.4015056118012694,0.1539004022696586,2.1704160531458854,-7.9181512620607464,0.0461575181234153,-0.3148583468333535,0.2521305013552420,-52.0000000000000000,,,,,,,,,,,,,,,,,,,,,,,,,,,,,,,,,,,,,,,,,,,,,,,,,,,,,,,,,,,,,,,,,,,,,,,,,,,,,,,,,,,,,,,,,,,,,,,,,,,,,,,,,,,,,,,,,,,,,,,,,,,,,,,,,,,,,,,,,,,,,,,,,,,,,,,,,,,,,,,,,,,,7.7856288135100229,6.8688736899840634,375.0000000000000000,53.4414080000000027,69.0000000000000000,106.0000000000000000,499.0000000000000000,-18.3991037021479151,107.5585920000000044,32.5585919999999973,56.6266999999999996,11.2311716100133001,106.0833499292721598,21.9051465134679013,15.3827288093844636,9.8557765118876937,24.2181446080000029,311.0524334710809740,9.6611990321052872,24.5077161233215293,,,,265.9104743171229757,-19.3165631318270243,-66.1646858102926956,0.1532614032064128,0.0644242241882555,,,,2.0423728137574901,2.3568430666869506,,,-56.7303100432509950,,567.4987740447891156,529.6268543106292555,-50.8511887229738022,17.9892383291120908,,44.2041248314354362,15.3827288093844636,0.0000000000000000,-3.9400603811395740,13.5977290275091747,-33.3969930056188247,6.2261434922037893,-33.9798807112482564,53.4997818156508913,140.4147781954081893,15.3392194900708887,242.6625563113472595,50.6779039209032192,11.0501684723373046,23.1385630241641422,20.4293966866947727,11.8480252324888653,18.0755624081646431,9.1859758320427716,51.6052947488813913,29.1718002514962507,-11.7464820532643017,5.3471694484244665,-1.5468236283853969,-1.0816550007973262,-10.2745124253025466,-4.3422076610241049,7.9299999999998372,,,,,,,,,,,,,,,
"2007Q2",12.6463042160340002,15.6795379379534996,12.0822458597040008,735.1717919806538930,614.1740755509104019,720.6683803182597785,575.6488645933502539,521.5511210295286446,523.8367789783795843,614.1446727739401013,416.4509575732935787,401.6634645814659166,419.8228208216099802,7.1669286690359684,7.5888277667255011,630.3292680378898467,582.7253889221210557,1.9924691793651448,24.2958066622292463,5.2328974552316634,0.6964505971368076,486.1568225361336886,419.2045069439859617,4.7040471215058801,0.4565578376247004,19.5479537264325351,5.1805963493051852,12.6463042160336094,12.0822458597039954,25.1675064356857270,3.6907686866992497,14.3897019721438664,-0.0448826911827827,-0.0234170562693651,0.0326921753661226,-2.3401482878060991,1.5132447188753217,-5.5746700180705355,733.2203706248775461,720.8073601562192607,530.0158845030946395,595.3111075039304296,484.1416063990324119,614.9227550562625311,4.9964353173234457,-17.9069477521941671,2.0859346734082895,6.7648022414190647,-20.0241041757739389,-0.4627026812299283,2.0516123666549397,2.7696483185257854,229.4484579264894535,2.0248987480504343,-3.2657463759981922,14.4685731502410313,-1.7212770113889357,15.6795379379534996,1.9514213557746396,-0.1389798379603628,-8.4647634735670287,-19.6622429105827798,39.6951725793476697,-0.7780822823237883,-2.8206108575094064,6.0097050384372723,735.1717919806529835,6.8671373434452549,-1.0986485223462401,630.3292680378901878,419.1669117351942759,0.4159274855837694,-1.8633083466499842,-4.8101444307941437,-5.2890681539784961,-1.7540119840657606,12.6463042160336094,14.4685731502410313,-0.1009919228183111,-1.7212770113889357,19.5479537264325351,25.1675064356857270,-0.0448826911827827,-5.5746700180705355,5.1805963493051852,-0.0234170562693651,3.6907686866992497,1.5132447188753217,12.0822458597039954,14.3897019721438664,0.0326921753661226,-2.3401482878060991,15.6795379379534996,-0.1389798379603628,-0.1963147387439232,720.6683803182587553,13.6188735737650521,4.1634026671177740,720.8073601562192607,8.1655749383397414,7.6917177219639798,-8.4647634735670287,-5.2269455269828402,521.5511210295285309,1.5244944201422146,17.5414743701561484,530.0158845030946395,12.9024389556421255,12.1994856655936879,-19.6622429105827798,575.6488645933488897,-21.5320123540449586,-3.1144401282733316,595.3111075039304296,10.0464458511001204,8.1773486302818874,39.6951725793476697,27.3766450875774794,-6.0097050384364561,523.8367789783795843,37.0012032932067783,25.2452589390394451,484.1416063990324119,11.4070859814667003,10.2517959887774701,-0.7780822823237883,614.1446727739395328,10.6372893973991296,8.3087299884457817,614.9227550562625311,5.7891665205315546,6.5228793224278903,1.9514213557746396,2.9489668587637907,735.1717919806529835,8.4688053627080802,6.8671373434452549,733.2203706248775461,10.7264278358132099,9.3361325394176635,-2.8206108575094064,-1.1282443430037858,614.1740755509102883,-0.3640233205804400,6.8931198277209340,616.9946864084199660,6.4680711133403728,6.6859436638961345,416.4509575732928397,2.0516123666549397,6.4872052730631147,8.3735418435261977,419.1669117351942759,6.7648022414190647,8.2796950078733023,8.6416162505816274,401.6634645814650071,-20.0241041757739389,-1.5296870033815679,11.4330553878117591,419.8228208216102644,-0.4627026812299283,4.6472957233530394,-1.8359630245052878,2.7630780923078642,2.7159541619017209,4.7131898747617971,0.2680744070543308,-0.7472141311132594,3.4631682930148031,-0.4911174473292009,-0.4536570907312050,4.7820659322065255,-14.7874929918278379,-22.0757165424282071,3.0595135442859052,3.1194547603654197,-17.9069477521941671,2.4133578687927986,2.2326182868097675,19.3910048415199157,3.3718632483170428,-2.5143150478849510,-10.2095048680314875,1.2859285749084965,2.0859346734082895,-0.0017433352455013,-0.0094046692293712,47.7335334661629602,7.1669286690357357,7.2749661885201302,-1.1127663388377362,-3.8824146573635900,-2.5918525433903867,-3.5030247766652636,2.7696483185257854,7.5888277667255055,-0.9111722332744865,4.9964353173234457,2.4158688914263320,4.5427782265922314,7.2290536041331963,4.9870306480940583,-3.5030247766651263,-3.5030247766650500,630.3292680378901878,-1.0986485223462401,-1.0336099354151376,631.0363242627529416,-3.2657463759981922,2.0248987480504343,235.4581629649253500,-1.9318952846496105,-3.0612058408591749,-3.7323891319925386,229.4484579264894535,0.0508410245669166,0.1179735149892317,0.0482989733386076,6.0097050384372723,582.7253889221203735,166.2744313488270222,32.8653455864267627,15.0911373603519934,-2.0128409438901969,1.9924691793651410,24.2958066622294275,5.9315554791198597,6.6140203451355708,5.1412969292191093,5.2328974552316634,0.6964505971368041,486.1568225361336317,17.1911147749686783,7.5429262986924872,461.8610158739028293,11.2595592958565618,0.9289059535567148,4.7040471215055994,457.1569687523969492,-0.4449042973421829,0.1215197503286495,419.2045069439862459,57.2315325807187065,-3.2331444033182546,394.9087002817567509,51.2999771015992678,-9.8471647484540643,0.4565578376234427,394.4521424441334148,8.8378836797285718,10.0230880008438241,0.4159274855837694,-1.8633083466499842,-4.8101444307941437,-5.2890681539784961,10.0519050157530696,-0.0836135657717018,0.0000000000000000,-3.0155859616832572,-0.1266539236102202,0.0000000000000000,1.5132447188753169,-0.0891158131673015,0.0000000000000000,-2.3401482878060644,0.5354343321668011,-5.2890681539784765,16.2526727044324844,2.9799041410495608,-0.9257542900947762,-2.3755759578977584,-4.8101444307939900,-40.6013588549835731,-1.8633083466498590,-1.0509445847744692,0.2595141846677099,-0.0939993225057494,-0.0086325908423624,35.9867612927454275,-0.0525468019747557,0.4159274855837696,0.7838871440497368,1.0293560915050683,-0.6147771655237442,-0.0304183897405974,0.2155824453212827,0.0083425851645849,-0.0532490498216198,-0.0292821789023445,-0.2372321027620062,0.5672618718663281,-0.3307687209000534,0.1709265035911645,3.6017297631178025,7.8726026656511294,0.0195535488974616,-0.4356756601001891,0.1747530392484820,-51.0000000000000000,,,,,,,,,,,,,,,,,,,,,,,,,,,,,,,,,,,,,,,,,,,,,,,,,,,,,,,,,,,,,,,,,,,,,,,,,,,,,,,,,,,,,,,,,,,,,,,,,,,,,,,,,,,,,,,,,,,,,,,,,,,,,,,,,,,,,,,,,,,,,,,,,,,,,,,,,,,,,,,,,,,,8.0179874264724731,7.7153224744840401,424.0000000000000000,54.0553839999999965,77.0000000000000000,118.0000000000000000,540.0000000000000000,-17.7283938585384142,102.9446159999999963,31.9446160000000035,67.6945021160000096,12.0822458597040008,141.9794705464888409,24.5861735420087015,-39.8849649267366715,8.6900208202254685,105.4799125370000183,339.4252986041379927,34.9169579530848750,17.9224130704481581,,,,295.3821143606950272,51.8043906719489655,-77.0608388630318046,0.1419388888888889,0.0924538274658326,,,,1.7257250201329399,-4.7589587420524389,,,-56.7303100432509950,,545.8540095576022395,517.3884038976989359,-48.9538016517212782,15.9050701182984238,,193.0565460865537943,-39.8849649267366715,0.0000000000000000,8.8377498324621655,7.1084164595494883,14.5898145118715803,4.2512877019051700,1.5361741129376014,19.1740380946395987,-19.3716711401618795,-3.0664410333169627,44.7752035260405137,28.7178468792257888,11.2236545493410063,8.6636667663117635,2.0728025988842234,8.7341165319753316,6.9988630176610371,9.0259959223113242,-18.1466571439175652,12.1122655082165096,-0.4616338614951303,-1.8192118948695963,-1.0926354205655429,-1.0282865447408369,-1.9133537804871423,-3.0148254065492637,7.4299999999997590,,,,,,,,,,,,,,,
"2007Q3",10.7655544675294994,6.6329850508079904,11.2615523883955007,737.0976479118488669,620.5047407797164851,721.4649193280647523,587.4892288173182351,521.4098631936124093,519.4158806425248258,616.3049711399827402,417.3642772081562953,399.7319324356188304,421.9211569354838502,5.9086184125836718,8.9793485445485395,630.6147602397663832,589.0502499131436025,2.3113430130161703,26.0823593316135707,5.2288482357023600,0.6184083473978127,488.9575589326564113,429.6617288515551536,5.9584950265341945,7.1206697003281647,22.1257258825534180,-0.0986190266285441,10.7655544675294799,11.2615523883955042,25.2210338946380013,3.6543756337104067,14.3743670143630542,-0.0188216151911645,-0.0098199731432967,-0.0009985588814995,-3.1118160670859765,-3.7431746871956668,-3.0764863968932183,736.2793168165783300,722.9560281863906539,533.3786967730646893,598.5759285377558854,487.2267445085725512,616.2169502211535246,5.0216930987905455,-17.3305949598117408,2.0844590350686119,5.5560848481487550,-7.7261285833909330,8.3933444554919117,3.6532785394496496,2.7269255999243356,229.4623862058867871,2.0555897908149348,-3.9222842274882450,14.5010425139855030,-3.7078450170030086,6.6329850508079904,0.8183310952696095,-1.4911088583258310,-11.9688335794526033,-11.0866997204385900,32.1891361339525091,0.0880209188276783,1.9129489779381228,6.6788004182631129,737.0976479118488669,4.2056936877953124,1.1419688075022885,630.6147602397669516,420.5559329472318382,0.4757726213633309,1.8609342655804171,-2.5231196146119768,-6.4037498911974149,-3.6753756532584534,10.7655544675294799,14.5010425139855030,-0.0276430294530320,-3.7078450170030086,22.1257258825534180,25.2210338946380013,-0.0188216151911645,-3.0764863968932183,-0.0986190266285441,-0.0098199731432967,3.6543756337104067,-3.7431746871956668,11.2615523883955042,14.3743670143630542,-0.0009985588814995,-3.1118160670859765,6.6329850508079904,-1.4911088583258310,-0.7210129999975070,721.4649193280644113,3.1861560392179804,-3.9209964852660368,722.9560281863906539,8.5946721206842085,8.0047020798585979,-11.9688335794526033,-7.3251773403193825,521.4098631936128641,-0.5650313436653525,3.2067778685743047,533.3786967730646893,13.4512490798788118,12.6621090182227434,-11.0866997204385900,587.4892288173176667,47.3614568958718039,14.4409406017949422,598.5759285377558854,13.0592841352984372,9.6584318914075968,32.1891361339525091,22.7691454543657521,-6.6788004182625045,519.4158806425242574,-17.6835933434223236,42.3643498829082290,487.2267445085725512,12.3405524381598024,11.0102724377794754,0.0880209188276783,616.3049711399823991,8.6411934641638748,10.1868737075535325,616.2169502211535246,5.1767806595646535,6.0422731935314786,0.8183310952696095,2.6490220872863728,737.0976479118488669,7.7034237247804267,4.2056936877953124,736.2793168165783300,12.2357847668027180,10.3085427238807430,1.9129489779381228,0.7651795911752679,620.5047407797163714,25.3226609152247804,-1.6752066734498201,618.5917918017785269,6.3884215734339387,6.5477286584571734,417.3642772081558974,3.6532785394496496,6.9259773532735007,7.8340069157717727,420.5559329472318382,5.5560848481487550,8.1696922798616178,8.8708326409328944,399.7319324356181482,-7.7261285833909330,0.5589363278863004,4.9881122233803650,421.9211569354842482,8.3933444554919117,7.5262201946609730,2.5909404025737235,1.9904249598679966,3.1916557390758409,1.9028063086967826,1.0368257251608537,-0.1543174045822416,3.3459731436576883,-0.4687805974281793,-0.4633335453008806,8.2324663674566150,-17.6323447725376141,-11.3794071228401812,-2.8458946923906443,-0.3017498127261686,-17.3305949598117408,2.3054111695298332,2.2793460579523113,16.0244497545186135,4.5568797273280213,4.7400659160427780,-5.2430665131972685,2.4724206922596998,2.0844590350686119,-0.0059025533597652,-0.0075203519834897,35.3517918623399652,5.9086184125836763,7.2798381012867850,-2.2610738672786170,-4.9879994672027603,-3.7258755295278947,-3.2465269849797211,2.7269255999243356,8.9793485445485413,0.4793485445485441,5.0216930987905455,2.9883618515313852,4.5583595534896464,7.3010391567428652,5.0141727468070396,-3.2465269849796838,-3.2465269849796448,630.6147602397669516,1.1419688075022885,-0.6113384089174901,631.0394250778006153,-3.9222842274882450,2.0555897908149348,236.1411866241488724,2.7320946368948595,-2.3372441781903102,-2.7741094588005129,229.4623862058867871,0.0557131175911143,0.0898267102095674,0.0529274617115690,6.6788004182631129,589.0502499131437162,171.6859727049871651,21.6461654246336543,15.7204490923310960,-1.9520133872280601,2.3113430130161703,26.0823593316135991,7.1462106775450129,7.1449268716582814,6.1130210879596767,5.2288482357023565,0.6184083473978148,488.9575589326561840,11.2029455860902125,12.2521390382649731,462.8751996010407197,4.0567349085517410,5.1072121666066170,5.9584950265333818,456.9167045745073779,-0.9610567115585167,-0.2694414555006719,429.6617288515553241,41.8288876302805335,6.5151435099302537,403.5793695199413946,34.6826769527400884,-0.6297833617272621,7.1206697003280430,396.4586998196137984,8.0262295019226180,9.2262229761827630,0.4757726213633309,1.8609342655804171,-2.5231196146119768,-6.4037498911974149,-3.7067839181687585,0.0119027807366271,0.0000000000000000,0.8257826157560437,-0.1518546186538748,0.0000000000000000,-3.7431746871956708,-0.0814379380594341,0.0000000000000000,-3.1118160670859965,-0.9702469678880057,-6.4037498911973643,4.3581109698182274,3.7470652208726341,-0.6416259607469383,3.0411933209419360,-2.5231196146119999,-1.0366013960472173,1.8609342655804539,-2.0308322310807445,1.2994035544955902,0.2487217586146193,0.0228417941584849,-4.0505246661628220,0.0615705354483116,0.4757726213633310,0.8323287641206532,1.1422174478682916,-0.6845308428384170,0.0369996715050927,-0.0646371853455012,-0.0043335516388098,0.0074141442525492,0.0331809175695466,-0.2324485488308839,0.4384219844129272,2.0049137483256487,0.1585825167513739,3.0419858111997620,6.7873824788623551,-0.0083971900253155,-0.5606428439504860,0.0721341901688737,-50.0000000000000000,,,,,,,,,,,,,,,,,,,,,,,,,,,,,,,,,,,,,,,,,,,,,,,,,,,,,,,,,,,,,,,,,,,,,,,,,,,,,,,,,,,,,,,,,,,,,,,,,,,,,,,,,,,,,,,,,,,,,,,,,,,,,,,,,,,,,,,,,,,,,,,,,,,,,,,,,,,,,,,,,,,,8.2503460394349020,8.5617712589839670,441.0000000000000000,51.0621199999999931,81.0000000000000000,132.0000000000000000,566.0000000000000000,-18.5414314173063914,124.9378800000000069,43.9378800000000069,62.0336359100000010,11.2615523883955007,121.5987655361098518,22.2489605191612014,17.9972072969500481,10.6347369801598006,30.9331853489999986,361.5869358498119936,25.2994439640901874,1.2897261275168148,,,,332.0305202516050258,61.9682306784055754,-95.7586033411265021,0.2875671378091873,0.1102390397617560,,,,2.2496723041842999,1.8828971125372091,,,-56.7303100432509950,,518.1919186959574972,505.8838308822429326,-46.0182920618240132,19.4089324059558521,,56.4546264434857079,17.9972072969500481,0.0000000000000000,8.0079054693822798,4.2953859596881898,3.2374573880529880,-3.8451203501553692,-0.5634380438622912,3.2587490356355175,60.5787947215970917,15.5357021829148607,-16.2082752548655407,52.7516935128131763,9.0255349761831525,10.7238122874596939,3.7208308743894634,8.1490377663407116,5.7133340073897756,9.2761880057975645,-7.4352036693381933,5.1146131044366996,8.7556508592557805,2.6247970327075905,1.1485141628658937,-0.6094735378260623,2.7697585647839844,-2.3101421836533120,6.0866666666666625,,,,,,,,,,,,,,,
"2007Q4",9.1211798583280093,6.6680714439194499,11.4909489095309993,740.4706281705676929,621.7639410152457913,722.6204216234148134,581.4216676819518170,544.0066632926075272,522.9534240258284399,618.4326209144894619,418.6755754135219831,399.3690636452708418,424.2774456175337150,7.1421032228262380,7.6596593095543763,630.1010478899972895,598.9718456300281559,2.4744853626826497,28.8174577466288504,4.7864974408582821,0.5202457689213501,496.9127842452502932,447.3893821346932214,11.5653597156666024,20.3152546752464218,19.6711851200913586,0.9409436477675539,9.1211798583277996,11.4909489095310242,25.3841201543250818,3.6515909258978390,14.3685572235037338,-0.0184779560797339,-0.0096406727373339,-0.0085796031258620,-2.8690287108468580,-2.7010066053929558,-5.6944570781540014,739.6672387757943170,725.1896511503108513,536.8455417525818802,602.5911053419222299,490.4948591997556377,617.4020603642575225,5.0393571421430634,-16.7739894736587765,2.0820709080101016,6.2436426936781819,-1.4514751613924823,9.4251547281965831,5.2451928214654204,2.6661297722215171,229.4789337660770343,2.0830032745795370,-4.5004011295213369,14.6671538567191675,-5.5264349727000885,6.6680714439194499,0.8033893947724273,-2.5692295268959549,7.1611215400253201,-21.1694376599714182,32.4585648260735553,1.0305605502311652,1.6009958000149520,7.3227282499005000,740.4706281705672382,6.4110920723674942,-2.0548493990794179,630.1010478899977443,422.1168436206506271,0.4079500331333268,-0.8496227864032748,-1.5360119147356726,15.2304078145416888,-5.3603236299661781,9.1211798583277996,14.6671538567191675,-0.0195390256913081,-5.5264349727000885,19.6711851200913586,25.3841201543250818,-0.0184779560797339,-5.6944570781540014,0.9409436477675539,-0.0096406727373339,3.6515909258978390,-2.7010066053929558,11.4909489095310242,14.3685572235037338,-0.0085796031258620,-2.8690287108468580,6.6680714439194499,-2.5692295268959549,-2.0047136632390203,722.6204216234146998,4.6220091814002284,-4.8037517862832644,725.1896511503108513,8.9344918556815056,8.3679068720587715,7.1611215400253201,4.7104365239088697,544.0066632926080956,90.3872003959824610,12.4563995504417555,536.8455417525818802,13.8673799180695436,13.1492008051592570,-21.1694376599714182,581.4216676819504528,-24.2702445414711008,22.3196872036471063,602.5911053419222299,16.0607072166631895,12.0111118342154057,32.4585648260735553,23.1656215276514637,-7.3227282498999573,522.9534240258284399,14.1501735332199949,39.1563452729156793,490.4948591997556377,13.0724587647335966,11.8408470808435613,1.0305605502311652,618.4326209144894619,8.5105990980238673,9.5675675258148143,617.4020603642575225,4.7404405724136263,5.5166865113268830,0.8033893947724273,1.8800642043027718,740.4706281705672382,13.4919210348769329,6.4110920723674942,739.6672387757943170,13.5516878368623850,11.5546567947594472,1.6009958000149520,0.6403983200059618,621.7639410152459050,5.0368009421187212,-1.7965636278702859,620.1629452152313888,6.2846136538114417,6.4286797053058056,418.6755754135227221,5.2451928214654204,7.5678406279862944,7.3848578221965573,422.1168436206506271,6.2436426936781819,8.2876762956515257,8.7949972689654974,399.3690636452705007,-1.4514751613924823,3.7744304042881298,3.1023283297241515,424.2774456175339424,9.4251547281965831,8.1679012868447245,1.2150334368629072,2.1072571657982380,3.4412682071283878,0.9984498722106850,1.4101394467683830,0.2083907750712059,3.2328774320568598,-0.4523828464031379,-0.4659019400191221,8.8193540202305183,-19.3065117682517524,-6.6966679828575302,-4.2825294924731665,-2.5325222945932886,-16.7739894736587765,2.2264219446123783,2.2917836208745368,33.9256175677690450,5.6018702040116333,4.1799619067316200,-6.1698243853336008,3.5197992960015205,2.0820709080101016,-0.0095525082353964,-0.0071012437688271,62.0405242580685723,7.1421032228262238,7.2531040679615613,-1.1455730728257252,-3.8117028450470780,-2.6979214862367411,-3.5382621766828022,2.6661297722215171,7.6596593095543799,-0.8403406904456185,5.0393571421430634,3.1772348845720528,4.5734552021239310,7.3311407630176069,5.0322558983742294,-3.5382621766828084,-3.5382621766827098,630.1010478899977443,-2.0548493990794179,-0.8926102189382239,630.6894128815229124,-4.5004011295213369,2.0830032745795370,236.8016620159761771,2.6419015673064803,-1.8498576418191952,-1.8330419023156721,229.4789337660770343,0.0661902407585516,0.0705782205686387,0.0628807287206159,7.3227282499005000,598.9718456300278149,180.2962702165050644,34.4411900460669500,20.0061381320050700,-1.9039291645139775,2.4744853626826528,28.8174577466288184,10.9403936600684997,7.8377498460824819,9.1483674739782295,4.7864974408582803,0.5202457689213538,496.9127842452497248,31.8209012503734776,19.2953580559142885,468.0953264986193290,20.8805075903124404,11.4576082098311520,11.5653597156663608,456.5299667829530676,-1.5469511662172220,-0.7407915541255211,447.3893821346935056,70.9106131325571170,39.6430364574245999,418.5719243880644740,59.9702194724924809,31.8052866113419164,20.3152546752457930,398.2566697128189617,7.1918795728187010,8.4204233665279222,0.4079500331333268,-0.8496227864032748,-1.5360119147356726,15.2304078145416888,0.8515789185154548,0.1241379544190017,0.0000000000000000,-3.5409166003288917,-0.1200659261270137,0.0000000000000000,-2.7010066053929496,-0.0720661207156853,0.0000000000000000,-2.8690287108468571,-0.7744319581142491,15.2304078145416959,9.3287350802190190,5.1289323780803002,0.2898108664468761,0.8358162088396637,-1.5360119147356812,-3.9772350398431513,-0.8496227864032591,0.1699157310788255,-1.2717543805393063,0.0455867839658171,0.0041865413846172,14.6867693157763775,0.0549099571664704,0.4079500331333269,0.7270899842865189,0.9873306405836855,-0.5391043620709542,0.0319317115372408,-0.0464743809262458,-0.0042402102115995,0.0132627790469777,0.0329724628461089,-0.2725368365282247,0.3018229304474512,4.8273725721090237,-0.2799215195398640,7.8710927992153685,15.1171657940063824,-0.0363217437366758,-0.6820001258141740,-0.0317269789115151,-49.0000000000000000,,,,,,,,,,,,,,,,,,,,,,,,,,,,,,,,,,,,,,,,,,,,,,,,,,,,,,,,,,,,,,,,,,,,,,,,,,,,,,,,,,,,,,,,,,,,,,,,,,,,,,,,,,,,,,,,,,,,,,,,,,,,,,,,,,,,,,,,,,,,,,,,,,,,,,,,,,,,,,,,,,,,8.4827046523974019,9.4082200434838938,460.0000000000000000,65.4982320000000016,78.0000000000000000,140.0000000000000000,592.0000000000000000,-18.1529369318734055,128.5017679999999984,40.5017680000000055,66.5821685559999992,11.4909489095309993,121.9490802643399974,20.4769600077829992,-6.6702557954199975,15.3756839027599987,46.6614836010000005,399.3021730887940066,39.6863828675382138,4.6587277392557098,,,,329.5426350257200170,2.4102202179716414,-69.7351812051342961,0.9384111222972972,0.1248831304989101,,,,2.0223102368800698,0.4307981775284895,,,-56.7303100432509950,,479.8215989604752849,495.3904568974600124,-41.9734959391316806,28.2059259028154763,,85.5981663832848767,-6.6702557954199975,0.0000000000000000,14.4444321358762693,6.6210657060407101,4.7304888825655809,-4.6901971794377602,146.9145165657818666,13.2654502937190415,-21.5495087920762955,25.0066652679795425,15.2002503366112478,47.9291789631308802,8.8832467003088169,10.0402118480967601,5.3851900318508115,7.6643765839320821,6.4426787895377089,9.1933494165977550,-1.4409920419197420,3.1509520549702472,9.8836120394503126,1.2224449551835050,-2.0338812358034204,-0.8886382806845035,2.6771091528808171,-1.8328527919554034,7.4033333333333173,,,,,,,,,,,,,,,
"2008Q1",12.0857969847888000,15.9049075625465992,11.6099792238741006,741.6920434476061246,622.8552489692980316,721.2815071593340690,578.6617196976033028,544.4084903537875562,509.3851785212934828,599.0013733035729047,422.5633979345973330,399.2382507880192293,430.9171207881792043,7.3838888334870472,7.5069503250441247,629.8489888916257087,606.1810989919652002,2.5426798562207793,32.7083506316083970,3.1056708945153497,0.4047966837167919,508.0335192814720244,455.6228923447354191,19.3421247228458242,23.0697131086441800,18.6360306721308717,5.0597455365319908,12.0857969847887521,11.6099792238741060,25.7143773518843339,3.6661079186865777,14.3732947707612713,0.0364270766678851,0.0190054313049086,-0.2231532704125258,-2.5401622764746592,1.3746321865405040,-7.1147737564214468,743.2758293896863506,727.4433306579229566,540.3273933798147937,607.4699159464261129,493.7899085748380230,618.5906515682249847,5.0830643736507657,-16.2691132557015976,2.0774858584527722,17.8629645908281915,-0.5232514290080194,26.5587006825809411,15.5512900843007831,2.6565914351161015,229.5096854447476744,2.1349383724521727,-3.5799869231429251,15.0071904998096066,-3.1999792934061340,15.9049075625466010,-1.5837859420805458,-6.1618234985884408,4.0810969739716745,-28.8081962488238155,15.5952699464562574,-19.5892782646521439,1.1460022460002008,6.4650693101316596,741.6920434476068067,8.6374528076315755,-1.0082359934858536,629.8489888916262771,426.5825847683568099,0.1653474596528168,13.4288460588808398,8.3023962019970181,-0.1867347991635022,-2.8599426503157916,12.0857969847887521,15.0071904998096066,0.2785857783852695,-3.1999792934061340,18.6360306721308717,25.7143773518843339,0.0364270766678851,-7.1147737564214468,5.0597455365319908,0.0190054313049086,3.6661079186865777,1.3746321865405040,11.6099792238741060,14.3732947707612713,-0.2231532704125258,-2.5401622764746592,15.9049075625466010,-6.1618234985884408,-5.8246300185224751,721.2815071593339553,-5.3556578563245516,4.0178452345166988,727.4433306579229566,9.0147180304484618,8.6773642362868433,4.0810969739716745,1.3248315831738777,544.4084903537874425,1.6073082447202118,23.2384929292941891,540.3273933798147937,13.9274065089338848,13.5371186156309982,-28.8081962488238155,578.6617196976031892,-11.0397919373911293,-2.3701479842553539,607.4699159464261129,19.5152424180191311,14.6704199052723379,15.5952699464562574,12.0825763087803928,-6.4650693101313212,509.3851785212932555,-54.2729820181399276,-5.2012996337853252,493.7899085748380230,13.1801975003270453,12.5000736711717213,-19.5892782646521439,599.0013733035731320,-77.7249904436672807,-12.4839771210168013,618.5906515682249847,4.7543648158693852,5.1151881420947918,-1.5837859420805458,-3.8988416338959668,741.6920434476068067,4.8856611081593933,8.6374528076315755,743.2758293896863506,14.4343624555699144,12.7370657237616740,1.1460022460002008,0.4584008984000757,622.8552489692981453,4.3652318162086381,8.5901675882428066,621.7092467232980653,6.1852060322673381,6.3315780932132899,422.5633979345976172,15.5512900843007831,10.3375353276568518,6.6253434529689113,426.5825847683568099,17.8629645908281915,11.0807999713059342,9.1068735935179959,399.2382507880196840,-0.5232514290080194,5.6618984460886228,-7.4312398373897270,430.9171207881798864,26.5587006825809411,12.7271923807650893,10.9786242962605236,0.0259851083621228,4.0191868337594974,2.3116745065251831,2.4815301405484629,0.8886832628379780,3.1305035709212437,-0.4094954445419876,-0.4554440839253356,14.4323288317577418,-23.3251471465781357,-16.0745415133081124,-14.0565832903570662,-7.0560338908770959,-16.2691132557015976,2.0195048718275586,2.2411739636907173,47.9683891768355579,8.3537228535821946,11.0074105982794936,4.3532808432930477,6.2762369951289934,2.0774858584527722,-0.0183401982298662,-0.0088846487676361,25.8413178116466931,7.3838888334870649,7.3301603642249953,-3.6969111378195718,-6.3535025729354846,-2.5954639058669828,-3.5885135808232045,2.6565914351161015,7.5069503250441221,-0.9930496749558760,5.0830643736507657,3.1128648268952586,4.6276202897254279,7.3242383373414839,5.0741797248831277,-3.5885135808231410,-3.5885135808232036,629.8489888916262771,-1.0082359934858536,-0.7549412768520841,630.3119430961666012,-3.5799869231429251,2.1349383724521727,235.9747547548782336,-3.3076290443940568,0.0336179687907278,-1.1711183789640072,229.5096854447476744,0.1230067146811785,0.0739377743996679,0.1168563789471230,6.4650693101316596,606.1810989919649728,183.6177010573670998,13.2857233634470386,25.5596061051449013,-1.8055963600002167,2.5426798562207802,32.7083506316085035,15.5635715399245242,9.8954328391591115,12.8469097778632690,3.1056708945153493,0.4047966837167915,508.0335192814710012,44.4829401448819510,26.1744754390805952,475.3251686498611548,28.9193686049645571,16.2790425999213824,19.3421247228452913,455.9830439270156717,-2.1876914237509206,-1.2851508997178935,455.6228923447339980,32.9340408401666878,50.7262685459297273,422.9145417131257432,17.3704693002450909,40.8308357067708059,23.0697131086399772,399.8448286044856559,6.3526355666666445,7.6021570802839475,0.1653474596528168,13.4288460588808398,8.3023962019970181,-0.1867347991635022,10.0708718405868751,0.2994632052754944,0.0000000000000000,-3.1286538017135470,-0.1029034609164134,0.0000000000000000,1.3746321865405111,-0.0615768805073721,0.0000000000000000,-2.5401622764746614,-3.8189328131925677,-0.1867347991635029,-7.5586150093843685,-9.4960124003871620,-0.8134751639526030,0.5056039259942087,8.3023962019970519,-9.5823059352220525,13.4288460588808007,-0.4795619383905327,-0.2367430535548118,0.3579017097521893,0.0328685243649971,-12.8385461796378699,0.1099669612375550,0.1653474596528172,0.3917922788696768,0.3997583659319170,-0.1106570358216932,0.0597413040276930,-0.1823011512853749,-0.0097429408180201,0.0601259859605570,0.0602354253305997,-0.2888981223743401,0.2166636152990897,6.4152040659459857,-1.5405148107809177,12.1716016991320473,8.2395771957108082,-0.0634245083124259,-0.7954353741554747,-0.1200560488694560,-48.0000000000000000,,,,,,,,,,,,,,,,,,,,,,,,,,,,,,,,,,,,,,,,,,,,,,,,,,,,,,,,,,,,,,,,,,,,,,,,,,,,,,,,,,,,,,,,,,,,,,,,,,,,,,,,,,,,,,,,,,,,,,,,,,,,,,,,,,,,,,,,,,,,,,,,,,,,,,,,,,,,,,,,,,,,14.5405622975674760,17.9594067171365026,490.0000000000000000,76.8957520000000017,70.0000000000000000,151.0000000000000000,600.0000000000000000,-14.2077841615593918,114.1042479999999983,33.1042479999999983,70.5782508089999965,11.6099792238741006,135.1283774947968368,23.7205579813406011,-14.8663418693375267,10.7629121351343997,68.6535564199999868,429.1519233496500192,28.8370134477481770,13.7828892758258235,,,,349.2075148032170091,33.7967965457851278,-72.7778921617385066,0.2754833333333333,0.1404005356656587,,,,1.9506046281129299,-5.7697152058707291,,,-22.8836150366952253,,458.9144659277886831,486.1932961314323620,-36.7886430641106017,19.7938553308662293,,126.2593754055554314,-14.8663418693375267,0.0000000000000000,5.0069771575797120,9.0214567816632893,-5.2147688635272402,4.0996525889337931,1.6202949290756692,26.1605264196260094,-10.4522263548012120,-2.3422805773470827,-41.8840376244257158,-5.0683470875625005,-54.0331593298521540,-11.7361684675779401,16.8257007470281224,6.8497477010157439,19.5577875005766657,9.5344292185244512,-0.5218848532994969,-7.1618376374662347,30.4196323268245692,11.6039483666332757,-1.0031703332905693,-0.7520987528215670,-3.2535251541630856,0.0336236202631284,7.6633333333333553,,,,,,,,,,,,,,,
"2008Q2",10.1490084803588996,10.3774678408694001,12.9790214900045999,747.4715348852126908,624.0927114362849579,727.1859911161486707,580.2473197072290532,570.1428032141877793,515.4244038578261780,613.0075728251754299,428.6536124944231005,401.6818074259027185,437.4658279245870176,6.2348625064535295,7.8446438941827834,629.7754783768856441,610.0176916161890404,2.4114896372738883,36.6751011860861738,2.8903895280153589,0.2753578265898428,514.9725884243457585,479.5733499697734032,23.0280343324589580,41.6635987741704525,17.5456189008557430,5.5824110695079039,10.1490084803591198,12.9790214900046088,25.7403237700204066,3.6660491705160738,14.3841069580688927,-0.0283692120309189,-0.0148013280162157,-0.0461041213120455,-1.3589813467522196,1.9311632270080383,-8.1663356571336490,746.2380908838662208,729.5923897385252985,543.6739998129185096,610.5319713565146458,496.8210148275213101,619.9902758035905208,5.0892936412756589,-15.7691186843117173,2.0718120256972377,27.1701204368686433,9.7742265515311804,26.1948285456260450,24.3608582393016881,2.6206442350609525,229.5579727240277634,2.1617947472057768,-1.8688944687960889,15.0222659824677081,-4.8761910833734596,10.3774678408694001,1.2334440013456658,-2.4063986223772558,26.4688034012693869,-30.2846516492865057,18.6033890303051201,-6.9827029784142898,0.8602053694574481,3.5174919613717401,747.4715348852121224,12.2997429045609774,-0.2940420589642223,629.7754783768851894,433.3751148775735373,-0.3293491144091468,6.3092343622170768,9.7884219601339222,23.6588372762507717,-4.8611156007154630,10.1490084803591198,15.0222659824677081,0.0029335812648602,-4.8761910833734596,17.5456189008557430,25.7403237700204066,-0.0283692120309189,-8.1663356571336490,5.5824110695079039,-0.0148013280162157,3.6660491705160738,1.9311632270080383,12.9790214900046088,14.3841069580688927,-0.0461041213120455,-1.3589813467522196,10.3774678408694001,-2.4063986223772558,-2.9052620730965981,727.1859911161471928,23.6179358272591102,6.5176107978890716,729.5923897385252985,8.5962363224150593,8.7850295823052580,26.4688034012693869,16.4289104960183217,570.1428032141880067,102.9372514416027258,48.5916821846589926,543.6739998129185096,13.3864257324112685,13.6581153098231987,-30.2846516492865057,580.2473197072290532,6.3424000385000667,4.5984551138804424,610.5319713565146458,12.2482216403534778,15.2208638525858344,18.6033890303051201,13.2858388465128670,-3.5174919613710491,515.4244038578260643,24.1569013461293451,-8.4123751205543869,496.8210148275213101,12.1244250107333791,12.6794084284884860,-6.9827029784142898,613.0075728251761120,56.0247980864088433,-1.1370999487651905,619.9902758035905208,5.5984969414588068,5.0675207473264106,1.2334440013456658,-1.1567435684038898,747.4715348852121224,23.1179657504267801,12.2997429045609774,746.2380908838662208,11.8490459767220457,13.0177202589887155,0.8602053694574481,0.3440821477829769,624.0927114362849579,4.9498498679477612,9.9186358853751369,623.2325060668277956,6.0930373741185395,6.2378196584078083,428.6536124944230437,24.3608582393016881,15.7069236201871885,12.2026549211301756,433.3751148775735373,27.1701204368686433,16.7043659986378756,14.2082031423800927,401.6818074259024343,9.7742265515311804,11.7630942082957688,0.0183428444370990,437.4658279245871313,26.1948285456260450,13.4764988816030531,17.6430071029748987,1.6902535933506782,4.7215023831506651,2.8092621975648555,2.0055482212491578,1.6922839455889038,3.0292184375613411,-0.4051405334392805,-0.4339498554528912,15.3798110418311218,-26.9718050685202932,-14.5866316877687403,-12.1843120766933648,-11.2026863842087323,-15.7691186843117173,1.9999782855593411,2.1378290678824170,32.5285682992754133,8.8122154301639721,1.8339703063255726,5.4403521818458209,6.7404034044667647,2.0718120256972377,-0.0226953310228816,-0.0141226477117682,90.1377989063612404,6.2348625064535712,7.3047973428974284,-10.4695034921849803,-13.0901477272457285,-5.7419602119336748,-6.3973163177512440,2.6206442350609525,7.8446438941827834,-0.6553561058172163,5.0892936412756589,5.9092522331126611,4.6553437858227484,7.2271227091580652,5.0751709935638800,-6.3973163177511543,-6.3973163177511729,629.7754783768851894,-0.2940420589642223,-0.5537896610065157,630.5365126926229777,-1.8688944687960889,2.1617947472057768,233.0754646853984298,-11.5971602779200751,-2.3826982795268972,-3.6145582021337854,229.5579727240277634,0.1931491171214128,0.1095147975383352,0.1834916612653573,3.5174919613717401,610.0176916161886993,181.3640791217655988,-9.0144877424056471,15.0896477729365461,-1.7476734386213426,2.4114896372738892,36.6751011860861240,15.8670022179166708,12.3792945238579382,13.0896543202567592,2.8903895280153584,0.2753578265898436,514.9725884243454175,27.7562765714961230,28.8157658882131074,478.2974872382582134,11.8892743535869343,16.4364713643547553,23.0280343324588017,455.2694529057993691,-2.8543640848662739,-1.8875158465985291,479.5733499697732896,95.8018305001516666,60.3688430257880810,442.8982487836870519,79.9348282822363529,47.9895485019307060,41.6635987741712981,401.2346500095158603,5.5592856201248937,6.7825075653811115,-0.3293491144091468,6.3092343622170768,9.7884219601339222,23.6588372762507717,-0.0749859404039004,0.0116652857303480,0.0000000000000000,-3.1859940276387491,-0.1167533522362006,0.0000000000000000,1.9311632270080477,-0.0554548649847907,0.0000000000000000,-1.3589813467522340,1.9276451198409106,23.6588372762507930,7.0395182816513682,-2.9003873379872851,0.2843026251615086,0.4018044710573665,9.7884219601339524,-2.4189357009829564,6.3092343622170688,-2.6007663249164232,0.2383886016430767,-0.0358258277357721,-0.0032901270369602,-25.6136956280663775,0.0793903585540458,-0.3293491144091469,-0.2062137589740791,-0.7583659224755321,0.7202470584847890,0.0266340632956547,-0.0156023720472769,-0.0061891526160221,0.0762927381743148,0.0403502119988153,-0.3015406832878463,0.0213705724263485,3.0200924400537090,-0.1590109582551266,11.0359170042945109,24.8227082048622947,-0.0889591887552661,-0.8854418034909245,-0.1580863898712366,-47.0000000000000000,,,,,,,,,,,,,,,,,,,,,,,,,,,,,,,,,,,,,,,,,,,,,,,,,,,,,,,,,,,,,,,,,,,,,,,,,,,,,,,,,,,,,,,,,,,,,,,,,,,,,,,,,,,,,,,,,,,,,,,,,,,,,,,,,,,,,,,,,,,,,,,,,,,,,,,,,,,,,,,,,,,,10.9209814176096245,13.7437041196420751,544.0000000000000000,113.2634400000000028,84.0000000000000000,187.0000000000000000,679.0000000000000000,-16.2406338757062230,124.7365599999999972,43.7365599999999972,91.0665001840000059,12.9790214900045999,167.2350500389777608,22.8867738642487986,-19.6841736306662476,7.3291891216440002,88.5235343639999996,445.9366565058850256,15.3463704968953607,22.2692568066998433,,,,379.1300692382860120,55.3208017780202681,-109.5752512231310050,0.3366283942562592,0.1351075986376398,,,,1.1268435214479700,-1.3553028819584705,,,-22.8836150366952253,,432.4484976270492780,478.5676322360316703,-30.5026555816027667,13.4888764669515417,,162.9215728555374767,-19.6841736306662476,0.0000000000000000,26.0085602949261556,13.0881513498959805,26.6401429371195775,6.7346976152549161,179.9308757595975408,62.5664770793820821,6.5478506768013744,4.7058234974651612,27.3245322952266037,-8.0682517591271221,75.1106687408282880,-1.1306594022295826,27.5844844606089765,12.9784096258849075,31.2194864636677778,15.2671199918563474,10.2678550193600557,0.0183445268396696,29.9459339744855697,19.2951002007597907,-0.2936101787089314,-0.5522590727798757,-10.9499489321951131,-2.3545361404193272,6.4333333333333798,,,,,,,,,,,,,,,
"2008Q3",9.5403745275609406,6.6730184536599797,12.1855303969791002,748.8934279920104018,623.8238716558639680,730.1052001113307597,591.8777064284530525,573.7226313343152242,500.4367911645298364,616.8846536533139897,435.2049932197279531,412.1418994870570032,444.3150772971951596,6.7970126439267213,8.3176044367692406,630.7096604075961750,613.3805954265898208,2.0780202632257812,39.1686607828029238,3.1377212655659772,0.1352003757138439,509.1714898801503750,475.1879931969434665,15.6080296509895220,33.5673064006188042,20.1998272406066413,1.5260776839334591,9.5403745275610294,12.1855303969790931,25.6840039663818906,3.6426082160143625,14.3979581981007545,-0.0029908952170159,-0.0015604670698296,-0.0440707329523316,-2.1683570681693172,-2.1149700650110672,-5.4811858305582142,748.7633890695288983,731.6200126885597683,546.8531814490468150,612.8406549127975040,499.5573468709547456,621.6336137325250775,5.0501819652648230,-15.2222993901358983,2.0668205936834707,22.9188844697172662,41.8403682446154974,27.3969974904300138,26.2055229012173463,2.5181751318382117,229.6188205911866760,2.1517528609215781,0.5106724283105203,14.9286539842955204,-5.4277988273999780,6.6730184536599797,0.1300389224803583,-1.5148125772278920,26.8694498852679118,-20.9629484843462102,0.8794442935759610,-4.7489600792116917,-0.9105144845140496,1.1546646042106194,748.8934279920108565,11.7957800801627766,3.7367281228383482,630.7096604075953792,439.1048359950025883,-0.4175360140555396,11.1087988261331923,4.5929962950617185,10.0810577053830475,-5.5214108255721355,9.5403745275610294,14.9286539842955204,0.0395193706654280,-5.4277988273999780,20.1998272406066413,25.6840039663818906,-0.0029908952170159,-5.4811858305582142,1.5260776839334591,-0.0015604670698296,3.6426082160143625,-2.1149700650110672,12.1855303969790931,14.3979581981007545,-0.0440707329523316,-2.1683570681693172,6.6730184536599797,-1.5148125772278920,-2.1907105702259226,730.1052001113317829,11.6768359807332445,8.6402807832681017,731.6200126885597683,8.1104918001368578,8.6639845021686686,26.8694498852679118,16.6359781412501100,573.7226313343157926,14.3193124805127212,52.3127681407041791,546.8531814490468150,12.7167265445160069,13.4744846759822572,-20.9629484843462102,591.8777064284530525,46.5215468848934961,4.3884776111359329,612.8406549127975040,9.2347342251313087,14.2647263750441446,0.8794442935759610,1.2444181103205940,-1.1546646042096183,500.4367911645300069,-59.9504507731818137,-18.9790894779943180,499.5573468709547456,10.9453281737334631,12.3306023623817129,-4.7489600792116917,616.8846536533142171,15.5083233125505124,0.5796825133301078,621.6336137325250775,6.5733517157406238,5.4166635113707153,0.1300389224803583,-2.0806159667745381,748.8934279920108565,5.6875724271897052,11.7957800801627766,748.7633890695288983,10.1011927426491717,12.4840722529502806,-0.9105144845140496,-0.3642057938056206,623.8238716558640817,-1.0753591216835403,3.3191308761477849,624.7343861403779783,6.0075202942021466,6.1425943385998476,435.2049932197280668,26.2055229012173463,15.2517920474576165,17.8407160115719527,439.1048359950025883,22.9188844697172662,13.4599574298874600,18.5489030477725372,412.1418994870570032,41.8403682446154974,25.3289028394544431,12.4099670514389349,444.3150772971958418,27.3969974904300138,12.2780332654408504,22.3939203617094122,0.3349640588264149,3.8998427752751272,-3.2866384315021575,0.7081870361994720,0.9815007826435806,2.9183419926311585,-0.4435057797204594,-0.4276311510260378,13.4675750410743138,-23.0630937326707368,15.6348453433989079,-5.4307489601345829,-7.8407943425350402,-15.2222993901358983,2.1872771767043422,2.1082955696759242,-13.5816607283860442,9.1100840774675014,1.1914745892125844,4.5532043501371113,7.0432634837841910,2.0668205936834707,-0.0199657280566133,-0.0176384413863380,-18.4940544014714376,6.7970126439267951,7.1248513173826655,-6.6629447859611499,-9.1811199177991778,-3.6763425207673026,-3.8587380839984329,2.5181751318382117,8.3176044367692388,-0.1823955632307593,5.0501819652648230,4.6884946047733340,4.6225508142387639,7.1584775349407268,5.0325435238784753,-3.8587380839983645,-3.8587380839983552,630.7096604075953792,3.7367281228383482,0.0949001678275024,631.2640993431548395,0.5106724283105203,2.1517528609215781,230.7734851953960060,-9.2079179600128001,-5.3677014287539819,-2.6518844162878974,229.6188205911866760,0.2433914686345088,0.1564343852993736,0.2312218952027758,1.1546646042106194,613.3805954265897071,178.1756022068618392,-12.7539076596148995,6.4896295018744414,-1.7721006438567977,2.0780202632257816,39.1686607828028741,9.9742383868703026,13.0863014511893319,8.3754432554198246,3.1377212655659759,0.1352003757138452,509.1714898801498066,-23.2043941767852466,20.2139309474934912,470.0028290973452840,-33.1786325636485131,7.1276294963039426,15.6080296509892058,454.3947994463561599,-3.4986138377700788,-2.5219051281517135,475.1879931969426707,-17.5414270913190151,45.5262643453880287,436.0193324141398534,-27.5156654781865520,32.4399628941990343,33.5673064006184205,402.4520260135213334,4.8695040160187792,5.9933261939076772,-0.4175360140555396,11.1087988261331923,4.5929962950617185,10.0810577053830475,-1.0157154667747204,-0.0693036151375274,0.0000000000000000,0.2352491294354007,-0.1401384959759237,0.0000000000000000,-2.1149700650110654,-0.0523076903874858,0.0000000000000000,-2.1683570681693221,1.0178176408155686,10.0810577053830528,-12.0670975759325074,-2.2407909661352816,0.7932230696577780,-1.2545966322970363,4.5929962950617114,21.9223877979088968,11.1087988261332100,-0.7462878867572666,0.4074249320047367,0.3144798087162813,0.0288807987596584,-8.6324923602266797,0.0028325240776073,-0.4175360140555395,-0.3619812091728210,-0.9344788943614698,0.8931763134566542,-0.0180839535776038,0.1892704467391447,0.0004600698639808,0.0598998073691581,0.0061375884363896,-0.3133228366852118,-0.1887799958116748,-3.1154159333866129,0.2928380774704843,1.3306483648647109,3.1528792954736389,-0.1126216682170134,-0.9296861613903050,-0.1338530420950531,-46.0000000000000000,,,,,,,,,,,,,,,,,,,,,,,,,,,,,,,,,,,,,,,,,,,,,,,,,,,,,,,,,,,,,,,,,,,,,,,,,,,,,,,,,,,,,,,,,,,,,,,,,,,,,,,,,,,,,,,,,,,,,,,,,,,,,,,,,,,,,,,,,,,,,,,,,,,,,,,,,,,,,,,,,,,,7.3014005376516877,9.5280015221475622,617.0000000000000000,101.8169599999999946,82.0000000000000000,204.0000000000000000,741.0000000000000000,-18.3750168686678848,144.1830400000000054,54.1830400000000054,87.8674681169999872,12.1855303969791002,156.3697415416474996,21.8884045922610007,16.9576301017153170,9.6298824739322004,41.9147608490000039,461.1880854536040033,13.4516152416031218,22.1080328837431921,,,,394.1720152187779718,24.7973766904912054,-131.0255598009129869,0.3040701754385964,0.1286742812674545,,,,1.5051993802380601,1.3621566936629008,,,-22.8836150366952253,,396.3533082723894836,472.7716995942523681,-23.1837305671172089,17.5583513386911783,,76.4239957503287712,16.9576301017153170,0.0000000000000000,5.8524253348696078,12.5196627969757230,12.3859068605472089,9.0245399254947500,15.3952637025951873,68.7296732015024645,59.2357255310605240,4.4861954894563638,-45.0916364602389734,-17.2867926504304990,16.7755152971484023,0.5813659236512336,29.9598315978586243,19.5311905502990584,25.7579503807716605,20.3806994515066293,51.9533959793542977,13.2128705226363792,31.5175313381252806,25.0994961147680300,3.8074216004164754,0.0949452122847276,-8.7967067716820679,-5.2261837041004782,7.0333333333334247,,,,,,,,,,,,,,,
"2008Q4",10.2589704863148992,8.4880405609645901,17.2150449247502983,750.1269833576276369,625.4314706503620300,730.8899692819977645,600.9288110753045657,559.9599043377788803,504.2014816944664517,618.4544312338039163,438.6425012973431308,418.8715299330056041,443.7441867037645693,7.1514134873996467,8.0290939026430657,631.8744004551761009,613.2427739192870604,1.5378701104369696,37.9567814795727188,2.8632807297488454,-0.0128365408049705,484.4113678815369326,402.2497206489984478,-6.9244953952380115,-39.2559492819072489,22.2323900537275421,5.2416253573376217,10.2589704863148743,17.2150449247503268,25.5565552609777207,3.6342607334177663,14.4188007915850491,0.0179417705409951,0.0093609237604276,-0.0776973959793674,2.8739415291446408,1.5980037001594203,-3.3421069777912225,750.9070603376680992,733.5412112292437996,549.8768089432624038,614.4941388524596277,502.0594353336385893,623.5012567357476883,4.9835575270326977,-14.6081042898317364,2.0632392935804105,12.4685042488987818,26.9185217837955229,-2.2835623737260935,13.7500323104613233,2.3741707502604248,229.6878159704838822,2.1248248497369149,4.7302370432350518,14.7720152028103922,-4.6180448067763020,8.4880405609645901,-0.7800769800414308,-2.6512419472454396,10.0830953945158441,-13.5653277771560568,2.1420463608285396,-5.0468255019447206,-0.7868036435992837,-2.0785960929605354,750.1269833576279780,9.6563551870614344,4.6589601903203022,631.8744004551755324,442.2219620572267900,-0.3817763552924872,-1.7850083370012448,1.4224031890994391,-6.4402466623656673,-4.7746835882614098,10.2589704863148743,14.7720152028103922,0.1050000902807476,-4.6180448067763020,22.2323900537275421,25.5565552609777207,0.0179417705409951,-3.3421069777912225,5.2416253573376217,0.0093609237604276,3.6342607334177663,1.5980037001594203,17.2150449247503268,14.4188007915850491,-0.0776973959793674,2.8739415291446408,8.4880405609645901,-2.6512419472454396,-3.0295021579296040,730.8899692819977645,3.1390766826647569,8.2695476585839351,733.5412112292437996,7.6847941627356624,8.3515600789321240,10.0830953945158441,5.4742998818418069,559.9599043377795624,-55.0509079861422066,15.9532410451717794,549.8768089432624038,12.0945099768640247,13.0312671906812305,-13.5653277771560568,600.9288110753038836,36.2044185874077158,19.5071433933549017,614.4941388524596277,6.6139357586457042,11.9030335105394709,2.1420463608285396,1.2851361409373059,2.0785960929610439,504.2014816944664517,15.0587621197463530,-18.7519423313628764,502.0594353336385893,10.0083538507347871,11.5645761338819320,-5.0468255019447206,618.4544312338032341,6.2791103219561322,0.0218103193120209,623.5012567357476883,7.4705720128885931,6.0991963714897430,-0.7800769800414308,-3.1273441016222239,750.1269833576279780,4.9342214624727365,9.6563551870614344,750.9070603376680992,8.5746850725580863,11.2398215618741695,-0.7868036435992837,-0.3147214574397090,625.4314706503624848,6.4303959779932178,3.6675296351164879,626.2182742939614855,5.9355526143338952,6.0553290787304590,438.6425012973427897,13.7500323104613233,7.1199981812533366,19.9669258838209736,442.2219620572267900,12.4685042488987818,5.4261243048539640,20.1051184365775057,418.8715299330063431,26.9185217837955229,18.3633556846385630,19.5024662877349364,443.7441867037644556,-2.2835623737260935,0.3029362546907741,19.4667410862287298,-1.0397808026249216,3.5794607598840478,-1.2815280615642108,0.1381925527557984,0.7858334586569363,2.7936273012267696,-0.4988587656169995,-0.4392501308295771,-0.4645385397816533,-19.7709713643369547,13.1684894733351818,-0.4644595960847722,-5.1628670745053862,-14.6081042898317364,2.4567804012160499,2.1658851838265720,-87.6389995578653043,5.1016854064213133,-16.0335946841861769,-0.5001847975914404,3.0384461128406759,2.0632392935804105,-0.0143252004122935,-0.0188316144303761,-291.2730277046939023,7.1514134873994646,6.8588695116762182,1.7252891825450796,-0.6488815677152422,1.1667304403086625,0.6958243429513851,2.3741707502604248,8.0290939026430692,-0.4709060973569307,4.9835575270326977,-0.6748067068265997,4.5443073962031004,7.1494427108592529,4.9647259126023027,0.6958243429514601,0.6958243429514845,631.8744004551755324,4.6589601903203022,1.7733525651773918,632.8205329495785918,4.7302370432350518,2.1248248497369149,227.6092198775223778,-12.6570612714974917,-9.1924421384547141,-2.2409004816990321,229.6878159704838822,0.2759815171878730,0.2088822044063429,0.2621824413284742,-2.0785960929605354,613.2427739192868330,174.6002726219439012,-14.3013183396727399,-5.6959975945611738,-1.8225453782052792,1.5378701104369730,37.9567814795726832,-4.8475172129143438,9.1393237329438826,-3.4819612244078115,2.8632807297488463,-0.0128365408049698,484.4113678815366484,-99.0404879944539118,-12.5014163637135276,446.4545864019623309,-94.1929707815326509,-21.6407400966573746,-6.9244953952380852,453.3790817972003424,-4.0628705966229735,-3.1508849857531405,402.2497206489996415,-291.7530901917675692,-45.1396614856925638,364.2929391694273136,-286.9055729788504436,-54.2789852186361443,-39.2559492819106879,403.5488884513382004,4.3874497512640325,5.2922187385184118,-0.3817763552924872,-1.7850083370012448,1.4224031890994391,-6.4402466623656673,2.6515313341346003,-0.1432485070851032,0.0000000000000000,0.4947231035996253,-0.1262170717958903,0.0000000000000000,1.5980037001594418,-0.0451778245346673,0.0000000000000000,2.8739415291446520,-0.2473450446773668,-6.4402466623657233,1.5247657554648129,-2.5795820033772126,0.8808960648142357,-0.4225978497936547,1.4224031890993896,10.0636808575196142,-1.7850083370012442,0.5351861587629543,-0.3067500904492537,-0.2115623653266478,-0.0194291968157127,-7.4444946265050937,-0.0256277255589698,-0.3817763552924874,-0.3479835483243119,-0.7513112222101274,0.8642845750369227,-0.0495078833999883,0.2902046692203626,0.0036439548386709,0.0447596219850813,-0.0117527250925039,-0.3168768526203501,-0.4154689369952631,-13.2229604683341861,-0.2165676090197246,-16.6014737788515490,-63.7600829543624741,-0.1345168789474274,-0.9141181426298566,0.0048961368470515,-45.0000000000000000,,,,,,,,,,,,,,,,,,,,,,,,,,,,,,,,,,,,,,,,,,,,,,,,,,,,,,,,,,,,,,,,,,,,,,,,,,,,,,,,,,,,,,,,,,,,,,,,,,,,,,,,,,,,,,,,,,,,,,,,,,,,,,,,,,,,,,,,,,,,,,,,,,,,,,,,,,,,,,,,,,,,3.6818196576937652,5.3122989246530778,621.0000000000000000,98.8195680000000038,83.0000000000000000,203.0000000000000000,779.0000000000000000,-18.2512842244694475,179.1804319999999962,83.1804319999999962,131.4666780100000096,17.2150449247502983,216.8591913442732562,27.1086694123803014,-23.9498464912034592,28.6588307714767012,80.6835290539999903,460.5529068896090052,-0.5512860292110418,12.8749325977478861,,,,373.0773580403209735,-38.6683722738409870,-115.5619105658039985,0.3418523748395378,0.1250004382614964,,,,2.8940999091777302,-1.1231699838274212,,,-22.8836150366952253,,339.3144200813285920,469.0349081299584100,-14.9471658571758326,51.6491066643402732,,145.4083117135737382,-23.9498464912034592,0.0000000000000000,5.0579813006351912,10.1379573651855281,3.1888652967122795,8.6210981501918127,-42.3343828399892814,17.2962277841945991,43.6262403067983087,21.5397804034803499,16.2517161786455517,-17.0986984155788662,6.4804381789639933,0.0218126979350899,14.7402076702916531,22.0998856790008062,13.2791615647703622,22.2687352698421250,30.8897549770837259,21.5340959925145938,-2.2576864268602606,21.4906854465367445,4.7691950055656918,1.7891698220214352,-11.8888070358765532,-8.7825912205463652,7.4133333333331386,,,,,,,,,,,,,,,
"2009Q1",10.8295990278096994,7.6185552897474498,11.9026468959287008,752.4663485455492946,630.2133912605202113,737.9548981827633725,601.1451412563267240,573.6529272201607910,506.1055881894618551,630.6335430343242479,440.0655183773108092,423.7417539808665765,441.9476834855087759,8.8956705832149527,6.0181432171564531,634.1264655090370752,609.0757292809336150,-0.2404568365321609,34.9895602433406410,1.7205466742888345,-0.1648762752791301,480.7653927770491578,378.6196113622071380,-6.4762206916691412,-60.9680976054195867,21.6804009519332759,1.0518449718048626,10.8295990278095573,11.9026468959287008,25.3438509067512427,3.6121260671512432,14.4264054559466892,0.0067239132085571,0.0035081286304671,0.0554528744625227,-2.5792114344804928,-2.5637892239768423,-3.6701738680263851,752.7586925980930346,735.3966647891979846,552.7917721974632741,615.5276774427826467,504.4354538728061925,625.5333839025613543,4.9100721536474898,-13.9228572651787914,2.0615704908786179,4.0089137223412958,19.4808961914397045,-7.1860128730259412,5.6920683198701703,2.2076997097144124,229.7626842732175874,2.0880764346044165,7.1798917130325712,14.5295715179559224,-3.6547516575227821,7.6185552897474498,-0.2923440525440715,2.5582333935663684,20.8611550226977798,-14.3825361864577683,1.6701343166564675,5.1001591317628092,2.5299775115423846,-3.8708490086497860,752.4663485455492946,10.7743050979436177,9.0082602154440430,634.1264655090376436,443.2241904878115406,-0.2403435226798092,-0.4635157413989687,-0.5403013846526936,15.1798583125545559,-3.8971953423770787,10.8295990278095573,14.5295715179559224,-0.0452208326235799,-3.6547516575227821,21.6804009519332759,25.3438509067512427,0.0067239132085571,-3.6701738680263851,1.0518449718048626,0.0035081286304671,3.6121260671512432,-2.5637892239768423,11.9026468959287008,14.4264054559466892,0.0554528744625227,-2.5792114344804928,7.6185552897474498,2.5582333935663684,0.8049337762029039,737.9548981827634861,28.2597156030618208,16.6733910234314635,735.3966647891979846,7.4218142398170706,7.9533341312739392,20.8611550226977798,12.9500984853145518,573.6529272201610183,54.7720915295274935,29.2444368663734835,552.7917721974632741,11.6598530167983778,12.4643788176471837,-14.3825361864577683,601.1451412563267240,0.8653207240836700,22.4834215587234638,615.5276774427826467,4.1341543612935396,8.0577614963575765,1.6701343166564675,0.0829719736797122,3.8708490086507199,506.1055881894617983,7.6164259799794980,-3.2795903318330275,504.4354538728061925,9.5040741566697911,10.6455452979673026,5.1001591317628092,630.6335430343237931,48.7164472020764947,31.6321697307503769,625.5333839025613543,8.1285086672526656,6.9427323343356377,-0.2923440525440715,-0.3601334042743596,752.4663485455492946,9.3574607516909385,10.7743050979436177,752.7586925980930346,7.4065290417006997,9.4828632084060480,2.5299775115423846,1.0119910046169480,630.2133912605199839,19.1276824406305650,7.3581422912219407,627.6834137489780687,5.8605578200637307,5.9741670256795949,440.0655183773108092,5.6920683198701703,1.9012255539457517,17.5021204427134407,443.2241904878115406,4.0089137223412958,0.9080875427556721,16.6416057194558924,423.7417539808667470,19.4808961914397045,8.6497587222937202,24.5035031928473863,441.9476834855088327,-7.1860128730259412,-2.4606037859555769,11.0305626973275732,-1.0080450437649722,3.1586721105012368,-1.6831545975308235,-0.8605147232580533,0.5043899037949077,2.6542822067061262,-0.5573803780822550,-0.4762213642146315,-3.1600979404129710,-16.3237643964440302,13.7888278715706178,7.0013827501333523,-2.4009071312660510,-13.9228572651787914,2.7409880986118189,2.3462559905234239,1.9313693505484366,1.8821651081981796,-12.8780811928953689,-6.4715577453850077,-0.1794053826806633,2.0615704908786179,-0.0066752108077428,-0.0159153675745362,-89.4579860671874201,8.8956705832154501,6.5603914852797427,7.9875830404592447,5.7798833307453181,4.7785286271092948,2.2966718442654610,2.2076997097144124,6.0181432171564548,-2.4818567828435492,4.9100721536474898,-3.8599330265557659,4.4338507894328458,7.2563281441708991,4.8941567860729407,2.2966718442655960,2.2966718442654832,634.1264655090376436,9.0082602154440430,4.2774766174095928,634.5532721029391041,7.1798917130325712,2.0880764346044165,225.8918352645668222,-6.8695384518234359,-10.0829194903124986,-2.9282344998853995,229.7626842732175874,0.2994732109358995,0.2529988284701472,0.2844995503891331,-3.8708490086497860,609.0757292809337287,169.0102109036229763,-22.3602468732858384,-14.6074901537441733,-1.8956081462693817,-0.2404568365321604,34.9895602433406765,-11.8688849449210103,2.2812096117325504,-9.0990554100133316,1.7205466742888318,-0.1648762752791263,480.7653927770485893,-14.5839004179499767,-27.2681265044218222,445.7758325337065344,-2.7150154730216887,-29.5493361161543184,-6.4762206916696190,452.2520532253762440,-4.5081142872958653,-3.7309907016393806,378.6196113622086159,-94.5204371471688489,-77.0032809825299722,343.6300511188674704,-82.6515522022467053,-79.2844905942627065,-60.9680976054203754,404.5981487242878529,4.1970410918084493,4.7533201197982944,-0.2403435226798092,-0.4635157413989687,-0.5403013846526936,15.1798583125545559,0.8745350092651547,-0.2348765911774819,0.0000000000000000,-1.3306989835726633,-0.1404216295956389,0.0000000000000000,-2.5637892239768467,-0.0582073277225278,0.0000000000000000,-2.5792114344804946,5.5439754898064848,15.1798583125545790,1.1241110348067345,3.3096694955197767,-0.2574054399723664,2.8446989689820819,-0.5403013846526967,9.6480528686338403,-0.4635157413989219,2.8005391847150287,-2.0580412952223170,0.6510237001406849,0.0597878908292451,-16.0755365695935097,-0.0532902327094282,-0.2403435226798096,-0.1915347691204434,-0.3654653094261773,0.6698619471102163,-0.0630312623762740,0.3318594645555804,0.0062174695633432,0.0372907696074316,-0.0242659301588110,-0.3342975029959009,-1.6860547403429171,-8.3869237205130815,-1.0985831554534573,-2.1830335466220134,-32.3112546296270011,-0.1533233885546545,-0.8515307503352627,0.2483363156795650,-44.0000000000000000,,,,,,,,,,,,,,,,,,,,,,,,,,,,,,,,,,,,,,,,,,,,,,,,,,,,,,,,,,,,,,,,,,,,,,,,,,,,,,,,,,,,,,,,,,,,,,,,,,,,,,,,,,,,,,,,,,,,,,,,,,,,,,,,,,,,,,,,,,,,,,,,,,,,,,,,,,,,,,,,,,,,-10.3980479986103518,-9.9751411914910904,620.0000000000000000,132.7490640000000042,81.0000000000000000,216.0000000000000000,777.0000000000000000,-21.0596897539962740,159.2509359999999958,59.2509360000000029,94.0770043130000033,11.9026468959287008,164.3135645174999979,22.8877158910357004,20.0789530314999958,11.5357576300000009,38.6218495429999962,441.7558230143879996,-16.6681785534137816,0.4222990910852786,,,,370.7021563541759974,-34.3121576715377614,-128.3460483303360036,0.1404517374517374,0.1272595094875377,,,,1.7207521507526899,1.4902915873095597,,,1.2689617533770381,,343.4900868502287494,467.5389062724374298,-5.9840074300839206,20.3268402864025539,,68.0544956305596713,20.0789530314999958,0.0000000000000000,9.8092526241949258,11.3761528682554882,32.6570653175003542,18.1439854425422027,72.9307285462060975,33.9698205289421651,0.8690754461766659,25.2115117814530834,7.9139818890394906,-3.2263948848567594,62.7694297534679038,37.2071576368209662,5.8571844532939537,19.1271476573767956,4.0903553309873217,18.1064389850843668,21.5078837980768895,27.7666071527328029,-6.9338940547999641,11.6619287286756901,9.4264668591319491,4.3702791202190099,-6.6388970859136691,-9.5912557558291098,9.3033333333338639,,,,,,,,,,,,,,,
"2009Q2",10.0547120003164991,11.0133001404755007,12.6794197619206006,752.5249433025697954,631.2634136287891806,739.6646843176566790,592.9467248226103493,579.6388577250957042,503.6977483169367247,631.6416303003421717,439.6668423798219578,424.9269409238344224,440.3816881249834978,8.2040710336209397,7.3080926531090729,634.2024876502415509,608.8118281710133033,-1.5540577488036291,32.2891967516481984,1.3861155448042883,-0.3168490150082593,491.4099284104702861,408.1601455126705105,8.0815924705156590,-29.7772345043932773,19.5335780423422705,3.2005537198946619,10.0547120003164014,12.6794197619205402,25.2401313112309751,3.6162080104782719,14.4403334081665182,0.0505174277115534,0.0263569188059434,0.0091061431304413,-1.7700197893764187,-0.4420112093895450,-5.7570706966001932,754.7213532030701799,737.2545181881588405,555.6713101159581356,617.0914165265280644,506.8681570401287217,627.6229057026058626,4.7849496199262500,-13.1045688732204066,2.0644596681194525,-2.4769262528623028,4.7407477718698532,-6.2639814421067586,-1.5947039899562001,1.9390573437342922,229.8278426764813389,2.0083044263415437,9.3542055939396782,14.4160059135427243,-4.4290621166133315,11.0133001404755007,-2.1964099005008211,2.4101661294984433,23.9675476091371422,-24.1446917039172924,-3.1704087231910756,4.0187245977360808,2.1401036912826457,-5.9411171991849718,752.5249433025701364,5.0534084173587939,0.3040885648153392,634.2024876502424604,442.6049589245961329,0.0190867601180891,-4.1880736187881178,-0.5407652479488987,12.0971282969708138,-4.5426277210265482,10.0547120003164014,14.4160059135427243,0.0677682033869866,-4.4290621166133315,19.5335780423422705,25.2401313112309751,0.0505174277115534,-5.7570706966001932,3.2005537198946619,0.0263569188059434,3.6162080104782719,-0.4420112093895450,12.6794197619205402,14.4403334081665182,0.0091061431304413,-1.7700197893764187,11.0133001404755007,2.4101661294984433,-0.3405327606330497,739.6646843176561106,6.8391445395708228,12.4786932015087064,737.2545181881588405,7.4314135958424909,7.6621284496312470,23.9675476091371422,14.0656015130952561,579.6388577250958178,23.9437220197414788,9.4960545109078289,555.6713101159581356,11.5181516739826346,11.9973103030403685,-24.1446917039172924,592.9467248226106904,-32.7936657348625289,12.6994051153839766,617.0914165265280644,6.2549563349808421,6.5594451700153895,-3.1704087231910756,-3.5263522593816394,5.9411171991856371,503.6977483169365541,-9.6313594900975872,-11.7266555408895492,506.8681570401287217,9.7308126692898576,10.0471422126067544,4.0187245977360808,631.6416303003423991,4.0323490640728856,18.6340574751657009,627.6229057026058626,8.3580872001814068,7.6326298990161696,-2.1964099005008211,-2.6737009592009766,752.5249433025701364,0.2343790280820990,5.0534084173587939,754.7213532030701799,7.8506424199079685,8.4832623192034688,2.1401036912826457,0.8560414765130580,631.2634136287889532,4.2000894730768952,7.1707021925043755,629.1233099375066331,5.7595847541155534,5.8908038706788357,439.6668423798216168,-1.5947039899562001,-2.9623493132523597,11.0132298853987791,442.6049589245961329,-2.4769262528623028,-3.6871843082250670,9.2298440470229881,424.9269409238351045,4.7407477718698532,0.0428113499658904,23.2451334979321516,440.3816881249835546,-6.2639814421067586,-1.6662570940550696,2.9158602003938583,-2.9453513602375496,2.9381165447741155,-0.8822222629081634,-1.7833858383764809,0.4506594158955138,2.4874571288781553,-0.6673003113113958,-0.5417613086825904,-10.7579990150012073,-14.7399014559870718,6.3354517618271036,12.2319036125346159,-1.6353325827666199,-13.1045688732204066,3.2731535678324564,2.6645498110909931,51.4137075128743604,0.7148457451611963,-4.6692774521495393,-8.0973696850032759,-1.3496139229582216,2.0644596681194525,0.0115567089627421,-0.0073523575786435,114.6843104093773746,8.2040710336211458,6.0567066523492592,11.8912553418456266,9.9521979981114814,6.8784604902205686,5.6865531433292382,1.9390573437342922,7.3080926531090737,-1.1919073468909258,4.7849496199262500,-6.7558291231938146,4.2431883112436761,7.4494994310172542,4.7775972623476246,5.6865531433293022,5.6865531433292968,634.2024876502424604,0.3040885648153392,4.4270092733545123,635.7668754983446888,9.3542055939396782,2.0083044263415437,223.8867254772951298,-8.0204391490897802,-9.1887392081042751,3.4652246462672394,229.8278426764813389,0.2606336130536849,0.2698699524530538,0.2476019324009994,-5.9411171991849718,608.8118281710133033,169.1449857911914592,0.5390995502694985,-12.2190933305751734,-2.0208708963934234,-1.5540577488036293,32.2891967516482765,-10.8014539667629386,-4.3859044344376876,-8.2451106274868273,1.3861155448042874,-0.3168490150082592,491.4099284104698313,42.5781425336826160,-23.5626600138747015,459.1207316588203184,53.3795965004530615,-19.1767555794373230,8.0815924705153428,451.0391391883046595,-4.8516561482856471,-4.2303137174941945,408.1601455126701126,118.1621366018498236,-71.4132044571043565,375.8709487610219639,128.9635905686153592,-67.0273000226662816,-29.7772345043937534,405.6481832654156960,4.2001381645119773,4.4135332558965548,0.0190867601180891,-4.1880736187881178,-0.5407652479488987,12.0971282969708138,4.7040224956017758,-0.1365270501826203,0.0000000000000000,-3.1879489889819084,-0.1153117533154036,0.0000000000000000,-0.4420112093895465,-0.0518079932207337,0.0000000000000000,-1.7700197893764145,2.8909086483715001,12.0971282969707943,-2.6015552645398827,4.4748371416671944,0.4334978622812855,1.1281126866656974,-0.5407652479488974,-4.4549740789791201,-4.1880736187881187,1.5854486221657464,1.0417637576682639,-1.3122521698826977,-0.1205129543769822,15.1925927270349543,-0.1127964915757873,0.0190867601180890,0.0796880001260110,0.3403389125553132,0.2744006583932798,-0.1220169600508020,0.6082380061200574,0.0175643986896873,-0.0238659373354205,-0.0709643648024386,-0.3752747335279343,-1.3280283224633957,-1.7023985567495998,-0.3474169322510006,12.0968492993503034,14.7294767475629804,-0.1684603672570406,-0.7943532897193626,0.4228011818879332,-43.0000000000000000,,,,,,,,,,,,,,,,,,,,,,,,,,,,,,,,,,,,,,,,,,,,,,,,,,,,,,,,,,,,,,,,,,,,,,,,,,,,,,,,,,,,,,,,,,,,,,,,,,,,,,,,,,,,,,,,,,,,,,,,,,,,,,,,,,,,,,,,,,,,,,,,,,,,,,,,,,,,,,,,,,,,-7.0602891872404001,-6.7959011647774332,621.0000000000000000,122.8878471903999952,78.0000000000000000,210.0000000000000000,765.0000000000000000,-21.5492076954969285,153.1121528095999906,48.1121528096000048,99.6229179629999919,12.6794197619206006,186.0698849755000026,22.5185095676397005,-30.2271729484999909,11.8257788520000009,104.8483611089999954,440.5915614196479737,-1.0556044396812467,-6.8045443185920931,,,,383.7723248250759980,20.4854654393373039,-134.3985497762089949,0.1872196078431372,0.1313810518427521,,,,1.5186090385796200,-2.4771971787386216,,,1.2689617533770381,,347.4983582178195434,468.3842671459464668,3.3814434940361480,20.8220432993678060,,184.6100068504265437,-30.2271729484999909,0.0000000000000000,0.2346539104397038,5.1832713592832533,7.0784380066974961,13.2907041128815138,27.0533918253508716,9.9615469061824768,-27.9591349145894554,13.5410263380410356,-9.1820828949146147,-11.0651898980999164,4.1147521200925326,20.4832526048947017,-1.5820559082850139,11.6425762537855775,-2.4465021464117171,9.6692070543525972,4.8549182470742096,26.1689044741490733,-6.0718271498615479,2.9587876226782441,0.3045513830985271,4.5264635148389374,-7.7072311458988452,-8.7792134408937557,8.5500000000002139,,,,,,,,,,,,,,,
"2009Q3",12.8365903741966001,13.1173939204457000,11.5188618988282006,752.8755629566239804,631.3952414565584377,739.6065511751768327,590.8170331649911304,561.2835930086285998,505.1576525384114120,624.4712876366169212,441.2530489567954533,429.7749361772949896,441.1766601060214725,8.8804213342109168,7.1754462780479482,634.3204341538190647,613.1619021513605503,-2.4094438959776312,31.6524624074487733,0.8304092056905423,-0.4654321518924222,486.8998083573620193,422.2732266680207545,5.4856284444347239,-16.0884991861807407,18.8886971013072760,5.4667551717175487,12.8365903741965734,11.5188618988282148,25.2869215120933148,3.6187557653055422,14.4597003409636038,0.0930484314511622,0.0485470077135690,-0.1068825946815963,-2.8339558474538129,1.7994523986984370,-6.4912728422372190,756.9211469327594841,739.1440224870846123,558.5466263285247805,619.4711725672261764,509.4420579403097804,629.7248308726233290,4.7234954068137878,-12.2292539774138174,2.0692058287941477,3.9650838754885878,19.3919810138401232,3.1798879241510427,6.3448263078949418,1.7658808164494257,229.8973743438606618,1.9670926322999958,10.2271571557368119,14.4459769364352262,-1.8578645960849145,13.1173939204457000,-4.0455839761361574,0.4625286880924280,2.7369666801033818,-28.6541394022349714,-4.2844054018970121,-5.2535432360070109,0.8574779110251627,-7.5207076760581018,752.8755629566237531,3.9821349646156063,0.4717860143070525,634.3204341538199742,443.5962298934680348,0.1365709717585862,2.8228819578887649,6.6940930574901518,-11.2262605929626638,-1.8278935731924313,12.8365903741965734,14.4459769364352262,0.2484780338462501,-1.8578645960849145,18.8886971013072760,25.2869215120933148,0.0930484314511622,-6.4912728422372190,5.4667551717175487,0.0485470077135690,3.6187557653055422,1.7994523986984370,11.5188618988282148,14.4597003409636038,-0.1068825946815963,-2.8339558474538129,13.1173939204457000,0.4625286880924280,-2.4021243086534829,739.6065511751775148,-0.2325325699174403,9.5013510638457337,739.1440224870846123,7.5580171957070945,7.5240097985236556,2.7369666801033818,-0.4782818288430928,561.2835930086284861,-73.4210588658680479,-12.4390383256869761,558.5466263285247805,11.5012648502646275,11.6934448794773154,-28.6541394022349714,590.8170331649916989,-8.5187666304766694,-1.0606732634592344,619.4711725672261764,9.5190241627906005,6.6305176544294024,-4.2844054018970121,-4.6386326165568033,7.5207076760587404,505.1576525384119805,5.8396168859030553,4.7208613738812737,509.4420579403097804,10.2956036007235010,9.8847110693540028,-5.2535432360070109,624.4712876366165801,-28.6813706549040219,7.5866339833022796,629.7248308726233290,8.4077006800688601,8.0912171400981716,-4.0455839761361574,-5.9863832038832960,752.8755629566237531,1.4024786162188352,3.9821349646156063,756.9211469327594841,8.7991749187556998,8.1577578632299534,0.8574779110251627,0.3429911644100576,631.3952414565586650,0.5273113110789369,7.5713698006948569,630.5377635455337213,5.6578144321086734,5.8033774051554481,441.2530489567957375,6.3448263078949418,0.4770362723608974,6.0480557370679957,443.5962298934680348,3.9650838754885878,-1.3271655811254630,4.4913938984657396,429.7749361772951602,19.3919810138401232,8.5361369389594088,17.6330366902382671,441.1766601060215862,3.1798879241510427,2.3527019643003291,-3.1384171911756917,-4.7406087161202519,2.3431809366720060,-2.3797424324080625,-1.5566618386028637,0.0343193925750028,2.3088615440965632,-0.7143823391256595,-0.6094804485336820,-2.3532780320013784,-11.4781127795003730,13.0471547059457453,11.5849809531712431,0.7511411979136478,-12.2292539774138174,3.5012595832241873,2.9930454127209138,-8.5214922139811193,-0.0763888507742829,-3.1649383837432743,-9.1864729282433064,-2.1455946795685095,2.0692058287941477,0.0189846426986660,0.0023852351103028,53.1350302226827225,8.8804213342107730,5.7749938841376585,10.2075869153359449,8.4417060988867068,6.6483321386200789,5.3237784166676780,1.7658808164494257,7.1754462780479500,-1.3245537219520536,4.7234954068137878,-5.4489887368229404,4.1140149582801087,7.7165408195346981,4.7258806419240962,5.3237784166677322,5.3237784166677375,634.3204341538199742,0.4717860143070525,3.6107737462218008,635.7351131891186924,10.2271571557368119,1.9670926322999958,222.3766666678012882,-6.0402352379772459,-8.3968185275950447,6.8609325071333762,229.8973743438606618,0.2781266695177331,0.2785537526739774,0.2642203360418413,-7.5207076760581018,613.1619021513606640,171.9088531945643865,11.0554696134887944,-6.2667490122990870,-2.0954983392567024,-2.4094438959776308,31.6524624074487875,-2.5469373767907424,-7.5161983753527837,-1.6414973555089816,0.8304092056905401,-0.4654321518924205,486.8998083573620761,-18.0404802124316035,-22.2716815227864728,455.2473459499116757,-15.4935428356336562,-14.7554831474338801,5.4856284444347283,449.7617175054768950,-5.1096867313110295,-4.6330819408793884,422.2732266680223461,56.4523246214115488,-52.9147665289196425,390.6207642605735373,58.9992619982064852,-45.3985681535663304,-16.0884991861780797,406.7092634467520611,4.2443207253428437,4.2572374332295650,0.1365709717585862,2.8228819578887649,6.6940930574901518,-11.2262605929626638,5.1107438502079496,0.0087967664238976,0.0000000000000000,-2.4613233546170363,-0.1166418446488313,0.0000000000000000,1.7994523986984421,-0.0462297331212499,0.0000000000000000,-2.8339558474538022,0.6943887341119090,-11.2262605929627117,0.0033349721820315,0.2895860651212447,0.8892750430483032,0.0014364345120841,6.6940930574901678,15.4514001688890801,2.8228819578887325,2.6317463863696062,-0.2518371097502196,-1.1663959733009666,-0.1071179975480481,9.1628927241466869,-0.0746874593274248,0.1365709717585862,0.1974174520830090,0.6897282570000497,0.1059145319984275,-0.0708608928141576,0.3573950992131745,0.0085836046321855,0.0305247371167219,-0.0403813514073888,-0.3962666027762904,-0.9486296121022153,5.6981732506959233,-0.5854136983544318,0.4750411127151217,5.6488820020290689,-0.1802680383849866,-0.7431961978539632,0.4641963772820248,-42.0000000000000000,,,,,,,,,,,,,,,,,,,,,,,,,,,,,,,,,,,,,,,,,,,,,,,,,,,,,,,,,,,,,,,,,,,,,,,,,,,,,,,,,,,,,,,,,,,,,,,,,,,,,,,,,,,,,,,,,,,,,,,,,,,,,,,,,,,,,,,,,,,,,,,,,,,,,,,,,,,,,,,,,,,,-3.7225303758704342,-3.6166611380638045,668.0000000000000000,102.2105984439999986,90.0000000000000000,214.0000000000000000,799.0000000000000000,-19.2935743296771598,152.7894015560000014,50.7894015560000085,89.5764605340000060,11.5188618988282006,188.8058574739999926,24.4900814904558999,-0.4561274369999957,6.6532200820000007,93.0323042950000030,460.1806001773720141,17.4002959213889881,9.2417759667546306,,,,413.6675119602949735,61.5828573363651230,-142.3532912312730048,0.3147008760951189,0.1287438587531363,,,,0.9531219114692440,-1.2339254577183438,,,1.2689617533770381,,351.3521396812629405,471.5940333626036818,12.8390648666288598,11.7007377780753163,,163.6119929943278066,-0.4561274369999957,0.0000000000000000,1.4123594858880750,4.0624849587537000,-0.2322624223713206,9.9673712319685848,-52.0115864531472099,-11.6964948512203790,-8.1660073231473120,-1.0550679600894881,6.0134904963028362,4.8340684539261360,-24.9348442718823833,7.8818369476885408,6.5504358460546968,6.2346942551718456,4.0447426843640812,4.5937841562607247,21.3998928646801829,19.2832065798266115,3.2309865482336875,-3.0896800675936333,0.4729006767746853,3.6767539177653390,-5.8614311397323462,-8.0539491987861709,9.2866666666665090,,,,,,,,,,,,,,,
"2009Q4",12.2987837898593995,10.3408898550417998,11.5814290557883997,754.7122437419361631,633.4237491437559129,742.9624852738313621,600.7264482065918401,542.6579532890946211,502.7013350004373251,626.5646218222868811,444.1833434030634180,440.2820737624515459,443.6308216810430167,7.7824865463305306,7.5868566985158710,634.6250324361191133,619.1318831920196999,-2.8121552615613794,34.3380611399404501,0.5184537031520494,-0.6078878392552082,490.5703763221433746,432.4314779995551703,7.7860981905249673,-9.6796330091483469,20.9876080079419118,2.8926048377058753,12.2987837898594261,11.5814290557883783,25.3540858457799132,3.5991009229587148,14.4873263580763485,0.1020450336167122,0.0532408871042930,-0.0975555031700703,-2.8083417991178790,-0.7597369723571175,-4.4685228714545984,759.1489843339657000,741.0411266276854576,561.3971744662611627,621.9573343287659100,512.1045623246842524,631.8774543361676024,4.7014665146705514,-11.3494969495277740,2.0739196935442834,5.7179167503142816,42.0285503406270138,9.8166463000814996,11.7211777850698642,1.6683789969437013,229.9837692548720156,1.9479661743552108,7.9239022948081548,14.4658604106623390,-2.4199180446939277,10.3408898550417998,-4.4367405920294702,1.9213586461473569,-18.7392211771662858,-21.2308861221743577,-9.4032273242467213,-5.3128325138813262,1.4949322449411355,-6.0463847598563625,754.7122437419375274,4.5852603843114519,1.2183931291963843,634.6250324361194544,445.0257090810461591,0.0466969185840124,4.1423906555002761,3.1866114535369476,-19.0914724594298235,-2.4000345704668362,12.2987837898594261,14.4658604106623390,0.2528414238910101,-2.4199180446939277,20.9876080079419118,25.3540858457799132,0.1020450336167122,-4.4685228714545984,2.8926048377058753,0.0532408871042930,3.5991009229587148,-0.7597369723571175,11.5814290557883783,14.4873263580763485,-0.0975555031700703,-2.8083417991178790,10.3408898550417998,1.9213586461473569,-0.6956834925564546,742.9624852738328400,13.4237363946204340,12.0725159918347558,741.0411266276854576,7.5884165624039097,7.4999153984408808,-18.7392211771662858,-13.8209851692221442,542.6579532890948485,-74.5025588781302872,-17.3019510486837298,561.3971744662611627,11.4021925509475643,11.5203655229980075,-21.2308861221743577,600.7264482065922948,39.6376601664026822,-0.2023628687101118,621.9573343287659100,9.9446470461580958,7.4631954763079325,-9.4032273242467213,-7.6120297684126754,6.0463847598571006,502.7013350004374388,-9.8252701519006962,-1.5001466940304271,512.1045623246842524,10.6500175374989396,10.0451269910453718,-5.3128325138813262,626.5646218222868811,8.3733367426782017,8.1101905884828298,631.8774543361676024,8.6104938541800227,8.3761976004208929,-4.4367405920294702,-5.3790390643470003,754.7122437419375274,7.3467231412544134,4.5852603843114519,759.1489843339657000,8.9113496048266292,8.2419239962973148,1.4949322449411355,0.5979728979764594,633.4237491437560266,8.1140307487892542,7.9922784933939255,631.9288168988153984,5.5642134131250645,5.7105426048532708,444.1833434030632475,11.7211777850698642,5.1210535987150347,5.5408421057199462,445.0257090810461591,5.7179167503142816,2.5241656745319365,2.8037470238196516,440.2820737624523417,42.0285503406270138,17.3165055593947983,21.4105438294454515,443.6308216810423914,9.8166463000814996,6.4315018334391381,-0.1133650227240255,-4.7586694255950874,0.8423656779827410,-6.0032610347572257,-2.7370950819013613,-1.2869988471975617,2.1293645251799052,-0.7179880756664048,-0.6642627760462883,11.6152084151238615,-3.9012696406109391,30.3073725555587501,15.8697017237253633,7.4482273089167146,-11.3494969495277740,3.5190281115441495,3.2586073403036178,25.0541035866880293,-0.5525217220210361,-1.9045314849877075,-5.6542071284429367,-2.6264414155654228,2.0739196935442834,0.0188554590006955,0.0106803999633959,37.9875166579192580,7.7824865463309107,5.6518574359479388,5.2583208717982028,3.5899418748546985,2.7073808597619733,1.7942375582775028,1.6683789969437013,7.5868566985158639,-0.9131433014841329,4.7014665146705514,-1.6468078038977945,4.0372037386242416,7.9600738549741532,4.7121469146339336,1.7942375582775183,1.7942375582775900,634.6250324361194544,1.2183931291963843,2.7506319809409945,635.5486761843403656,7.9239022948081548,1.9479661743552108,223.9373844950146690,6.2428713088510950,-3.6718353825082031,10.3757552234583201,229.9837692548720156,0.3455796440460004,0.2959532843886082,0.3283006618436990,-6.0463847598563625,619.1318831920196999,174.9485397889561398,12.1587463775635580,0.3482671670099649,-2.1404186686784326,-2.8121552615613816,34.3380611399405069,10.7423949299732939,-3.6187203396310230,8.9899684899021697,0.5184537031520536,-0.6078878392552113,490.5703763221432609,14.6822718591253487,6.1590084406083214,456.2323151822016030,3.9398769291592490,9.7777287802388955,7.7860981905246698,448.4462169916766356,-5.2620020552012816,-4.9328648055240958,432.4314779995557956,40.6330053261460691,30.1817573505576036,398.0934168596155018,29.8906103961761218,33.8004776901890267,-9.6796330091484304,407.7730498687639056,4.2551456880427718,4.2241614174282329,0.0466969185840124,4.1423906555002761,3.1866114535369476,-19.0914724594298235,1.2821928948189498,0.0315104092913123,0.0000000000000000,0.0753681181113368,-0.1387170540815705,0.0000000000000000,-0.7597369723571248,-0.0377769794776592,0.0000000000000000,-2.8083417991178781,3.2874955157385664,-19.0914724594298661,-4.5654402825748264,1.9497985048875432,1.4989885833405312,1.1519410805310792,3.1866114535369352,26.1538182094034823,4.1423906555003214,0.1204814883891605,0.2789550482727159,-0.6355021862089303,-0.0583624456722493,1.2541807385841750,-0.0524430901722054,0.0466969185840127,0.1143876352980441,0.5075908089134653,0.2615749002164467,-0.0375809931561841,0.1698682136805895,0.0017692805718517,0.0813593080041473,-0.0224171947147878,-0.4084513641543979,-0.5472779993424038,12.3838922854824887,-0.3694481787348673,4.3850085549751814,2.0649713967634398,-0.1889989025520293,-0.6632839970213291,0.4352570352324729,-41.0000000000000000,,,,,,,,,,,,,,,,,,,,,,,,,,,,,,,,,,,,,,,,,,,,,,,,,,,,,,,,,,,,,,,,,,,,,,,,,,,,,,,,,,,,,,,,,,,,,,,,,,,,,,,,,,,,,,,,,,,,,,,,,,,,,,,,,,,,,,,,,,,,,,,,,,,,,,,,,,,,,,,,,,,,-0.3847715645003547,-0.4374211113501048,704.0000000000000000,83.9661220232000005,85.0000000000000000,211.0000000000000000,844.0000000000000000,-19.7176329158816550,182.0338779767999995,78.0338779767999995,96.0850762620000012,11.5814290557883997,210.7330994524999710,23.7983278697206018,-3.9840954874999990,7.7374958509999994,110.8946228269999779,488.4899176776979743,23.8799241626365983,10.4580562160646195,,,,437.9413025838439921,58.3025466251750686,-145.6930158668189961,0.2738803317535545,0.1255883545682911,,,,0.7319162306685359,1.2259777041490638,,,1.2689617533770381,,355.0628995268872359,477.1156938414471824,22.0866419153740026,13.5662224013065185,,194.4325587180317427,-3.9840954874999990,0.0000000000000000,7.6233269450053598,4.6920087586404264,14.3664252089243121,12.8314763626878943,-52.5277847776842464,-15.8878795999647338,48.6429003791675711,-0.2021582531022261,-9.3580178855282981,-1.4889505496285835,8.7338935176089763,8.4481405973140937,12.4357518497363344,5.6972216241898650,5.8845504106703146,2.8434219374632903,52.2396142862092177,23.8753259938917211,10.3146402885863324,-0.1133007888573445,1.2258457750346565,2.7888111143683005,6.4418577100308312,-3.6052410728380693,8.0933333333337298,,,,,,,,,,,,,,,
"2010Q1",10.7613253899429999,11.8004797496695009,12.1776580109146000,756.9471987902159071,633.8473873679603230,742.2518822493995003,600.3618496585075945,571.6415744278835973,504.3691332986701354,625.6293830854169755,443.1372651188269174,430.7502044285365059,444.3038568849066792,6.8156966660282192,8.6850488886957855,635.0846856157467073,624.8602861654223943,-1.8956542954921503,36.4655578194981373,0.3984717125996480,-0.7426641693749442,459.8878369255766643,434.4627485642456008,-23.7002158733877764,-10.8239570751737233,20.3117240728876531,2.6272593279698886,10.7613253899428702,12.1776580109146089,25.4834414391498036,3.5849030048646808,14.5226640015455573,0.1019096561421364,0.0531702553784180,-0.1475375265086488,-2.1974684641223208,-1.0108139322731995,-5.2736270224044031,761.3780534050878259,742.9139940112303293,564.1970936257934000,624.6839249128490792,514.7895592048021172,634.1252319302977867,4.6949690213355995,-10.4933289401385519,2.0776961769659912,2.1252114621973077,-38.1274773356682672,2.6921408154577864,-4.1843131369469244,1.6119165671190270,230.0935260495463979,1.9375049167322180,6.8843806887316630,14.5456804424687594,-4.0869724905551843,11.8004797496695009,-4.4308546148736525,-0.6621117618300840,7.4444808020892230,-24.3220752543421170,-10.4204259061322499,-8.4958488448817810,0.5513444539873098,-4.1002945608950228,756.9471987902153387,4.4808502446664216,1.8386127185038779,635.0846856157468210,445.5570119465949119,-0.0791295080033298,-2.1585238358010037,0.3825965079929000,21.4964489844856175,-4.0071524587484841,10.7613253899428702,14.5456804424687594,0.3026174380291490,-4.0869724905551843,20.3117240728876531,25.4834414391498036,0.1019096561421364,-5.2736270224044031,2.6272593279698886,0.0531702553784180,3.5849030048646808,-1.0108139322731995,12.1776580109146089,14.5226640015455573,-0.1475375265086488,-2.1974684641223208,11.8004797496695009,-0.6621117618300840,-2.7149956609144175,742.2518822493999551,-2.8424120977301075,4.2969840666371972,742.9139940112303293,7.4914695341785134,7.5173292220312558,7.4444808020892230,2.9152624554208479,571.6415744278834836,115.9344845551583774,-2.0113527922775809,564.1970936257934000,11.1996766381294250,11.4053214283308755,-24.3220752543421170,600.3618496585074809,-1.4583941923398562,-0.7832915978182182,624.6839249128490792,10.9063623363318065,9.1562474700675232,-10.4204259061322499,-7.6414730094157992,4.1002945608953798,504.3691332986693965,6.6711931929330133,-1.7364548907929054,514.7895592048021172,10.7399875204690805,10.3541053319951786,-8.4958488448817810,625.6293830854162934,-3.7409549474818147,-5.0041599489078994,634.1252319302977867,8.9911103765195293,8.5918480277373970,-4.4308546148736525,-5.4886058375985103,756.9471987902153387,8.9398201931178551,4.4808502446664216,761.3780534050878259,8.9162762844889514,8.6193608069939174,0.5513444539873098,0.2205377815949207,633.8473873679600956,1.6945528968168766,3.6339961074404656,633.2960429139731104,5.4689040606320312,5.6126291649953313,443.1372651188266332,-4.1843131369469244,-0.5779413288820558,3.0717467415154647,445.5570119465949119,2.1252114621973077,0.1980233325135417,2.3328214587836720,430.7502044285354827,-38.1274773356682672,-6.2920695923701420,7.0084504476684444,444.3038568849074181,2.6921408154577864,3.8596060671358754,2.3561733993967202,-4.3647426040774899,2.4197468277683019,6.3095245991424642,-0.7389252827326156,0.4649956824253367,1.9547511453425828,-0.6984535193488194,-0.6995310613628480,9.9095722580468113,-12.3870606902908396,-33.9431641987199129,3.9367037061521000,-1.8937317501526056,-10.4933289401385519,3.4246720375562143,3.4295283250397572,-111.9125584407062348,1.1665917660806115,6.8764539524053809,-0.7155733421180268,-0.9111044108851374,2.0776961769659912,0.0151059336870795,0.0161256860871686,6.0458354469842739,6.8156966660279954,5.6084320691059020,6.6176733335140678,5.0057567663953328,3.6572573658103673,3.8423062545058246,1.6119165671190270,8.6850488886957908,0.1850488886957889,4.6949690213355995,-3.2866751147854822,3.9954379599727505,8.1244973463753762,4.7110947074227703,3.8423062545058650,3.8423062545058775,635.0846856157468210,1.8386127185038779,0.9582201067057090,635.8611543003671613,6.8843806887316630,1.9375049167322180,225.9932314886502809,8.2233879745408913,0.1013962240831436,10.1458208813392332,230.0935260495463979,0.4390271786965768,0.3308417763288662,0.4170758197617511,-4.1002945608950228,624.8602861654220533,181.7230210465951643,27.0979250305525561,12.7128101429692286,-2.1824933727151756,-1.8956542954921543,36.4655578194981658,8.5099867182393982,1.4759975761592541,7.2040419205151789,0.3984717125996491,-0.7426641693749468,459.8878369255761527,-122.7301575862657046,-20.8775558514709516,423.4222791060768145,-131.2401443044980169,-22.3535534276301675,-23.7002158733880535,447.1224949794648751,-5.2948880488470449,-5.1295582459118725,434.4627485642460556,8.1250822587673888,55.8431372020397419,397.9971907447474564,-0.3849044594677782,54.3671396258810589,-10.8239570751734675,408.8211478199214639,4.1923918046271780,4.2229990956322041,-0.0791295080033298,-2.1585238358010037,0.3825965079929000,21.4964489844856175,4.1300348221486010,0.0970598856588615,0.0000000000000000,-2.1456610123861042,-0.1342428719461318,0.0000000000000000,-1.0108139322731935,-0.0297890929500607,0.0000000000000000,-2.1974684641223092,0.3611947812880754,21.4964489844856601,-2.9195729445448038,-2.6050015519980372,-0.0733702918399031,-0.0466284439891456,0.3825965079928473,-34.8143808538617918,-2.1585238358010912,0.4340572272859888,1.0068778600315076,-0.4589903340024524,-0.0421521735308365,15.0690188069700426,-0.0540894977293918,-0.0791295080033295,0.0059904068310966,0.2608675519468998,0.4495379071504225,-0.0242524835622007,0.0595204642047220,-0.0018639794135070,0.1107265168528676,-0.0156646401874648,-0.4288799014605490,0.7477716503755509,-0.4799817716629207,-0.1930724418756897,-28.5275967515133715,-3.7578249784943978,-0.1955651140452619,-0.5590861991657432,0.3627606853894592,-40.0000000000000000,,,,,,,,,,,,,,,,,,,,,,,,,,,,,,,,,,,,,,,,,,,,,,,,,,,,,,,,,,,,,,,,,,,,,,,,,,,,,,,,,,,,,,,,,,,,,,,,,,,,,,,,,,,,,,,,,,,,,,,,,,,,,,,,,,,,,,,,,,,,,,,,,,,,,,,,,,,,,,,,,,,,7.1751342257494599,6.4695668919005271,694.0000000000000000,131.8172995184000058,84.0000000000000000,230.0000000000000000,842.0000000000000000,-18.8968047852035106,162.1827004815999942,54.1827004816000013,104.5757027180000023,12.1776580109146000,175.1185341720477311,23.2594434386068016,9.0235463695995080,4.5487392174482197,56.9705458669999985,517.2895944313879681,22.9136118936107778,-0.8636361230235821,,,,428.5251384399230119,-49.0891490286787757,-127.7269097784299987,0.2879168646080760,0.1299451910718641,,,,0.6681269007880780,-1.7072812605145788,,,22.2455280600099705,0.0000000000000000,404.4466929308155727,484.8215863179642611,30.8235699060683146,7.9387713567604932,12.9758886125000004,99.4289002044989161,9.0235463695995080,0.0000000000000000,9.3516009828163078,4.5827567311206536,-2.8023956059629000,4.3906410854125397,218.7844061594009304,-1.9912600296082701,-1.4478111342715181,-0.7802318632753185,6.8987492651753968,-1.7214654001713541,-3.6718456898034333,-4.8810145334293935,-4.0979791039740547,3.1194116785992776,2.1479549107102542,2.3602445674372206,-31.7009803674303470,7.2598816826315016,2.7287063204719999,2.3841504620964997,1.8556192704646719,0.9628257344998161,8.5709705647391843,0.1014476474334032,7.0533333333330894,,,,,,,,,,,,,,,
"2010Q2",13.3285233019221998,14.0897083880559997,11.5008583966837001,759.0060250191253317,635.2739083790812629,742.4754403203809261,606.6649520582686819,556.5642964797889363,513.9840101365140299,625.4715496651646163,443.5425937164799279,435.0798473948863148,445.6534307092492213,6.1439975599688763,9.5535282775637320,636.6314192683474857,628.2979274214776524,-1.1101205535293559,36.4005865298949089,0.6270300513358975,-0.8686545257031456,460.6290596942749858,435.8410458961601535,-21.5968019483939315,-10.3886534518055669,21.4152358773089908,3.4141458212970774,13.3285233019223899,11.5008583966836788,25.5317047877904102,3.5734877450918359,14.5652997370636221,0.0988825837854825,0.0515909132792991,-0.1792446651382602,-2.8851966752416600,-0.2109328370740713,-4.2153514942668302,763.3052677924048339,744.7082677007183520,566.8786046949049933,626.7967675641681353,517.3682176140305273,636.5491965166110049,4.7262387618554822,-9.6926230889472400,2.0790143449741501,-1.9036390275778337,17.3185718653991181,5.3982952973643563,1.6213143906094729,1.6359779364895748,230.2378267713221192,1.9562897194447648,5.8610904146521010,14.5398927958187514,-1.5410876560993345,14.0897083880559997,-4.2992427732803131,-2.2328273803363308,-10.3143082151152239,-20.1318155058999366,-3.3842074775168367,-11.0776468514461488,0.6322356917714709,-2.2869231627782001,759.0060250191252180,6.4810817165570311,6.1869346104029450,636.6314192683478268,445.0811021897008004,-0.3014046074138983,2.6368493555510759,-0.5821987921583082,-13.5214864585796199,-1.5468753027493061,13.3285233019223899,14.5398927958187514,0.3297181622029568,-1.5410876560993345,21.4152358773089908,25.5317047877904102,0.0988825837854825,-4.2153514942668302,3.4141458212970774,0.0515909132792991,3.5734877450918359,-0.2109328370740713,11.5008583966836788,14.5652997370636221,-0.1792446651382602,-2.8851966752416600,14.0897083880559997,-2.2328273803363308,-3.6574925542512959,742.4754403203824040,0.8942322839265580,2.8107560027256624,744.7082677007183520,7.1770947579538609,7.4537495125588045,-10.3143082151152239,-8.6234198293309170,556.5642964797903005,-60.3091117923742601,-23.0745612453056417,566.8786046949049933,10.7260442764442736,11.2072945789461578,-20.1318155058999366,606.6649520582698187,25.2124095990474260,13.7182272356604145,626.7967675641681353,8.4513706052789708,9.7053510376421315,-3.3842074775168367,-2.6405140962211417,2.2869231627787689,513.9840101365132341,38.4595073513741070,10.2862618195755999,517.3682176140305273,10.3146336369126885,10.5000605739009725,-11.0776468514461488,625.4715496651655258,-0.6313336810077210,-6.1700806351772499,636.5491965166110049,9.6958583452525335,8.9262908140051511,-4.2992427732803131,-5.6409224494769781,759.0060250191252180,8.2353049156428568,6.4810817165570311,763.3052677924048339,7.7088575492692533,8.5839145893346309,0.6322356917714709,0.2528942767085867,635.2739083790813766,5.7060840444857366,4.0104947502927306,634.6416726873102334,5.3825190933488312,5.5183627498036483,443.5425937164797006,1.6213143906094729,0.3218598989246666,3.8757513366573795,445.0811021897008004,-1.9036390275778337,-2.5890013419951527,2.4761432651051738,435.0798473948863148,17.3185718653991181,13.3196613356424240,10.1529064710508514,445.6534307092490508,5.3982952973643563,3.3587077801738445,5.2717425842648149,-3.8967788511798327,1.5385084732210224,-3.5249534181890403,-1.3996080715527019,-0.2531338288402716,1.7916423020610162,-0.6524353731261495,-0.6958148268167637,5.3498465648933440,-8.4627463215932561,15.6972574747899429,6.2771551343939356,1.2298767673534774,-9.6926230889472400,3.2028234047657111,3.4119457842728131,17.6187610427540164,2.1108369927694390,3.7769809067550977,1.3959912476080145,0.0318226477950190,2.0790143449741501,0.0052726720340595,0.0145546768551256,7.7487691035284563,6.1439975599689909,5.7097813252190059,8.7329989019637395,7.0970209654744369,4.3450160006911389,5.3985442782545521,1.6359779364895748,9.5535282775637320,1.0535282775637314,4.7262387618554822,-4.0734815869651069,4.0304239350386961,8.1381845461282900,4.7407934387105986,5.3985442782546222,5.3985442782545920,636.6314192683478268,6.1869346104029450,2.4289316181026344,637.0712864333382868,5.8610904146521010,1.9562897194447648,227.9509036085430012,7.8306884795692762,4.0641781312472149,7.1415305990840778,230.2378267713221192,0.5772028871031061,0.4099840948411441,0.5483427427479497,-2.2869231627782001,628.2979274214778798,184.7553337049978097,12.1292506336082937,15.6103479138042776,-2.1761404878504980,-1.1101205535293528,36.4005865298948805,-0.2598851584067024,4.1113897782482045,0.1881444191982951,0.6270300513358955,-0.8686545257031474,460.6290596942745310,2.9648910747939112,-30.7808687161932859,424.2284731643786131,3.2247762332069421,-34.8922584944417409,-21.5968019483941305,445.8252751127729425,-5.1888794667685509,-5.2138640755323342,435.8410458961615745,5.5131893276703892,27.6809003834929150,399.4404593662666230,5.7730744860782792,23.5695106052448189,-10.3886534518046876,409.8291128180714509,4.0318599926008609,4.1809295526549075,-0.3014046074138983,2.6368493555510759,-0.5821987921583082,-13.5214864585796199,5.6894685132212501,0.0224354205981697,0.0000000000000000,-0.5238125785839536,-0.1321701095296298,0.0000000000000000,-0.2109328370740537,-0.0221376244665308,0.0000000000000000,-2.8851966752416671,-0.0160329269769388,-13.5214864585795667,4.1794901600829490,-3.1892673494643264,0.2470473899763290,0.4116979101765446,-0.5821987921583336,25.0605262023975115,2.6368493555510923,0.6990892539055191,0.8869842777375258,0.2658816656219249,0.0244177039856861,-10.0278629440388052,-0.0098693792316465,-0.3014046074138983,-0.2752518376768254,-0.2499578154311623,0.7927001796608916,0.0128650009591117,-0.0774077019966901,-0.0083226682842502,0.1601270673413585,0.0125352943857753,-0.4390173867493147,0.6717944842332619,-7.4639270789217420,0.1494687878853327,-6.9026681068936426,-2.4871647869280764,-0.2002567732656997,-0.4234802228064303,0.2587073684360612,-39.0000000000000000,,,,,,,,,,,,,,,,,,,,,,,,,,,,,,,,,,,,,,,,,,,,,,,,,,,,,,,,,,,,,,,,,,,,,,,,,,,,,,,,,,,,,,,,,,,,,,,,,,,,,,,,,,,,,,,,,,,,,,,,,,,,,,,,,,,,,,,,,,,,,,,,,,,,,,,,,,,,,,,,,,,,7.6759837337679784,7.0947968013831826,696.0000000000000000,97.5010245376000029,91.0000000000000000,225.0000000000000000,848.0000000000000000,-17.6792875222023440,188.4989754623999829,69.4989754623999971,99.7346151160000005,11.5008583966837001,229.7188080446649110,24.8750419868930983,-22.8107466041313351,6.5911137487962508,146.2038257840000028,535.3813379562640193,13.7505650242210322,-1.8222656714264076,,,,435.0528813716289847,-4.1118486127729739,-115.9049119390899989,0.2695235849056604,0.1328027416549148,,,,0.7138615488123690,-1.4750466349461688,,,21.8911397223922677,0.0000000000000000,436.9091960918885889,494.5077655311955596,38.7447168529251940,11.3267074296538137,12.9758886125000004,251.2485784445587740,-22.8107466041313351,0.0000000000000000,8.5839096743129488,6.6957155310856109,0.8982424854070814,2.8506304638322035,-45.2882186140221279,-20.6058590844261715,28.6755708601507990,14.7037202641463978,46.9019356144540325,10.8339132986460953,-0.6293449572856673,-5.9835864147237032,1.6345290126365200,3.9518383772702208,-1.8856342495117531,2.5070542989555946,18.9086920200952591,10.6862088550602010,5.5466609434609921,5.4131732644065096,6.3823342983286437,2.4586704526313241,8.1454489690651002,4.1478961489210207,6.3366666666667903,,,,,,,,,,,,,,,
"2010Q3",13.0960357178252007,12.2287168399309003,12.4546830538148008,760.7563674034822725,637.4893901225623267,743.7467014636932845,609.4874081665876702,566.3816953752760810,516.7145591645178229,629.6939471748619326,443.3763408512454021,436.5350218973069332,445.8683219991394822,6.8188103303443199,8.8616195417944752,637.7847012002545171,633.5821074098431609,-0.4566457357720495,35.9741777828824283,0.5900557420957171,-0.9849007017862718,465.7760650083411633,432.4162089228740911,-14.7725811751525384,-14.3237042678917987,21.6939854455391696,3.8567333261008221,13.0960357178251652,12.4546830538148043,25.4738381099903073,3.5592591829310920,14.6165554428326914,0.0939662869665864,0.0490258888520460,-0.1704795373532949,-1.9913928516646093,0.2484482543176929,-3.8738189514177588,764.8418581411566493,746.3996677926883194,569.4215247756289955,628.1107937675351423,519.7792307481352054,639.1829682835125368,4.7292124661486499,-8.9205183050447001,2.0791636335602721,-2.1182937160813733,5.8206980096799121,0.8595651595591677,-0.6650114609366825,1.6259484350172064,230.4110474777171760,1.9526104525024357,5.2207356774293867,14.4165418500886471,-1.6339778454353404,12.2287168399309003,-4.0854907376759266,-2.6529663289946135,-3.0398294003535367,-18.6233856009480405,-3.0646715836172183,-9.4890211086512419,1.5234312693441303,-1.2036972552574841,760.7563674034813630,7.8808044468590488,4.6131277276259111,637.7847012002554266,444.5515287606795027,-0.4142429600739775,-0.7723916917297359,0.6370616634257037,5.2509053735343025,-1.7573287911653637,13.0960357178251652,14.4165418500886471,0.3134717131718662,-1.6339778454353404,21.6939854455391696,25.4738381099903073,0.0939662869665864,-3.8738189514177588,3.8567333261008221,0.0490258888520460,3.5592591829310920,0.2484482543176929,12.4546830538148043,14.6165554428326914,-0.1704795373532949,-1.9913928516646093,12.2287168399309003,-2.6529663289946135,-3.6930237348168946,743.7467014636937392,5.0850445732482221,4.1401502885169483,746.3996677926883194,6.7656003678802890,7.2556453056021564,-3.0398294003535367,-3.6817684735783343,566.3816953752758536,39.2695955819484439,5.0981023666481882,569.4215247756289955,10.1716803228981032,10.8748984471046946,-18.6233856009480405,609.4874081665877839,11.2898244332730489,18.6703750015970016,628.1107937675351423,5.2561048134626214,8.6396212003101382,-3.0646715836172183,-2.1305536177451447,1.2036972552580247,516.7145591645172544,10.9221961120189324,11.5569066261045101,519.7792307481352054,9.6440525364172718,10.3371728078243024,-9.4890211086512419,629.6939471748611368,16.8895900387826288,5.2226595382443053,639.1829682835125368,10.5350870676043282,9.4581374108890515,-4.0854907376759266,-4.9347552006894144,760.7563674034813630,7.0013695374271183,7.8808044468590488,764.8418581411566493,6.1463613950063216,7.9207112083967726,1.5234312693441303,0.6093725077376531,637.4893901225623267,8.8619269739243656,6.0941486660040054,635.9659588532185808,5.2971446636334916,5.4281953076848692,443.3763408512453452,-0.6650114609366825,-0.9213776285094266,2.1232918944491654,444.5515287606795027,-2.1182937160813733,-2.4966430121939194,0.9552988672125150,436.5350218973066490,5.8206980096799121,5.7196714819830312,6.7600857200108644,445.8683219991394253,0.8595651595591677,1.6387503007442585,4.6916618931164367,-3.5091320411921316,1.1751879094343314,-1.4532822551464681,-1.1679930272375998,-0.4592696548836139,1.6344575643175729,-0.6287389509733313,-0.6744039797782955,2.2146099140043365,-6.8413189539385852,6.4857094706177696,4.6367938255617238,2.0791993511059896,-8.9205183050447001,3.0884191356092954,3.3087356723686372,33.2286510935463539,2.4919811478938239,1.5245766204965319,2.5683699986678148,0.4128175143335164,2.0791636335602721,0.0005971543445691,0.0099578047666794,-12.8962572450258239,6.8188103303443066,5.7264219501926412,9.3154533425376851,7.6895049075205844,4.6957501367311627,5.0573696785253190,1.6259484350172064,8.8616195417944752,0.3616195417944716,4.7292124661486499,-4.5657499258468768,4.0548084863703515,8.0379481385172653,4.7391702709153272,5.0573696785253590,5.0573696785254079,637.7847012002554266,4.6131277276259111,3.4642670464322225,638.3800811770297514,5.2207356774293867,1.9526104525024357,229.2073502224584445,5.0257864556608238,6.8306835546570071,5.2781678872274007,230.4110474777171760,0.6928828255800313,0.5136731338567702,0.6582386843010368,-1.2036972552574841,633.5821074098429335,190.2057665585973609,21.8017314143938563,18.2969133640300576,-2.2049456989781540,-0.4566457357720496,35.9741777828823928,-1.7056349880416894,4.3217153754355389,-0.9684554445097100,0.5900557420957170,-0.9849007017862706,465.7760650083408791,20.5880212562656411,-21.1237433490191329,429.8018872254573353,22.2936562443143558,-25.4454587244545074,-14.7725811751525722,444.5744684006097600,-5.0032268486518658,-5.1872491048676270,432.4162089228739774,-13.6993478931438819,10.1429822548535959,396.4420311399913999,-11.9937129050984179,5.8212668794183999,-14.3237042678920741,410.7657354078835965,3.7464903592470189,4.0564719611296782,-0.4142429600739775,-0.7723916917297359,0.6370616634257037,5.2509053735343025,2.6838626459029005,-0.0812814384106563,0.0000000000000000,-0.9230729054308746,-0.1355541749061818,0.0000000000000000,0.2484482543176996,-0.0130912968602672,0.0000000000000000,-1.9913928516646120,0.5605387814045457,5.2509053735343230,-0.4872035514484203,-2.6786319269061822,-0.0151968462644194,1.2705369926355441,0.6370616634257065,-2.5728649199991196,-0.7723916917297800,2.0175275040408867,-0.5865559080128883,0.1608770348551554,0.0147744215683315,10.3855031429232039,-0.0443921867375142,-0.4142429600739777,-0.3796650476220624,-0.5164527265478764,0.9624183317162698,-0.0123040612155985,0.0078517983583648,-0.0041482504860960,0.1445400828320929,-0.0080502949978657,-0.4552838426380881,0.5868675845455475,-1.8937794072400713,-0.1046359431542840,-1.3825639671482861,-6.7399872480741863,-0.2031116286534376,-0.3332353285601994,0.1178163659072389,-38.0000000000000000,,,,,,,,,,,,,,,,,,,,,,,,,,,,,,,,,,,,,,,,,,,,,,,,,,,,,,,,,,,,,,,,,,,,,,,,,,,,,,,,,,,,,,,,,,,,,,,,,,,,,,,,,,,,,,,,,,,,,,,,,,,,,,,,,,,,,,,,,,,,,,,,,,,,,,,,,,,,,,,,,,,,8.1768332417864684,7.7200267108656817,737.0000000000000000,107.6038907519999981,107.0000000000000000,238.0000000000000000,895.0000000000000000,-18.2527267981078474,181.3961092480000161,66.3961092480000019,108.4212487400000100,12.4546830538148008,221.6649502348350040,25.6263667077702983,4.2652814528350014,5.1190565599999989,103.8593634819999920,564.4326538097690218,21.1367199534620340,6.4523513320466463,,,,458.5570539486170105,44.3923257845239050,-118.5458542601119944,0.3131754189944134,0.1288298614424418,,,,0.6678171187393640,0.1995017591549364,,,24.6091285763974348,0.0000000000000000,464.0354090514181280,505.9200519118149941,45.6491455224777383,8.6961328203103871,12.9758886125000004,176.4338426204781740,4.2652814528350014,0.0000000000000000,7.2522869755749610,8.1996606901253699,5.2165525671499040,4.2270496158674575,48.0968041155420281,5.2302924242482334,11.9518009850411318,20.5270170886127090,11.5409900498161306,12.2512039580618364,18.3996878892512399,5.3614459637673519,-0.6628051531631058,2.1459941303317152,-2.0960154583459598,0.9598764116396126,5.9934358323743453,6.9938165123909641,0.8632700285229760,4.8034619189650414,4.7211877056538469,3.5249717398303773,5.1542216885848831,7.0693784994789723,7.0566666666666444,,,,,,,,,,,,,,,
"2010Q4",13.2186775956740004,11.2547108295645995,12.7125192723335001,763.7604653511472179,639.0539636025171149,749.2818758655447482,616.8486172513322572,571.8397623090990010,514.4379455505164742,640.5002435251238921,444.3182325498328851,438.2595340819543708,446.8648799521342312,6.8655036649410670,9.0596895352226738,638.5072075608711657,638.4729304337934082,0.0643722830267208,35.9456392468672874,0.4521097751352620,-1.0901923937265814,475.9464244679060698,444.7822846631510174,-3.3757026297309380,-2.7566678093398878,22.8268343411797971,3.1043625268276318,13.2186775956739435,12.7125192723335161,25.3325187754582686,3.5419024524809886,14.6720662092527778,0.0526999996520443,0.0274956519922818,-0.0394745507069445,-1.9200723862122990,-0.4650355776456371,-2.5583844339304567,766.0517696838418260,748.0019363132061017,571.8403661841506391,628.7771694081736769,522.0598215760284120,642.0015333053164568,4.7392840507322420,-8.1818785964638892,2.0779963416053078,3.1112369146581549,6.8980487385898934,3.9862318119765692,3.7675667943498823,1.6340216636067790,230.6127001054904611,1.9579340717956026,4.9739560327483439,14.2023550186865339,-1.1033476253637791,11.2547108295645995,-2.2913043326957889,1.2799395523388581,-0.0006038750519618,-11.9285521568422617,-7.6218760255112974,-1.5012897801931264,1.7860003556887254,-1.4891912870941892,763.7604653511467632,9.0482216092109145,2.8900254424615111,638.5072075608711657,445.3293379893440260,-0.3798495753130375,0.5620966859724702,3.2230222612710295,2.9393058027888030,-1.3175344567659875,13.2186775956739435,14.2023550186865339,0.1196702023512032,-1.1033476253637791,22.8268343411797971,25.3325187754582686,0.0526999996520443,-2.5583844339304567,3.1043625268276318,0.0274956519922818,3.5419024524809886,-0.4650355776456371,12.7125192723335161,14.6720662092527778,-0.0394745507069445,-1.9200723862122990,11.2547108295645995,1.2799395523388581,-0.3074678880452948,749.2818758655450893,22.1406976074030553,6.3193905917132014,748.0019363132061017,6.4090740820713430,6.9608096855191670,-0.0006038750519618,-0.9700341655428714,571.8397623090993420,21.8322677352925822,29.1818090200047067,571.8403661841506391,9.6753656340852618,10.4431917178892633,-11.9285521568422617,616.8486172513318024,29.4448363389758541,16.1221690447414865,628.7771694081736769,2.6655025625533115,6.8198350794092546,-7.6218760255112974,-5.1417298064576036,1.4891912870950823,514.4379455505157921,-9.1064544560059293,11.7366105500784421,522.0598215760284120,9.1223633115689680,9.9552592513417490,-1.5012897801931264,640.5002435251237785,43.2251854010412728,13.9356217028351832,642.0015333053164568,11.2742600872114949,10.1240789691471527,-2.2913043326957889,-2.4493656173801988,763.7604653511467632,12.0163917906612081,9.0482216092109145,766.0517696838418260,4.8396461707395293,6.9027853498756357,1.7860003556887254,0.7144001422754935,639.0539636025174559,6.2582939198188869,5.6302144587614746,637.2679632468285718,5.2080175744402384,5.3391463480136512,444.3182325498330556,3.7675667943498823,2.1548924455503133,0.1348891467696541,445.3293379893440260,3.1112369146581549,1.5955512656086153,0.3036289082981976,438.2595340819540297,6.8980487385898934,4.3935413202449247,-2.0225396804982267,446.8648799521336628,3.9862318119765692,3.3425652941220489,3.2340582710906620,-2.1308817235753801,1.0111054395109922,-0.6563298796934419,0.1687397615282073,-0.4730945113992036,1.4841999509097397,-0.6010304536309953,-0.6451645742695629,1.9692607873146717,-6.0586984678786031,3.1304819442413301,-2.1574288272670046,2.1231801285856022,-8.1818785964638892,2.9545588343229259,3.1676183530636899,51.1123642569482826,2.5466474023011778,0.2186650176274467,3.0991691243218065,0.4686510606955121,2.0779963416053078,-0.0046691678197832,0.0040766480614972,48.8337679073332112,6.8655036649408281,5.7722752607081329,5.2699523993319337,3.6359307357253110,2.5216057903465461,3.0812953255688882,1.6340216636067790,9.0596895352226738,0.5596895352226720,4.7392840507322420,-2.5205025877791938,4.0941194764626720,7.9069024037959146,4.7433606987937349,3.0812953255689561,3.0812953255689468,638.5072075608711657,2.8900254424615111,3.8821751247486409,639.3746796870946127,4.9739560327483439,1.9579340717956026,229.1235088183949529,-0.3353656162562242,5.1861243233797660,2.6097776601603719,230.6127001054904611,0.8066105110923707,0.6289308506182741,0.7662799855377513,-1.4891912870941892,638.4729304337929534,194.1546978839597273,15.7957253014487673,19.2061580950016975,-2.2011845103763594,0.0643722830267227,35.9456392468673087,-0.1141541440545440,1.6075781069284538,0.3047292306799324,0.4521097751352619,-1.0901923937265805,475.9464244679061835,40.6814378382606421,-14.6239518542353135,440.0007852210376313,40.7955919823222928,-16.2315299611639681,-3.3757026297310060,443.3764878507686262,-4.7919221993643095,-5.0697291409082847,444.7822846631506764,49.4643029611112865,12.3508066635972504,408.8366454162838863,49.5784571051695124,10.7432285566695498,-2.7566678093398287,411.5933132256235467,3.3103112709583220,3.8202633568593214,-0.3798495753130375,0.5620966859724702,3.2230222612710295,2.9393058027888030,2.6403524095991493,-0.1676274290324964,0.0000000000000000,0.1532888320619081,-0.1393937713035440,0.0000000000000000,-0.4650355776456303,-0.0083236791516102,0.0000000000000000,-1.9200723862122995,4.1001416794739214,2.9393058027888195,-5.3513129236496262,1.7058866441237033,0.5291308586001366,1.1766278479510814,3.2230222612710584,0.7582376725860485,0.5620966859724614,0.9525731428988427,0.2342319476076514,-0.1372949096464400,-0.0126087161920205,-3.8947438395737382,-0.0147063081208274,-0.3798495753130375,-0.3493339805660478,-0.4010899059256131,0.9043240650892596,-0.0049088104958719,-0.0230446606872396,-0.0052066067298800,0.1483718267913373,0.0005846645434163,-0.4761113880590759,0.4936192746524466,0.8543013004552780,-0.2074563163365661,5.7832976988635636,7.6996363062209525,-0.2037817621189371,-0.2890180355777334,-0.0615300523642969,-37.0000000000000000,,,,,,,,,,,,,,,,,,,,,,,,,,,,,,,,,,,,,,,,,,,,,,,,,,,,,,,,,,,,,,,,,,,,,,,,,,,,,,,,,,,,,,,,,,,,,,,,,,,,,,,,,,,,,,,,,,,,,,,,,,,,,,,,,,,,,,,,,,,,,,,,,,,,,,,,,,,,,,,,,,,,8.6776827498050579,8.3452566203483514,766.0000000000000000,117.0015102871999915,101.0000000000000000,256.0000000000000000,944.0000000000000000,-20.8889961111707301,215.9984897127999943,89.9984897128000085,118.1800189900000078,12.7125192723335001,258.4528914351527078,25.7949731744283000,-10.0419592938044140,12.7966616449570996,137.5181700939999985,592.7242629936190497,19.5632920958009890,4.4250233689545553,,,,468.9491249319800090,38.9045618941272551,-101.7817526286739991,0.2757701271186441,0.1251200465659512,,,,1.0677549710815499,0.8962117950278510,,,64.9266875474044696,0.0000000000000000,512.6981479868015867,518.7682667845969036,51.3928594911276377,21.5821704413486977,12.9758886125000004,231.9308479114702379,-10.0419592938044140,0.0000000000000000,12.7681683651227615,9.4702039388299823,24.7831164667690302,6.5233374260871955,24.3988409750700157,33.8859443832141380,34.2385645335729407,17.4945414118230786,-8.7041217525435428,12.4531051341162851,54.0723103593430210,14.9533510490880133,3.8394393668415887,0.1349801630983478,3.1601417544743242,0.3040903277507425,7.1415302831032221,-2.0022235445457284,4.0667483272537339,3.2869222807184144,2.9321919047434477,3.9585162375680483,-0.3348038938900686,5.3229589641822059,7.1066666666664169,,,,,,,,,,,,,,,
"2011Q1",11.2043277615152999,6.4912008019542604,12.7948448078977002,764.9559054882657847,637.7525809568487603,750.2926259746237747,621.7418025582285281,554.5626135962216949,533.3221027000034837,641.1101550016331885,445.7870101391860089,437.7111991910425104,448.0799069006242803,6.5132094937782146,8.6501133050722760,639.4914793411359142,644.3806689921881343,0.3234117234965481,37.2570822554060186,0.4590447754375042,-1.1833999488424187,485.1162177578572710,460.1968489072552302,5.6306218946442641,10.6745750594614606,23.7882480853221558,0.2109244840908553,11.2043277615154011,12.7948448078976966,25.2492888617522233,3.5224834345155349,14.7336868293304146,0.0519545983998068,0.0271067469911113,-0.0592887153667520,-1.8795533060659577,-3.3386656974157876,-1.5129953748298148,767.2148010708623360,749.5580619820808579,574.1858853223334336,629.6200857424789774,524.3255726504798986,644.9310836058600671,4.7407638099369107,-7.4640934676157000,2.0760140468569031,7.6061142632348764,-2.1933395636462247,4.8601077939574324,5.8751103574115477,1.6253127050234273,230.8375668792498630,1.9542189135783838,4.1444882347313996,14.0380854669373889,-2.9721077661796698,6.4912008019542604,-2.2588955825983641,0.7345639925430421,-19.6232717261131278,-7.8782831842511172,8.9965300495237770,-3.8209286042274266,-0.7955443695687074,-1.3198718378581549,764.9559054882651026,8.0087066980511938,3.9370871210582306,639.4914793411364826,447.2308665551523177,-0.2257210103656075,-1.5554171286115661,3.1455445854172610,-18.6869156879503215,-3.1363773179287673,11.2043277615154011,14.0380854669373889,0.1383500607575947,-2.9721077661796698,23.7882480853221558,25.2492888617522233,0.0519545983998068,-1.5129953748298148,0.2109244840908553,0.0271067469911113,3.5224834345155349,-3.3386656974157876,12.7948448078976966,14.7336868293304146,-0.0592887153667520,-1.8795533060659577,6.4912008019542604,0.7345639925430421,0.0532049640569808,750.2926259746237747,4.0430004363161469,8.0407437252242389,749.5580619820808579,6.2245026755003154,6.6440679708494965,-19.6232717261131278,-13.0833534021786857,554.5626135962215812,-69.1085948515084709,-17.0789608316622363,574.1858853223334336,9.3820765527343344,9.9887916965403125,-7.8782831842511172,621.7418025582283008,19.5727412275865120,21.3799528997222730,629.6200857424789774,3.3716653372223964,4.9361608296319384,8.9965300495237770,5.7322177779805319,1.3198718378587957,533.3221027000029153,75.5366285979480523,28.9529694013322043,524.3255726504798986,9.0630042978067404,9.5360134456761436,-3.8209286042274266,641.1101550016333022,2.4396459060342206,15.4807719162142483,644.9310836058600671,11.7182012021744253,10.8058516755609233,-2.2588955825983641,-0.7363255120405757,764.9559054882651026,4.7817605484765515,8.0087066980511938,767.2148010708623360,4.6521255480852908,5.8367476657740864,-0.7955443695687074,-0.3182177478274797,637.7525809568485329,-5.2055305826750793,3.9051935888885030,638.5481253264173347,5.1206483183544087,5.2520824124442553,445.7870101391858952,5.8751103574115477,5.3286682193953983,2.6497450203589721,447.2308665551523177,7.6061142632348764,5.6194755356809312,1.6738546085578674,437.7111991910430788,-2.1933395636462247,3.9543267910727353,6.9609947625074344,448.0799069006241666,4.8601077939574324,5.2021181501951110,3.7760500157158172,-2.0710908336502385,1.4438564159663987,1.7310039058217734,-0.9758904118019009,0.1055977477391201,1.3382586682269437,-0.5837651307311540,-0.6164924771151796,8.2833920601828552,-8.0758109481427685,-8.0684499210568053,4.3112497421482168,-0.6117174805274725,-7.4640934676157000,2.8711405153936624,3.0292354725230073,47.7635958038012518,2.2928967614381386,-1.0150025634533426,1.1263049953568829,0.2168827145810961,2.0760140468569031,-0.0079291789935825,-0.0016821301087090,62.5841994871186813,6.5132094937782528,5.7823113842293044,0.8937339580967691,-0.7315787469264829,-0.0128352533740088,0.1372780516978527,1.6253127050234273,8.6501133050722760,0.1501133050722744,4.7407638099369107,0.2273513135545455,4.1242713328217215,7.7699992824599047,4.7390816798281987,0.1372780516979166,0.1372780516979391,639.4914793411364826,3.9370871210582306,4.4067937253872804,640.1466703683420292,4.1444882347313996,1.9542189135783838,229.5176950413905672,1.5767448919822293,3.5244635527405146,1.9994038870227786,230.8375668792498630,0.8994670950394351,0.7440408297040277,0.8544937402874614,-1.3198718378581549,644.3806689921882480,198.5936588530020117,17.7558438761632544,16.8706378064045097,-2.2124159543356390,0.3234117234965471,37.2570822554059049,5.2457720341639220,0.7915244359095092,4.5926701732547288,0.4590447754375049,-1.1833999488424185,485.1162177578572141,36.6791731598046127,25.2283808322821308,447.8591355024497034,31.4334011256480039,24.4368563963723631,5.6306218946440536,442.2285136078056098,-4.5918969718525391,-4.8939813716598621,460.1968489072543775,61.6582569764204891,25.7341003430110682,422.9397666518484584,56.4124849422599084,24.9425759071021105,10.6745750594597713,412.2651915923884189,2.6875134670576912,3.4440437724668622,-0.2257210103656075,-1.5554171286115661,3.1455445854172610,-18.6869156879503215,-1.6361546128280402,-0.1166039749330882,0.0000000000000000,0.2778737289214348,-0.1423238953413877,0.0000000000000000,-3.3386656974157987,-0.0016587178298428,0.0000000000000000,-1.8795533060659579,1.1522045346956631,-18.6869156879503393,14.1177003166283015,-0.4088063759046877,-1.6954213618891298,-1.5099445118441897,3.1455445854172712,-13.2550190204816403,-1.5554171286115661,-0.0998642069695372,-0.3536072766281273,0.1589725727826590,0.0145995219902445,4.4909484978728571,-0.0293228218217206,-0.2257210103656075,-0.1711241075447888,0.0351558439181010,0.6460508114253765,-0.0124934774164313,0.0140112915412479,-0.0037269279557943,0.1331871095016814,-0.0079217510376543,-0.4921789727903089,0.2629017774514250,4.9410428034839953,-0.0694726474218937,7.7235575250772719,12.6869425602779415,-0.2022267944884945,-0.2791669924246121,-0.2917666768053306,-36.0000000000000000,,,,,,,,,,,,,,,,,,,,,,,,,,,,,,,,,,,,,,,,,,,,,,,,,,,,,,,,,,,,,,,,,,,,,,,,,,,,,,,,,,,,,,,,,,,,,,,,,,,,,,,,,,,,,,,,,,,,,,,,,,,,,,,,,,,,,,,,,,,,,,,,,,,,,,,,,,,,,,,,,,,,11.3959533652828497,14.2564967124170892,774.0000000000000000,117.3773861160000251,117.0000000000000000,255.0000000000000000,952.0000000000000000,-19.1196815662603932,198.6226138839999749,103.6226138839999749,124.5272568000000035,12.7948448078977002,203.2088322785000116,24.4194323265620987,28.4806979264999995,17.9751894010000015,32.2256881509999999,628.7958806232629740,23.6309542335789047,7.2328527318972533,,,,491.9960831669370123,-7.2970725795415774,-109.8272404228419958,0.1936302521008403,0.1266971525256866,,,,2.5088080545336502,2.2043189050273893,,,100.8964536784446153,0.0000000000000000,559.6212703249700553,532.7360535725276804,55.8711471517231075,30.0190723912114485,20.7863309957743461,53.8178065265702372,28.4806979264999995,0.0000000000000000,4.8979309802111572,8.3381390315102806,4.1258423605219150,8.3728529109011447,-49.8968321078015222,-15.7001085223836867,21.6195340226184527,23.8374371755389518,112.8390980369457566,33.5799105954600066,2.4696487577076027,16.7433464437928023,6.0511250428557446,2.6851628995746495,7.9028546786123144,1.6879420461239647,-2.1694607710693248,7.2089928466540414,4.9801478228107499,3.8482486699992933,4.0156176104849948,4.5053350531577507,1.5892411056696432,3.5873089164932566,6.7300000000000360,,,,,,,,,,,,,,,
"2011Q2",11.4002802099830998,9.0562797742675301,13.2304075473882996,764.8242553689030956,639.1432330377220978,753.4021436206369344,609.3486305337837621,562.2602727796803492,522.7410607508884368,642.9042534888886848,448.4432482424924160,442.1092448385199987,450.0748520368449590,6.6973055253030767,8.7377604576893830,639.8299216938196423,651.8447275824998997,0.4968168182887425,40.7046439008203578,0.4171288068810547,-1.2637336772020240,486.8685631099332909,470.1526693883448047,5.0383032069757405,16.7150325756321649,20.6002523900007262,4.0304353673707425,11.4002802099831051,13.2304075473882818,25.1471645991421049,3.5358730569381489,14.7997069727634845,0.0799931066024363,0.0417355338794455,-0.0719772321599159,-1.4973221932153169,0.4528267765531483,-4.6269053157439037,768.3022165255292748,751.0906248829459173,576.4915088298489536,630.3147155717223313,526.6219706377841021,647.9302924688462326,4.7413593496742683,-6.7608549624531733,2.0733956377980052,9.4375010377741440,17.5921825899064466,7.9797805448813213,10.6249524132247224,1.6263488165325248,231.0835741812715014,1.9552547460535925,2.8444646014569024,13.8833306833167267,-2.6767563459754236,9.0562797742675301,-3.4779611566261117,2.3115187376913444,-14.2312360501697945,-20.9660850379379013,-3.8809098868945524,-5.0260389799588063,-0.6681363486216160,-0.1392504012255266,764.8242553689034366,5.8182303497792578,1.3537694107291323,639.8299216938193013,449.5902418145955721,-0.1446292461618565,-0.2169029216548765,2.6825574729464150,-0.3775834574136279,-2.8315111295959907,11.4002802099831051,13.8833306833167267,0.1937058726417281,-2.6767563459754236,20.6002523900007262,25.1471645991421049,0.0799931066024363,-4.6269053157439037,4.0304353673707425,0.0417355338794455,3.5358730569381489,0.4528267765531483,13.2304075473882818,14.7997069727634845,-0.0719772321599159,-1.4973221932153169,9.0562797742675301,2.3115187376913444,0.1103320757003587,753.4021436206375029,12.4380705840542305,10.9267033002567544,751.0906248829459173,6.1302516034615531,6.3823571822264231,-14.2312360501697945,-10.3289596829989705,562.2602727796790987,30.7906367338355693,5.6959762998901029,576.4915088298489536,9.2224940300593854,9.6129041349441131,-20.9660850379379013,609.3486305337842168,-49.5726880977768758,2.6836784755163521,630.3147155717223313,2.7785193169684845,3.5179480075540779,-3.8809098868945524,-2.1762845414229437,0.1392504012263926,522.7410607508888916,-42.3241677964555123,8.7570506143747515,526.6219706377841021,9.1855919492169864,9.2537530237520951,-5.0260389799588063,642.9042534888878890,7.1763939490195927,17.4327038237219796,647.9302924688462326,11.9968354519477085,11.3810959522348245,-3.4779611566261117,-2.9910545020565653,764.8242553689034366,-0.5266004774438287,5.8182303497792578,768.3022165255292748,4.3496618186642309,4.9969487331229185,-0.6681363486216160,-0.2672545394486470,639.1432330377220978,5.5626083234939028,3.8693246586405436,639.8113693863442677,5.0529762397052957,5.1696966990333664,448.4432482424923023,10.6249524132247224,7.7448871297086139,4.9006545260129419,449.5902418145955721,9.4375010377741440,6.5780800576495686,4.5091396248961511,442.1092448385204534,17.5921825899064466,13.5522981115582617,7.0293974436340125,450.0748520368451864,7.9797805448813213,7.5688032079385668,4.4214213275950653,-2.8102190055456071,1.1469935721032756,-1.1874513754522300,-0.3915149011175258,-0.0483404700600727,1.1953340421629808,-0.5716985042554875,-0.5963082598975289,14.1599867843076126,-6.3340034039719875,6.9672301766825218,2.1287429176219326,0.4268515584809451,-6.7608549624531733,2.8129540206501011,2.9317681264941680,15.1753645585327988,1.6316037943528408,-2.6451718683426240,-0.4792331984165817,-0.4417918434449415,2.0733956377980052,-0.0104736362369496,-0.0056187071765423,38.8830417170139455,6.6973055253030340,5.7960096619514037,0.1192254676529053,-1.5071233488795970,-0.4556897575114331,-0.2179292998224850,1.6263488165325248,8.7377604576893830,0.2377604576893833,4.7413593496742683,1.4893559618505567,4.1450510897767243,7.6731274761684336,4.7357406424977171,-0.2179292998224057,-0.2179292998224099,639.8299216938193013,1.3537694107291323,3.1985024254688517,640.5497761540779038,2.8444646014569024,1.9552547460535925,230.9443237800447264,5.7065149546135174,2.9934201715015094,5.6159201986255933,231.0835741812715014,0.9840292080852165,0.8457474099495064,0.9348277476809528,-0.1392504012255266,651.8447275824998997,203.4014793400073700,19.2312819480212589,18.6461456350075636,-2.2108125168862718,0.4968168182887412,40.7046439008203080,13.7902465816636024,4.3040573709269889,11.4282498112544459,0.4171288068810542,-1.2637336772020242,486.8685631099330067,7.0093814083013211,26.2395034156590050,446.1639192091114410,-6.7808651733551137,21.9354460447318615,5.0383032069757343,441.1256160021354162,-4.4115904226815532,-4.6996591106381649,470.1526693883458279,39.8232819243661496,34.3116234921865058,429.4480254875256264,26.0330353427056913,30.0075661212598455,16.7150325756329110,412.7329929118929499,1.8712052780157176,2.9038800938196214,-0.1446292461618565,-0.2169029216548765,2.6825574729464150,-0.3775834574136279,3.3106793732903999,-0.1396598195225368,0.0000000000000000,-3.5678085533629549,-0.1104862058516165,0.0000000000000000,0.4528267765531540,0.0033570117263867,0.0000000000000000,-1.4973221932153113,3.2157292262815784,-0.3775834574136319,-9.8498493843269053,2.3832011084829281,0.4471919064846999,-0.3499186007941366,2.6825574729464243,7.9439604193183868,-0.2169029216548921,0.1092090133112876,0.1026584831243379,-0.0056488824245806,-0.0005187749165425,6.1617332433708238,-0.0176110848090022,-0.1446292461618565,-0.0520820029363324,0.2141345584024658,0.5029410019838553,-0.0132297209632709,0.0309012838340159,-0.0033373751427294,0.1295354677977500,-0.0035422761669588,-0.4899556465707440,0.1928097982019910,9.1975764084088425,-0.1179768662654780,1.5473176322963198,8.9225927822266726,-0.1986737232438454,-0.2788831480141281,-0.5475568423345432,-35.0000000000000000,,,,,,,,,,,,,,,,,,,,,,,,,,,,,,,,,,,,,,,,,,,,,,,,,,,,,,,,,,,,,,,,,,,,,,,,,,,,,,,,,,,,,,,,,,,,,,,,,,,,,,,,,,,,,,,,,,,,,,,,,,,,,,,,,,,,,,,,,,,,,,,,,,,,,,,,,,,,,,,,,,,,10.3282350972432084,11.5186370751196137,828.0000000000000000,103.7111650968000021,114.0000000000000000,265.0000000000000000,987.0000000000000000,-20.6618769777855995,206.2888349031999837,90.2888349031999979,132.9700782109999864,13.2304075473882996,265.5244454174950306,24.5096076372777993,-6.4327779244949808,32.1973195770000018,106.7898255539899850,677.5255578627569548,29.8562343612470613,19.8647990616683501,,,,505.6897755485039738,15.9912339758002418,-101.6382648374840016,0.3738125633232016,0.1237814938924704,,,,2.8963773030813700,-0.5523768673658003,,,129.8000833388088324,0.0000000000000000,598.9473172414853934,547.5032618743450712,59.0688332072695630,53.5887559050321656,20.7863309957743461,177.7394506728361989,-6.4327779244949808,0.0000000000000000,-0.5252163677714634,5.9908203071322532,13.2446918098719095,11.5460175254980442,36.0573588846351640,5.8613214117472694,-39.0872017204606621,2.7200134359416097,-34.5079665829414353,9.1519220541047588,7.4401690315424815,19.0444823142346991,11.2099337510648098,5.0227224727913011,9.8971794478876234,4.6123467300433845,19.2344844521026062,7.2823517590410773,8.3068055074826788,4.5206227959430976,1.3629743598418287,3.2502042701711531,5.8724783587822458,3.0386734043011074,6.9266666666666143,,,,,,,,,,,,,,,
"2011Q3",10.2794398670568992,12.8628074146760998,13.9825251175824992,770.7720979613380905,644.4299556904371684,756.2929016978657728,615.8312745458770223,587.1987168583850689,537.4607488200449552,649.9782120639378036,450.2961742112020715,439.0072446237272743,452.8258256753695719,6.6941880753768643,8.8836045817645957,639.6434254747817931,657.2463455689282910,0.5842327312309621,43.5079151611712120,0.4640217519452000,-1.3310643797848027,482.6067798107665112,463.6957245577240769,-0.9675198532634681,7.2327981992875721,20.7393007591117424,3.5226642255277016,10.2794398670569365,13.9825251175825098,25.1299691986519740,3.5440167810139629,14.8682891249051750,-0.0290713073133168,-0.0151676385983467,0.0634498220389675,-0.9492138293616202,-0.0061849168879064,-4.3615971322268861,769.5081280781478199,752.6258726056411206,578.7872823801169488,631.4544909686096616,529.0262733062999132,650.9505328525341383,4.7476267836179789,-6.0828767960083789,2.0698714229528199,11.1328028120230051,-12.4080008591762354,11.0038945540943800,7.4117038748375075,1.6457859318563659,231.3499362993038631,1.9646742631186231,3.0871129083233750,13.8056968547608125,-3.4185682197532192,12.8628074146760998,1.2639698831897479,3.6670290922243565,8.4114344782679318,-15.6232164227329200,8.4344755137448448,-0.9723207885973564,3.3725581779988887,-0.5720381809497672,770.7720979613388863,10.0157305578572018,-0.7459848761489406,639.6434254747824752,452.3734425176010632,-0.0443514404059150,3.3972536284810402,1.9250560197209550,17.8292430221013980,-3.4962020483090588,10.2794398670569365,13.8056968547608125,-0.1076887679507059,-3.4185682197532192,20.7393007591117424,25.1299691986519740,-0.0290713073133168,-4.3615971322268861,3.5226642255277016,-0.0151676385983467,3.5440167810139629,-0.0061849168879064,13.9825251175825098,14.8682891249051750,0.0634498220389675,-0.9492138293616202,12.8628074146760998,3.6670290922243565,1.8483780945046353,756.2929016978660002,11.5630323089107083,12.5462002341719305,752.6258726056411206,6.1409908907807100,6.2262048129516501,8.4114344782679318,5.2270550354630974,587.1987168583856374,99.7537763148230852,20.8170214831086682,578.7872823801169488,9.1830942010704284,9.3657576044872357,-15.6232164227329200,615.8312745458777044,25.9305760483685113,6.3438663792907040,631.4544909686096616,4.5591015875495806,3.3436972010758881,8.4344755137448448,5.5925059114528430,0.5720381809503570,537.4607488200455236,58.8787522766261731,20.7461896555269654,529.0262733062999132,9.6172106740670706,9.2470425581646580,-0.9723207885973564,649.9782120639378036,28.2958343001952706,20.2842648890746240,650.9505328525341383,12.0809615347525128,11.7675645690217046,1.2639698831897479,1.0102400786751016,770.7720979613388863,23.7913703697402141,10.0157305578572018,769.5081280781478199,4.8236462104751805,4.6662699369906093,3.3725581779988887,1.3490232711995551,644.4299556904372821,21.1468906108602042,6.9405655678744935,641.0573975124383423,4.9841125043779737,5.0914386592194916,450.2961742112022989,7.4117038748375075,7.3410605733858514,6.9198333599564403,452.3734425176010632,11.1328028120230051,8.7586419839206222,7.8219137569220152,439.0072446237270469,-12.4080008591762354,0.0696773405685498,2.4722227264198153,452.8258256753696287,11.0038945540943800,8.0584691100132435,6.9575036762285576,0.8967682703619724,2.0772683063991364,3.7210989371836081,0.9020803969648941,1.0196377880835306,1.0576305183153012,-0.5508140953905550,-0.5768270460018043,9.4016516931305869,-11.2889295874751170,-19.8197047340129622,-4.4476106335363390,-5.2060527914671653,-6.0828767960083789,2.7119126657796424,2.8376415090365308,-11.3589137866627752,2.5296514641673156,3.5921906792571505,0.0376703162732233,0.4597800412143260,2.0698714229528199,-0.0140968593805380,-0.0092922106076557,-27.9905685762398448,6.6941880753769105,5.8425986200838977,-2.0644539085442299,-3.7102398404004191,-1.4249167756181182,-1.0413121938538363,1.6457859318563659,8.8836045817645974,0.3836045817645978,4.7476267836179789,2.1164804866779932,4.1707997376161661,7.5852682926545008,4.7383345730103130,-1.0413121938537688,-1.0413121938537460,639.6434254747824752,-0.7459848761489406,1.8587242745251025,640.7570874574173558,3.0871129083233750,1.9646742631186231,230.7778981183529936,-0.6657026467686027,1.5705478958941446,2.2071927185731521,231.3499362993038631,1.0654484721289950,0.9388888215867933,1.0121760485225413,-0.5720381809497672,657.2463455689279499,206.9501713577255373,14.1947680708712625,16.7444047991268796,-2.1907870995716041,0.5842327312309633,43.5079151611711055,11.2130850414082825,7.5337373782894392,9.3665205790502331,0.4640217519451997,-1.3310643797848039,482.6067798107667954,-17.0471331966661630,16.8307148024261544,439.0988646495947592,-28.2602182380673170,9.2969774241364433,-0.9675198532635214,440.0663845028579999,-4.2369259971106823,-4.5080838977528170,463.6957245577241906,-25.8277793224823604,31.2795156348499219,420.1878093965531207,-37.0408643638880335,23.7457782565610387,7.2327981992874033,412.9550111972654918,0.8880731414904182,2.1892757893809125,-0.0443514404059150,3.3972536284810402,1.9250560197209550,17.8292430221013980,5.8346675275423348,-0.0598371705329629,0.0000000000000000,-1.1227634112063001,-0.1150626230772648,0.0000000000000000,-0.0061849168879036,0.0065792218693208,0.0000000000000000,-0.9492138293616192,2.6816672287799683,17.8292430221013660,10.8962047570465472,-0.8099714041759166,-1.2080116475871314,3.6398127174475388,1.9250560197209596,-12.8774719118258929,3.3972536284810317,-0.3906901810125706,0.1696201698441536,-0.5027817068374208,-0.0461738302197640,-7.1895149518312929,0.0009712388012335,-0.0443514404059151,0.0601215646158728,0.5292950144127861,0.3223645475040757,-0.0074982727831765,-0.0177722257672392,-0.0046705867672935,0.1306207244480405,0.0049449916703919,-0.5046817189787837,0.1172249220395416,-0.2151647698462167,-0.0312637510727016,-4.0912678415884791,-4.9691755809245706,-0.1937040703029803,-0.2664946166972840,-0.7960116087232363,-34.0000000000000000,,,,,,,,,,,,,,,,,,,,,,,,,,,,,,,,,,,,,,,,,,,,,,,,,,,,,,,,,,,,,,,,,,,,,,,,,,,,,,,,,,,,,,,,,,,,,,,,,,,,,,,,,,,,,,,,,,,,,,,,,,,,,,,,,,,,,,,,,,,,,,,,,,,,,,,,,,,,,,,,,,,,9.2605168292036240,8.7807774378220245,864.0000000000000000,144.0886522327999728,152.0000000000000000,302.0000000000000000,1062.0000000000000000,-20.1819251216300586,203.9113477672000272,66.9113477672000130,144.9975852718999931,13.9825251175824992,251.2905868060950070,24.3390228573188985,-37.7951400290950232,7.2409036472900015,136.8472379160000116,715.1293644931280369,21.6064719457135652,-3.1194555477860604,,,,495.4171228043790052,-3.9093551848004608,-103.7923845468839943,0.3098776819209040,0.1144978576786778,,,,0.8188528037780350,-3.4022203513972356,,,159.4723252639826399,0.0000000000000000,632.5570715322769502,562.7665445492565368,61.0531306996458625,12.0741528050531706,20.7863309957743461,228.1917481619368857,-37.7951400290950232,0.0000000000000000,26.8599712636433878,10.5344781300805437,12.2580803213724039,13.3672091257379861,171.1597007950508669,23.1422758127590527,29.6030019017125596,6.5494130428521657,80.1802446001122746,23.0550827721327494,32.7049879751473043,22.4879716900920954,7.6932840992351572,7.1648732022926822,11.7761503929095852,8.1359599221872969,-11.6690834266962185,2.5030355490154079,11.6321545358740224,7.2052501535457623,-0.7432093150155197,1.8761060804340985,-0.6634917554068664,1.5829458194337462,6.9233333333333702,,,,,,,,,,,,,,,
"2011Q4",16.2076278691558002,12.8748597716005992,13.0894840795769998,770.4894699830119862,641.8243341219514377,754.1894662707442194,628.8628358895171004,569.5081460211537205,540.2219802990637163,653.3378605085015352,451.8149121617404944,443.6116003325295765,454.2963614504058683,7.3622139870613710,8.1242570690301577,640.1731828524897310,662.1841698555227822,0.5849941156394678,44.2640683130010189,0.6828631733511060,-1.3855932837492924,476.3261660411504295,463.6494102236475783,-6.9904597904250636,6.4853545536512343,24.2009899828231880,5.0961219659094601,16.2076278691556901,13.0894840795769927,25.0912286857455555,3.5402589159514672,14.9412890995054415,0.0049430112744199,0.0025789624039524,-0.0078579306942598,-1.8439470892341780,1.5532840875540397,-0.8951817141967168,770.7043835166790586,754.1611381135251122,581.0651001981620993,632.5017444344236992,531.5253445115140494,653.9877934930962056,4.7547893569904636,-5.4270186186589298,2.0653164518284974,3.5793098586193768,18.4174228352054428,5.8821431001432698,6.0749518021524196,1.6719053650528399,231.6365465274009807,1.9683797820326185,3.6629384757342378,13.6901985021915991,2.5020494625914727,12.8748597716005992,-0.2149135336685014,0.0283281572184271,-11.5569541770092137,-3.6389085449067893,8.6966357875505071,-0.6499329845958072,-0.4551305692111228,-0.4675653441642607,770.4894699830117588,6.7290046318652816,2.1190295108299244,640.1731828524897310,453.2682699822555605,-0.0544826226034396,-0.9207538925186496,-2.7417460227095538,-17.2487470762893800,2.3865511100223076,16.2076278691556901,13.6901985021915991,0.0153799043725621,2.5020494625914727,24.2009899828231880,25.0912286857455555,0.0049430112744199,-0.8951817141967168,5.0961219659094601,0.0025789624039524,3.5402589159514672,1.5532840875540397,13.0894840795769927,14.9412890995054415,-0.0078579306942598,-1.8439470892341780,12.8748597716005992,0.0283281572184271,-0.1913824092614611,754.1894662707436510,-8.4137417084883346,4.9075904051988966,754.1611381135251122,6.1410620315363396,6.1592018003178381,-11.5569541770092137,-7.6699370576059609,569.5081460211536069,-70.7622833489257630,-2.3316162879460016,581.0651001981620993,9.1112712721813711,9.2247340140112932,-3.6389085449067893,628.8628358895176689,52.1262453745581382,12.0142186381859748,632.5017444344236992,4.1890138632526321,3.7245750262508652,8.6966357875505071,5.7507167825903558,0.4675653441650182,540.2219802990637163,11.0449259160757194,25.7840347485471568,531.5253445115140494,9.9962848208515140,9.4655229354852395,-0.6499329845958072,653.3378605085016488,13.4385937782512599,12.8376169833770213,653.9877934930962056,12.1490425622467271,11.9862601877806227,-0.2149135336685014,-0.1057979692762552,770.4894699830117588,-1.1305119133086876,6.7290046318652816,770.7043835166790586,4.7850217541226527,4.6526138328361979,-0.4551305692111228,-0.1820522276844467,641.8243341219513241,-10.4224862739421518,2.7703705194342589,642.2794646911628433,4.8882687148976309,5.0115014443338231,451.8149121617408923,6.0749518021524196,5.5889033642018493,7.4966796119071564,453.2682699822555605,3.5793098586193768,3.7963393599765807,7.9389319929122211,443.6116003325292922,18.4174228352054428,14.5731532051340693,5.3520662505738796,454.2963614504065504,5.8821431001432698,5.1729733961584667,7.4314814982701130,-0.2654438957676843,1.4533578205151931,-2.4956419435353254,0.4422523810043439,0.5288380786549582,0.9245197418598826,-0.5324431058210346,-0.5596802090493758,3.9972012057637185,-8.2033118292113159,12.3424710330536964,-2.1446133613332998,-2.7762932105526490,-5.4270186186589298,2.6234327093964418,2.7548599778052649,-16.9386827276716545,2.4814492886656216,-0.1928087020081382,-0.0651981136362755,0.4161328368370936,2.0653164518284974,-0.0182198844980834,-0.0126798897772034,1.5216498445463134,7.3622139870613692,5.8942516162223875,3.5658746270842379,1.8939692620315576,1.2821376446049526,0.9063947136347361,1.6719053650528399,8.1242570690301577,-0.3757429309698409,4.7547893569904636,0.3924036798500197,4.1951091479410838,7.5096493347957249,4.7421094672132620,0.9063947136348156,0.9063947136348245,640.1731828524897310,2.1190295108299244,1.6659752916172110,641.0802703437589116,3.6629384757342378,1.9683797820326185,231.1689811832354735,1.5643322595287521,2.0454723648402986,1.6180838448934363,231.6365465274009807,1.1464409123889705,1.0238464219109997,1.0891188667695171,-0.4675653441642607,662.1841698555223275,210.3692576937816625,13.6763453442263430,16.2145598098210790,-2.1966213584054834,0.5849941156394687,44.2640683130009904,3.0246126073225765,8.3184290661338025,2.8157426317816459,0.6828631733511062,-1.3855932837492915,476.3261660411503726,-25.1224550784693328,0.3797415732435816,432.0620977281481601,-28.1470676857849718,-7.9386874928903275,-6.9904597904251018,439.0525575185729963,-4.0553079371388492,-4.3239303321964861,463.6494102236474646,-0.1852573363065328,18.8671255604961701,419.3853419106463889,-3.2098699436262041,10.5486964943628578,6.4853545536525870,412.8999873569939041,-0.2200953610883948,1.3066741313690555,-0.0544826226034396,-0.9207538925186496,-2.7417460227095538,-17.2487470762893800,3.9434560642625502,-0.0822420529738509,0.0000000000000000,2.1579362783621292,-0.1265570260117893,0.0000000000000000,1.5532840875540435,0.0116828658493079,0.0000000000000000,-1.8439470892341765,-2.8182563521345134,-17.2487470762894048,3.1322415377569612,0.9409204386390091,0.0485734520466758,-1.8041538404106805,-2.7417460227095622,16.1714506765812871,-0.9207538925186540,0.7424328616982050,-0.7209870545579785,-0.0576609872877415,-0.0052953967917313,3.1999805054610770,-0.0228858956158449,-0.0544826226034396,0.0257284732663345,0.4983313725896649,0.3105257963336986,-0.0059763899600358,-0.0153149627670346,-0.0055327110555971,0.1342648638664213,0.0001729452258544,-0.5454345201972651,0.0358153482823633,-6.3419079717276929,0.1430293725222659,-6.3905974814017483,1.2054118681726322,-0.1876353419429694,-0.2420745397392110,-1.0193611884293661,-33.0000000000000000,,,,,,,,,,,,,,,,,,,,,,,,,,,,,,,,,,,,,,,,,,,,,,,,,,,,,,,,,,,,,,,,,,,,,,,,,,,,,,,,,,,,,,,,,,,,,,,,,,,,,,,,,,,,,,,,,,,,,,,,,,,,,,,,,,,,,,,,,,,,,,,,,,,,,,,,,,,,,,,,,,,,8.1927985611638121,6.0429178005246058,854.0000000000000000,132.5564324791999979,139.0000000000000000,296.0000000000000000,1083.0000000000000000,-20.9905732073827984,253.4435675208000021,104.4435675208000021,139.2058766989999867,13.0894840795769998,333.3144311244899995,29.1384080620273984,-55.1922985466700027,67.4020507891599863,181.8988021830000150,751.3275425468590356,19.7512971463779650,4.6951028315595522,504.7473874887863303,493.9646780069759870,-200.6063810247989920,578.5491133316829746,171.8920555307748828,-165.4964217854200115,0.3352448512465374,0.1075765045790502,,,,4.6565478404560698,-1.3237797429008689,,,124.8285257908918737,0.0000000000000000,652.7234108610347221,578.2547069910739310,61.9526497672695768,111.7985839871149096,20.7863309957743461,301.7123110485874804,-55.1922985466700027,0.0000000000000000,-1.1241456404532784,6.9605668374184972,-8.0695080787216682,5.0300069745590008,-50.7185692195084812,-2.3046441509654016,68.4152472768631412,12.7657177675083631,11.6779681276167935,29.4132190671967635,14.3834183297977916,13.6980620074492236,6.2632710505254181,7.7848361541806668,3.6441383117806936,8.2625727805781537,20.2225266577269451,5.4978790047690609,6.0585836079118707,7.7145853778003897,2.1416403689978409,1.6799300465293072,1.5766319891367573,2.0665355193537636,7.6400000000000023,,,,,,,,,,,,,,,
"2012Q1",11.1150718296945001,8.4285006130597395,13.2123627490733000,773.1684154855622637,643.2307550283421733,756.3457372524479752,633.8182823904891166,583.3178059269469031,543.4211884299468238,656.9057158322710848,453.4652560324078081,454.3673194170219745,455.0877609506899830,7.0015765118190343,8.2762544868789050,640.6483262720546463,668.9105164612607268,0.3160503963896915,44.4067398266169917,0.7622871945547782,-1.4275723428984393,478.0396218234083676,472.2212163632453894,-4.4523867611875403,15.2732937381835541,24.7928802424130055,-0.4654456636450864,11.1150718296945463,13.2123627490733480,25.0746268128139143,3.5158876114937665,15.0191414420339058,-0.0276809987030480,-0.0144422601929906,0.0310544952604927,-1.8378331882210790,-3.9668910149458556,-0.2540655716978258,771.9648938028178691,755.7047743842509817,583.3398811933684556,633.6984013631329162,534.1351759628560103,657.0236313010685762,4.7690680369764253,-4.8078554169916217,2.0594919834686602,-0.5128779407562507,43.0228763379714820,3.1655980011328890,6.6013754826698436,1.7135309618170198,231.9428351894369484,1.9772063889803493,3.4565584305952051,13.5713729822737843,-2.3831233984226392,8.4285006130597395,1.2035216827433874,0.6409628681966130,-0.0220752664226784,0.1198810273566701,9.2860124670916804,-0.1179154687991421,-0.2524145798778271,-0.0278195878295155,773.1684154855623774,8.2125099972967881,1.9005736782554876,640.6483262720537368,453.1400504970659426,-0.0210671549490287,-2.7517998853014527,-3.6506272044104180,7.6836548435654164,-2.5019489183404415,11.1150718296945463,13.5713729822737843,-0.0731777541566088,-2.3831233984226392,24.7928802424130055,25.0746268128139143,-0.0276809987030480,-0.2540655716978258,-0.4654456636450864,-0.0144422601929906,3.5158876114937665,-3.9668910149458556,13.2123627490733480,15.0191414420339058,0.0310544952604927,-1.8378331882210790,8.4285006130597395,0.6409628681966130,0.7356085570511284,756.3457372524470657,8.6250839268192898,6.0531112778247085,755.7047743842509817,6.1745450829085975,6.1467124021697970,-0.0220752664226784,0.3113517902478018,583.3178059269465621,55.2386396231716503,28.7551923307243484,583.3398811933684556,9.0991239808243805,9.1539958710337626,0.1198810273566701,633.8182823904909355,19.8217860038895637,12.0764798322614961,633.6984013631329162,4.7866277148370990,4.0783156206540303,9.2860124670916804,6.1214715699424254,0.0278195878302264,543.4211884299470512,12.7968325235361178,10.0990857299438677,534.1351759628560103,10.4393258053702098,9.8096033123760087,-0.1179154687991421,656.9057158322698342,14.2714212950705086,15.7955608306364219,657.0236313010685762,12.1433512318887367,12.0925476952092819,1.2035216827433874,1.6084760987921656,773.1684154855623774,10.7157820102021564,8.2125099972967881,771.9648938028178691,5.0420411445551041,4.7500927319535844,-0.2524145798778271,-0.1009658319511292,643.2307550283420596,5.6256836255633580,5.4781740714938501,643.4831696082197823,4.8148196682299300,4.9350442818027123,453.4652560324075807,6.6013754826698436,5.5947611230117831,7.6782458932216660,453.1400504970659426,-0.5128779407562507,2.7187247886379264,5.9091839419142627,454.3673194170220881,43.0228763379714820,20.2853295457928411,16.6561202259785617,455.0877609506895851,3.1655980011328890,4.2835585781724053,7.0078540500641395,0.9572534286288055,-0.3252055353417657,-7.1142534234277228,-1.7690619513081081,-1.1241950037518469,0.7989894684097336,-0.5021210938004380,-0.5392691998166507,1.2461050845860415,0.9020633846143489,36.4215008553028952,8.9778743327572883,5.7099188016056956,-4.8078554169916217,2.4766528066698217,2.6562380506244327,14.3771711020002630,1.6225049182819589,-3.4357774815362720,-0.6703918431564632,-0.4369870651869702,2.0594919834686602,-0.0232978734392484,-0.0165220633887620,36.8766850430696280,7.0015765118189295,5.9804779049931183,4.2828517231805749,2.5693207613637274,0.8149644504188494,0.5912189372973503,1.7135309618170198,8.2762544868789085,-0.2237455131210883,4.7690680369764253,0.2098832899206331,4.2297988371597608,7.4253060876008368,4.7525459735876563,0.5912189372974248,0.5912189372974443,640.6483262720537368,1.9005736782554876,1.1568469309166329,641.6724697473513288,3.4565584305952051,1.9772063889803493,231.9150156016061146,2.9841376734793843,2.3973205602147192,1.2039203580938587,231.9428351894369484,1.2251546481422229,1.1052683101865415,1.1638969157351127,-0.0278195878295155,668.9105164612606131,215.4452604288526345,20.3040109402797135,16.8516015758504167,-2.1937484669617526,0.3160503963896915,44.4067398266169846,0.5706860544725676,7.1496575712110539,0.8526013895017099,0.7622871945547772,-1.4275723428984382,478.0396218234079697,6.8538231290317313,-7.0765959344499834,433.6328819967896493,6.2831370745660333,-14.2262535056610169,-4.4523867611874817,438.0852687579770759,-3.8691550423843686,-4.1432448498296761,472.2212163632443662,34.2872245583965594,12.0243674559902836,427.8144765366272964,33.7165385039267349,4.8747098847798096,15.2732937381825469,412.5411827984451634,-1.4352182342023676,0.2759912060569380,-0.0210671549490287,-2.7517998853014527,-3.6506272044104180,7.6836548435654164,-0.5089292727405592,-0.0620404386443147,0.0000000000000000,0.3725616282398292,-0.1473583586601360,0.0000000000000000,-3.9668910149458529,0.0172652335235300,0.0000000000000000,-1.8378331882210848,1.0664543527719701,7.6836548435654208,3.5439480038323978,-1.5771377415086145,-1.3124652382760722,-0.0703623521933798,-3.6506272044104513,24.7349401308839703,-2.7517998853014660,-0.1828031157193662,0.1144231247517666,-0.1738094656561206,-0.0159620937847455,6.7045452651475479,-0.0147621712216239,-0.0210671549490288,0.0818129643539998,0.5812519176632042,0.2401574898561691,0.0018559739906781,-0.0824629047487651,-0.0068999773909745,0.1360357813726989,0.0056645851509930,-0.5422085352806870,-0.2338440723114088,-2.2450565773091213,0.0145540433903263,-0.1183016911239250,10.5389849140166802,-0.1805383875240745,-0.2193778989590799,-1.2371324092257470,-32.0000000000000000,,,,,,,,,,,,,,,,,,,,,,,,,,,,,,,,,,,,,,,,,,,,,,,,,,,,,,,,,,,,,,,,,,,,,,,,,,,,,,,,,,,,,,,,,,,,,,,,,,,,,,,,,,,,,,,,,,,,,,,,,,,,,,,,,,,,,,,,,,,,,,,,,,,,,,,,,,,,,,,,,,,,7.9031371133145001,-0.6216933841423327,873.0000000000000000,164.5178318103999970,137.0000000000000000,315.0000000000000000,1100.0000000000000000,-21.2151143005280360,240.4821681896000030,93.4821681896000030,148.4614039819999789,13.2123627490733000,236.9285185190599918,24.9109276889805002,31.3259959743099934,10.8562743087499989,46.2848442539999922,803.6028380564920326,26.9053864229517785,3.3715467174152423,506.4940555326365939,494.0014728056959825,-179.7392304898810096,611.5027337299979990,0.6564729493895811,-160.7025248211959934,0.3579181818181818,0.0996985194148988,,,,1.4431705125413099,1.2434007040934507,,,42.4640366932704083,0.0000000000000000,658.7507493892317143,593.7401736729735831,61.9418667275986081,17.9217526414079842,19.8911323549898000,76.4079375829433758,31.3259959743099934,0.0000000000000000,11.3109911737669506,8.5591608816064166,9.0079728815351245,6.2400651291999054,73.7394185606098631,33.3159812432660090,21.9227985946077695,12.8359489110037970,13.6517003218340989,10.6266527453586122,15.3400127740821688,17.1114205810703623,6.8241410540414762,7.9807148440216338,-0.5115649674548592,6.0872666195789691,53.7609232002333783,18.1235827960142473,3.2162359736730366,7.2592419891743418,1.9187495457681223,1.1635642831948161,3.0291092853817787,2.4262873016013202,7.2525089605733672,,,,,,,,,,,,,,,
"2012Q2",10.0953380979371001,7.5998198439269498,13.8391047691474007,774.3495738282582579,644.7231973919075472,761.2319331765288553,640.6648719267674323,571.9974767201015311,534.9548383210957354,662.4761868189078768,455.2159396867347709,458.3779373966845014,457.8318807659665026,8.1724369809889765,7.3597053001706705,641.3380484143074227,674.8553684850095351,0.0785549907352063,43.1621813380652242,0.7309222432408695,-1.4579761012269159,476.6096907094413950,463.4759518807184691,-3.7137735210214373,8.4578582670803257,26.2658923527444159,-2.3314494856599057,10.0953380979369918,13.8391047691473883,25.0043337871471110,3.5300367554242746,15.1014531253427844,-0.0265123177907503,-0.0138325136300611,0.0853160803828329,-1.3476644365782335,-5.8476537274541371,1.2880708833879499,773.1968643590915917,757.2533091313830482,585.6048675095410090,634.6600141283810217,536.8493755705331978,660.0564530759589843,4.8012659236886703,-4.2561170205029910,2.0516525495397024,4.8158342554386042,16.0424719186481255,10.9764792611053199,7.0027346173079072,1.7910029282048376,232.2714800757836429,2.0001284613157431,5.7740577676392570,13.4329174172285661,-3.2119184074878233,7.5998198439269498,1.1527094691652586,3.9786240451452937,-13.6073907894413146,6.0048577983871416,-1.8945372494366333,2.4197337429493775,0.0554361784937502,-2.1152593843347129,774.3495738282572347,9.5253184593545122,2.7588885690058600,641.3380484143069680,454.3440090609245772,-0.0332821481295885,6.8975425524975869,2.6028910783039358,-13.2782970333053409,-3.3503739725331849,10.0953380979369918,13.4329174172285661,-0.1256609118036755,-3.2119184074878233,26.2658923527444159,25.0043337871471110,-0.0265123177907503,1.2880708833879499,-2.3314494856599057,-0.0138325136300611,3.5300367554242746,-5.8476537274541371,13.8391047691473883,15.1014531253427844,0.0853160803828329,-1.3476644365782335,7.5998198439269498,3.9786240451452937,3.0917929910766722,761.2319331765284005,19.5447836963247816,7.8297895558926358,757.2533091313830482,6.1941389885316909,6.1626842484373583,-13.6073907894413146,-8.4407112136535112,571.9974767201003942,-45.2813168273809410,9.7372039404204376,585.6048675095410090,9.0599452646914500,9.1133586796916983,6.0048577983871416,640.6648719267678871,27.3863581451086766,31.3162413929829491,634.6600141283810217,3.8464510609888110,4.3452985566593769,-1.8945372494366333,-1.7944016942312837,2.1152593843351224,534.9548383210959628,-33.8654004354024352,12.2137775702066698,536.8493755705331978,10.8567984307064656,10.2274049327482448,2.4197337429493775,662.4761868189082179,22.2818839465482696,19.5719333300189362,660.0564530759589843,12.1312870995584543,12.1261606071120038,1.1527094691652586,1.3072173548533144,774.3495738282572347,4.7246333707825343,9.5253184593545122,773.1968643590915917,4.9278822250949172,4.8946478335609021,0.0554361784937502,0.0221744713974954,644.7231973919073198,5.9697694542611526,5.5799643541856501,644.6677612134138826,4.7383664207746534,4.8563918270700617,455.2159396867346004,7.0027346173079072,4.5801503359856754,6.7726914442425121,454.3440090609245772,4.8158342554386042,4.1155392720577204,4.7537672463300868,458.3779373966844446,16.0424719186481255,6.6377200742573228,16.2686925581640125,457.8318807659662752,10.9764792611053199,5.1046391451751267,7.7570287291201527,0.4991156984659813,-0.8719306258097347,-2.1869003618717802,-2.0189241979130763,-1.5592908191551307,0.6873601933450036,-0.4465171002585420,-0.5079738488174340,-3.5339249305784017,3.1619977099495076,9.0397373013406721,9.4960011139217428,7.4181147304522641,-4.2561170205029910,2.2069535859539098,2.5047379419503542,2.0739987162924258,2.6159410792315483,3.9737446437978732,0.9843372848784199,0.5642885296920017,2.0516525495397024,-0.0313577357159258,-0.0217430882581910,-30.3805074504635222,8.1724369809888930,6.1457517516351041,4.0568977089306841,2.2658947807258194,1.5676010089713752,0.4273063091417031,1.7910029282048376,7.3597053001706767,-1.1402946998293289,4.8012659236886703,-1.0615220807527832,4.2932920748712364,7.3060038656390365,4.7795228354304893,0.4273063091417513,0.4273063091417394,641.3380484143069680,2.7588885690058600,1.5081267204858284,642.6291865286389111,5.7740577676392570,2.0001284613157431,230.1562206914477144,-7.0351796406363816,-0.7881030885974935,-1.9922116842269810,232.2714800757836429,1.3145795453852751,1.1879058945116294,1.2488505681160191,-2.1152593843347129,674.8553684850096488,219.6394287982748210,16.7766734776857049,16.2379494582663639,-2.1704546216920799,0.0785549907352008,43.1621813380651318,-4.9782339541992071,2.4575374372452878,-3.5865346174357255,0.7309222432408712,-1.4579761012269161,476.6096907094416224,-5.7197244558653839,-10.2588724004915441,433.4475093713750198,-0.7414905016591247,-12.7164098377369843,-3.7137735210212792,437.1612828923963434,-3.6959434623246499,-3.9643331097402505,463.4759518807248355,-34.9810579300740443,-6.6767175076199567,420.3137705426595403,-30.0028239758703634,-9.1342549448646739,8.4578582670765705,411.8559122755830799,-2.7410820914493290,-0.8770806363110475,-0.0332821481295885,6.8975425524975869,2.6028910783039358,-13.2782970333053409,0.8855695373970801,-0.1165616850260994,0.0000000000000000,1.4659167835765210,-0.1100564754948252,0.0000000000000000,-5.8476537274541247,0.0225030977292228,0.0000000000000000,-1.3476644365782313,4.2117804110330752,-13.2782970333052788,-7.5309599733998596,0.7089134048275678,-0.3180141446357094,0.1564020104448689,2.6028910783039514,-1.3098825988766976,6.8975425524976401,1.5506823418207594,-0.9389237380203455,-0.3422919224417953,-0.0314349724691440,0.1913366373430350,0.0059460717486875,-0.0332821481295887,0.0541741750102245,0.5778356077067671,0.2335001213659401,0.0212030487155538,-0.2200602130107110,-0.0103896496205922,0.1506826296501532,0.0206427112334279,-0.5599025454018071,-0.2185323818711020,-5.8308353437008975,-0.0922637280670700,-0.9532937290850327,-2.6916461617963705,-0.1731609926183193,-0.2137039241787281,-1.4493856806667331,-31.0000000000000000,,,,,,,,,,,,,,,,,,,,,,,,,,,,,,,,,,,,,,,,,,,,,,,,,,,,,,,,,,,,,,,,,,,,,,,,,,,,,,,,,,,,,,,,,,,,,,,,,,,,,,,,,,,,,,,,,,,,,,,,,,,,,,,,,,,,,,,,,,,,,,,,,,,,,,,,,,,,,,,,,,,,6.3166697187838565,-0.7715694227966878,905.0000000000000000,112.6030281408000064,124.0000000000000000,319.0000000000000000,1128.0000000000000000,-23.5424466955562366,305.3969718591999936,131.3969718591999936,159.1633686399999874,13.8391047691474007,297.8198894965728982,23.6925155713263003,29.1757385138571124,9.5530288220899990,99.9277535206257710,852.8244172403140055,23.7794080949952331,7.8676732911685576,513.9538725010812641,425.6553861560399810,-104.9272633316069943,522.1711077969169992,-149.4540892868631090,-73.8487480364734949,0.1789601063829787,0.0927101072347023,,,,0.7415780641393980,1.7539401898707525,,,81.0840242526398072,0.0000000000000000,669.3389533154050923,609.0419120080506445,61.2069533403082460,15.6619319779792541,19.8911323549898000,163.8288450185912382,29.1757385138571124,0.0000000000000000,4.8380228663193634,9.9937307054757980,21.5855369559654093,8.1444768283885196,-36.4163082961400235,10.2270385363461855,31.5035394781424714,36.7743653610998251,-28.7270992433969354,12.9909765167924149,24.9594176080574499,21.6185514653304267,7.2537510649591326,7.0073047079699506,4.9336796839310324,4.8685706950948742,17.4009389431944044,17.6668247289408953,11.6015544483814921,8.0658186325864420,2.7972983134504972,1.5195563369271525,-6.7934135199114536,-0.7850056984231912,8.5156666666665881,,,,,,,,,,,,,,,
"2012Q3",10.8646921738702993,6.3572932454372797,13.5700703825791997,778.5806166097767118,651.6644544451876300,770.4058694883475482,626.2362695677361444,605.6228177583377601,542.1165912739008945,671.7488865236985021,455.8632552925994332,458.7744855744681445,458.5402421083570061,9.3559101378150018,6.2703632206795508,642.4509531959325841,673.0937923810189432,-0.1290857462847512,41.6924889268226480,0.7040821805632425,-1.4778870150368377,481.6858131558007017,463.4638541937823106,3.7187423775480966,10.9403289160351846,21.4143846162005609,3.0203779402488427,10.8646921738702691,13.5700703825792353,24.9522055445952233,3.6143329405702511,15.1830286453067274,-0.0931694174840895,-0.0486101308613630,0.2721862549391715,-1.8851445176665873,-0.5453448694600703,-3.4446515109103011,774.5297723713355253,758.8218574243805961,587.8822055366981658,635.7924289000399085,539.7186353844017503,663.0553489565843392,4.8383782831282289,-3.7743958478069004,2.0413887369091124,2.7721426693345599,1.5861927111351704,2.8334453695599922,2.5892624234605002,1.8743240636627565,232.6212814153853401,2.0229659882149860,7.4840565377570476,13.3835098398588990,-2.1048518627040944,6.3572932454372797,4.0508442384407175,11.5840120639670925,17.7406122216392603,-9.5561593323059046,2.3979558894994040,8.6935375671119708,5.8331626730470241,-3.5148840208868277,778.5806166097771666,7.8085186484385423,4.4516191264969684,642.4509531959320157,455.0370447282580244,0.0281578249871673,-2.0307510228564354,-1.7111162262604955,26.1204587731157218,-2.1542594400733801,10.8646921738702691,13.3835098398588990,-0.4139658032847103,-2.1048518627040944,21.4143846162005609,24.9522055445952233,-0.0931694174840895,-3.4446515109103011,3.0203779402488427,-0.0486101308613630,3.6143329405702511,-0.5453448694600703,13.5700703825792353,15.1830286453067274,0.2721862549391715,-1.8851445176665873,6.3572932454372797,11.5840120639670925,7.9347696149986477,770.4058694883470935,36.6957452472750845,14.1129677904845146,758.8218574243805961,6.2741931719904995,6.1959848187399880,17.7406122216392603,12.1663349870304565,605.6228177583375327,134.5013641529496908,18.4241008999527942,587.8822055366981658,9.1093521086264442,9.0949231565809541,-9.5561593323059046,626.2362695677350075,-57.7144094361305164,10.4049950218601399,635.7924289000399085,4.5296590866375110,4.3379379314314930,2.3979558894994040,0.6568827477644463,3.5148840208873979,542.1165912739013493,28.6470118112235781,4.6558424538563834,539.7186353844017503,11.4770392554785392,10.6923620781016488,8.6935375671119708,671.7488865236972515,37.0907988191578539,21.7706744597588759,663.0553489565843392,11.9955835225063456,12.1048161040498208,4.0508442384407175,4.8804385704057891,778.5806166097771666,16.9241711260823671,7.8085186484385423,774.5297723713355253,5.3316320489740097,5.0216442931865650,5.8331626730470241,2.3332650692188137,651.6644544451874026,27.7650282131215818,7.2344987547509891,645.8312917721408439,4.6541222349081570,4.7738942597026064,455.8632552925997743,2.5892624234605002,2.2757900178364081,5.5670810813985740,455.0370447282580244,2.7721426693345599,4.0524916378678011,2.6636022106583361,458.7744855744685424,1.5861927111351704,-6.5079038493749914,19.7672409507421349,458.5402421083571767,2.8334453695599922,2.4056388022067194,5.7144164329865612,2.5376985865752739,-0.8262105643418480,0.1828802458721161,-2.9034788707410977,-1.4164059258808135,0.5901953615386626,-0.3886593272252734,-0.4674351567761055,-2.8263558768705850,2.9112302818687530,-1.0030697123248431,14.2001598693440609,6.6856261296751658,-3.7743958478069004,1.9268846907851973,2.3084809482014577,29.2192517354126480,2.6769868157573664,0.2441829461005306,0.1473353515897567,0.6355980788483278,2.0413887369091124,-0.0410552505224436,-0.0284826860441561,7.4511307956546950,9.3559101378148757,6.3240430195658677,5.3034184999473339,3.4290944362848652,2.4503614794902351,0.2207247001695285,1.8743240636627565,6.2703632206795490,-2.2296367793204457,4.8383782831282289,-2.1409484046796727,4.3709431263521612,7.1468592313297092,4.8098955970841022,0.2207247001695419,0.2207247001696225,642.4509531959320157,4.4516191264969684,2.8075277211469816,643.6667296991437297,7.4840565377570476,2.0229659882149860,229.1063973944973498,-4.1992931878053401,-1.6715007238567801,-1.9189468251039519,232.6212814153853401,1.3992053584048523,1.2713451160806319,1.3292450904846136,-3.5148840208868277,673.0937923810188295,217.2305370884189131,-9.6355668394257226,10.2803657306926990,-2.1481916975194997,-0.1290857462847481,41.6924889268225982,-5.8787696449625289,-1.8154262343473642,-4.3069631700463198,0.7040821805632417,-1.4778870150368379,481.6858131558017249,20.3044897854398165,-0.9209666549650093,439.9933242289776558,26.1832594304090698,0.8944595793819552,3.7187423775484900,436.2745818514288203,-3.5468041638708989,-3.7918026514300807,463.4638541937810032,-0.0483907477749277,-0.2318703639508586,421.7713652669585827,5.8303788971880479,1.5835558703969892,10.9403289160344919,410.8310363509241938,-4.0995036986173155,-2.1239748463519792,0.0281578249871673,-2.0307510228564354,-1.7111162262604955,26.1204587731157218,0.0573833234738048,-0.1019115531944480,0.0000000000000000,-4.3463011292821108,-0.0392019770827478,0.0000000000000000,-0.5453448694600667,0.0225900512173062,0.0000000000000000,-1.8851445176665917,8.7483749169711160,26.1204587731157147,4.3711076296953877,2.0526414184166866,-2.5538807021421484,5.8109882016495380,-1.7111162262605788,6.1683108626820058,-2.0307510228564070,1.9049457966962628,-1.2033715494740491,-0.1583351818844134,-0.0145409860914281,-27.5557271886224484,0.0072445351785737,0.0281578249871669,0.1408007992713360,0.8014774384090984,0.1092574700278577,0.0293373101141047,-0.2573998095351415,-0.0128332883781417,0.1503547902888505,0.0228503730308203,-0.5829841333040848,-0.2029274375758441,-2.2922350275268286,-0.0893070869964914,6.0212819605817742,4.7660923810669829,-0.1657085239326136,-0.2204550477789274,-1.6325298162953108,-30.0000000000000000,,,,,,,,,,,,,,,,,,,,,,,,,,,,,,,,,,,,,,,,,,,,,,,,,,,,,,,,,,,,,,,,,,,,,,,,,,,,,,,,,,,,,,,,,,,,,,,,,,,,,,,,,,,,,,,,,,,,,,,,,,,,,,,,,,,,,,,,,,,,,,,,,,,,,,,,,,,,,,,,,,,,4.7302023242531561,-0.9214454614510146,1008.0000000000000000,177.4453599999999938,152.0000000000000000,373.0000000000000000,1195.0000000000000000,-24.9603079044647096,230.5546400000000062,95.5546400000000062,159.3651000000000124,13.5700703825791997,284.6870057940524248,24.4929009074227011,11.6333942059475497,34.5399999999999991,79.1485115881048671,837.9328146423380304,-7.0463044159623678,3.2777575256898785,517.0044316207209931,384.4451076723290157,-139.6999926415130062,485.1448269564750149,-66.7358892802957371,-106.3287593805710003,0.2770962343096234,0.0949329329225622,,,,3.4832056600399102,1.0241932683931094,,,99.6094936032352791,0.0000000000000000,680.9770438606819880,624.0195210192227933,59.9104360446885948,56.0006792284660690,19.8911323549898000,128.3257211596986167,11.6333942059475497,0.0000000000000000,18.4406388689217522,8.1214759631387494,44.3336507409350418,15.1573972002485533,283.8238899691980919,20.2305554639794991,-43.8500331036531890,10.9655881085128897,33.1718373040682764,4.7659286290888190,44.9049737565657381,24.3222432461342066,2.6230750244959040,5.7249591313245531,2.8109240734701473,2.6993931639414939,1.5988395268617523,21.8563138730272470,2.8739692682829201,5.8808441802702021,4.5521904895604592,2.8473102094692706,-4.1123441995023597,-1.6576086601833850,9.8075499198877480,,,,,,,,,,,,,,,
"2012Q4",6.9823084674745299,7.7759800788278097,15.7496403248084995,778.0942813109453482,649.3153406714607172,759.6970828496179138,601.5217104284214429,633.3810635964305220,547.4934195210155394,664.8421097209134132,456.2734616792697011,456.7304437526734660,459.9416261317114163,10.7074046724566934,4.6362092164822517,644.3940141459753477,675.6933369163612042,-0.3085145565002421,41.6954214879180824,0.5403043901015757,-1.4881480691594196,479.4925907555351614,462.4737265484311592,2.3803428113918130,11.3196033120512425,15.1150464176757495,7.6169023746073732,6.9823084674746081,15.7496403248084835,24.9659303195231388,3.6940758146619523,15.2717323414465440,-0.0473830737343214,-0.0247216036875642,0.0256307995573341,0.4522771838045953,3.9475481636329923,-9.8035008281130693,776.0341476703199532,760.4143612785792357,590.1697551127685983,637.3495917949014711,542.7582735866205894,666.0028650721951635,4.8314797088335588,-3.3045833255693293,2.0311323735163267,3.2932398192254837,-8.1761672871802418,5.6055360934125940,1.6408255466791997,1.8676976232405251,232.9791701978840024,1.9958683189054209,7.7623647833544549,13.3882737927385413,-6.3082298482846539,7.7759800788278097,2.0601336406241733,-0.7172784289606846,43.2113084836620658,-35.8278813664797013,4.7351459343959013,-1.1607553512821713,2.3513517095451770,-2.7500892470530642,778.0942813109446661,7.6048113279354528,7.7722438001673195,644.3940141459743245,455.8603546830636901,0.0479285955078458,2.2453750199060822,1.6259957731172487,32.4659629336505020,-6.3034658954051821,6.9823084674746081,13.3882737927385413,-0.0977354769792772,-6.3082298482846539,15.1150464176757495,24.9659303195231388,-0.0473830737343214,-9.8035008281130693,7.6169023746073732,-0.0247216036875642,3.6940758146619523,3.9475481636329923,15.7496403248084835,15.2717323414465440,0.0256307995573341,0.4522771838045953,7.7759800788278097,-0.7172784289606846,-3.0174220014556177,759.6970828496180275,-42.8351465549153829,5.5076165788769558,760.4143612785792357,6.3700154167969867,6.2532231650552221,43.2113084836620658,26.2114328480474121,633.3810635964307494,111.0329833523755099,63.8729175752775546,590.1697551127685983,9.1501983042831263,9.1046549146065114,-35.8278813664797013,601.5217104284226934,-98.8582365572500095,-27.3411254610926839,637.3495917949014711,6.2286515794445556,4.8478473604793848,4.7351459343959013,2.6058776639249959,2.7500892470535989,547.4934195210154257,21.5073129884618162,7.2714392219521979,542.7582735866205894,12.1585528088729156,11.2329290751070019,-1.1607553512821713,664.8421097209132995,-27.6271072111363303,11.5042492124109863,666.0028650721951635,11.7900644624418476,12.0150715790990237,2.0601336406241733,-3.6360382222853751,778.0942813109446661,-1.9453411953244544,7.6048113279354528,776.0341476703199532,6.0175011959396878,5.3297641536403342,2.3513517095451770,0.9405406838180730,649.3153406714604898,-9.3964550949066385,7.4910065495098852,646.9639889619159021,4.5307887591005338,4.6845242707533199,456.2734616792697580,1.6408255466791997,-0.3925295272969320,4.4585495175299341,455.8603546830636901,3.2932398192254837,0.2662589224920913,2.5920847008093695,456.7304437526740912,-8.1761672871802418,-5.1163621598767595,13.1188434201455326,459.9416261317114163,5.6055360934125940,3.0776626932395517,5.6452646813042753,1.0980890630887510,-0.4131069962058218,1.6524142725445310,-1.8664648167209437,-0.9085610325976365,0.4954540363915135,-0.3789653005879670,-0.4290657054677341,6.3524189145635397,0.4569820734043968,-9.8169928338581318,8.6602939026165533,3.7615653989732225,-3.3045833255693293,1.8792500889493291,2.1224352930894166,3.2570360394677680,3.6681644524416757,3.9647105467344748,1.1867151637751301,1.6370320789254897,2.0311323735163267,-0.0410254535730943,-0.0341840783125267,8.2074563456442657,10.7074046724568159,6.3202120314862453,10.4411457499642975,8.5734481267239158,6.3893831621991692,2.5255923786810448,1.8676976232405251,4.6362092164822464,-3.8637907835177501,4.8314797088335588,-4.8440790807219241,4.4024140033658199,6.9539150019229625,4.7972956305210328,2.5255923786811278,2.5255923786811434,644.3940141459743245,7.7722438001673195,4.2208312934815604,644.9636647197100956,7.7623647833544549,1.9958683189054209,230.2290809508299105,4.4907342253274622,-0.9399002324072203,4.6610125917435870,232.9791701978840024,1.4315551299942342,1.3426236704819938,1.3599773734945302,-2.7500892470530642,675.6933369163616590,219.4198752370916168,8.7573525946857966,9.0506175433071121,-2.2192025413730687,-0.3085145565002428,41.6954214879180398,0.0117302443903142,-2.5686468250808763,0.4054367414358131,0.5403043901015765,-1.4881480691594200,479.4925907555347635,-8.7728896010625448,3.1664247143859550,437.7971692676156295,-8.7846198454456523,5.7350715394667757,2.3803428113915488,435.4168264562238164,-3.4310215808196416,-3.6357310623501204,462.4737265484311592,-3.9605105813967345,-1.1756836752141990,420.7783050605132757,-3.9722408257844783,1.3929631498671577,11.3196033120514965,409.4587017484617490,-5.4893384098534481,-3.4412856085345953,0.0479285955078458,2.2453750199060822,1.6259957731172487,32.4659629336505020,2.0973334561091699,-0.0386649478423131,0.0000000000000000,-7.3922447704757843,-0.0395404788798719,0.0000000000000000,3.9475481636329954,0.0305339825929519,0.0000000000000000,0.4522771838045943,-6.8304872869434803,32.4659629336504878,3.8190468225815835,0.9024095480866967,3.8419084074558736,0.0180866403263704,1.6259957731172481,-2.2120243010516560,2.2453750199060920,3.0388077896558423,-1.8571176821293520,0.7378135856648838,0.0677583905202458,14.7620120823235528,-0.0838029404303261,0.0479285955078458,0.1347104931898304,0.8937622082700919,0.0326568081627458,-0.0109623876761796,-0.0529724057191250,-0.0040757281029084,0.1023100395096352,-0.0248010704880703,-0.6389222604185089,-0.1871739549925716,4.3186934144367033,-0.2275868179144022,0.0747225373116152,3.3331632033461176,-0.1580497556262654,-0.2388978333359026,-1.7997850810981799,-29.0000000000000000,,,,,,,,,,,,,,,,,,,,,,,,,,,,,,,,,,,,,,,,,,,,,,,,,,,,,,,,,,,,,,,,,,,,,,,,,,,,,,,,,,,,,,,,,,,,,,,,,,,,,,,,,,,,,,,,,,,,,,,,,,,,,,,,,,,,,,,,,,,,,,,,,,,,,,,,,,,,,,,,,,,,3.1437349297226547,-1.0713215001053698,928.0000000000000000,272.2070256143999814,152.0000000000000000,335.0000000000000000,1219.0000000000000000,-22.2561451685463219,201.7929743856000186,48.7929743856000044,186.8363376387963513,15.7496403248084995,278.1724612697593670,22.0083896894627991,-42.3814491447593440,11.7520311475041481,121.9655416282182188,860.0008427282230059,10.3981781413690442,1.5836824011690283,520.4294908160514979,420.7176023177549951,-145.3033658816970046,495.3394618425019758,34.0199418894738983,-105.9548621316159966,0.0000000000000000,0.1464814417411412,,,,0.7008125961622860,-1.4944842075155658,,,33.3448007904137640,0.0000000000000000,684.5887799813091306,638.5702853802248455,58.2030574440082091,18.6872453965036698,19.8911323549898000,193.9409432903047730,-42.3814491447593440,0.0000000000000000,-1.9265415366949412,7.9014487833886164,-34.8417634204340345,5.6621089989472182,203.5359392629553668,89.4072316173498507,-62.7896175515313857,-23.9220150936196774,23.9952571238988526,7.5423343774126579,-24.1392734385727579,12.1921109370114067,1.6543610188768412,4.5594366162844864,3.3480671718068891,2.6259713731683405,-7.8508451037326807,14.0182610470491227,5.7656234953022363,5.8076510319123855,8.0822621745856793,4.3111749789733125,4.5930941814381470,-0.9354969763758589,11.3016666666668097,,,,,,,,,,,,,,,
"2013Q1",3.4681930252205802,4.1518390140214700,15.8841869663809003,778.1144768600510133,649.2807491747478252,762.0286374088003640,596.7332392035126531,627.5325410992021489,546.5247113628975058,663.5074193308754502,457.9209995758802165,457.0571222867913548,460.6468231020552366,9.9666745477837058,5.8475955618958704,645.2129813418313233,679.5101902535429872,-0.4732034809977819,41.9512206755068320,0.0866291327957726,-1.4897300339905506,480.1538000333466698,465.5918179091914340,3.6205776159210359,15.9027043359650406,13.8647930564316191,5.4875869351697748,3.4681930252205078,15.8841869663809039,25.0187668023129355,3.7317653107746973,15.3566510725533867,-0.0109666422999311,-0.0057217264174406,-0.0227993353892531,0.5503352292167698,1.7615433508125187,-11.1430071035814251,777.6376663252689241,762.0168538151058328,592.4389473669896233,639.1563276913499294,545.9207160706091599,668.9202441990864827,4.8196239988108189,-2.8356672500124005,2.0212001189398809,7.9945753276630631,1.3067141364654946,2.8207878813753511,6.5901515864406166,1.8666704921341102,233.3426574802387279,1.9751488531767707,8.7047722086121695,13.3938810405342057,-9.9317989819854944,4.1518390140214700,0.4768105347809185,0.0117835936945950,35.0935937322124687,-42.4230884878381787,0.6039952922890647,-5.4128248682119438,1.2080178810341684,-4.0374539778776901,778.1144768600505586,4.9460613744889654,3.2758687834251350,645.2129813418317781,457.8589985149787935,-0.0031478077475566,-1.4850258303818640,5.9424652462218734,8.7267552732264946,-9.9261917341898975,3.4681930252205078,13.3938810405342057,0.0061109666718124,-9.9317989819854944,13.8647930564316191,25.0187668023129355,-0.0109666422999311,-11.1430071035814251,5.4875869351697748,-0.0057217264174406,3.7317653107746973,1.7615433508125187,15.8841869663809039,15.3566510725533867,-0.0227993353892531,0.5503352292167698,4.1518390140214700,0.0117835936945950,-3.2748524796458733,762.0286374088001367,9.3262182367282165,5.6829001563539698,762.0168538151058328,6.4099701461077236,6.3120794308548716,35.0935937322124687,20.2977306171352829,627.5325410992024899,-23.3940899889127962,44.2147351722566668,592.4389473669896233,9.0767690168827198,9.0990661736209546,-42.4230884878381787,596.7332392035119710,-19.1538848996392517,-37.0850431869766197,639.1563276913499294,7.2269435857906945,5.4579263282175292,0.6039952922890647,-0.3396750774475032,4.0374539778784975,546.5247113628972784,-3.8748326324699427,3.1035229329504759,545.9207160706091599,12.6497699359546356,11.7855401077529471,-5.4128248682119438,663.5074193308743133,-5.3387615601583214,6.6017034986034142,668.9202441990864827,11.6695165075618554,11.8966128980174801,0.4768105347809185,-5.5627132803601196,778.1144768600505586,0.0807821964250550,4.9460613744889654,777.6376663252689241,6.4140746197944836,5.6727725224502414,1.2080178810341684,0.4832071524136691,649.2807491747481663,-0.1383659868510314,6.0499941464062710,648.0727312937139004,4.4349693271927277,4.5895616854940275,457.9209995758805576,6.5901515864406166,1.3962705604229675,4.4557435434723436,457.8589985149787935,7.9945753276630631,1.4040479967402284,4.7189480179143297,457.0571222867910137,1.3067141364654946,0.7550486536082877,2.6898028697693093,460.6468231020553503,2.8207878813753511,2.8030089449136746,5.5590621513644765,-0.4260423677507059,-0.0620010609008557,1.4044237412202314,0.2632044744411101,-0.4628679736242365,0.4008669127230445,-0.3783484946734939,-0.3981225556861691,2.8451164043671517,-0.8638772890886990,-5.2834374499740102,-1.7659406737031778,1.9717899609231528,-2.8356672500124005,1.8756643022277628,1.9721881669795589,10.0600684193795438,2.7258235261754513,-3.7693637050646838,1.1033186078927619,0.7046234072356952,2.0212001189398809,-0.0397290183061713,-0.0382918645293651,21.5161399763974508,9.9666745477837893,6.3079459962715623,8.5626265510430351,6.6959560589090410,5.9218584603237749,3.2694540222192336,1.8666704921341102,5.8475955618958730,-2.6524044381041292,4.8196239988108189,-4.6288646068138650,4.4215014431246384,6.7918121657903825,4.7813321342814525,3.2694540222193056,3.2694540222193202,645.2129813418317781,3.2758687834251350,4.5646550697739814,646.5002298347802707,8.7047722086121695,1.9751488531767707,229.3052035023599444,-3.6955097938819144,-2.6098120992475407,5.5544948685997770,233.3426574802387279,1.4539491294188349,1.3998222908012721,1.3812516729478936,-4.0374539778776901,679.5101902535432146,221.5891906776629980,8.6772617622846351,6.1439302488080871,-2.2432170317257945,-0.4732034809977812,41.9512206755068320,1.0231967503606259,-2.4555191511083736,1.2146099462121311,0.0866291327957717,-1.4897300339905519,480.1538000333464993,2.6448371112467068,2.1141782099403659,438.2025793578386583,1.6216403608932080,4.5696973610485809,3.6205776159211509,434.5820017419173382,-3.3392988572248332,-3.5032670160603852,465.5918179091909224,12.4723654430454332,-6.6293984540513886,423.6405972336850141,11.4491686926890921,-4.1738793029430745,15.9027043359673641,407.7378928977173587,-6.8832354029788378,-4.8032899007285943,-0.0031478077475566,-1.4850258303818640,5.9424652462218734,8.7267552732264946,-2.2361510253924353,0.0011329987659900,0.0000000000000000,-4.2805565239021881,-0.0776067131541691,0.0000000000000000,1.7615433508125333,0.0276360545213355,0.0000000000000000,0.5503352292167651,3.1911458013335903,8.7267552732264591,-1.5243977251935945,-0.4690013729467736,3.6414347834594256,0.2674771972161025,5.9424652462218743,4.8442693367572360,-1.4850258303818578,1.2310166948082959,0.8250072670618458,-0.3341251043963711,-0.0306849585670135,1.3011058948321548,-0.0439076713148393,-0.0031478077475565,0.0224773199156074,0.7375414596272507,0.1073519603439785,-0.0166093808337164,-0.0136870507884246,-0.0028061100903815,0.0939717559243083,-0.0211326338381053,-0.6360749116802171,-0.1831997978875536,0.6177600089248045,-0.5256731742816245,2.1447650728582772,7.6393939181697448,-0.1503967717470729,-0.2513794344870483,-1.9428308341110871,-28.0000000000000000,,,,,,,,,,,,,,,,,,,,,,,,,,,,,,,,,,,,,,,,,,,,,,,,,,,,,,,,,,,,,,,,,,,,,,,,,,,,,,,,,,,,,,,,,,,,,,,,,,,,,,,,,,,,,,,,,,,,,,,,,,,,,,,,,,,,,,,,,,,,,,,,,,,,,,,,,,,,,,,,,,,,-1.5807126531918243,-1.0099598849157587,934.0000000000000000,266.5407554024000092,150.0000000000000000,339.0000000000000000,1196.0000000000000000,-21.9205851598678976,184.4592445975999908,38.4592445975999979,193.8755687673100567,15.8841869663809003,224.5007727940437974,21.4788940627853009,-4.8831095891169856,9.5482351832137091,25.9600784326370118,893.4603008327339921,15.2674133487271320,1.4837265072596892,524.1457569711960787,364.7303938332859730,-114.7817341837060070,483.3452970257329753,-58.3285684396552142,-70.6947417930970943,0.0000000000000000,0.2320611643486300,,,,1.2448416807173901,-1.9284876695182800,,,8.6952133872888382,100.0000000000000000,685.5095432859427547,652.6270882165672447,56.2272113453695965,15.0590901480422481,127.2934218108691766,40.9431851924439698,-4.8831095891169856,0.0000000000000000,0.0808148340292121,5.0704208095861247,9.7749508106669651,5.8474797384084951,-20.8591413151286105,55.6045009454634567,-17.4312452649155887,-30.9852842140350759,-3.8007213056912832,3.1521843069317441,-5.1987523170891308,6.8244914548197073,6.8121518961397101,4.5565027467802537,8.3228304494938214,4.8320626242113605,1.3152889543840587,2.7263046071872310,2.8609488318252119,5.7164814607370147,3.3301161012480947,4.6704388632888225,-3.6280592634664544,-2.5760508427082840,10.4802676231974701,,,,,,,,,,,,,,,
"2013Q2",11.7603042953656995,9.3285257743830208,15.4253369514437004,780.7090813975269157,648.5541970194901751,761.1612896203741911,613.8950583588082281,638.1870413005177625,569.7205808728664351,671.4625102342105265,458.8346832288141854,460.2795464601660456,461.2491931561219758,10.3525782450029737,5.7685625947802244,646.2881448047980939,680.9968443307180905,-0.6045322438579319,42.2018647711524153,0.0499875041650993,-1.4836001948088955,482.8815228171020522,459.8822702949004224,6.9140775880467231,12.0057365434450958,17.6522688570647439,9.5333723897445868,11.7603042953656978,15.4253369514437004,25.0695464050202794,3.7458901888075897,15.4390564658531702,-0.0342757558315162,-0.0178830030426235,-0.0017277516868171,-0.0119917627226040,5.8053652039796191,-7.3830017921238946,779.2188311439796280,763.5974409679641894,594.6606078091710970,640.9327986743197698,549.1340524313985725,671.8456669986594534,4.8119765554215599,-2.3711764787298746,2.0115948177703933,1.8835014593420654,12.8896966934973616,2.4094802162653388,3.6547346117348769,1.8824325434657145,233.7138601928593573,1.9554624303168704,7.9084031932539265,13.3763801279748122,-1.5656448254217521,9.3285257743830208,1.4902502535459787,-2.4361513475910241,43.5264334913456707,-27.0377403155123694,20.5865284414680723,-0.3831567644503606,-0.6087198506804470,-3.5537244967215895,780.7090813975264609,6.3595075692704830,4.3006538518619930,646.2881448047976392,458.3298738798142722,-0.1287263352702170,-0.3546294931982568,-1.9210786566915392,20.8992792093183333,-1.5831457379810914,11.7603042953656978,13.3763801279748122,-0.0504310071874008,-1.5656448254217521,17.6522688570647439,25.0695464050202794,-0.0342757558315162,-7.3830017921238946,9.5333723897445868,-0.0178830030426235,3.7458901888075897,5.8053652039796191,15.4253369514437004,15.4390564658531702,-0.0017277516868171,-0.0119917627226040,9.3285257743830208,-2.4361513475910241,-3.1591292977837662,761.1612896203732817,-3.4693911537134730,-0.0706435561553489,763.5974409679641894,6.3223486114302583,6.3441318365796100,43.5264334913456707,27.2229990994777893,638.1870413005177625,42.6180008052616586,66.1895645804173682,594.6606078091710970,8.8866417687281221,9.0557402996300951,-27.0377403155123694,613.8950583588080008,68.6472766211788183,-26.7698135679582201,640.9327986743197698,7.1058839318786067,6.2727845459401976,20.5865284414680723,12.6502113874660402,3.5537244967223653,569.7205808728664351,92.7834780398746943,34.7657425517703160,549.1340524313985725,12.8533454431583909,12.2846768608660000,-0.3831567644503606,671.4625102342092759,31.8203636133365642,8.9863234153012055,671.8456669986594534,11.7016911982940570,11.7892139227012382,1.4902502535459787,-0.8532455518200193,780.7090813975264609,10.3784181499034958,6.3595075692704830,779.2188311439796280,6.3246592748427837,6.0219667848873630,-0.6087198506804470,-0.2434879402721790,648.5541970194904025,-2.9062086210293501,3.8309996275836413,649.1629168701712160,4.3607423058288646,4.4951556567575786,458.8346832288141286,3.6547346117348769,2.0260406099120365,3.6187435420795628,458.3298738798142722,1.8835014593420654,1.1987778690907485,3.9858648188906272,460.2795464601660456,12.8896966934973616,5.7851554180860862,1.9016090634821086,461.2491931561221463,2.4094802162653388,2.7371062913824269,3.4173123901543576,0.4814553034924076,-0.5048093489996803,-1.7712331523949678,0.3671212768102536,-0.8119614349872983,0.3071520859872740,-0.3748593069426452,-0.3802081073570378,3.8184193839697791,1.4448632313524929,9.2349620817635074,-1.7171344785975200,3.8160397100819652,-2.3711764787298746,1.8579630851292959,1.8849405417724485,19.2252416645381459,2.4145099273083832,-1.2452543954687108,-0.2014311519241394,0.4029151095376444,2.0115948177703933,-0.0384212046774716,-0.0400577317696395,-11.4330136838440470,10.3525782450028565,6.3195497919447678,9.1538003759115512,7.2713678324461188,5.1740357444496610,2.4425983392295225,1.8824325434657145,5.7685625947802217,-2.7314374052197712,4.8119765554215599,-3.1252373311987136,4.4317684480645321,6.6969170971940182,4.7719188236519328,2.4425983392295958,2.4425983392296033,646.2881448047976392,4.3006538518619930,4.9500963904881115,647.2878609628464801,7.9084031932539265,1.9554624303168704,230.1601356961363081,3.4197287751046517,0.0039150046877001,4.4143881604665935,233.7138601928593573,1.4848108504818309,1.4423801170752522,1.4105703079577436,-3.5537244967215895,680.9968443307177495,222.1621611019037346,2.2918816969602638,2.5227323036266545,-2.2653716835398989,-0.6045322438579289,42.2018647711522803,1.0025763825893739,-0.9603165669113176,1.1981136519951190,0.0499875041650990,-1.4836001948088950,482.8815228171017111,10.9108911350209290,6.2718321076616235,440.6796580459483152,9.9083147524386330,7.2321486745728132,6.9140775880467649,433.7655804579013079,-3.2656851360645076,-3.3957024344954543,459.8822702949010477,-22.8381904571500556,-3.5936815858182594,417.6804055237489592,-23.8407668397358030,-2.6333650189054962,12.0057365434464831,405.6746689803026698,-8.2528956696650315,-6.1812432952730338,-0.1287263352702170,-0.3546294931982568,-1.9210786566915392,20.8992792093183333,4.7526062673722862,0.0017179428230642,0.0000000000000000,0.4171031803828313,-0.0992868564283350,0.0000000000000000,5.8053652039796209,0.0259719040252846,0.0000000000000000,-0.0119917627226140,-2.1018144657821196,20.8992792093183652,21.0860360739810702,-2.2085922883802374,-0.5065836169061919,-1.0919270030941211,-1.9210786566915266,6.5416721286864004,-0.3546294931983027,1.8057755977327701,-0.3442734109260632,0.0925642921163199,0.0085008023372121,-8.1802927546312851,-0.0444492818114922,-0.1287263352702169,-0.0978921052086056,0.4744606961033010,0.2540472082122054,-0.0135866852025013,-0.0281610598374877,-0.0026650882019097,0.1035591775339400,-0.0221715375422280,-0.6336463875178349,-0.1597209717200217,-0.2120335636226400,-0.1313233084717906,4.6693194661757076,0.3967623781907150,-0.1428431642173971,-0.2603161645622406,-2.0579838069894536,-27.0000000000000000,,,,,,,,,,,,,,,,,,,,,,,,,,,,,,,,,,,,,,,,,,,,,,,,,,,,,,,,,,,,,,,,,,,,,,,,,,,,,,,,,,,,,,,,,,,,,,,,,,,,,,,,,,,,,,,,,,,,,,,,,,,,,,,,,,,,,,,,,,,,,,,,,,,,,,,,,,,,,,,,,,,,-1.1199178544593735,-1.3194185309550619,926.0000000000000000,222.6566932480000105,191.0000000000000000,357.0000000000000000,1235.0000000000000000,-21.4136593035746579,252.3433067519999895,77.3433067520000037,194.9307509479842224,15.4253369514437004,375.7507744815271167,27.0474442430531994,16.8091183659118784,32.6549133236493816,131.3559918439816556,906.8421895556280106,5.9466163087004134,-0.6391260160558545,525.9664001069769483,496.7908331569799998,-209.9351591386250107,581.6641865659960331,149.0644074383676525,-153.6058232410470055,0.0000000000000000,0.3059038956859214,,,,2.3064585414517400,0.1253199795309388,,,-1.6579388005991476,100.0000000000000000,685.3346318778751538,666.1515742128864304,54.0979439852767428,50.9512432110067621,127.2934218108691766,204.9538769658499575,16.8091183659118784,0.0000000000000000,10.9361008448150727,6.5660799423852723,-3.4098977826364631,-0.0706186094699746,53.1396414010164335,93.8463493882370017,98.6695620165558012,-23.4861285676114733,152.9027345493752819,41.5747167803347395,37.4656162393215482,9.4024648265289130,3.7223411356570608,3.6850170726784484,1.9013512389125964,4.0663664101834058,13.7572910503733823,1.9198048029070378,2.4387427430966966,3.4763733556831795,4.3944720680291454,5.0746605034117636,3.4788737734058088,0.0039150813250046,10.9074387651428406,,,,,,,,,,,,,,,
"2013Q3",8.5360350640223093,11.3002715614054008,15.4540652815864998,783.2107028675710581,661.4524880957641244,769.6649660459750066,630.1355630737964475,606.9664932278474225,561.7546905386159324,672.3317268069896500,460.0368074715158286,467.1041939556058651,459.9022904972628112,8.4472787666181048,7.6738620731650933,647.9610265179484259,686.8753972527383667,-0.7035743345458201,42.8641797651058241,0.0333277790120334,-1.4704503125134822,478.0125652340456099,467.7006686319177788,2.1830872543598048,21.5514604987852749,21.2243785007503618,2.7657218448584979,8.5360350640222755,15.4540652815865300,25.0484900158026704,3.6994367122176293,15.5189042082222493,-0.0593677274037323,-0.0309744664716095,0.0911850016461932,-0.1560239282819119,-0.9027404008874943,-3.7647437876485941,780.6294973282749652,765.1293070828686496,596.8074311198845407,642.2624787462397080,552.3162464376461003,674.8095629231634121,4.7857673630402466,-1.8854038121096277,2.0034199379638591,1.1200617137525772,27.2985899817557573,-5.3876106354378717,4.8084969708101752,1.8655414335033480,234.0875761459210196,1.9158711243821904,6.1236258435161890,13.2290225197980291,-4.5114602602541476,11.3002715614054008,2.5812055392945914,4.5356589631066164,10.1590621079620202,-12.1269156724436691,9.4384441009711608,-2.4778361161746658,11.2112262490702417,-1.8722591711171548,783.2107028675709444,4.6300862577954502,6.6915268526003935,647.9610265179477437,458.6098893082518657,-0.2403700291378341,-9.2178155953943310,-2.1293204243456949,-17.8408494293644821,-4.6588178684308801,8.5360350640222755,13.2290225197980291,-0.1815271955216072,-4.5114602602541476,21.2243785007503618,25.0484900158026704,-0.0593677274037323,-3.7647437876485941,2.7657218448584979,-0.0309744664716095,3.6994367122176293,-0.9027404008874943,15.4540652815865300,15.5189042082222493,0.0911850016461932,-0.1560239282819119,11.3002715614054008,4.5356589631066164,2.6300494881236616,769.6649660459768256,34.0147057024077952,-0.7409034423721419,765.1293070828686496,6.1274644596190866,6.3074496584866608,10.1590621079620202,6.5380143268477084,606.9664932278471952,-124.8821922906795123,1.3436754695097228,596.8074311198845407,8.5872932428537414,8.9252255831867622,-12.1269156724436691,630.1355630737961064,64.9620188599507742,3.8992935060629534,642.2624787462397080,5.3187202876789801,6.4700498462004630,9.4384441009711608,5.6506265349413276,1.8722591711177947,561.7546905386158187,-31.8635613369991688,19.6380992647148922,552.3162464376461003,12.7287760249865691,12.5976110532429022,-2.4778361161746658,672.3317268069894226,3.4768662911136543,0.5828402832905050,674.8095629231634121,11.8555836980137350,11.7542139665778578,2.5812055392945914,1.7949139199373021,783.2107028675709444,10.0064858801783991,4.6300862577954502,780.6294973282749652,5.6426647371824403,6.0997249569394043,11.2112262490702417,4.4844904996280937,661.4524880957642381,51.5931643050952999,9.7880336505770806,650.2412618466942149,4.3133799060922966,4.4099700745536170,460.0368074715168518,4.8084969708101752,2.5558495990477708,4.1735521789167453,458.6098893082518657,1.1200617137525772,3.0995965951293121,3.5728445799947437,467.1041939556059219,27.2985899817557573,0.1037025806992244,8.3297083811368591,459.9022904972633228,-5.3876106354378717,2.0449440802781789,1.3620483889047819,1.6905125972123813,-1.4269181632646357,-3.6884352570595338,-0.6007075989227386,-1.6358984051175967,0.2089802418526424,-0.3926873765382738,-0.3812151196854036,7.8459230161734661,7.0673864840894263,22.4900930109466515,4.1561562022204841,8.9527902961985255,-1.8854038121096277,1.9430906664811289,1.8889920356969356,-8.7422602755617547,-0.1345169742532321,-10.1961076062470894,-2.8115037900112925,-2.1379369122171434,2.0034199379638591,-0.0326995192259272,-0.0379687989455187,46.3888066948435522,8.4472787666180373,6.2586214200054382,5.3476821714881657,3.4821407379849889,1.9230245232598828,1.0968865964246017,1.8655414335033480,7.6738620731650951,-0.8261379268349063,4.7857673630402466,-1.9050789432582365,4.4045522433548383,6.6747593987371721,4.7477985640947304,1.0968865964246668,1.0968865964246688,647.9610265179477437,6.6915268526003935,5.5100733220139748,648.5732821796219696,6.1236258435161890,1.9158711243821904,232.2153169748025903,8.2207251146628906,3.1089195803048306,3.1900739391659667,234.0875761459210196,1.4948638122469844,1.4662947305357190,1.4201206216346347,-1.8722591711171548,686.8753972527382530,226.8385897812214012,18.7057147172716718,9.6080526928013583,-2.3175173217781984,-0.7035743345458191,42.8641797651057814,2.6492599758197555,1.1716908382842368,2.5154605265795409,0.0333277790120347,-1.4704503125134814,478.0125652340453257,-19.4758303322271509,-3.6732479217550162,435.1483854689379314,-22.1250903080398942,-4.8449387600393079,2.1830872543597279,432.9652982145779561,-3.2011289732921893,-3.3092836368509158,467.7006686319161872,31.2735933480656279,4.2368144381352764,424.8364888668102708,28.6243333722486462,3.0651235998513844,21.5514604987848912,403.2850283680254506,-9.5585624491133014,-7.5460079828995497,-0.2403700291378341,-9.2178155953943310,-2.1293204243456949,-17.8408494293644821,4.1360086742138904,-0.0675790689666461,0.0000000000000000,1.4033574668381590,-0.1591589671495913,0.0000000000000000,-0.9027404008874935,0.0242383070276046,0.0000000000000000,-0.1560239282819111,6.8773093579332567,-17.8408494293644821,-3.3572752513963451,-4.4530937043752221,-2.3374118231666419,11.4547141893424147,-2.1293204243456971,41.4490111826155925,-9.2178155953943328,-0.7325373885752007,1.6321557378628873,0.5771197782016990,0.0530007959572997,13.0758979668208077,-0.0766557334170955,-0.2403700291378341,-0.2166197453361175,0.1564945460879081,0.3773737517362958,-0.0329131785334818,0.0728976169029698,0.0018795649837829,0.0842935042892430,-0.0440450629029926,-0.6216271701633078,-0.1353140253193600,1.4511463238244779,-0.1131734864257133,-2.1036408502292474,12.7872728220697240,-0.1352101371854711,-0.2620123508339840,-2.1309563464157106,-26.0000000000000000,,,,,,,,,,,,,,,,,,,,,,,,,,,,,,,,,,,,,,,,,,,,,,,,,,,,,,,,,,,,,,,,,,,,,,,,,,,,,,,,,,,,,,,,,,,,,,,,,,,,,,,,,,,,,,,,,,,,,,,,,,,,,,,,,,,,,,,,,,,,,,,,,,,,,,,,,,,,,,,,,,,,-0.6591230557269228,-1.6288771769942798,994.0000000000000000,190.4935333761600020,179.0000000000000000,376.0000000000000000,1245.0000000000000000,-22.0756508860157084,257.5064666238399695,105.5064666238399980,190.7089486165634753,15.4540652815864998,291.9724636618775548,24.1357171148444998,-58.9996201673888407,13.2735327125793390,146.9896025001235671,961.7494526634020531,23.5142116880811045,3.2588085075366848,531.6648422570463026,593.6441407678789801,-302.1678525753139866,687.1394612125319554,132.4309911438855352,-207.4514120460779907,0.4318990344718892,0.3652554087553413,,,,1.3228274699315801,-4.0870639673146716,,,45.5247560735366505,100.0000000000000000,690.0297014912979421,679.1259395882368608,51.8974615014017218,20.3670224181379034,127.2934218108691766,225.5421065498279631,-6.8247409393888585,-52.1748792279999805,10.5242600461752147,4.7389483857973858,40.5154213167527928,-0.7381655187803915,-71.3157479508358136,1.3527433571560721,91.4813422916236902,3.9763137760680820,-27.2859538699551365,21.6990481444244523,3.5380159260434851,0.5845421019580641,4.9259806836337674,4.2618692356289642,1.1263578900281459,3.6374376460714331,31.3881718722186918,8.6864650483114758,-5.2450505408879451,1.3713665257552634,6.9204879030950792,5.6647048774453737,8.5680795104174052,3.1577512167689719,8.8143232912211822,,,,,,,,,,,,,,,
"2013Q4",10.9822975990732008,8.8823009632221197,18.0207848029913009,780.7773496995241658,642.9117863269941608,768.9866070680133134,650.0222437488303058,588.4650137222238300,557.8899384812041262,683.1180289850451572,460.5762790909824389,466.8707705862429975,460.2401637552508191,5.9444152284137788,9.8897732161588578,650.1468783627811945,691.9606761802053825,-0.7710254098742411,43.4413590901990290,0.0633132862416518,-1.4510043477162726,475.3413581092466984,465.0776821988513916,-0.2832129017971283,21.0438500906067816,27.0275872999517865,1.9754951021129463,10.9822975990734264,18.0207848029913151,24.8814705357139658,3.6540550753142051,15.5993650950093237,0.0232567315044242,0.0121339468717720,0.0402258582072257,2.3811938497747751,-1.6906939200730138,2.1228600327333527,781.7885119388432713,766.6073817566284561,598.8961068427701093,642.7791107410819222,555.4733241864595357,677.8016291088887328,4.7637475719399793,-1.3963270463773618,1.9967984332150723,2.8575823032159566,-0.9336934774574982,1.3514930319490990,2.1578864778643481,1.8662290078901989,234.4629203374871054,1.8909254276549599,3.8746917497858653,12.9361605160187754,-1.9490277371142648,8.8823009632221197,-1.0111622393204509,2.3792253113860107,-10.4310931205469632,7.2431330077495319,2.4166142947448139,5.3163998761570266,-8.3844287647875664,-0.1989677685598662,780.7773496995241658,2.6830683885799038,8.7434073793339984,650.1468783627821040,459.3242848840553734,-0.2703958494984421,-1.8030512942571926,-0.8460937393140789,-16.4760745843208483,-2.2418897408936442,10.9822975990734264,12.9361605160187754,-0.0048351798310773,-1.9490277371142648,27.0275872999517865,24.8814705357139658,0.0232567315044242,2.1228600327333527,1.9754951021129463,0.0121339468717720,3.6540550753142051,-1.6906939200730138,18.0207848029913151,15.5993650950093237,0.0402258582072257,2.3811938497747751,8.8823009632221197,2.3792253113860107,2.3879706859873684,768.9866070680144503,-2.7134359118471334,9.2895242183950639,766.6073817566284561,5.9122986950378023,6.1930204780467744,-10.4310931205469632,-6.0992582340995458,588.4650137222236026,-74.0059180224927786,-44.9160498742072321,598.8961068427701093,8.3547028915418107,8.7263517300014524,7.2431330077495319,650.0222437488322385,79.5467227001382895,48.5005333204114422,642.7791107410819222,2.0665279793674758,5.4295189461810773,2.4166142947448139,1.2829414437676245,0.1989677685603177,557.8899384812041262,-15.4590082296449811,10.3965189601885815,555.4733241864595357,12.6283109952579515,12.7150505998390742,5.3163998761570266,683.1180289850454983,43.1452087122242176,18.2759192641319572,677.8016291088887328,11.9682647429020790,11.7987640366931803,-1.0111622393204509,2.2429121228562945,780.7773496995241658,-9.7334126721878427,2.6830683885799038,781.7885119388432713,4.6360584422729172,5.7543642685224565,-8.3844287647875664,-3.3537715059150242,642.9117863269943882,-74.1628070750800958,-6.4035543444662970,651.2962150917821873,4.2198129803509543,4.3322261298662248,460.5762790909827231,2.1578864778643481,5.5690573207982741,4.3028174117128337,459.3242848840553734,2.8575823032159566,5.0064361934628918,3.4639302009923294,466.8707705862416901,-0.9336934774574982,8.6819608707233940,10.1403268335674479,460.2401637552508760,1.3514930319490990,4.7548220770887841,0.2985376235391843,-0.8487233451677838,-1.2519942069273629,0.6996958253493093,-0.8388872107214901,-1.3619944665486630,0.1100002596208996,-0.3959199289267378,-0.3854537767700620,9.5507479134483901,6.2944914952592468,-3.0915799553210279,5.8375094218543149,7.6908185416364807,-1.3963270463773618,1.9563070629288193,1.9082562791915136,2.0377742806678478,-0.3361153357316817,-0.8063934459144595,-4.0042797881729619,-2.3329137689466415,1.9967984332150723,-0.0264860189946178,-0.0343339403008251,7.8897401906708602,5.9444152284140204,6.2340566509035673,0.9379790349503563,-0.9282499729394880,-1.1908432421239199,0.1989299740346114,1.8662290078901989,9.8897732161588614,1.3897732161588618,4.7637475719399793,0.9002652429221942,4.3782937951699132,6.6720038511315325,4.7294136316391544,0.1989299740346905,0.1989299740346733,650.1468783627821040,8.7434073793339984,5.7528642168055821,650.4733147558820292,3.8746917497858653,1.8909254276549599,234.2639525689260722,8.1945423764924818,4.0348716180963260,0.8136053575713209,234.4629203374871054,1.5013767662647444,1.4837501396033872,1.4263079279515170,-0.1989677685598662,691.9606761802056099,231.3843970892225457,18.1832292320050044,11.9645218521312646,-2.3293793733496062,-0.7710254098742381,43.4413590901989437,2.3087173003787469,1.7459376022814872,2.2430263862268016,0.0633132862416548,-1.4510043477162715,475.3413581092460731,-10.6848284992006306,-4.1512326462894320,431.8999990190453104,-12.9935457995724875,-5.8971702485708573,-0.2832129017976153,432.1832119208427230,-3.1283451749434716,-3.2336145353817565,465.0776821988508800,-10.4919457322571397,2.6039556504218337,421.6363231086522205,-12.8006630326329329,0.8580180481413886,21.0438500906078438,400.5924730180448705,-10.7702213999277649,-8.8662287304168199,-0.2703958494984421,-1.8030512942571926,-0.8460937393140789,-16.4760745843208483,0.7321651825194184,-0.2145949792986195,0.0000000000000000,4.7581806840875345,-0.1604098012925718,0.0000000000000000,-1.6906939200730102,0.0256499288693469,0.0000000000000000,2.3811938497747889,0.2136448658586332,-16.4760745843208198,-3.4472731942127091,3.5288832468517071,-1.8235855135542494,-12.8689192644156627,-0.8460937393141030,-27.0901996573646784,-1.8030512942571875,-2.2358362837897374,2.1332973503102810,0.9441433214578985,0.0867070397257261,7.3538851329386858,-0.0415867105740366,-0.2703958494984424,-0.1648289970673178,0.1743704636226103,0.3438569218908433,-0.0313446964905671,0.0094991901340149,0.0029435483087196,0.0812561446301042,-0.0333585842890126,-0.6773041761154037,-0.1096655354011699,-0.2067432262007003,-0.0673612403006840,-1.6367269995006914,5.3112839264946388,-0.1275990664541384,-0.2473290989805387,-2.1675151957280461,-25.0000000000000000,,,,,,,,,,,,,,,,,,,,,,,,,,,,,,,,,,,,,,,,,,,,,,,,,,,,,,,,,,,,,,,,,,,,,,,,,,,,,,,,,,,,,,,,,,,,,,,,,,,,,,,,,,,,,,,,,,,,,,,,,,,,,,,,,,,,,,,,,,,,,,,,,,,,,,,,,,,,,,,,,,,,-0.1983282569943015,-1.9383358230334409,1044.0000000000000000,184.2909621087312075,162.0000000000000000,404.0000000000000000,1312.0000000000000000,-26.8942323208140515,325.7090378912687925,148.7090378912687925,227.1603966425077203,18.0207848029913009,376.7569119638270081,28.3112926034593997,-12.2780858304977496,13.8062680891182090,148.0683330626987981,1011.9219899049600144,20.3411157098680633,11.4486420372135740,533.5321190410833196,618.6358125296329717,-286.3555919152730098,688.2267681003270354,23.7730066344524857,-171.3771577243579998,0.3441810887461245,0.4051825851682540,,,,0.7280377126456290,1.3719589232054521,,,76.7557941105851569,100.0000000000000000,697.4783143391289286,691.5443699727136391,49.6737215379071131,20.7264195604574297,127.2934218108691766,222.2850066987982416,-11.1586863484977243,-1.1193994820000253,-9.2747181925541042,2.7193867564701861,-2.6769529648682067,9.7346773595169651,-52.2914319352321044,-36.1836333991800458,121.5475885175819428,62.4183670924167302,-14.3233690810912435,10.9561829954278238,53.9491376884109570,20.0525277948684391,2.1813372245220108,4.3967307293469702,2.8988028869109286,3.5246230212712533,-0.9293480946099777,10.6722858069949496,1.3606669808651191,0.2989836908850094,9.1370312166464913,5.9215608451724506,8.5396571354629174,4.1173785040869717,6.1246491132015191,,,,,,,,,,,,,,,
"2014Q1",13.7206122449081001,6.9910123332825798,15.7371963332844000,783.2310889187300518,651.2085900457324215,773.9158030488679287,646.9717323258211081,604.2479618012763467,558.1918228958445525,688.5972699476802745,460.9293747366118623,462.7720108989062169,461.4875131559288661,5.5779561623765623,10.2277763034029547,651.5912267389135195,695.2593499690000272,-0.7340862449392276,44.0788779501628483,0.0466557811642417,-1.4261355951313204,480.6388766738292588,464.2508575558968005,5.1372558085400328,22.5380050554082345,25.5964821329756340,3.8613264452170433,13.7206122449082990,15.7371963332843876,24.8133149446002257,3.6258955628933514,15.6692813406036482,-0.0025029649494361,-0.0013058947563290,0.1193598844145059,-0.0514448917336716,0.2367367770800120,0.7856701533250532,783.1222643557081255,768.0845270319147176,600.9995000770505840,643.8507262690474136,558.7415907660409857,680.7292564559148786,4.7286683583823486,-0.8762235593458751,1.9923804506158485,4.7251799604320190,-16.3950387493458756,4.9893976027105431,1.4123825825170186,1.8485571911255874,234.8323131579070946,1.8710000686610653,3.2951630909053740,12.7699291668900017,1.0738518221386781,6.9910123332825798,0.1088245630213158,5.8312760169533320,3.2484617242270244,3.1210060567742701,-0.5497678701956066,7.8680134917647502,-1.1586297773937555,0.3322116570083041,783.2310889187295970,5.1166120586813513,5.7773935045250822,651.5912267389140879,460.5055798741626063,-0.0697059670361472,-0.9095660060015213,-0.4981170321601340,9.8501990032372735,0.9076204730096633,13.7206122449082990,12.7699291668900017,-0.1231687441203246,1.0738518221386781,25.5964821329756340,24.8133149446002257,-0.0025029649494361,0.7856701533250532,3.8613264452170433,-0.0013058947563290,3.6258955628933514,0.2367367770800120,15.7371963332843876,15.6692813406036482,0.1193598844145059,-0.0514448917336716,6.9910123332825798,5.8312760169533320,4.6935623842371816,773.9158030488675877,19.7167839234140772,11.8871656400663692,768.0845270319147176,5.9085811011479112,6.0676732168067966,3.2484617242270244,2.9472629544299407,604.2479618012774836,63.1317923162174637,-23.2845792979250028,600.9995000770505840,8.4135729371199339,8.5605527100607137,3.1210060567742701,646.9717323258229271,-12.2020456920329572,50.2384931223106435,643.8507262690474136,4.2864621118626234,4.6943985776998378,-0.5497678701956066,-0.6001945519813496,-0.3322116570077324,558.1918228958447799,1.2075376585631084,11.6671115329468957,558.7415907660409857,13.0730663183246456,12.8208746954317725,7.8680134917647502,688.5972699476803882,21.9169638505382984,25.0898506168045827,680.7292564559148786,11.7105093881085836,11.8090122568296216,0.1088245630213158,3.7727859689742229,783.2310889187295970,9.8149568768293811,5.1166120586813513,783.1222643557081255,5.3350096674597598,5.4845980304390070,-1.1586297773937555,-0.4634519109575017,651.2085900457323078,33.1872148749523248,1.9278408709845805,652.3672198231264474,4.2840189253768459,4.2944885294122495,460.9293747366118623,1.4123825825170186,4.8295407754791331,3.0083751607321796,460.5055798741626063,4.7251799604320190,6.4165798449462121,2.6465813591847791,462.7720108989059895,-16.3950387493458756,-3.4458578748634388,5.7148886121149864,461.4875131559290935,4.9893976027105431,5.9471620779242764,0.8406900538729815,0.1535019818179899,-0.4237948624491242,3.3127973779132414,-0.3617938015481774,-0.4283069792006384,0.0045121167511874,-0.4219525714790697,-0.3963547959713666,6.8498976627080310,1.8426361622940928,-17.8074213318614198,2.7065134513825937,2.7188597216396033,-0.8762235593458751,2.0804139481277364,1.9594436906668755,31.0341390236588452,0.5581384193172696,3.5770150201947071,-2.1676851068580980,-1.4342420312989694,1.9923804506158485,-0.0176719303962218,-0.0288196683237117,13.2307981629948124,5.5779561623766893,6.1552729780290392,-0.8386236825702161,-2.6871808736955050,-1.9334289612972044,-0.2056526578944816,1.8485571911255874,10.2277763034029530,1.7277763034029510,4.7286683583823486,0.8910810808445145,4.3323135624110041,6.6881120490492920,4.6998486900586638,-0.2056526578944837,-0.2056526578944435,651.5912267389140879,5.7773935045250822,6.3782453970803639,652.2373899769775107,3.2951630909053740,1.8710000686610653,235.1645248149143015,3.6022889839506060,5.8593213125541102,-0.6418162160344154,234.8323131579070946,1.4775712816798423,1.4896556776686287,1.4036927175958565,0.3322116570083041,695.2593499689999135,234.3299752323875964,11.7823125726590465,12.7407845547248293,-2.3201630149400816,-0.7340862449392207,44.0788779501628483,2.5500754398627259,2.1276572746570466,2.4361128978139575,0.0466557811642434,-1.4261355951313190,480.6388766738295999,21.1900742583315456,0.4850766404823910,436.5599987236652169,18.6399988184759309,-1.6425806341747506,5.1372558085403268,431.4227429151246724,-3.0418760228750301,-3.1592588267944444,464.2508575558916277,-3.3072985718282197,-1.3409603532982013,420.1719796057289500,-5.8573740116903359,-3.4686176279545906,22.5380050554082274,397.6339745503209997,-11.8339938708980643,-10.1039183473972098,-0.0697059670361472,-0.9095660060015213,-0.4981170321601340,9.8501990032372735,0.0498618516715199,-0.1240820643280051,0.0000000000000000,-0.7003318695882186,-0.1454567586551546,0.0000000000000000,0.2367367770800310,0.0159098965444175,0.0000000000000000,-0.0514448917337287,4.0155442679073907,9.8501990032372362,-1.9667836197006068,4.0676650202168148,-2.7104461725513556,2.1951417285212735,-0.4981170321601631,-19.2466128459889205,-0.9095660060014268,-0.6268430578836317,0.4769804088599856,0.4447347217392141,0.0408429846495187,-4.4998863349253888,-0.0216945057502452,-0.0697059670361473,0.1150018822570143,0.7145675649313762,-0.0209454255464093,-0.0466060980579297,0.1217113185300200,0.0061654866989857,0.0512633537283333,-0.0308328162283928,-0.5382446904964329,-0.0093223596574472,0.3070490536359500,-0.1125049772462177,5.3128478076546912,7.1759944892644967,-0.1202316821866771,-0.2263653654258597,-2.1407946109654272,-24.0000000000000000,,,,,,,,,,,,,,,,,,,,,,,,,,,,,,,,,,,,,,,,,,,,,,,,,,,,,,,,,,,,,,,,,,,,,,,,,,,,,,,,,,,,,,,,,,,,,,,,,,,,,,,,,,,,,,,,,,,,,,,,,,,,,,,,,,,,,,,,,,,,,,,,,,,,,,,,,,,,,,,,,,,,1.3692496124387219,-0.1733303908779931,1062.0000000000000000,206.4655362501424065,174.0000000000000000,418.0000000000000000,1336.0000000000000000,-28.2801945155912335,311.5344637498575935,119.5344637498576077,214.8133080093643343,15.7371963332844000,356.0004684800368295,29.8473471959282008,73.1554823563414232,14.1680050351346019,53.8636730791964808,1045.8586479498499102,13.1946951551785787,9.6586281021662046,538.5839455024545259,560.4577304781120120,-223.4244338673260017,686.9836996923700099,-46.8825992476020019,-118.7595661606769966,0.2910118008513052,0.4513368367885655,,,,1.7661561833071200,4.9634437283184001,,,115.2172829316325533,-13.4937160676939278,707.7111951031162107,703.4078658476015562,47.4539834995516685,20.9644735091814276,19.6801130373449773,79.7023677346043087,14.2973858738845383,58.8580964824568866,10.3127766231454530,5.2497720300534780,21.7948443085969501,12.6225365195286230,88.0086757083940086,-20.7724261414023346,-11.4869738721817640,65.2658050144929405,1.2148578294806498,12.3749784830861245,24.5042465917168641,28.5179639905251463,1.4224038291797285,3.0540839791083414,4.8385959016671478,2.6819143403313319,-15.1215868856116487,5.8813441286977479,5.1159642346300984,0.8442337763194416,5.9475458364254905,6.5860499818659832,3.6679575648450111,6.0343819049764420,5.7364574314575645,,,,,,,,,,,,,,,
"2014Q2",14.6055034261091006,8.3264356358425893,16.7843343842955015,785.3819235603672269,655.3289845881362226,769.8864286749021630,665.7976834423828905,582.0737689421987398,564.5161147560910422,683.6498549879696611,460.9184168209931158,463.1547716505085077,460.1044823341549659,5.5258633433833761,10.5073776678788189,652.2451533816825986,705.3074800850367865,-0.7140110363899694,45.1850577148931194,0.0333277790120334,-1.3965635603209265,483.7747191520929846,466.7629549519580792,7.9025259094096896,27.1182402459246532,29.9320124164555637,1.4578253939489689,14.6055034261089371,16.7843343842954695,24.8813202948561276,3.5805762441444267,15.7414681940153969,-0.0154518348623184,-0.0080618268847924,0.0177234784180976,1.0251427118619014,-2.1146890233106248,5.0661439564615787,784.7101046533074395,769.5718354653002962,603.1341474660410995,645.7001256060920014,562.1569126466446278,683.5645246943659004,4.6721827606662121,-0.2900950654439586,1.9912260239998345,0.1144886919093079,1.5310430064084828,-5.5321232870975434,-0.0438316624762524,1.7986819130694347,235.1896567694404325,1.8373397495618007,1.9537336463574424,12.7204283449849367,1.9263122212891446,8.3264356358425893,0.6718189070597832,0.3145932096013790,-21.0603785238426156,20.0975578362898588,2.3592021094471551,0.0853302936040363,1.8776349709592921,1.7063522799970772,785.3819235603672269,4.6728421628427954,2.6157065710739116,652.2451533816825986,460.5342020471395585,-0.0255216204435777,-11.1924985476341785,-4.6436051329720094,-23.5390584210039968,1.8768113993839222,14.6055034261089371,12.7204283449849367,-0.0412371401652657,1.9263122212891446,29.9320124164555637,24.8813202948561276,-0.0154518348623184,5.0661439564615787,1.4578253939489689,-0.0080618268847924,3.5805762441444267,-2.1146890233106248,16.7843343842954695,15.7414681940153969,0.0177234784180976,1.0251427118619014,8.3264356358425893,0.3145932096013790,1.6283628139375703,769.8864286749011399,-16.1174974958621355,8.7251390545288476,769.5718354653002962,5.9492337335450305,5.9743944973354246,-21.0603785238426156,-12.6324308752519201,582.0737689421994219,-88.6967714363101578,-56.1132723583189659,603.1341474660410995,8.5385895559647569,8.4735396568697379,20.0975578362898588,665.7976834423824357,75.3038044662408481,51.9026250835742360,645.7001256060920014,7.3975973481799961,4.7673269317742690,2.3592021094471551,1.6514632878954338,-1.7063522799964814,564.5161147560911559,25.2971674409877103,-5.2044661167748512,562.1569126466446278,13.6612875224121222,13.0228602152450712,0.0853302936040363,683.6498549879696611,-19.7896598388446492,12.1873447537591542,683.5645246943659004,11.3410729537984150,11.7188576957058892,0.6718189070597832,2.6490330820668042,785.3819235603672269,8.6033385665500646,4.6728421628427954,784.7101046533074395,6.3513611903990714,5.4912735093273213,1.8776349709592921,0.7510539883837206,655.3289845881357678,16.4815781696145649,6.7747875686455599,653.4513496171766747,4.3365191762021356,4.2884327470055537,460.9184168209929453,-0.0438316624762524,3.8209548964544786,2.0837335921789952,460.5342020471395585,0.1144886919093079,4.4133052720121420,2.2043281673262420,463.1547716505081098,1.5310430064084828,0.9807783481048264,2.8752251903422019,460.1044823341554775,-5.5321232870975434,3.6582626735571373,-1.1447108219677482,0.8787255816471351,-0.3842147738532204,0.1583203543836602,0.1205945751464699,-0.2695137445494494,-0.1147010293041726,-0.4768525842209336,-0.4218531152908998,5.6110511838666959,2.2363548295155153,1.5748746688862401,0.7914915981630668,2.5264498949593936,-0.2900950654439586,2.3445139756068065,2.0810814132863067,19.4934981471660862,-0.8139344868376399,-5.4882916246204347,-3.2284444141458382,-2.8051605108372528,1.9912260239998345,-0.0046177064655756,-0.0203687937704784,24.4042268236865283,5.5258633433833975,5.9940120895148272,1.1125580713706618,-0.6861238416987909,-1.5203205188242783,0.4870571490541127,1.7986819130694347,10.5073776678788242,2.0073776678788309,4.6721827606662121,0.8500955406193185,4.2503296453752899,6.7532641739525010,4.6518139668957232,0.4870571490541939,0.4870571490541968,652.2451533816825986,2.6157065710739116,5.9570085768834407,653.0038798664317028,1.9537336463574424,1.8373397495618007,236.8960090494363158,6.9259369380882241,6.7358733533003718,0.9191571841920836,235.1896567694404325,1.4293744461353284,1.4757965765820917,1.3579057238285668,1.7063522799970772,705.3074800850362180,244.3890632640428748,40.2363521266179234,22.2269021621391687,-2.3292784141268426,-0.7140110363899744,45.1850577148931265,4.4247190589276908,2.9831929437413982,3.9358277930658967,0.0333277790120316,-1.3965635603209257,483.7747191520931551,12.5433699130542884,0.8931963349899954,438.5896614371983446,8.1186508541340370,-2.0899966087514041,7.9025259094096523,430.6871355277889393,-2.9424295493448285,-3.0784449301145220,466.7629549519580792,10.0483895842694864,6.8806846570633082,421.5778972370654856,5.6236705253458084,3.8974917133217009,27.1182402459239533,394.4596569911414008,-12.6972702367301036,-11.2150119891586293,-0.0255216204435777,-11.1924985476341785,-4.6436051329720094,-23.5390584210039968,2.3309294692012994,0.0086710974858619,0.0000000000000000,4.5161748491345435,-0.1640245406043332,0.0000000000000000,-2.1146890233106390,0.0188796668178683,0.0000000000000000,1.0251427118619283,-4.0305971177693465,-23.5390584210039151,2.5894840799920189,-2.0929863382995086,-1.9237197308988563,2.3410868819167949,-4.6436051329719561,6.9156896639546517,-11.1924985476342158,-0.3661996904518672,0.4523789948161634,0.1602828500656992,0.0147198535774643,28.7791705434718352,-0.0391046275055789,-0.0255216204435774,0.1840919578027361,0.8802712121056255,-0.1455142728029599,-0.0715204035722254,0.2741151493300902,0.0112870308910352,0.0256817285394625,-0.0465603122331611,-0.5371091956918599,-0.0239699661470977,1.9886061611138999,-0.1100083495749045,4.7174273081147930,10.6654965554763521,-0.1130415247027332,-0.2047411287571448,-2.0466757529299402,-23.0000000000000000,,,,,,,,,,,,,,,,,,,,,,,,,,,,,,,,,,,,,,,,,,,,,,,,,,,,,,,,,,,,,,,,,,,,,,,,,,,,,,,,,,,,,,,,,,,,,,,,,,,,,,,,,,,,,,,,,,,,,,,,,,,,,,,,,,,,,,,,,,,,,,,,,,,,,,,,,,,,,,,,,,,,1.1170823054202401,-1.8685292066245438,1072.0000000000000000,128.7251036108232256,187.0000000000000000,410.0000000000000000,1403.0000000000000000,-25.1714426864660794,425.2748963891767744,196.2748963891767744,241.1869863862368106,16.7843343842955015,498.2887299590445878,31.5186000344517012,64.2836893881460725,63.9091095359062251,128.9089446487554937,1156.4090092100300353,40.1925204641470373,2.4990090561292391,538.4400959261514572,556.3768628518539572,-194.3240613398990035,732.2629963218299736,66.3492076167078721,-65.4509713558910988,0.3037516798266147,0.4677914061608422,,,,3.9967415153469799,2.2823262749195314,,,131.3444126739094600,-13.4937160676939278,718.2266218745161268,714.7211364094146120,45.2530822472522232,93.9502752528660636,19.6801130373449773,189.5039833953981372,-8.6495792585446534,72.9332686466907205,8.9842712822023145,4.7837400459742980,-14.8856870656846070,9.1170955303145433,-58.8097131857407831,-42.9437591818534372,112.3441336768327119,68.0390573860703114,28.7846797297459318,-5.0713530346119882,-17.9545314911480034,12.9611137663243596,-0.0438220578064232,2.1055949003683452,0.1145542552306580,2.2288029849412396,1.5428235146093954,2.9169588081257700,-5.3818845358992462,-1.1381839360336841,2.6502164104367267,6.1380146016398953,7.1714142936766905,6.9679139131221461,5.6813906742362308,,,,,,,,,,,,,,,
"2014Q3",15.6632700332050003,7.8293315563764496,16.4319995493295004,782.5631104415517711,629.7204636427634341,772.0894491428897481,650.6692300489953595,588.1028554233314480,569.1036270782518613,685.6800679057713523,461.0355481908408706,461.2025176335110928,461.0903632528962817,5.4034905841946399,10.5046455315520362,652.9573576168044156,709.2945973796300905,-0.7101150122959368,45.5289694145196009,0.0266631117430805,-1.3631895218457115,474.8405254308273129,460.9826422169032298,-0.6712888577740728,24.3199421824616593,26.7315059450669210,5.3637636374675290,15.6632700332049453,16.4319995493294968,24.8609117298597226,3.5514621120825063,15.8094228675899391,0.0838833595974659,0.0437652310942281,-0.0643474915365025,0.6869241732760578,1.7685362942908223,1.7867108556097000,786.2102130327419900,771.0358257375410176,605.2735989568972172,647.1217395047715399,565.6317851905736234,686.3548880019250191,4.6624306266973257,0.3018977885453858,1.9914905488843482,1.8502970348317649,-7.8090160679930563,3.9435236749603040,0.4685254793873861,1.8474107820223287,235.5474624141642721,1.8509388539201956,1.3953073220117023,12.6029509743523107,2.8683229766245346,7.8293315563764496,-3.6471025911916639,1.0536234053483824,-17.1707435335667142,3.5474905442217799,3.4718418876783765,-0.6748200961541352,-24.8296606090165675,1.9420883113136735,782.5631104415508617,-0.6475924260189647,2.8488169404837005,652.9573576168045292,460.9967763058479022,-0.1574142658024435,0.0820850061377933,-0.0812115278500615,-3.0190202145588931,2.7508456059917830,15.6632700332049453,12.6029509743523107,0.1919960822281349,2.8683229766245346,26.7315059450669210,24.8609117298597226,0.0838833595974659,1.7867108556097000,5.3637636374675290,0.0437652310942281,3.5514621120825063,1.7685362942908223,16.4319995493294968,15.8094228675899391,-0.0643474915365025,0.6869241732760578,7.8293315563764496,1.0536234053483824,1.1662989157566550,772.0894491428890660,8.8120818719482372,2.4244830969145319,771.0358257375410176,5.8559610889634879,5.9065186546715189,-17.1707435335667142,-10.8173569080876923,588.1028554233316754,24.1163459245303358,-18.8636378045158182,605.2735989568972172,8.5578059634262562,8.4661678370130460,3.5474905442217799,650.6692300489937679,-60.5138135735562628,20.5336669751993846,647.1217395047715399,5.6864555947154489,4.8592607585339138,3.4718418876783765,2.3519705013827346,-1.9420883113130876,569.1036270782520887,18.3500492886441720,7.3489365396356536,565.6317851905736234,13.8994901757168936,13.3155387529278464,-0.6748200961541352,685.6800679057718071,8.1208516712013683,13.3483410987817912,686.3548880019250191,11.1614532302389211,11.5453250787625485,-3.6471025911916639,1.2548330914400734,782.5631104415508617,-11.2752524752686192,-0.6475924260189647,786.2102130327419900,6.0004335177386059,5.5807157044669129,-24.8296606090165675,-9.9318642436066149,629.7204636427636615,-102.4340837814890932,-31.7320244530005269,654.5501242517804030,4.3950985384139836,4.3088624050859794,461.0355481908407569,0.4685254793873861,7.2175284491269780,0.9987407193236753,460.9967763058479022,1.8502970348317649,3.7627139077439251,2.3868869975964708,461.2025176335109222,-7.8090160679930563,24.7775412535874402,-5.9016763220949571,461.0903632528961680,3.9435236749603040,5.8452030933267105,1.1880727556317248,-2.5292644106905060,-0.0387718849926683,1.3817715554422660,1.3881462782718930,0.1964598722785016,-0.2352317572715185,-0.4821229118690813,-0.4442119991236729,2.7932411601030624,0.1669694426705279,-8.2775415473795562,-6.9004170414181267,-0.1349283458751840,0.3018977885453858,2.3679714159575358,2.1873016006553798,-28.6519235808120207,0.0548150620559614,3.4749981955732823,0.1893320363090392,-1.9366754868283760,1.9914905488843482,0.0010580995370334,-0.0119293890798564,-7.9167700823400935,5.4034905841946381,6.0277184968506807,1.6407766764500911,-0.2066341055720420,-0.5478095198448738,1.4568360117067876,1.8474107820223287,10.5046455315520433,2.0046455315520415,4.6624306266973257,2.0228834317464606,4.2182186275736377,6.8497322273526784,4.6505012376174655,1.4568360117068542,1.4568360117068464,652.9573576168045292,2.8488169404837005,4.9963310988543945,653.7300681758845258,1.3953073220117023,1.8509388539201956,237.4895507254766471,2.3741667041587307,5.2742337506735257,-0.4981776381000671,235.5474624141642721,1.4312225788924682,1.4598862682431957,1.3596614499478474,1.9420883113136735,709.2945973796300905,248.2590491887894757,15.4799436989822432,21.4204594075674031,-2.2458966635284248,-0.7101150122959364,45.5289694145194161,1.3756467985115755,2.6647896494145420,1.4965699847328886,0.0266631117430807,-1.3631895218457093,474.8405254308275971,-35.7367748850604414,-3.1720398032184405,429.3115560163066675,-37.1124216835650671,-5.8368294526327569,-0.6712888577741674,429.9828448740803424,-2.8171626148301838,-2.9824533404990294,460.9826422169003877,-23.1212509402268438,-6.7180264150155189,415.4536728023815613,-24.4968977387340168,-9.3828160644289174,24.3199421824618973,391.1337306199194472,-13.3037054848864162,-12.1512977481071172,-0.1574142658024435,0.0820850061377933,-0.0812115278500615,-3.0190202145588931,1.1661137384551550,-0.0763425502535571,0.0000000000000000,-1.7595899139135440,-0.1500853198546866,0.0000000000000000,1.7685362942908096,0.0153693555146544,0.0000000000000000,0.6869241732760702,1.0365305370194591,-3.0190202145589495,1.7629773579634787,0.7131633296224162,-4.0179288432372715,-25.5807145974002736,-0.0812115278500918,-56.5120461323230927,0.0820850061378167,-0.5623517098537643,0.1980056304611058,0.2360695000851709,0.0216798520486381,-9.8830618592308781,0.0524809823609295,-0.1574142658024435,0.0845425773616107,0.5596637215271794,0.0258306162323112,-0.0304354995965869,0.0598825649496137,0.0052140353560619,0.0733168550639117,-0.0026669206854226,-0.5205300341402495,-0.0389446380893684,-2.5601809945541305,-0.1040114147992530,-5.5708549216081806,4.5236268029370876,-0.1062823175568783,-0.1689760204198185,-1.8761622718283526,-22.0000000000000000,,,,,,,,,,,,,,,,,,,,,,,,,,,,,,,,,,,,,,,,,,,,,,,,,,,,,,,,,,,,,,,,,,,,,,,,,,,,,,,,,,,,,,,,,,,,,,,,,,,,,,,,,,,,,,,,,,,,,,,,,,,,,,,,,,,,,,,,,,,,,,,,,,,,,,,,,,,,,,,,,,,,0.8649149984018152,-3.5637280223709524,1035.0000000000000000,158.3853161301144041,213.0000000000000000,430.0000000000000000,1296.0000000000000000,-26.1234154573376927,319.6146838698855959,121.6146838698856101,213.4233603118573228,16.4319995493295004,403.2689383549864033,32.0484757909126969,62.9606653424025637,20.7757804885826118,106.1091322121439191,1203.4479095231499741,15.9484691783732160,6.6058136847935600,543.0502306935062506,543.0835222120920207,-114.3693320007880061,701.8700822965180350,-80.5278242671050748,9.7659725630264695,0.3225722037203412,0.5266095854040915,,,,2.0459361259974700,5.7880023508310803,,,116.5457380908281380,-13.4937160676939278,726.7129471969137740,725.4915804354516240,43.0817761041480480,30.3249137759576755,19.6801130373449773,154.8798750036505680,8.3808738911356482,54.5797914512669138,-10.6628279851168912,-0.6455000653605651,9.2120062605076214,2.4541126583451671,27.2729057637416616,-17.1912437225527412,-45.4001000543171855,22.7938405098021093,20.1415557572985620,7.6257091043450345,8.4597029596154272,14.2802308016452031,0.4696247761695389,1.0037447797678851,1.8675210985280302,2.4156011482611177,-7.5118965118688550,-5.7309033512310066,4.0223128472480170,1.1951583729542534,2.8897838288731066,5.1232526986266294,2.4025744118061425,5.4157993146787504,5.5521445376797818,,,,,,,,,,,,,,,
"2014Q4",12.4629873604803993,10.1359532103532999,14.2551128607513995,792.6861112476564131,671.5344724068637561,777.6144342511302057,647.5054506660295601,615.9200975909643603,573.3591604814184848,687.9401932922232845,461.5847340454466803,458.9362032693916262,461.5985309236560852,5.2434309848421217,10.6959742301828840,653.9203916368658156,711.3132064761281299,-0.7212671438287970,44.0370402361139455,0.0233306115344912,-1.3269644619535816,470.5538097029443065,431.1983101445485431,-2.8044956811099837,-0.5760847078225879,23.2769430959085213,3.4411571253231035,12.4629873604801880,14.2551128607514226,24.8611550273876425,3.5042424011673701,15.8722776906271914,-0.1139898251308009,-0.0594729522422628,0.1538724766166217,-1.7710373064923373,-0.0036123236020256,-1.4702221063482184,787.7300318941393016,772.4679667758655341,607.4113666092939638,648.6424941258915169,569.1491551330865377,689.1079799850458585,4.6296777916828624,0.9493451207664801,1.9942906525729041,4.5035832982303603,-9.0652574564787010,2.0326706830376451,2.1967434184246701,1.8632224973183908,235.9013909198241095,1.8452586377650289,4.3040446401992458,12.4931197379279446,0.2972028765419887,10.1359532103532999,4.9560793535155003,5.1464674752644468,8.5087309816691814,-1.1370434598643797,4.2100053483324347,-1.1677866928229235,15.8293405649433865,-0.0666311772473856,792.6861112476551625,11.9087615481324747,3.8521360802437585,653.9203916368660430,462.1226721304047942,-0.1962021891148015,0.3400626313102318,0.9516807295242363,18.8868574064250190,0.1873716401176780,12.4629873604801880,12.4931197379279446,-0.3273352539897772,0.2972028765419887,23.2769430959085213,24.8611550273876425,-0.1139898251308009,-1.4702221063482184,3.4411571253231035,-0.0594729522422628,3.5042424011673701,-0.0036123236020256,14.2551128607514226,15.8722776906271914,0.1538724766166217,-1.7710373064923373,10.1359532103532999,5.1464674752644468,3.3972335620300722,777.6144342511298646,22.0999404329617910,8.6278271831171907,772.4679667758655341,5.7285641532986666,5.8605850192367539,8.5087309816691814,5.6725750980904834,615.9200975909635645,111.2689686705296879,27.4550838687403136,607.4113666092939638,8.5510706095839488,8.5152597665234246,-1.1370434598643797,647.5054506660288780,-12.6551175318643203,-2.5167930827992233,648.6424941258915169,6.0830184844809647,5.8633833848124226,4.2100053483324347,2.3149954260609240,0.0666311772482220,573.3591604814183711,17.0221336126659359,15.4692220002134171,569.1491551330865377,14.0694797700480709,13.6758309466253873,-1.1677866928229235,687.9401932922235119,9.0405015458049984,4.8221643071778040,689.1079799850458585,11.0123679324819665,11.3063508761568929,4.9560793535155003,2.6094115244912310,792.6861112476551625,40.4920032244199888,11.9087615481324747,787.7300318941393016,6.0792754455909019,5.9415199552964344,15.8293405649433865,6.3317362259773375,671.5344724068635287,167.2560350564004636,28.6226860798695775,655.7051318419205472,4.6200303605606887,4.4089167501384159,461.5847340454466803,2.1967434184246701,0.9311651712392290,1.0084549544642114,462.1226721304047942,4.5035832982303603,3.8175931497388946,2.7983872463505075,458.9362032693919673,-9.0652574564787010,-14.4162161277683651,-7.9345673168497886,461.5985309236561420,2.0326706830376451,3.6555183652022212,1.3583671684040439,3.9515372473632917,0.5379380849582838,2.3068398798040946,1.7899322918856693,0.9052102853695811,-0.3672722004116038,-0.5281617725602080,-0.4772724600319055,-3.5312946560102318,-2.6485307760549124,-11.2620008749025651,-8.9430222713137919,-3.5978758968217850,0.9493451207664801,2.5897893288848826,2.3456721671444316,-8.9461708479151749,0.0137968782096946,-0.1640727353864135,0.3499122139405322,-1.9804937743637330,1.9942906525729041,0.0112004147549168,-0.0025077806423051,-102.5760400298324271,5.2434309848419476,5.9647385164411943,1.4258378351027854,-0.4373846622154586,0.1686732163980509,2.3646474465806433,1.8632224973183908,10.6959742301828840,2.1959742301828871,4.6296777916828624,-2.4221071030912453,4.1524053316509635,6.9753499588272900,4.6271700110405689,2.3646474465807330,2.3646474465807410,653.9203916368660430,3.8521360802437585,3.7735132740818038,655.0037355410364626,4.3040446401992458,1.8452586377650289,235.8347597425758124,-6.6191639316075488,1.5708071736487528,-2.7507612853923540,235.9013909198241095,1.4157140226388896,1.4384705823369450,1.3449283215069512,-0.0666311772473856,711.3132064761281299,249.7284724306812507,5.8776929675676248,18.3440753414577138,-2.1979654072582915,-0.7212671438287960,44.0370402361138886,-5.9677167136153262,0.5956811459159697,-4.3781208249685513,0.0233306115344888,-1.3269644619535805,470.5538097029440792,-17.1468629115331410,-4.7875484063018465,426.5167694668292029,-11.1791461979108462,-5.3832295522175269,-2.8044956811099295,429.3212651479389024,-2.6463189045673730,-2.8619467729053958,431.1983101445492252,-119.1373282894046213,-33.8793720542993668,387.1612699084351448,-113.1696115757865186,-34.4750532002139423,-0.5760847078221016,387.7373546162576758,-13.5855040146564878,-12.8551184017855995,-0.1962021891148015,0.3400626313102318,0.9516807295242363,18.8868574064250190,3.7212874321650755,-0.0567111159791044,0.0000000000000000,-2.7209197052750937,-0.1696466053110026,0.0000000000000000,-0.0036123236020122,0.0109490517131091,0.0000000000000000,-1.7710373064923415,3.6600182257148433,18.8868574064250296,2.1830144999392189,-5.0099916700720248,-1.1956067746769321,25.7612048085499765,0.9516807295242291,26.0722490374137976,0.3400626313102038,0.1107533447995850,0.3917932517860492,-0.1763053051372594,-0.0161913035330152,-17.6570620814843089,0.0253686630924852,-0.1962021891148014,0.0595516364308436,0.5033607952187813,0.0473840558569206,-0.0544114140390539,0.2605887815613106,0.0102481251715752,0.0560525726910520,-0.0205863307631540,-0.3424617017630114,-0.0537590322706166,-7.4642866983484701,-0.1010124811023368,-2.3882965892899506,-18.3296425010199187,-0.1000938922924399,-0.1108725512197732,-1.6121690782638942,-21.0000000000000000,,,,,,,,,,,,,,,,,,,,,,,,,,,,,,,,,,,,,,,,,,,,,,,,,,,,,,,,,,,,,,,,,,,,,,,,,,,,,,,,,,,,,,,,,,,,,,,,,,,,,,,,,,,,,,,,,,,,,,,,,,,,,,,,,,,,,,,,,,,,,,,,,,,,,,,,,,,,,,,,,,,,0.6127476913833050,-5.2589268381175884,1178.0000000000000000,244.9967310734618025,206.0000000000000000,430.0000000000000000,1513.0000000000000000,-23.9276575138716083,314.0032689265382260,130.0032689265381975,204.5192247152917275,14.2551128607513995,396.8936820071417628,26.3703226436320008,-79.4047804549621361,82.6762712293815696,189.1029665174305876,1227.9876660964901021,8.0744363859921577,-15.5294292559572682,549.3647440359666234,515.6983158436679560,-97.9293961480794053,618.4335270916609488,-88.2144229058493465,56.2813718214332965,0.2736320276272307,0.4605080962171000,80.8228142909416931,22.3280248868142728,103.1508391777559552,3.6131723024438100,-1.2861381523167106,,,118.6037512250675263,-13.4937160676939278,734.6678669539761586,735.7287876314267123,40.9488287839003533,119.5200330118313303,19.6801130373449773,273.3746027090583084,-3.8821793163639686,-75.5226011385981622,49.9182608994345287,12.6468610054293578,24.7322687570661799,9.0109632906335122,204.2530853618790161,31.5939473004065974,-11.8870943670527822,-2.4853858821271189,18.5567231141062763,16.7298634639934107,9.4617530958847311,4.9403222503835877,2.2210494809753669,1.0135569976197587,4.6065342878069515,2.8379099066234090,-8.6665028416143457,-7.6279436163037957,2.0534701225627003,1.3676348909141183,3.9272927824573998,3.8456143416522650,-6.4048517998072612,1.5832092017561905,5.3833333333331623,,,,,,,,,,,,,,,
"2015Q1",13.5971883086850003,9.7728649079397307,15.7381837891455003,791.8536321653706409,659.1842227920384403,784.7747907308536242,659.2861336774493566,611.6041973915016570,571.1140343807875297,703.6871058029435062,461.8697118851261507,461.0747973626343992,460.9600396948163734,3.9579623096375798,12.1149372091005176,655.6838824973706323,714.3578625095799453,-0.7102028571981194,40.8831357873014909,0.0266631117430805,-1.2886519065283608,462.2967505323330784,394.8327855419714183,-7.2997562427371463,-30.4172383689259505,26.5563652402719335,2.7790068575583753,13.5971883086848617,15.7381837891455376,24.7087213201008566,3.4589606344487565,15.9379221571401537,-0.0649628242220272,-0.0338936474202934,0.2586363057990895,-0.4583746737936952,-0.6460601294700846,1.9126067443932160,789.0291615470176794,773.8505163350881730,609.5246081752126202,649.3553402892063104,572.6722454758786398,691.8445056891405329,4.5674061745892836,1.6775594935266678,2.0008738446799534,-0.0470708235718498,8.5543763729707525,-2.5539649153600950,1.1399113587170169,1.8348281383347085,236.2472912496743049,1.8090587914328513,5.2199839957083709,12.2297597974095140,1.7249212887167467,9.7728649079397307,2.8244706183515489,10.9242743957654245,2.0795892162881846,9.9307933882419306,-1.5582110950901293,11.8426001138023000,2.3359954627843957,-1.7911773895118057,791.8536321653712093,8.6225432466420475,7.0539634420177011,655.6838824973705186,462.1109044245120003,-0.2735410166382097,-0.2454271014805370,-3.3124573960391381,-3.9395030495344074,1.4615613481983505,13.5971883086848617,12.2297597974095140,-0.3574927774414876,1.7249212887167467,26.5563652402719335,24.7087213201008566,-0.0649628242220272,1.9126067443932160,2.7790068575583753,-0.0338936474202934,3.4589606344487565,-0.6460601294700846,15.7381837891455376,15.9379221571401537,0.2586363057990895,-0.4583746737936952,9.7728649079397307,10.9242743957654245,8.4428624195898063,784.7747907308539652,28.6414259188947113,10.8589876819866866,773.8505163350881730,5.5301982368936509,5.7659893031731224,2.0795892162881846,2.5458350684385507,611.6041973915019980,-17.2636007978475341,7.3562355902245251,609.5246081752126202,8.4529662636769416,8.5251080981629634,9.9307933882419306,659.2861336774484471,47.1227320456802659,12.3144013516305382,649.3553402892063104,2.8513846532572984,5.5046140201613287,-1.5582110950901293,-1.8763390663153574,1.7911773895123981,571.1140343807875297,-8.9805044025229410,12.9222114849419825,572.6722454758786398,14.0923613711671294,13.9306547098358653,11.8426001138023000,703.6871058029433925,62.9876500428748329,15.0898358552618106,691.8445056891405329,10.9461028163788079,11.1152492332247057,2.8244706183515489,6.2446499844501213,791.8536321653712093,-3.3299163291406280,8.6225432466420475,789.0291615470176794,5.1965186115168303,5.9068971913107422,2.3359954627843957,0.9343981851137596,659.1842227920387813,-49.4009984592986626,7.9756327463068102,656.8482273292539730,4.5723819493368465,4.4810075061284032,461.8697118851261507,1.1399113587170169,3.0126387976794451,0.9403371485137734,462.1109044245120003,-0.0470708235718498,2.7602116639372980,1.6053245503495279,461.0747973626349108,8.5543763729707525,5.0516067206389730,-1.6972135362708141,460.9600396948169418,-2.5539649153600950,1.1488822749194978,-0.5274734611139464,1.9013410167787519,0.2411925393856719,-1.1869821822904738,0.6649874018347646,0.7572764480333078,-0.5160839086479581,-0.5952468329452661,-0.5205960253985928,-6.9452556726254020,-0.7949145224911999,7.4144650142552759,-2.6375506847842933,-2.4724740160181899,1.6775594935266678,2.9128574910408433,2.5537830528724128,-21.4181935951548432,-0.9096721903092658,-3.6938762740764211,-1.4678106096269705,-2.9105460349895220,2.0008738446799534,0.0263327684293433,0.0084933940639833,-125.6882907156691260,3.9579623096375056,5.8069874799788783,1.1977506456997256,-0.6370774926348333,-0.6578252274728169,2.9571119816273592,1.8348281383347085,12.1149372091005159,3.6149372091005176,4.5674061745892836,-1.0628738928588228,4.0468101491906907,7.1211892274616986,4.5758995686532788,2.9571119816273721,2.9571119816274405,655.6838824973705186,7.0539634420177011,4.0926557584550061,656.6049229487479124,5.2199839957083709,1.8090587914328513,234.4561138601614516,-5.5145835296585686,-0.7084109547538138,-4.7853621640371431,236.2472912496743049,1.3836013194002363,1.4149780917670616,1.3144212534302262,-1.7911773895118057,714.3578625095800589,252.4881506244539366,11.0387127750872391,18.1581753920647770,-2.2108654098765097,-0.7102028571981210,40.8831357873014838,-12.6156177952430255,-3.1957421628606766,-9.6964416902708024,0.0266631117430815,-1.2886519065283628,462.2967505323327373,-33.0282366824460993,-18.3421261414958181,421.4136147450299177,-20.4126188871959577,-15.1463839786352032,-7.2997562427373186,428.7133709877674050,-2.4315766406870742,-2.7093719273580810,394.8327855419720436,-145.4620984103034687,-69.4180720139210337,353.9496497546709293,-132.8464806150577715,-66.2223298510597687,-30.4172383689268173,384.3668881235972776,-13.4818659706421791,-13.2670864267271718,-0.2735410166382097,-0.2454271014805370,-3.3124573960391381,-3.9395030495344074,2.2048883027630808,-0.2093759559173987,0.0000000000000000,2.9417622188369705,-0.1700696466602799,0.0000000000000000,-0.6460601294700972,0.0143672434192374,0.0000000000000000,-0.4583746737936956,6.9444972742873432,-3.9395030495345225,-3.7234182364452124,3.5613738015684699,-3.7787581179589260,-3.9957407631929436,-3.3124573960391408,15.1807636568986197,-0.2454271014805158,-1.2560690646799562,1.6385604019359148,0.0340072559077987,0.0031231153384713,7.5373967491202052,-0.0306694701688530,-0.2735410166382095,-0.0321541233259333,0.3647522817233120,0.1227499726227917,-0.0872054796196105,0.3840208220826737,0.0162523951499109,0.0386729978932952,-0.0516739825556817,-0.5700555707042235,-0.0322117419990513,-8.2374969702744316,-0.0945141056955840,-5.5609689204490778,-29.9966965322164612,-0.0943838907701397,-0.0498896265762784,-1.2549123574511913,-20.0000000000000000,,,,,,,,,,,,,,,,,,,,,,,,,,,,,,,,,,,,,,,,,,,,,,,,,,,,,,,,,,,,,,,,,,,,,,,,,,,,,,,,,,,,,,,,,,,,,,,,,,,,,,,,,,,,,,,,,,,,,,,,,,,,,,,,,,,,,,,,,,,,,,,,,,,,,,,,,,,,,,,,,,,,0.4740068600517020,-11.2682518285463118,1158.0000000000000000,212.2660184613696117,199.0000000000000000,472.0000000000000000,1451.0000000000000000,-30.4106079891622976,353.7339815386303599,146.7339815386303883,233.7726659474524809,15.7381837891455003,393.5058184761348912,29.5247027197614997,45.7899269736877130,20.0805938706837068,93.8626316843110260,1265.9506553095400250,12.1786241338072614,5.3676099157919452,551.9374684214320723,550.0699607523989698,-147.9888300183849879,656.0195372397259916,28.2559053132690678,1.0765723948961501,0.3184268665497003,0.4875537996012941,,,,2.4521639121550902,1.3721594885901793,2.3140729851675639,5.4707626271204859,157.9198522223016425,1.3018595806276285,744.3638118728067639,745.4431110572800208,38.8572937034132337,28.5218461046390637,30.8894023761097287,133.3195399058776047,35.3044879806514871,10.4854389930362260,-3.2750849138624858,9.0052033727588281,33.1643986763828877,11.4705090184865242,-15.8556162046565845,7.6335650460002853,60.1959104362635458,13.1047295317258801,-8.5890621014273734,13.7942850102399746,87.7378709481030512,16.2878455425438773,1.1464331053983727,0.9447722088846433,-0.0470597469977037,1.6182791129995593,8.9309232535744059,-1.6828920041233602,-2.5216271150268881,-0.5260847625979750,7.3087099772873643,4.1775592220002693,-5.3652872924379551,-0.7059076390918904,4.0373333333332706,,,,,,,,,,,,,,,
"2015Q2",13.9323826388695995,7.3945664248238598,16.1769905282465984,793.3714306736980006,658.4108033652578342,787.5771955052287012,664.0707740675151172,613.8065565159994321,574.2523178244620112,707.4191942310278591,462.9212777001258701,465.3831493398752173,459.6133670949229781,3.3960105516927319,12.7194560463095030,657.1967072892022088,721.0034219287906581,0.0400999179011521,37.3802156417663909,0.0199980002666245,-1.2485912641518466,461.1163401319611808,410.2909668684145572,-4.4322597319742840,-8.2075790057978679,27.4057441295239563,2.7036290375922127,13.9323826388695746,16.1769905282465878,24.6647176049518428,3.4189521898799575,16.0028382629546151,-0.0655968532083276,-0.0342244451522800,0.2828457931844462,-0.1086935278924859,-0.6810987071354699,2.8066233777804808,790.5193935776807166,775.2232216700057279,611.6659856860628679,650.6763272616036602,576.3116604280027104,694.4929666907983119,4.5167914457434319,2.4639146946114829,2.0104863313100547,2.3915000694054767,17.2334079089614747,-5.3866903995763806,4.2062632599989316,1.8237369919898103,236.5858135272008269,1.7859436015421790,7.3154170919477313,12.0808315318772337,2.2342181985375031,7.3945664248238598,2.8520370960168084,12.3539738352230177,2.1405708299356356,13.3944468059111390,-2.0593426035402476,12.9262275402285898,0.4144487642238806,-4.7176700380923640,793.3714306736985691,7.9895071133323610,6.0512991673207299,657.1967072892019814,462.7087794418621911,-0.1244702932773446,-7.0275814896600322,0.1314526094486403,0.1611671303983417,2.0852899330052059,13.9323826388695746,12.0808315318772337,-0.3826670915451426,2.2342181985375031,27.4057441295239563,24.6647176049518428,-0.0655968532083276,2.8066233777804808,2.7036290375922127,-0.0342244451522800,3.4189521898799575,-0.6810987071354699,16.1769905282465878,16.0028382629546151,0.2828457931844462,-0.1086935278924859,7.3945664248238598,12.3539738352230177,9.6937027678075527,787.5771955052277917,11.2096190974989671,17.6907668303272700,775.2232216700057279,5.4908213396698091,5.6513862047042869,2.1405708299356356,2.8439426886380987,613.8065565159993184,8.8094364979918449,31.7327875737998220,611.6659856860628679,8.5655100433995131,8.5318382200216369,13.3944468059111390,664.0707740675153445,19.1385615602655328,-1.7269093748653686,650.6763272616036602,5.2839478895893537,4.9762016555132345,-2.0593426035402476,-2.5744043374192485,4.7176700380930372,574.2523178244615565,12.5531337746976597,9.7362030683693987,576.3116604280027104,14.5576598084942237,14.1547477813564200,12.9262275402285898,707.4191942310275181,14.9283537123359302,23.7693392430563080,694.4929666907983119,10.5938440066321728,10.9284419964333832,2.8520370960168084,7.0424853798105822,793.3714306736985691,6.0711940333159546,7.9895071133323610,790.5193935776807166,5.9609281226526045,5.8092889243741803,0.4144487642238806,0.1657795056895512,658.4108033652580616,-3.0936777071233035,3.0818187771223573,657.9963546010342270,4.5925090871185494,4.5450049838575284,462.9212777001251879,4.2062632599989316,4.6961117135563262,2.0028608791324873,462.7087794418621911,2.3915000694054767,4.1243777343564352,2.1745773947233236,465.3831493398752741,17.2334079089614747,8.9535165608201162,2.2283776893669387,459.6133670949226939,-5.3866903995763806,1.3163716140678356,-0.4911152392334446,1.3380956691952743,-0.2124982582632520,-1.8147631905955850,0.1717165155900200,0.4644969958177378,-0.6769952540814034,-0.6436453817334590,-0.5622942247767646,-9.3144705249132720,2.4618716397497220,13.0271446489634517,0.2255168102346672,-0.0020430548617307,2.4639146946114829,3.1454208043384737,2.7540097600554692,5.9445817042042544,-3.3079106052028813,-9.5929536595746008,-2.4939761183649169,-5.3183969365130048,2.0104863313100547,0.0384499465210087,0.0192603073105306,80.2062622558511578,3.3960105516927652,5.6968830559999306,-0.7283671826644326,-2.5521041746541528,-1.6641540442698117,2.5553020020392956,1.8237369919898103,12.7194560463095048,4.2194560463095021,4.5167914457434319,-0.3849802629019535,3.9544972209666831,7.2708012057989313,4.5360517530539868,2.5553020020393862,2.5553020020393507,657.1967072892019814,6.0512991673207299,4.9515539075165629,658.5210302571365446,7.3154170919477313,1.7859436015421790,231.8681434891072968,-10.3518814842193816,-5.0278655603301647,-4.7857316323329258,236.5858135272008269,1.3540891101047201,1.3961567577592884,1.2863846545994782,-4.7176700380923640,721.0034219287905444,258.0821442286648448,22.3759744168394015,13.6930809646202274,-2.2007584753101539,0.0400999179011515,37.3802156417664833,-14.0116805821295021,-7.8048420731250374,-10.8132919197799957,0.0199980002666252,-1.2485912641518464,461.1163401319613513,-4.7216416014820357,-22.6583790201297148,423.7361244901935606,9.2900389806546251,-14.8535369470049332,-4.4322597319742174,428.1683842221675604,-2.1799470623976731,-2.5187513056213291,410.2909668684146141,61.8327253057736286,-56.4719880835437635,372.9107512266482445,75.8444058879070298,-48.6671460104182145,-8.2075790057983955,381.1183302324468514,-12.9942315646040498,-13.3413267586974751,-0.1244702932773446,-7.0275814896600322,0.1314526094486403,0.1611671303983417,0.0081339708539945,-0.1085676491439935,0.0000000000000000,1.4677986567052415,-0.1670604128463681,0.0000000000000000,-0.6810987071354786,0.0142953273858868,0.0000000000000000,-0.1086935278924797,4.4169957757260931,0.1611671303982689,-0.1150013594837986,2.2256157184328527,-5.1864178828849017,-0.5199494208898843,0.1314526094486501,10.2104960178240560,-7.0275814896600295,-0.9314221279614829,0.9660125581190350,-0.6214176058108620,-0.0570689637989562,12.5124205973360638,-0.0089525332461025,-0.1244702932773447,0.1735887850082526,0.8083131979872176,-0.1665569768257633,-0.0817757530812452,0.3258227894399269,0.0147504549346039,0.0396678566744988,-0.0422093107473941,-0.5118097039434455,0.7076906036673835,-4.3152388918586659,-0.1043450923702013,0.0935891385228871,13.9970050035177849,-0.0888045482763191,0.0084719142209446,-0.8605521910225828,-19.0000000000000000,,,,,,,,,,,,,,,,,,,,,,,,,,,,,,,,,,,,,,,,,,,,,,,,,,,,,,,,,,,,,,,,,,,,,,,,,,,,,,,,,,,,,,,,,,,,,,,,,,,,,,,,,,,,,,,,,,,,,,,,,,,,,,,,,,,,,,,,,,,,,,,,,,,,,,,,,,,,,,,,,,,,0.2191593444652540,-10.0171844739588494,1236.0000000000000000,171.8188600125143921,199.0000000000000000,499.0000000000000000,1511.0000000000000000,-31.1580727107631468,403.1811399874856079,191.1811399874856079,249.4327262215439873,16.1769905282465984,510.0309939733224383,30.3072902481803013,77.3182985924466948,64.6539332175842958,118.6260359417474461,1352.9385631763600486,26.5822376768428512,-2.9532099467473358,557.1016135515832275,540.3434140466810049,-124.3181743651790043,616.5876082660280417,-71.4007880672880901,68.9567450488421940,0.3512357335118382,0.4766107489153563,,,,3.7818296083683700,2.7559866056773696,,,157.9198522223016425,1.3018595806276285,753.2021812066245730,754.6442406975281756,36.8045185609926193,90.4536123058052652,30.8894023761097287,165.9628878004749595,-42.8460350900134017,120.1643336824600965,6.2592779974665973,8.3173405553985162,11.8620456662449101,19.3520888230824823,9.2091172327497048,37.3452819965673086,21.0926314141265863,-1.7120837592418923,13.3750697596325807,10.2259353102457311,16.1002129749182643,26.8320256611417136,4.2959799989080096,2.0230527171504491,2.4203257624597825,2.1983936499608348,18.8074677828234229,2.2533914800362993,-5.2441785678503976,-0.4899112401564452,6.2381399592634068,5.0761919956420485,-9.8340941990627471,-4.9035603980897946,3.4543333333333814,,,,,,,,,,,,,,,
"2015Q3",11.2459155495904000,7.5265571826309801,16.0003362161070015,793.4239511656147670,647.6072101771616190,788.0064536269793507,654.9269419460451900,625.5751617355426788,570.0157101755314670,704.6222235268709255,464.0311392301510978,466.0774132197220183,463.0946909041420554,3.4269372910045259,12.5408858957369169,658.8591105392436020,725.1502246618396157,0.5753607686198521,34.2942700078931821,0.0399920021326891,-1.2074228949965988,458.3262281287487099,389.2217247441325867,-3.6590062112360329,-23.1412145230952433,25.0146924500435226,2.2315593156538140,11.2459155495904213,16.0003362161069838,24.6868230262080104,3.3853539366537069,16.0657078712665538,-0.0291340577099800,-0.0152003779357486,0.2078191210466904,-0.2731907762062757,-1.1385942430641440,0.3570034815455200,792.1572530043076767,776.5866824612255641,613.8392436820129205,652.3992075392158085,580.0720707864534234,697.0475728882956901,4.5034002567770228,3.2578752857854418,2.0214822682560549,3.9501155372184527,2.7770555193852084,13.9252952368772895,4.4394461201018212,1.8797882553331196,236.9267952671596902,1.7914805384861976,9.6888691464511201,12.0064690915951395,-0.5083999853123244,7.5265571826309801,1.2666981613060064,11.4197711657543834,11.7359180535289536,2.5277344068287282,-10.0563606109216668,7.5746506385747603,-11.5477611693513325,-7.4697230461874033,793.4239511656136301,10.8608407240661915,6.6496130001600777,658.8591105392438294,463.6963083261660472,-0.1240404157030140,13.5172176368653734,1.5567425678771434,10.5071964288203485,-0.5827624255944186,11.2459155495904213,12.0064690915951395,-0.2521535566924979,-0.5083999853123244,25.0146924500435226,24.6868230262080104,-0.0291340577099800,0.3570034815455200,2.2315593156538140,-0.0152003779357486,3.3853539366537069,-1.1385942430641440,16.0003362161069838,16.0657078712665538,0.2078191210466904,-0.2731907762062757,7.5265571826309801,11.4197711657543834,8.0013963292649830,788.0064536269798054,1.7170324870049358,15.9170044840911071,776.5866824612255641,5.4538431648814392,5.5508567236836175,11.7359180535289536,8.1671967395542886,625.5751617355427925,47.0744208781742515,37.4723063122108186,613.8392436820129205,8.6930319837995711,8.5656447251148897,2.5277344068287282,654.9269419460447352,-36.5753284858785932,4.2577118970534329,652.3992075392158085,6.8915211104487755,5.2774680344466232,-10.0563606109216668,-7.9818971918112958,7.4697230461882649,570.0157101755313533,-16.9464305957189509,0.9120830972784046,580.0720707864534234,15.0416414338045445,14.4402855958782688,7.5746506385747603,704.6222235268713803,-11.1878828166310562,18.9421556210982658,697.0475728882956901,10.2184247899865923,10.6926848863699995,1.2666981613060064,4.0509741137167765,793.4239511656136301,0.2100819676668308,10.8608407240661915,792.1572530043076767,6.5514377065082261,5.9470399715666442,-11.5477611693513325,-4.6191044677405326,647.6072101771618463,-43.2143727523846977,17.8867465343984691,659.1549713465130935,4.6344669819158950,4.6048470947330014,464.0311392301509272,4.4394461201018212,5.3328497356175166,2.9955910393113587,463.6963083261660472,3.9501155372184527,3.3422833097431481,2.6995320203199591,466.0774132197220752,2.7770555193852084,14.9531408011489440,4.8748955862114549,463.0946909041422828,13.9252952368772895,5.7022566748567289,2.0043276512456445,-0.4805860801925927,-0.3348309039845912,-0.4893305828851562,-0.2960590189918730,0.5047445883379537,-0.8395754923228699,-0.6503209529655973,-0.6043437350508840,-7.0580964951576597,2.0462739895711017,-1.6623906007152449,1.8793045469007212,-1.2116012962148002,3.2578752857854418,3.1758423646957432,2.9559774972400472,-0.1389190945500891,-0.9364483260087648,9.4858491167760590,-0.9912633880647070,-2.9579305942647300,2.0214822682560549,0.0439837477839500,0.0299917193721718,-66.0983338636000894,3.4269372910045752,5.7328675591446778,0.0846539812610494,-1.7951342740718781,-0.7551390640207598,3.2857468317158061,1.8797882553331196,12.5408858957369169,4.0408858957369125,4.5034002567770228,-0.6213849844638226,3.8990565217261359,7.4593777540170620,4.5333919761491996,3.2857468317158971,3.2857468317158767,658.8591105392438294,6.6496130001600777,5.9017529224355032,660.3177934176760573,9.6888691464511201,1.7914805384861976,229.4570722209711846,-9.6442850725461611,-8.0324785045064040,-0.9756678326448207,236.9267952671596902,1.3639269598352846,1.3793328529951769,1.2957306118435215,-7.4697230461874033,725.1502246618392746,261.1190854316884611,12.1477648120889477,12.8600362428966335,-2.1509488914588828,0.5753607686198527,34.2942700078932177,-12.3437825354825677,-11.2346994066235162,-9.4789734824624468,0.0399920021326895,-1.2074228949965986,458.3262281287488804,-11.1604480128464729,-16.5142973020763755,424.0319581208541990,1.1833345226431513,-5.2795978954529277,-3.6590062112360666,427.6909643320901750,-1.9096795603100212,-2.2918805419911994,389.2217247441321888,-84.2769684971236188,-71.7609174727690657,354.9274547362390990,-71.9331859616376619,-60.5262180661449776,-23.1412145230957087,378.0686692593349676,-12.1986438924484091,-13.0650613605880519,-0.1240404157030140,13.5172176368653734,1.5567425678771434,10.5071964288203485,1.3292739702190497,-0.0446586984961871,0.0000000000000000,-1.6076328829007913,-0.1626506437322764,0.0000000000000000,-1.1385942430641438,0.0128979909415175,0.0000000000000000,-0.2731907762062764,3.6106138301695427,10.5071964288203397,-7.3964515399693767,-1.0549300956603953,-4.9848081567171452,-11.7135406750408784,1.5567425678771443,-27.8453761966684574,13.5172176368653609,-0.3379801923593658,0.2433754540583640,-0.9098153637050143,-0.0835544721769916,-3.8778369972155673,0.0317608094954508,-0.1240404157030140,0.1941941346718949,0.8502613078368702,-0.2073303242120806,-0.0496136860863845,0.1469373678293177,0.0093787959150329,0.0775423052358004,-0.0158687029017623,-0.4859535193714612,0.5376668457927685,-1.5304906157025115,-0.0780192346015027,-0.9110051774120365,-17.1496818488632101,-0.0836907572599358,0.0522727958478962,-0.5038354843040005,-18.0000000000000000,,,,,,,,,,,,,,,,,,,,,,,,,,,,,,,,,,,,,,,,,,,,,,,,,,,,,,,,,,,,,,,,,,,,,,,,,,,,,,,,,,,,,,,,,,,,,,,,,,,,,,,,,,,,,,,,,,,,,,,,,,,,,,,,,,,,,,,,,,,,,,,,,,,,,,,,,,,,,,,,,,,,-0.0356881711212793,-8.7661171193716712,1137.0000000000000000,228.6910796642239916,210.0000000000000000,497.0000000000000000,1418.0000000000000000,-30.4380427499097408,339.3089203357760084,121.3089203357760084,230.6116694183506297,16.0003362161070015,377.8824616724387511,27.3077497355052010,-21.2674128284864743,58.6070939804714328,109.9311111021031877,1410.2217586138999650,16.5872109321958305,16.0347980404507098,561.1957670037348862,496.6063435080279760,-118.9125271479289978,566.7645567291759789,-113.0254461630422611,99.1611418222676946,0.4275683707511070,0.5224993174245307,,,,5.3605634160349798,-1.6412050490755599,,,157.9198522223016425,1.3018595806276285,761.3224241362902376,763.3411919746978356,34.7878051086786400,80.6420253966049643,30.8894023761097287,151.2627030496811642,19.9126856769884490,-41.1800985054749233,0.2103027944445444,11.4725746330631466,1.7318582224903167,17.2537313650536817,60.1185366132384331,45.4588529627908144,-30.6326080040786195,4.3496526648637115,-15.5883116113170388,0.9162552500131085,-10.5847402953843783,20.8550317004888086,4.5394641193325498,3.0409102619732664,4.0291700808358542,2.7362994902183146,2.8159751440803120,4.9956732168819968,14.9414810433110716,2.0245491738114794,6.8756827979956654,6.0793835470319237,-9.1938208810502289,-7.7183419315181254,3.4863333333333690,,,,,,,,,,,,,,,
"2015Q4",10.7463888419514007,6.4777489262343799,15.8744091564495005,799.5433846811199601,666.6289815639420340,792.6069568861389598,660.8061775874356272,632.6694838036015653,574.7483427015612278,712.5266410858588415,465.5264570213462321,471.7391172551150476,464.7782394222139715,3.4803922194692096,12.3025696316899626,660.8978758758751155,729.6521342364362681,0.8980241519710006,32.2690428493650856,0.1265865121233717,-1.1658054474398278,454.2998503427273818,374.3924433327177326,-5.2521931427917252,-33.1663633005574070,24.9522410027735617,1.6685569956273125,10.7463888419513882,15.8744091564495005,24.6794191154157581,3.3665320392862110,16.1260168051829460,-0.1327643573402185,-0.0692683603515293,0.3696393273146195,-0.6212469760480585,-1.6287066833073549,0.4055862446979971,793.7710213184977874,777.9157686823468794,616.0151738420312313,653.9844992734358584,583.8969683271866415,699.5436741497549065,4.5066738180152921,4.0483413174395855,2.0324375602443228,2.5230886020002044,22.6468161415724794,6.7341940722850149,5.9812711647807371,1.9643539831749495,237.2767191570907812,1.8004486488767295,10.4925464447991370,11.9199343495190178,-0.6018734625612228,6.4777489262343799,5.7723633626208617,14.6911882037928549,16.6543099615689059,6.8216783139983406,-9.1486256256255256,12.9829669361030682,6.2858323702438073,-8.4368809085147518,799.5433846811203011,6.8572734334662178,8.1550613465211015,660.8978758758745471,464.3270804766656852,-0.2264094300506823,2.9412824147422070,-2.1328103740054178,8.1403472759774491,-0.6884082046374151,10.7463888419513882,11.9199343495190178,-0.5716720450064372,-0.6018734625612228,24.9522410027735617,24.6794191154157581,-0.1327643573402185,0.4055862446979971,1.6685569956273125,-0.0692683603515293,3.3665320392862110,-1.6287066833073549,15.8744091564495005,16.1260168051829460,0.3696393273146195,-0.6212469760480585,6.4777489262343799,14.6911882037928549,10.7466701577040311,792.6069568861395283,18.4020130366368875,14.9925226350099372,777.9157686823468794,5.3163448844848222,5.4478019064801888,16.6543099615689059,11.9794120020988668,632.6694838036014517,28.3772882722367754,16.7493862126374395,616.0151738420312313,8.7037206400752574,8.6038072327378323,6.8216783139983406,660.8061775874351724,23.5169425655614930,13.3007269214091917,653.9844992734358584,6.3411669368823373,5.3420051475469137,-9.1486256256255256,-7.3935740634445484,8.4368809085155618,574.7483427015605457,18.9305301041210114,1.3891822201420041,583.8969683271866415,15.2995901629347060,14.7478131940999884,12.9829669361030682,712.5266410858587278,31.6176702359486583,24.5864477936341181,699.5436741497549065,9.9844050458375744,10.4356941647089361,5.7723633626208617,6.4048461163717505,799.5433846811203011,24.4777340620255117,6.8572734334662178,793.7710213184977874,6.4550732567640106,6.0409894243599584,6.2858323702438073,2.5143329480975227,666.6289815639419203,76.0870855471227117,-4.9054908429209512,660.3431491936983093,4.7527113887419299,4.6380173517783110,465.5264570213458910,5.9812711647807371,4.7295107720829570,3.9417229759001735,464.3270804766656852,2.5230886020002044,4.5908879644431222,2.2044083462624462,471.7391172551149339,22.6468161415724794,5.8597301975801921,12.8029139857245848,464.7782394222138578,6.7341940722850149,3.6815149981147712,3.1797084985575563,2.9305145083938111,-1.1993765446802231,-3.4581825627824467,-1.7373146296385538,-0.1979357226425956,-1.0014408220379558,-0.6474613188601721,-0.6341686216258233,-1.3455428473055395,6.2126602337692374,16.6655449767926314,8.8611910098244966,2.1643189163293188,4.0483413174395855,3.1618641266167837,3.0989961966728226,-3.9089651280573534,-0.7482175991323566,0.7529229075048313,-0.7620144773419422,-2.7806551593768218,2.0324375602443228,0.0438211679534491,0.0381469076721222,-40.7548554703381569,3.4803922194691728,5.8235664823301914,-1.1104957449742869,-3.0748497281490366,-2.1466147213808009,1.6559549103087920,1.9643539831749495,12.3025696316899644,3.8025696316899658,4.5066738180152921,-0.3660581937005456,3.8725051963894552,7.6056700146880880,4.5448207256874023,1.6559549103088560,1.6559549103088673,660.8978758758745471,8.1550613465211015,6.9774842390049781,662.1667285884694820,10.4925464447991370,1.8004486488767295,228.8398382485749210,-2.4689358895868576,-6.9949214940014599,1.0730300629439236,237.2767191570907812,1.3996955597242593,1.3753282372665248,1.3297107817380480,-8.4368809085147518,729.6521342364360407,264.1256772150902066,12.0263671336017648,14.3972047844050213,-2.1155174104839625,0.8980241519710014,32.2690428493650288,-8.1009086341024776,-11.7679973867454208,-6.0846743613583856,0.1265865121233718,-1.1658054474398292,454.2998503427277228,-16.1055111440807828,-16.2539593602133507,422.0308074933610101,-8.0046025099713205,-4.4859619734679868,-5.2521931427916577,427.2830006361525079,-1.6318547837492743,-2.0382645117866214,374.3924433327176189,-59.3171256456541300,-56.8058668118288210,342.1234004833527251,-51.2162170115483377,-45.0378694250830449,-33.1663633005568670,375.2897637839093932,-11.1156219017053228,-12.4475908323500501,-0.2264094300506823,2.9412824147422070,-2.1328103740054178,8.1403472759774491,0.2144703349188894,-0.0730627594818503,0.0000000000000000,0.1556838076161569,-0.1495542005348341,0.0000000000000000,-1.6287066833073567,0.0109660126290404,0.0000000000000000,-0.6212469760480590,6.4515618157197352,8.1403472759774509,-1.1940222924152195,0.5417208576947090,-2.9555599345437891,10.9049368379843408,-2.1328103740054036,29.8767730383170473,2.9412824147422025,-0.5689114778170208,0.1657723255267327,-0.7324423612735355,-0.0672651148108354,-4.1035675371844293,0.0223636650042267,-0.2264094300506824,0.0837369475675382,0.6484274929222394,-0.0847018125478092,-0.0342880547783656,0.1055797254288282,0.0042357949479146,0.1039649478807384,-0.0118838357608518,-0.4012754283833017,0.3571850294683389,1.3780648483600508,-0.0104190263835766,-2.9836092918252746,-16.2732766986971455,-0.0791248419428876,0.0868568205297433,-0.1368423985016902,-17.0000000000000000,,,,,,,,,,,,,,,,,,,,,,,,,,,,,,,,,,,,,,,,,,,,,,,,,,,,,,,,,,,,,,,,,,,,,,,,,,,,,,,,,,,,,,,,,,,,,,,,,,,,,,,,,,,,,,,,,,,,,,,,,,,,,,,,,,,,,,,,,,,,,,,,,,,,,,,,,,,,,,,,,,,,-0.2905356867079831,-7.5150497647844077,1360.0000000000000000,279.1818915579943905,206.0000000000000000,499.0000000000000000,1701.0000000000000000,-31.3265937311340608,354.8181084420056095,139.8181084420055811,253.4302565709493535,15.8744091564495005,439.2179661882829578,26.3210850622606003,-54.5933835482886280,107.9078048700851866,132.4732882955370314,1475.1594171601400376,18.0076382983866097,-4.2136072471491275,560.8218921129654291,520.7119258410659768,-125.0944680459689948,557.2906420721640188,5.8409154150509721,114.8816849363220030,0.3759139324856615,0.4545673293041492,90.7376355237701091,25.0582477601117013,115.7958832838818068,4.0778433446385201,0.1907965710785007,,,157.9198522223016425,1.3018595806276285,768.8325191270323558,771.5420790241344093,32.8035481977462950,145.4821973529864465,30.8894023761097287,178.6015858168311752,7.7809215349681375,-62.3743050832567647,27.7336870503832387,7.0978519028177089,20.2040020358750638,16.1747371389258774,32.8131254941236534,18.2338033121220349,26.5123094885989303,14.2258301620857850,20.8409824949228124,1.3988761933158287,37.1872647343518565,27.8726266176070538,6.1637695550078178,4.0204397353028440,2.5551878782888764,2.2288849509408237,25.4162678434095142,13.6586122171857340,6.9661176363335926,3.2308013255895958,8.4968130191041951,7.2266725059343173,-2.4387069561174428,-6.7558827215578532,3.5416666666666208,,,,,,,,,,,,,,,
"2016Q1",11.1403743808028004,3.3101349697939701,16.7107552921413998,800.0796892385451429,661.6922104147258779,787.5960954534505163,661.7104935889182116,646.6747871758266228,581.6486324652303210,710.5313408229351353,466.2394240041637090,472.5294625700677216,465.0199206466709256,4.8508478742609089,10.9548845915186082,663.5538117081355267,731.7341253744049254,0.6148578047665794,31.7542953448901919,0.2895803112025468,-1.1242440284765431,454.6182508052614253,350.0688671172995896,-4.0801401137209155,-54.5244373543346228,25.0479239782285319,2.8032056947157438,11.1403743808029567,16.7107552921414069,24.6871190301627017,3.3577937111384970,16.1879754802759983,-0.1081487089509618,-0.0564254133658307,0.2460491375979549,0.2767306742674385,-0.4981626030568762,0.4689536570167487,795.3775714580656313,779.1958279216842129,618.1800374829812199,655.6206644697219872,587.7501206586784974,701.9974122217535069,4.5224731471132085,4.8079548073814840,2.0425495150208959,2.9533593694411722,3.1613812598080866,0.9667248978243849,2.8518679312692625,2.0648406452586117,237.6394101018695153,1.8108590835762857,9.6176421180764908,11.8569372610251911,-0.3059396203074579,3.3101349697939701,4.7021177804794290,8.4002675317670050,28.4947496928445432,6.0898291191956693,-6.1014881934474605,8.5339286011809836,0.1611975358476658,-7.3967233678680557,800.0796892385449155,8.2260570731763742,10.6237433290383549,663.5538117081350720,465.0654203190259182,-0.2918939908089071,1.4576833062074783,-1.6174729735784867,16.8895537921274226,-0.3689367088013426,11.1403743808029567,11.8569372610251911,-0.4106232599148255,-0.3059396203074579,25.0479239782285319,24.6871190301627017,-0.1081487089509618,0.4689536570167487,2.8032056947157438,-0.0564254133658307,3.3577937111384970,-0.4981626030568762,16.7107552921414069,16.1879754802759983,0.2460491375979549,0.2767306742674385,3.3101349697939701,8.4002675317670050,6.3666928593461813,787.5960954534506300,-20.0434457307546481,2.8213047225973851,779.1958279216842129,5.1202369573498192,5.3453115865942467,28.4947496928445432,19.3803160962825771,646.6747871758266228,56.0212134889039746,35.0705897843251222,618.1800374829812199,8.6594545637994589,8.6554293077683990,6.0898291191956693,661.7104935889178705,3.6172640059282708,2.4243599114714547,655.6206644697219872,6.5446607851383858,6.2653241805171209,-6.1014881934474605,-5.1799177283059166,7.3967233678688018,581.6486324652306621,27.6011590546809948,10.5345980844428286,587.7501206586784974,15.4126093259661268,15.0778751827997013,8.5339286011809836,710.5313408229352490,-7.9812010516958143,6.8442350199910127,701.9974122217535069,9.8149522879936821,10.1529065326127199,4.7021177804794290,4.5629317782502339,800.0796892385449155,2.1452182297012792,8.2260570731763742,795.3775714580656313,6.4262005582639805,6.3484099110467147,0.1611975358476658,0.0644790143390683,661.6922104147258779,-19.7470845968634272,2.5079876226878453,661.5310128788786415,4.7514547407208418,4.6827855496243096,466.2394240041638227,2.8518679312692625,4.6158690860726193,4.3697121190382919,465.0654203190259182,2.9533593694411722,4.7926365759267258,2.9545158945156089,472.5294625700681763,3.1613812598080866,4.7128286814374238,11.4546652074339512,465.0199206466706414,0.9667248978243849,2.3639119473589738,4.0598809518536472,2.2823495508102347,-1.1740036851377920,0.1014914381698074,-1.4151962245234715,-0.0170515483890425,-1.1569521367490949,-0.6220452588444005,-0.6408682281006055,7.1139895320313942,6.2900385659042675,0.3095133285401124,7.0849530883958982,1.4820837585223305,4.8079548073814840,3.0384539597682809,3.1303953138548097,15.4627008669216206,-1.2195033574932979,-1.8851430334442449,-0.3098311671837430,-3.2620528725139790,2.0425495150208959,0.0404478191057918,0.0416756703413353,-77.6558136051412191,4.8508478742609844,5.9652685335275581,0.0582112983337699,-2.0066293469246466,-1.4029983507349248,1.0518862407833602,2.0648406452586117,10.9548845915186082,2.4548845915186059,4.5224731471132085,0.1758120326438553,3.8816049190126014,7.6528684609680147,4.5641488174545479,1.0518862407834457,1.0518862407834231,663.5538117081350720,10.6237433290383549,7.8699292107601293,664.2263371559199641,9.6176421180764908,1.8108590835762857,230.2426867340000456,5.6113939416996468,-4.2134271261617755,3.2183129914680109,237.6394101018695153,1.4507637791145973,1.3921188521950278,1.3782255901588676,-7.3967233678680557,731.7341253744048117,265.4947013702408185,5.4760966205990682,13.0065507457828140,-2.0948227843966780,0.6148578047665789,31.7542953448902381,-2.0589900178924139,-9.1288404424077836,-1.2511394683903805,0.2895803112025481,-1.1242440284765427,454.6182508052612548,1.2736018501359514,-7.6784997270677673,422.8639554603697661,3.3325918680354962,1.4503407153397458,-4.0801401137206978,426.9440955740901700,-1.3556202482490356,-1.7692754136769511,350.0688671172957243,-97.2943048616823916,-44.7639184246734274,318.3145717724054862,-95.2353148437867105,-35.6350779822652086,-54.5244373543377208,372.8390091267433490,-9.8030186286673295,-11.5278789968548985,-0.2918939908089071,1.4576833062074783,-1.6174729735784867,16.8895537921274226,-2.4287394933232198,-0.0583291294822503,0.0000000000000000,0.1850432857281561,-0.1404117261834392,0.0000000000000000,-0.4981626030568806,0.0132188431448849,0.0000000000000000,0.2767306742674469,-1.8920055555141957,16.8895537921274368,1.1400057953524225,-2.8090565989501934,-2.6868815207463568,-2.3531354122498485,-1.6174729735784847,-7.3639340686038963,1.4576833062074854,0.6432007929264818,-0.9674280770023658,0.1333009874124528,0.0122419274154295,-4.0472095782623203,0.0111699582140816,-0.2918939908089071,0.0293166478298310,0.5163953632799916,-0.0318358134501351,-0.0214349307948736,-0.0052500271486147,0.0010087679477041,0.1210529973765552,-0.0095447004127756,-0.4971276018652199,-0.2292848980861621,4.0256843434660041,0.0703099882044478,-0.8237803651898261,-30.3129921449310586,-0.0750191257806981,0.1130490571252362,0.2010410828671709,-16.0000000000000000,,,,,,,,,,,,,,,,,,,,,,,,,,,,,,,,,,,,,,,,,,,,,,,,,,,,,,,,,,,,,,,,,,,,,,,,,,,,,,,,,,,,,,,,,,,,,,,,,,,,,,,,,,,,,,,,,,,,,,,,,,,,,,,,,,,,,,,,,,,,,,,,,,,,,,,,,,,,,,,,,,,,0.5183969507016002,-7.5017135968327011,1191.0000000000000000,321.2837021460392180,241.0000000000000000,546.0000000000000000,1617.0000000000000000,-29.5854784919979039,409.7162978539607820,144.7162978539608105,276.6917751481125265,16.7107552921413998,430.0507928900605634,28.1670229108013999,73.7780571023503029,38.7760607462218587,40.8048998933759037,1506.1940536498100300,8.3279645518746293,1.3640325078380044,564.1314883043039572,529.8308356945050264,-138.1923207590899949,559.8261642448400153,-9.1776796175288382,99.4571203244070006,0.3888743115646259,0.5019626005543629,,,,4.3831655532675997,3.4470738577412305,2.1035343106721087,5.9009815115034678,268.6877407068435559,0.1496988417532502,780.4416040878696776,779.2537542512844766,30.8467009086002690,50.9080073768818480,36.3235538581449191,53.5716136401840899,43.0166249403295780,30.7614321620207214,2.1683934590375458,8.5738684697068663,-18.1624873222789489,2.8614804609839837,75.1043918406673185,42.0069618953279758,3.6834830267157912,2.4539864498702713,31.7863138693180645,11.1094961435813246,-7.6710101136110467,7.0838889523569435,2.8929230345851948,4.4665899802913316,2.9974035523718072,2.9985947500581460,3.2118837037594687,12.1364953844891801,0.9714127770858738,4.1434208231459309,11.2085891374709377,8.1878943613866966,5.7718192665341235,-4.1258959439444709,4.9704271954932544,,,,,,,,,,,,,,,
"2016Q2",10.2029850663302000,9.6787428246323799,16.4520241785162007,799.6499051564876481,657.2066189274210046,796.4614530243327408,653.3793292045888847,650.7242890226652889,576.0079575843909652,716.4187795895080626,467.7249469142065550,473.9425368658277193,465.3605990612232972,5.6500215891963839,10.1927020702554678,665.7175927894352299,731.2018543516535374,0.3852388618694818,32.1526123137832087,0.2596625847265914,-1.0834911455836498,462.2108929012120484,381.3056838470505454,3.3877116225012855,-21.6000000980778282,22.9935650996377952,3.6614441452085780,10.2029850663302426,16.4520241785161936,24.5989618659710487,3.3617670531263419,16.2438880483253811,-0.0655120926097099,-0.0341802222312606,0.3214849897131267,-0.1133488595223135,0.3338573143134929,-1.5398846737234910,796.8015533038876583,780.4101078629101949,620.3111569377755359,656.7055802994226497,591.5761854595895102,704.4351444688387573,4.5240355620550865,5.5589949454509480,2.0525194501973854,6.4006775927618369,5.6522971830360609,1.3627136582090997,5.9420916401708626,2.1410324284653441,238.0118474869609599,1.8092615107007808,8.5345585372905770,11.7168408707721099,-1.0926784998876840,9.6787428246323799,2.8483518525986122,16.0513451614231926,30.4131320848894617,-3.3262510948355462,-15.5682278751975023,11.9836351206681577,-5.5192858343106197,-6.8072321009566483,799.6499051564875344,6.2784744827898677,8.6551243251947394,665.7175927894347751,466.6655897172157665,-0.3687086524725211,-3.9206236329558042,0.1867141582659194,11.4496734983321051,-1.2327748901409130,10.2029850663302426,11.7168408707721099,-0.4211773045541642,-1.0926784998876840,22.9935650996377952,24.5989618659710487,-0.0655120926097099,-1.5398846737234910,3.6614441452085780,-0.0341802222312606,3.3617670531263419,0.3338573143134929,16.4520241785161936,16.2438880483253811,0.3214849897131267,-0.1133488595223135,9.6787428246323799,16.0513451614231926,11.4365687999698302,796.4614530243335366,35.4614302835300421,8.8842575191054500,780.4101078629101949,4.8571197649079769,5.1868861929037919,30.4131320848894617,20.8640819839315199,650.7242890226658574,16.1980073873581958,36.9177325066666171,620.3111569377755359,8.5244778191769619,8.6451712517128119,-3.3262510948355462,653.3793292045884300,-33.3246575373200073,-10.6914448629249446,656.7055802994226497,4.3396633188027263,6.0292530378212650,-15.5682278751975023,-11.3501797124461490,6.8072321009574956,576.0079575843907378,-22.5626995233542686,1.7556397599303084,591.5761854595895102,15.3042592036450440,15.2645250315874925,11.9836351206681577,716.4187795895073805,23.5497550662918584,8.9995853584794130,704.4351444688387573,9.7509289883449046,9.9421777780407687,2.8483518525986122,6.3246119039608946,799.6499051564875344,-1.7191363282312739,6.2784744827898677,796.8015533038876583,5.6959273832906225,6.2821597262064994,-5.5192858343106197,-2.2077143337242462,657.2066189274212320,-17.9423659492203669,-1.2041844378364166,662.7259047617316128,4.7795675314125532,4.7295501606978201,467.7249469142063276,5.9420916401708626,7.9181398242621546,4.8036692140815020,466.6655897172157665,6.4006775927618369,7.5981808496559724,3.9568102753548211,473.9425368658277762,5.6522971830360609,11.0232839065046946,8.5593875259525234,465.3605990612232972,1.3627136582090997,4.3410835499999605,5.7472319663001681,0.9172350618875416,-1.0593571969906845,0.4585859525886762,-0.8468589387274128,0.2513486475049203,-1.3107058444959605,-0.6150148309872918,-0.6337105904139965,8.7586426604105156,6.2175899516209956,-0.2897944571336837,3.7557183118714459,0.6585950061695796,5.5589949454509480,3.0041605522778698,3.0950802508395068,42.2492249885572733,-2.3643478529833062,-4.5793779819613372,0.9435627522193496,-4.4168673031807426,2.0525194501973854,0.0398797407058084,0.0420331188873366,141.1112862571361575,5.6500215891966201,6.0500531595332472,-1.9481592604598648,-4.0891916889250561,-2.2638735623536781,-0.5711714920985715,2.1410324284653441,10.1927020702554660,1.6927020702554694,4.5240355620550865,2.2611883008790512,3.8903249716410833,7.6191158128945844,4.5660686809424238,-0.5711714920985249,-0.5711714920985163,665.7175927894347751,8.6551243251947394,8.5208855002286867,666.4631198115121151,8.5345585372905770,1.8092615107007808,231.2046153860029278,3.8477146080098161,-0.6635281031045376,1.8548114149017920,238.0118474869609599,1.4897495403665402,1.4260339597604039,1.4152620633482091,-6.8072321009566483,731.2018543516536511,263.4769074374467550,-8.0711757311820662,5.3947632087776096,-2.0884472130440996,0.3852388618694824,32.1526123137832371,1.5932678755821155,-5.2276033279799830,1.6706668463892631,0.2596625847265912,-1.0834911455836493,462.2108929012117073,30.3705683838059386,1.0945527692542365,430.0582805874270775,28.7773005082311855,6.3221560972338855,3.3877116225012416,426.6705689649257920,-1.0941064366579689,-1.4978152572417269,381.3056838470512844,124.9472669190205494,-28.9852830213588177,349.1530715332681325,123.3539990434419167,-23.7576796933784422,-21.6000000980768121,370.7530716313452217,-8.3437499815964635,-10.3652586011011021,-0.3687086524725211,-3.9206236329558042,0.1867141582659194,11.4496734983321051,5.5236753397353944,-0.1538012126834843,0.0000000000000000,-1.8681522336352998,-0.1281369724552270,0.0000000000000000,0.3338573143134909,0.0077923228521196,0.0000000000000000,-0.1133488595223042,10.2725774685813889,11.4496734983321353,-10.3563857878267243,0.8645202098169359,-5.3967666465097217,-5.5837648486496834,0.1867141582659002,-13.6381669730843953,-3.9206236329558060,-0.0972866084336227,-0.5166940621112803,0.0899443991705827,0.0082601999238280,-11.9552318954954551,-0.0010796339118950,-0.3687086524725209,-0.0636073243306900,0.3006770360789709,0.0651210068528618,-0.0340919120411170,0.0715257155246133,0.0034767035106738,0.1115239502076756,-0.0205116645178680,-0.4680094927566374,-0.1927274746111076,2.8444073439724944,-0.1144518473967299,5.9173984930081396,18.2028391705879926,-0.0716715199547688,0.1259517867657185,0.4789667842023246,-15.0000000000000000,,,,,,,,,,,,,,,,,,,,,,,,,,,,,,,,,,,,,,,,,,,,,,,,,,,,,,,,,,,,,,,,,,,,,,,,,,,,,,,,,,,,,,,,,,,,,,,,,,,,,,,,,,,,,,,,,,,,,,,,,,,,,,,,,,,,,,,,,,,,,,,,,,,,,,,,,,,,,,,,,,,,-0.4921356420086056,-5.4569889145889476,1377.0000000000000000,273.8949005144360171,232.0000000000000000,576.0000000000000000,1707.0000000000000000,-32.8202263844598434,400.1050994855639829,169.1050994855640113,284.3000094045875130,16.4520241785162007,493.6631466801164265,26.5020572671078014,25.5838540724508867,19.1171680629109382,164.6621151401670886,1498.1983175264699639,-2.1290840910055522,8.4303404679897938,567.8776333173524336,552.0481455795470538,-164.5021873419300107,554.0953125236519554,-36.5768621399685117,76.3302886159965936,0.3869982886962710,0.4979128095321781,,,,1.0027999692503000,-0.4785577275524799,,,268.6877407068435559,0.1496988417532502,790.8420742954325533,786.4813765866589392,28.9104893414978505,24.5611550986409597,36.3235538581449191,211.5528688934956563,-19.7265247875650580,45.3103788600159447,-1.7044434967400832,6.4797611367860952,42.5630686514096510,9.2908591856809579,17.5836811214617512,44.6544089460487328,-28.3406521934610396,-10.1397453618450442,-20.1984290178935453,1.7711417012983333,26.5538281523572692,9.4169746813728352,6.1221832419800819,4.9209152348159506,6.6099622550907640,4.0361347944902803,5.8150922184512694,8.9363820855571561,1.3720409205833874,5.9155952455267595,9.0407242299211958,8.8944474450650404,3.9226977676479322,-0.6613316161742375,5.8126843241286030,,,,,,,,,,,,,,,
"2016Q3",7.9767674654933698,3.7836656175018599,16.3111003047329994,799.7632637737125378,662.9365137208067154,792.9326280686690325,656.2031790962794275,647.3472457071869712,591.5714236024957700,718.6278403842070475,470.2626424802064093,480.7716912266048439,466.8726461349881447,5.9873022431300891,10.1622049770095408,668.9055858705831952,732.7782313419063485,0.2103066285894641,32.7044214202104868,0.2962274795112951,-1.0448001815111978,463.0478534301518607,380.9044216898891477,3.8872414698306557,-20.8345395981971251,23.6982928309990655,0.5895749392272982,7.9767674654934702,16.3111003047329817,24.5431461154925756,3.3578472145961311,16.2989026106204022,-0.0353541307258956,-0.0184456334223135,0.2378769900661614,-0.2256792959535811,-2.7498266419465085,-0.8094991537674960,798.2261276551922720,781.5697801081953457,622.4276452613910351,657.9154786873490366,595.4105414079269849,706.8311583558735265,4.4985817187282544,6.3410678618087610,2.0638742818185194,7.0144496766169269,27.3166174431083491,6.0481882950581793,10.1507822639981242,2.1613148411553667,238.3863130611850352,1.7831458406150491,7.1655256444553457,11.6020907194682952,-3.3336464997604516,3.7836656175018595,1.5371361185195778,11.3628479604750154,24.9196004457971547,-1.7122995910689516,-3.8391178054301807,11.7966820283331835,-0.9985814611134675,-5.1955079067594614,799.7632637737129926,6.3393126080996707,12.7519723245872267,668.9055858705829678,468.4192021363696767,-0.3371781034181425,1.7239349799446375,-0.6869622884068098,5.2891609627502447,-3.4483966510641282,7.9767674654934702,11.6020907194682952,-0.2916767542144428,-3.3336464997604516,23.6982928309990655,24.5431461154925756,-0.0353541307258956,-0.8094991537674960,0.5895749392272982,-0.0184456334223135,3.3578472145961311,-2.7498266419465085,16.3111003047329817,16.2989026106204022,0.2378769900661614,-0.2256792959535811,3.7836656175018595,11.3628479604750154,8.4413225476444271,792.9326280686694872,-14.1152998226507549,4.9261744416911641,781.5697801081953457,4.6386889811425789,4.9830976469689681,24.9196004457971547,17.2940826679084338,647.3472457071881081,-13.5081732619077304,21.7720839716460546,622.4276452613910351,8.4659532944581422,8.5884015793773862,-1.7122995910689516,656.2031790962811328,11.2953995667693903,1.2762371502363354,657.9154786873490366,4.8395935517009629,5.5162711481343187,-3.8391178054301807,-3.5093389217763780,5.1955079067603229,591.5714236024959973,62.2538640724221821,21.5557134269654007,595.4105414079269849,15.3374237933498190,15.3384706214736894,11.7966820283331835,718.6278403842073885,8.8362431787950655,14.0056168573358484,706.8311583558735265,9.5840555481363143,9.7835854675783569,1.5371361185195778,5.8406404014612523,799.7632637737129926,0.4534344689051224,6.3393126080996707,798.2261276551922720,5.6982974052178585,6.0688746508837612,-0.9985814611134675,-0.3994325844453888,662.9365137208068290,22.9195791735431129,15.3293035436455352,663.9350951819204738,4.8367616807543010,4.7801238354074131,470.2626424802061251,10.1507822639981242,8.8239210357947506,6.2315032500553169,468.4192021363696767,7.0144496766169269,7.9166433703239649,4.7228938102041980,480.7716912266052987,27.3166174431083491,14.4342664427769556,14.6942780068834828,466.8726461349884858,6.0481882950581793,6.1333372600727447,3.7779552308453876,0.1906073134639095,-1.8434403438364497,-3.1363325873828520,-1.5086094398518295,-0.3725428309179317,-1.4708975129188557,-0.6407666736914445,-0.6313220205954957,13.4613464534085665,10.5090487463989746,17.1658351791114256,8.4627747568282263,4.1679808845899027,6.3410678618087610,3.1282916654314854,3.0831925760234680,19.2285241818431132,-3.3899963452178392,-4.1025939689392343,-2.4535480192094039,-5.4538706270365811,2.0638742818185194,0.0454193264847795,0.0423920135626119,17.2093744531022494,5.9873022431300109,6.0191298861922888,-1.9293411271943242,-4.0906559683495791,-2.3795639952567726,-0.7173590182476081,2.1613148411553667,10.1622049770095408,1.6622049770095428,4.4985817187282544,2.4407505382774262,3.8672596981327336,7.5817742947517033,4.5409737322908512,-0.7173590182475458,-0.7173590182475468,668.9055858705829678,12.7519723245872267,10.0464753313355679,668.9673712509332972,7.1655256444553457,1.7831458406150491,233.1908051544243676,7.9447590736825440,3.7337329334527474,0.7406244589329282,238.3863130611850352,1.4978622968963309,1.4595177940256256,1.4229691820515158,-5.1955079067594614,732.7782313419063485,262.5155888617000528,-3.8452743029921583,1.3965034300071386,-2.1226799311353064,0.2103066285894631,32.7044214202104939,2.2072364257173991,-1.5898485876799533,2.1618416864975414,0.2962274795112944,-1.0448001815111969,463.0478534301523723,3.3478421157640330,4.7216253014066245,430.3434320099401589,1.1406056900537536,6.3114738890864679,3.8872414698307760,426.4561905401093327,-0.8575136992648372,-1.2347737919806707,380.9044216898888067,-1.6050486286431855,-8.3173030542418473,348.2000002696780712,-3.8122850543573961,-6.7274544665613760,-20.8345395981976118,369.0345398678762194,-6.8741270538779506,-9.0341293914600325,-0.3371781034181425,1.7239349799446375,-0.6869622884068098,5.2891609627502447,-3.5557057948143305,-0.1258676571799301,0.0000000000000000,0.2684201178389500,-0.1358314858738903,0.0000000000000000,-2.7498266419465125,0.0074534427782513,0.0000000000000000,-0.2256792959535812,1.4124096427887540,5.2891609627502234,7.2562399062230156,2.2280522745767701,-5.2365509936017443,1.2091328726107702,-0.6869622884068098,14.5636212909071041,1.7239349799446391,-0.3838065793928177,0.1387731137796147,1.1559042602161109,0.1061544728769901,1.0364885352821118,-0.0410503662204237,-0.3371781034181424,0.0060960583418926,0.4367742419889113,-0.0409302986894752,-0.0609519288156520,0.2265208954196021,0.0095275598495472,0.0826002335481177,-0.0451895190156551,-0.4333055759682594,-0.1518179015678545,0.5365695793281269,-0.0494651124598658,1.7868602638800262,-5.0665395266016162,-0.0696581504859097,0.1271820937273418,0.6352479295588278,-14.0000000000000000,,,,,,,,,,,,,,,,,,,,,,,,,,,,,,,,,,,,,,,,,,,,,,,,,,,,,,,,,,,,,,,,,,,,,,,,,,,,,,,,,,,,,,,,,,,,,,,,,,,,,,,,,,,,,,,,,,,,,,,,,,,,,,,,,,,,,,,,,,,,,,,,,,,,,,,,,,,,,,,,,,,,-1.5026682347188682,-3.4122642323452794,1197.0000000000000000,295.3513144688387797,303.0000000000000000,633.0000000000000000,1538.0000000000000000,-31.9565256483880056,375.6486855311612203,106.6486855311612345,258.8014910382000267,16.3111003047329994,370.8054080074734884,24.5367290021107003,6.6429116555057846,45.5337276433713640,59.8272776703963132,1522.0027015484899948,6.3055079610112443,8.2856823537196931,566.1516345781053587,562.4188521447209723,-163.1767504331390057,568.5734516287390079,-34.7871840625177811,60.5168722686153018,0.6136597901641067,0.5739029541969071,,,,3.8358003410602501,0.3573015069312602,,,268.6877407068435559,0.1496988417532502,800.2620251826833737,793.2308473669166915,26.9978831210310091,56.6647734726509142,36.3235538581449191,74.4524841723981297,80.9535769777217666,-74.3106653222159821,0.4544640385460923,6.5445611368500067,-13.1643555462283501,5.0495276031871725,-12.6355496483529208,24.3239955952809339,11.9580426213857578,1.2844158125619600,86.3653187462638527,24.0552858979935564,9.2383964964383551,15.0338409910019095,10.6838576757773325,6.4297580248257304,7.2663166415255489,4.8361991612647444,31.4118599592410419,15.8287683992084851,6.2348350778407564,3.8502272213925011,13.6007273770979396,10.5684669296191203,8.2688815119437891,3.8043124181064201,6.1701725682116404,,,,,,,,,,,,,,,
"2016Q4",10.3087010740800995,4.0248716481831499,15.2995316615202999,801.1265646558207436,667.0396553198213496,790.8411538440368531,650.5206637868969892,641.5094778283123560,587.8131634455953645,711.3892555413167429,472.3330153367203934,486.9519656700668406,466.7435528800781981,6.4027849899002174,9.5962886409938974,670.4297531964095924,735.5057390818874410,0.0909596359473852,32.8062752767400241,0.4290781417156246,-1.0096802294780434,461.9632376769429243,390.2400668398168477,2.8601150493462910,-10.2387108433600247,21.8663806212113805,3.7418521143890335,10.3087010740802096,15.2995316615202999,24.5517202379368982,3.3766697893528685,16.3538426340182070,-0.0329001133388605,-0.0171652765247243,0.1398224281844276,-1.1941334006823479,0.3823476015609044,-2.6524395033865948,799.6961249454325298,782.6797593234671240,624.5394468198604727,659.4184533716057786,599.2431286445087153,709.1764389196872571,4.4345570073272293,7.1944281208728045,2.0782556314526675,5.7026992684282325,24.7210977738433364,-0.5163730196427477,8.2814914260571886,2.1277994722867510,238.7537022714868442,1.7414007026183744,7.9362692091810265,11.5745473932715051,-1.0759585011432475,4.0248716481831499,1.4304397103873996,8.1613945205702283,16.9700310084519437,-8.8977895847085104,-11.4299651989123756,2.2128166216293486,1.8921441037176998,-5.3625507518116642,801.1265646558204025,1.5831799747017317,6.0966693033034334,670.4297531964102745,469.8448769534758753,-0.3284409788935139,-5.8486279348874364,0.2769175788001942,0.7807320685513125,-1.1035018273400592,10.3087010740802096,11.5745473932715051,-0.1898878180480739,-1.0759585011432475,21.8663806212113805,24.5517202379368982,-0.0329001133388605,-2.6524395033865948,3.7418521143890335,-0.0171652765247243,3.3766697893528685,0.3823476015609044,15.2995316615202999,16.3538426340182070,0.1398224281844276,-1.1941334006823479,4.0248716481831499,8.1613945205702283,4.9950408064716356,790.8411538440365121,-8.3658968985312470,-1.7658030421009405,782.6797593234671240,4.4399168610900581,4.7639906411203388,16.9700310084519437,10.8906133963352456,641.5094778283128107,-23.3510715154972033,8.8399940247122260,624.5394468198604727,8.4472062338826834,8.5242729778292698,-8.8977895847085104,650.5206637868981261,-22.7300612375311459,-10.2855138005378350,659.4184533716057786,6.0118987370254588,5.4339540981697976,-11.4299651989123756,-8.3854244313325239,5.3625507518124529,587.8131634455959329,-15.0330406275986110,13.0648207440354298,599.2431286445087153,15.3303489463286144,15.3461603173221519,2.2128166216293486,711.3892555413167429,-28.9543393715631936,-1.1373855445422469,709.1764389196872571,9.3811222552549811,9.6327647699327255,1.4304397103873996,1.2158938835911812,801.1265646558204025,5.4532035284335407,1.5831799747017317,799.6961249454325298,5.8799891609607267,5.9251036269327741,1.8921441037176998,0.7568576414870806,667.0396553198214633,16.4125663960581072,0.4106737558793817,665.1475112161040215,4.8496641367331677,4.8043620224052148,472.3330153367207913,8.2814914260571886,5.2114055406989088,6.8065583153744553,469.8448769534758753,5.7026992684282325,4.5077159746857518,5.5177964768111316,486.9519656700666133,24.7210977738433364,9.0185976728042903,15.2128484149508552,466.7435528800781412,-0.5163730196427477,4.3941586111044861,1.9653134578635210,0.0718416179474999,-2.4881383832443098,-2.5787921576311157,-1.2887618385640269,-0.8422736674218592,-1.6458647158227919,-0.6998688116154498,-0.6444238937842941,5.0345278882227262,14.6189503333460280,16.4396063477873327,8.4062900995766725,7.4245222124727892,7.1944281208728045,3.4134410362559375,3.1460868034332750,5.0393320541499422,-5.5894624566423019,-8.7978644456989237,-4.8412448575100857,-7.6677180880950342,2.0782556314526675,0.0575253985366639,0.0458180712083249,48.1752371177184244,6.4027849899001703,5.8624876679986544,1.8950690152139007,-0.2327304570726758,0.1937515374476573,1.2900401784411584,2.1277994722867510,9.5962886409938957,1.0962886409938946,4.4345570073272293,-0.5628224978330164,3.7901331135429315,7.5806438107604937,4.4803750785355536,1.2900401784412345,1.2900401784412392,670.4297531964102745,6.0966693033034334,9.5318773205311960,671.3486725736663630,7.9362692091810265,1.7414007026183744,233.3911515196739401,0.8013854609961755,4.5513132710986639,3.2143286188849736,238.7537022714868442,1.4695568412067592,1.4769831143961951,1.3960789991464313,-5.3625507518116642,735.5057390818874410,263.1727237451665928,2.6285395338636111,-0.9529534699271995,-2.1545955674353903,0.0909596359473844,32.8062752767401449,0.4074154261258914,0.5372324273769922,0.7219848868242613,0.4290781417156262,-1.0096802294780451,461.9632376769432085,-4.3384630128354340,7.6633873342179228,429.1569624002019623,-4.7458784389539961,7.1261549068406103,2.8601150493462715,426.2968473508555007,-0.6373727570168471,-0.9861532852975159,390.2400668398165067,37.3425805997144096,15.8476235071011580,357.4337915630772500,36.9351651735918054,15.3103910797249227,-10.2387108433609839,367.6725024064380705,-5.4481498457552675,-7.6172613774731248,-0.3284409788935139,-5.8486279348874364,0.2769175788001942,0.7807320685513125,-0.3669611605677803,-0.0642685717810610,0.0000000000000000,-2.0857900957492177,-0.1132850645134792,0.0000000000000000,0.3823476015609011,0.0079290495040094,0.0000000000000000,-1.1941334006823490,0.8943348788641945,0.7807320685513304,-7.8893163658052377,-1.8274121864117663,-1.9202819329312155,2.2915766881630875,0.2769175788001914,13.6112590571099972,-5.8486279348874497,0.5183054728608368,-0.3996958383146951,-0.1603714086673856,-0.0147279865102703,2.9568472189121415,-0.0421565562384193,-0.3284409788935138,0.0429472962493315,0.3981930347481410,-0.0853338233726516,-0.1020681812225209,0.3999522644058073,0.0166480047003439,0.0465876591552508,-0.0634305539351724,-0.4661584394627922,-0.1067285949267122,-1.7544262603716376,0.0486488996989957,0.4500253380512413,4.9705030633231218,-0.0693600661179679,0.1343895723214673,0.7385645027352217,-13.0000000000000000,,,,,,,,,,,,,,,,,,,,,,,,,,,,,,,,,,,,,,,,,,,,,,,,,,,,,,,,,,,,,,,,,,,,,,,,,,,,,,,,,,,,,,,,,,,,,,,,,,,,,,,,,,,,,,,,,,,,,,,,,,,,,,,,,,,,,,,,,,,,,,,,,,,,,,,,,,,,,,,,,,,,-2.5132008274289888,-1.3675395501015828,1475.0000000000000000,356.1283034025316283,281.0000000000000000,578.0000000000000000,1906.0000000000000000,-28.9173645868650446,371.8716965974683717,105.8716965974683575,273.2559690148272580,15.2995316615202999,475.8609355513543733,25.5151106739801001,-58.7443653715744887,171.2784697379416912,90.0708621701599128,1564.0867570382699796,10.9100309599243701,16.9540752261269745,568.0517445014846771,581.5381682229490252,-154.1478251099210013,634.9738258045069870,104.9124868087336608,64.2389878500521974,0.5080324057291022,0.4786834686996426,105.7799365814073553,0.0000000000000000,105.7799365814073553,5.7030491207139100,0.5807803051830396,,,268.6877407068435559,0.1496988417532502,808.8705126449674481,799.5107933647843765,25.1197839914707401,209.9246080532237499,36.3235538581449191,110.3938543298313135,-28.3096720674915296,-30.4346933040829626,5.6046306615545660,1.5957786677154076,-8.0255135858677988,-1.7503041011892435,-20.8250888019638722,9.2424939372171622,-20.3318745954778564,-9.7742333139679829,-13.9576359916301840,13.9566819660087020,-25.1394692559767918,-1.1309417684879151,8.6340723763720320,7.0435508713314334,5.8684386743228032,5.6728658413069013,28.0449230565691607,16.4309822179475020,-0.5150421059774573,1.9847528825053757,6.2863512837731719,10.0009452781701498,0.8046051492393502,4.6564748756073868,6.6122089740580758,,,,,,,,,,,,,,,
"2017Q1",8.7994482807643006,3.7846793050550400,16.7186741186025003,802.4713533193405510,670.2503181469162428,783.2680691845326919,652.2099638987079970,643.0505412232984099,613.1853187901597266,713.8700362456999073,473.6559298411550571,489.0080190840857313,469.2414235360614612,6.2174613844038173,9.5170956879739403,671.4040499611238602,739.1001610056356412,0.0239725799426722,32.7711363051729734,0.5982071677547469,-0.9796643776198443,466.0047614466602681,397.3896276688975036,7.0427691671888510,-2.0245348661561593,21.9559535977673548,3.5621688015994550,8.7994482807642811,16.7186741186025003,24.5000000000000000,3.3789298830049717,16.4141754803943485,-0.0335446156438601,-0.0175015385969021,0.0379568595069129,0.2665417787012443,0.2007404571914056,-2.5105017865887973,801.0128917696035842,783.7192196724048472,626.6291649264105672,660.5362962037120269,603.0124743880819551,711.5031305179329593,4.3742921296664159,8.1104460195047494,2.0957139947942620,4.2845944220982588,8.2242136560762340,9.9914826239298424,5.2916580177393868,2.1037242989184950,239.1171646185640896,1.7022317576444099,8.6043851244862175,11.4647544026106800,-2.5763031080986791,3.7846793050550400,1.4584615497353417,-0.4511504878714723,16.4213762968873240,-8.3263323050041116,10.1728444020790274,2.3669057277657823,3.8970735907179743,-5.8580039112653148,802.4713533193400963,2.3916640807957767,3.8971870588568129,671.4040499611236328,470.9160255589998769,-0.4216829301819954,4.3720350580768308,0.3932301664857642,5.6987417295933671,-2.6860960987594149,8.7994482807642811,11.4647544026106800,-0.0890030137477497,-2.5763031080986791,21.9559535977673548,24.5000000000000107,-0.0335446156438601,-2.5105017865887973,3.5621688015994550,-0.0175015385969021,3.3789298830049717,0.2007404571914056,16.7186741186025003,16.4141754803943485,0.0379568595069129,0.2665417787012443,3.7846793050550400,-0.4511504878714723,-0.9219882966416555,783.2680691845322372,-30.2923386380159911,-4.3280262689164317,783.7192196724048472,4.1578413957516922,4.5233917507206733,16.4213762968873240,10.2048697124483301,643.0505412232984099,6.1642535799442584,-3.6242459525275819,626.6291649264105672,8.3588724262008629,8.4491274434295018,-8.3263323050041116,652.2099638987082244,6.7572004472486284,-9.5005296902078005,660.5362962037120269,4.4713713284259580,4.9156317339914049,10.1728444020790274,5.6208826204513240,5.8580039112661542,613.1853187901598403,101.4886213782561271,31.5366863249293417,603.0124743880819551,15.0773829742880334,15.2623537294025446,2.3669057277657823,713.8700362456988842,9.9231228175293964,3.3386954227649177,711.5031305179329593,9.3067663929850202,9.5057182961806728,1.4584615497353417,-0.3321800779656279,802.4713533193400963,5.3791546540798736,2.3916640807957767,801.0128917696035842,5.2670672966859566,5.6353203115381252,3.8970735907179743,1.5588294362871886,670.2503181469161291,12.8426513083789970,8.5581077321899883,666.3532445561979785,4.8229333603776627,4.8222316773194320,473.6559298411551140,5.2916580177393868,2.6863855323987869,7.4165058369918384,470.9160255589998769,4.2845944220982588,2.9687445515694306,5.8506052399755344,489.0080190840851628,8.2242136560762340,-0.5556849740032108,16.4785565140180772,469.2414235360608359,9.9914826239298424,7.0137669926085469,4.2215028893898809,-0.0048315424646775,-2.7399042821550355,-1.0070635956427521,-1.5659005970172166,-0.9060491081215190,-1.8338551740338991,-0.7519618328442326,-0.6769030372842580,2.3027817842866991,15.3520892429305515,2.9325556383382430,9.0620506770265408,7.2416432234256067,8.1104460195047494,3.6640715945278401,3.3024912121231962,23.4494316830224463,-4.4145063050941324,4.6998246061915108,-3.1950029476014015,-6.5102202998884682,2.0957139947942620,0.0698334533664559,0.0531644797734946,35.9812809793111938,6.2174613844037641,5.7260545957407905,3.2487168328337175,1.1449925339154507,0.9495391453567962,1.9666348333303718,2.1037242989184950,9.5170956879739439,1.0170956879739439,4.3742921296664159,-1.9821629901995832,3.6973890923821422,7.6767833417895996,4.4274566094398997,1.9666348333304313,1.9666348333304153,671.4040499611236328,3.8971870588568129,7.8502382529857773,672.6326032063662979,8.6043851244862175,1.7022317576444099,233.2591607072975251,-0.5279632495076640,3.0164739732969572,4.8486423951016420,239.1171646185640896,1.4538493883093959,1.4777545166949126,1.3811569188939301,-5.8580039112653148,739.1001610056356412,265.4442311644796746,9.0860296772550413,-0.0504702057632123,-2.1781475445133611,0.0239725799426715,32.7711363051729521,-0.1405558862609911,1.0168409602850470,0.2836078369147997,0.5982071677547453,-0.9796643776198432,466.0047614466600407,16.1660950788683380,11.3865106414010775,433.2336251414858452,16.3066509651367149,10.3696696811159406,7.0427691671888422,426.1908559742965963,-0.4239655062341217,-0.7532395997938783,397.3896276688959688,28.5982433163212590,47.3207605516009409,364.6184913637234786,28.7387992025859837,46.3039195913166139,-2.0245348661570497,366.6430262298805474,-4.1179047062302887,-6.1959828968642379,-0.4216829301819954,4.3720350580768308,0.3932301664857642,5.6987417295933671,-0.7277565190365354,-0.1241342260399895,0.0000000000000000,-0.6537941342181597,-0.1289064168802700,0.0000000000000000,0.2007404571914035,0.0138712727162927,0.0000000000000000,0.2665417787012450,-5.1795617281648667,5.6987417295933938,18.7667307896418478,-0.6970717583215712,0.2827561221120813,3.1402159492308961,0.3932301664857549,4.0744160962694167,4.3720350580768486,0.3674031289939648,0.0304359110794371,-0.7130485734492045,-0.0654840526637027,4.9051503256725821,-0.0369844606463142,-0.4216829301819957,-0.0275768038858019,0.1519481673777196,0.0330969425946437,-0.1047108186224247,0.3939483889357192,0.0180605946835038,0.0577703891629749,-0.0650288747121244,-0.5032111806013879,-0.0615294778478759,-0.8625407730852288,0.0915697966440043,5.2694978365941623,5.4497240494958135,-0.0709521710896029,0.1496699750809695,0.7854301549500222,-12.0000000000000000,,,,,,,,,,,,,,,,,,,,,,,,,,,,,,,,,,,,,,,,,,,,,,,,,,,,,,,,,,,,,,,,,,,,,,,,,,,,,,,,,,,,,,,,,,,,,,,,,,,,,,,,,,,,,,,,,,,,,,,,,,,,,,,,,,,,,,,,,,,,,,,,,,,,,,,,,,,,,,,,,,,,-10.2129283857723578,4.5173188529353183,1354.0000000000000000,312.4212230635328069,349.0000000000000000,579.0000000000000000,1830.0000000000000000,-26.1655926400181649,393.5787769364671931,129.5787769364671931,311.1410277127100699,16.7186741186025003,454.2314664899592458,25.7693966190124009,54.8405735787037258,29.7839430417564834,58.4659221567889773,1621.3292395990499699,14.3776876949928010,7.9866846432577461,568.2966628476555115,595.4266000245720534,-154.7846301051679916,671.0762579648840074,58.7021659812696726,66.4889692242478958,0.5787301345961958,0.5143483424307275,,,,2.9473032361520799,2.0674657395571812,1.8674209514082074,Inf,72.7223326396589300,0.0000000000000000,811.0784387113087632,805.3342358391238349,23.2937698973578335,36.1502622676642176,47.3782205323892569,70.9630157674420730,7.4656654866204555,47.3749080920832739,5.5264605668938032,2.4204937435977882,-26.1344314711420793,-4.2357039138028085,6.3582084247855590,-3.5593564392816290,6.9907294934805435,-9.0631882378397535,175.9049437715235058,37.0762100962137140,10.4321620312270795,3.3950553380543766,5.4341688454125006,7.6984556141464395,4.3777082572323991,6.0251402740508553,8.5718670188968105,17.9140242826979232,10.5076790520992773,4.3118755309088215,3.9741235929791117,8.1665932260586374,-0.5265719730964378,3.0624304741890853,6.4148143504004995,,,,,,,,,,,,,,,
"2017Q2",10.9642010277691000,4.7948726696508697,15.9169134753533008,804.1854697939776315,670.5983942786888292,786.0176049784582801,658.0306948994418690,645.8228828835614195,621.9335741908248565,719.3832641622981328,473.6871111133267505,485.9141035453210407,469.9780052079210577,6.1282446627272043,9.6661031438682521,671.9579767984041609,742.9838764184627280,0.0142984891265527,32.6960888995016887,0.8992776835044946,-0.9565536359650872,464.5712588551187991,390.5265348978148836,5.7368493961417357,-8.0853331284692445,23.0236733745523807,3.8574411285698891,10.9642010277690023,15.9169134753533310,24.5000000000000000,3.3751991952125557,16.4722543896272207,-0.0433275660516304,-0.0226056866357437,0.0870339919952942,-0.6423749062691884,0.5048476199930974,-1.4329990593959123,802.3016625743368877,784.6912604889815839,628.7020648523136970,661.8250670084443072,606.6884974056932833,713.8096452075072875,4.3379780774232124,9.0592106653176092,2.1149071721495574,2.4231255020905764,-12.3756621550649886,2.9463266874374003,0.1247250886856676,2.1112932064129191,239.4831814979160924,1.6769827008423071,8.7771416257068555,11.4029448055853084,-0.2857765331336413,4.7948726696508697,1.8838072196386819,1.3263444894762182,17.1208180312471043,-3.7943721090040547,15.2450767851315270,5.5736189547891621,3.0530052728961468,-6.3509227345303252,804.1854697939764947,4.5355646374911629,2.2157073491177983,671.9579767984046157,471.5218069345224876,-0.4233893675539948,-2.2550478353486447,-1.0759132550033335,6.2953422234795609,-0.3475861301589276,10.9642010277690023,11.4029448055853084,-0.1529672446827575,-0.2857765331336413,23.0236733745523807,24.4999999999999858,-0.0433275660516304,-1.4329990593959123,3.8574411285698891,-0.0226056866357437,3.3751991952125557,0.5048476199930974,15.9169134753533310,16.4722543896272207,0.0870339919952942,-0.6423749062691884,4.7948726696508697,1.3263444894762182,0.9062831560276088,786.0176049784579391,10.9981431756977468,-10.4438480458741516,784.6912604889815839,3.8881632663082413,4.2811526260707780,17.1208180312471043,11.2569046339234937,645.8228828835610784,11.0893666410513543,-4.9014061391043473,628.7020648523136970,8.2915997036095366,8.3909079145376211,-3.7943721090040547,658.0306948994413005,23.2829240029339104,4.6513656948554942,661.8250670084443072,5.1550832189323765,5.1194867090237013,15.2450767851315270,8.8032233002721831,6.3509227345311343,621.9335741908237196,34.9930216026597449,45.9256166064326123,606.6884974056932833,14.7040920704478211,15.1123119461032047,5.5736189547891621,719.3832641622972233,22.0529116663888658,2.9644845727894111,713.8096452075072875,9.2260587582978424,9.3745007386687984,1.8838072196386819,2.0363324599729760,804.1854697939764947,6.8564658985494864,4.5355646374911629,802.3016625743368877,5.1550832189339761,5.5001092704492027,3.0530052728961468,1.2212021091584599,670.5983942786888292,1.3923045270915244,13.3917753512679525,667.5453890057929129,4.7685777983785753,4.8194842440609369,473.6871111133264094,0.1247250886856676,1.7999544216009988,5.9621641991206094,471.5218069345224876,2.4231255020905764,3.2158099219121468,4.8562172173079219,485.9141035453200175,-12.3756621550649886,-6.4462299275686732,11.9715666794929056,469.9780052079206030,2.9463266874374003,4.8111972585106511,4.6174061466970038,0.2368612288050667,-2.1653041788042291,2.2984004134034413,-1.1059469818134593,-0.1366411521388111,-2.0286630266657557,-0.7792314105272542,-0.7179571821692390,0.4514502090347428,12.2269924319934056,-12.5003872437491630,6.0094024803724251,3.1677817666754677,9.0592106653176092,3.7950585832513086,3.5002157198666310,-0.1979388813822442,-3.7091059054057705,2.8216015987525003,-1.3447580524228551,-5.8240130775554961,2.1149071721495574,0.0767727094216913,0.0623877219521807,-22.9357387202759710,6.1282446627270053,5.6700398733090225,2.9124347408148021,0.8011415344020072,0.5643199522618486,1.7304230961297884,2.1112932064129191,9.6661031438682574,1.1661031438682588,4.3379780774232124,-1.4566173976518013,3.6200208952539894,7.8381937972898541,4.4003657993754102,1.7304230961298581,1.7304230961298397,671.9579767984046157,2.2157073491177983,6.2403840089664913,673.3981873026701805,8.7771416257068555,1.6769827008423071,233.1322587633846695,-0.5076077756556310,1.9276433773803388,4.5923793997397127,239.4831814979160924,1.4640675174059992,1.4713340109547970,1.3908641415356942,-6.3509227345303252,742.9838764184627280,269.2967653051358070,15.4101365626208544,5.8198578676876584,-2.1871032073142143,0.0142984891265516,32.6960888995017314,-0.3001896226771287,0.5434765857201905,0.1559008477819444,0.8992776835044924,-0.9565536359650858,464.5712588551186855,-5.7340103661633508,2.3603659539086275,431.8751699556157746,-5.4338207434789698,1.8168893681885481,5.7368493961415936,426.1383205594741526,-0.2101416592904426,-0.5322484054519740,390.5265348978141446,-27.4523710843261810,9.2208510507655141,357.8304459983123706,-27.1521814616457675,8.6773744650454780,-8.0853331284712269,365.9157791267835478,-2.9089884123894665,-4.8372925045619164,-0.4233893675539948,-2.2550478353486447,-1.0759132550033335,6.2953422234795609,0.4025330171233498,-0.0750000000000098,0.0000000000000000,0.3243521912162635,-0.1347841936421810,0.0000000000000000,0.5048476199930994,0.0122206640368261,0.0000000000000000,-0.6423749062691870,1.5027697048189879,6.2953422234795653,9.8986229239478121,-0.4106845671077379,-1.7544417318453736,1.4941758366089639,-1.0759132550033250,-6.7175590513266314,-2.2550478353486518,0.2945034671934539,0.2507170246917091,-1.0962865019093135,-0.1006793726243249,6.2681143383700508,-0.0247433440769960,-0.4233893675539948,-0.0109324091793930,0.0189749369760480,0.0230273770639474,-0.0867864809708863,0.2993678752144704,0.0139226013919155,0.0829105985120802,-0.0550258810376640,-0.5361821215160725,-0.0082357360195652,-0.5837974595919349,0.2319677376565917,1.3703325124845200,-6.6074226761773502,-0.0748556961072291,0.1714272963202968,0.7971258232170049,-11.0000000000000000,,,,,,,,,,,,,,,,,,,,,,,,,,,,,,,,,,,,,,,,,,,,,,,,,,,,,,,,,,,,,,,,,,,,,,,,,,,,,,,,,,,,,,,,,,,,,,,,,,,,,,,,,,,,,,,,,,,,,,,,,,,,,,,,,,,,,,,,,,,,,,,,,,,,,,,,,,,,,,,,,,,,-6.6667275967382977,3.9781739152359563,1469.0000000000000000,283.7245515930693500,385.0000000000000000,612.0000000000000000,1964.0000000000000000,-26.6643042446468357,438.2754484069306500,153.2754484069306784,313.8820572226400145,15.9169134753533008,560.5960751510291402,26.9141676742070004,80.5287918440474755,76.3927939683017172,89.7924321160399472,1685.5357827197899496,15.5348616513083471,2.6642701337901258,570.1979387650195576,585.3183773776110002,-136.6008447025419912,693.9806931188360295,-8.7721103429227014,96.6987940238577011,0.5537734399206026,0.4943301212240138,,,,3.5509255519182599,2.6184028061999705,,,100.5008974495024745,0.2909300224212680,814.0516703774677580,810.7200458733472033,21.5432401368934734,92.2095664650542233,80.0475336221075651,108.3835373359747365,-12.3308769484671128,92.8596687925145829,7.0969870537605146,4.6399942086067085,11.6257343328812084,-9.9169785636207735,11.7276096560013059,-4.7832259198570597,26.2165933506711184,4.7612386159301252,41.8968523876399104,58.2896135124484545,24.6736225009376540,3.0088628603842693,0.1248029027722737,6.1434868177849609,2.4527217560562207,4.9760635691439745,-11.6405137336615496,12.7176312357990327,2.9901603272073203,4.7256682127668483,2.2404364481601391,6.4392102147525492,-0.5063216245074074,1.9463423791019352,6.3199168801591821,,,,,,,,,,,,,,,
"2017Q3",13.8722503420147998,5.4508668337027704,16.0173409803069013,804.8937490435757809,661.4873550133318076,788.1762331169882145,666.4677565422903172,641.8949043962225005,616.1172152988298194,721.9631901776757559,473.6958206937034106,485.6066896997343179,470.5891620908136588,5.7680286620444994,10.2821610033584037,672.7240450670891505,746.6422548096422815,0.0626326202421055,33.6436500617839442,1.0511229625647494,-0.9420065198892877,463.6923086141899262,391.8864056244265157,3.9049115662499503,-7.2164079887829189,25.0331567967977122,4.8564345255240573,13.8722503420150289,16.0173409803068978,24.5000000000000000,3.3606776142641124,16.5316652812540852,-0.0315846943627464,-0.0164789709719775,0.0936333750235306,-0.6079576759707334,1.5122358822319297,0.5647414911605760,803.5205014625823878,785.6031682919691548,630.7735168670002395,663.0439058966904895,610.2741665211082136,716.0812492604442241,4.3412705935840803,9.9967611257532916,2.1341233661331862,0.0819648304753333,-1.2296553823443113,2.4446275315680057,0.0348383215061495,2.1630947495857065,239.8601399644453807,1.6726590966642176,7.0549673104284247,11.3290123330100165,2.6849350493632667,5.4508668337027704,1.3732475809916487,2.5730648250201047,11.1213875292225062,3.4238506456000111,5.8430487777218536,5.8819409172320878,-7.2369871232399987,-5.0347429777114270,804.8937490435750988,5.1304852698642662,3.0642730747340696,672.7240450670886958,471.5422981421407371,-0.4077271989389311,-2.0993239373436432,-3.0960935648327998,-0.5384352213815206,2.6110025767879952,13.8722503420150289,11.3290123330100165,-0.1416970403583301,2.6849350493632667,25.0331567967977122,24.4999999999999716,-0.0315846943627464,0.5647414911605760,4.8564345255240573,-0.0164789709719775,3.3606776142641124,1.5122358822319297,16.0173409803068978,16.5316652812540852,0.0936333750235306,-0.6079576759707334,5.4508668337027704,2.5730648250201047,2.2231983539771818,788.1762331169892377,8.6345125541236829,-4.7563949516801145,785.6031682919691548,3.6476312119520360,4.0333881837731873,11.1213875292225062,7.7238479301184384,641.8949043962227279,-15.7119139493501372,-5.4523413109644530,630.7735168670002395,8.2858080587479268,8.3458716056101068,3.4238506456000111,666.4677565422921361,33.7482465713962583,10.2645774460138490,663.0439058966904895,4.8753555529813930,5.1284272093442187,5.8430487777218536,3.0262610702195616,5.0347429777121606,616.1172152988295920,-23.2654355679788054,24.5457916963330938,610.2741665211082136,14.3426764616596198,14.8636251131807295,5.8819409172320878,721.9631901776765517,10.3197040615134235,3.3353497934697902,716.0812492604442241,9.0864162117466662,9.2500909045714295,1.3732475809916487,2.5774655746378863,804.8937490435750988,2.8331169983943063,5.1304852698642662,803.5205014625823878,4.8753555529826951,5.2943738073905298,-7.2369871232399987,-2.8947948492960043,661.4873550133321487,-36.4441570614254360,-1.4491587074741776,668.7243421365723179,4.7158125231189922,4.7892469546521035,473.6958206937034106,0.0348383215061495,4.5425482231586480,3.4331782134976860,471.5422981421407371,0.0819648304753333,3.4071673047307121,3.1230960057724051,485.6066896997345452,-1.2296553823443113,9.7820830100757483,4.8349984731298274,470.5891620908129198,2.4446275315680057,5.3310831582371572,3.7165159558243399,0.0916494692512736,-2.1535225515624994,0.0471265089671953,-0.3100822077260035,0.0676675466454650,-2.2211900982082851,-0.7701082861698604,-0.7502925852888072,5.3466838577546438,11.9108690060312199,-1.2644937038492001,1.4018202596323959,1.9141078802775704,9.9967611257532916,3.7502018417423209,3.6556932639445079,2.5392426660929925,-3.1066586028898704,2.4097892100624505,0.2833377423273448,-5.2407819690232911,2.1341233661331862,0.0768647759352070,0.0702490843149080,9.6693574786067984,5.7680286620447285,5.7342570570000442,2.3608613573134085,0.1977666077279159,-0.4320722791256393,1.3500887242324697,2.1630947495857065,10.2821610033584019,1.7821610033584077,4.3412705935840803,0.8712412507181955,3.5909780082952660,7.9969638575285833,4.4115196778989878,1.3500887242325192,1.3500887242325028,672.7240450670886958,3.0642730747340696,3.8184591965031252,673.8360283486036906,7.0549673104284247,1.6726590966642176,234.8253969867329829,6.7725528933906034,1.6345918323073221,5.7837533995211867,239.8601399644453807,1.5078338661166075,1.4738269032599245,1.4324421728107795,-5.0347429777114270,746.6422548096419405,272.9464341159383025,14.5986752432090903,10.4308452542379246,-2.1770188498267515,0.0626326202421025,33.6436500617840508,3.7902446491370148,0.9392286415749906,3.4282482652331741,1.0511229625647489,-0.9420065198892889,463.6923086141899830,-3.5158009637144270,0.6444551840394920,430.0486585524045040,-7.3060456128441169,-0.2947734575356875,3.9049115662498997,426.1437469861545537,0.0217057067225366,-0.3124435539550449,391.8864056244225935,5.4394829064339918,10.9819839345346146,358.2427555626388198,1.6492382573002340,10.0427552929599422,-7.2164079887823895,365.4591635514212271,-1.8264623014486299,-3.5753763164562362,-0.4077271989389311,-2.0993239373436432,-3.0960935648327998,-0.5384352213815206,0.5534304988773355,-0.0750000000000068,0.0000000000000000,1.5678408327376303,-0.1457616211878089,0.0000000000000000,1.5122358822319231,0.0141334355231635,0.0000000000000000,-0.6079576759707241,0.9185496188892941,-0.5384352213815404,-3.0780923231447588,-0.1697743527962570,-2.0353699321013714,-8.4581892323984729,-3.0960935648328105,-13.0900970605741236,-2.0993239373437120,-0.5454462829491125,0.7326681738769760,-0.6742975948674059,-0.0619252893245578,2.3034731541500779,-0.0065988900687620,-0.4077271989389311,0.0471850324207383,0.0121856868360548,-0.0399429165344160,-0.0508113177911312,0.1366228438543384,0.0077693374556415,0.1169697245809172,-0.0366253340938660,-0.5454629471763863,0.0491920404631466,3.6343438013550440,0.0977960267545774,0.3480649406420397,-1.3141148049994058,-0.0811082475207094,0.2108332000838666,0.7916272697044793,-10.0000000000000000,,,,,,,,,,,,,,,,,,,,,,,,,,,,,,,,,,,,,,,,,,,,,,,,,,,,,,,,,,,,,,,,,,,,,,,,,,,,,,,,,,,,,,,,,,,,,,,,,,,,,,,,,,,,,,,,,,,,,,,,,,,,,,,,,,,,,,,,,,,,,,,,,,,,,,,,,,,,,,,,,,,,-3.1205268077041239,3.4390289775366369,1213.0000000000000000,326.6591949872336045,408.0000000000000000,680.0000000000000000,1722.0000000000000000,-28.4942408212207106,454.3408050127663955,143.3408050127663955,288.5083489968599793,16.0173409803069013,509.9586579195597551,29.6086202010739008,60.4254440893491207,64.7655906523507241,96.2592741809999808,1748.3408790411299378,14.6335135647182142,0.6052943116909546,574.1162007613236256,608.3396576969130365,-137.0246592199800091,695.8067087784990008,-34.8166005154331515,155.7749245708959904,0.7195174405231192,0.5819928328710214,,,,4.9388553667512696,3.4825281415607598,,,83.6669504876332155,0.1139729967608267,816.4611860368237330,815.6906846776614657,19.8825552172570497,77.5784189490047709,124.6664287217640492,115.3026201864753659,26.4379783084043183,33.9874657809448024,2.8736314603854822,5.2643745660936503,9.0182513215804789,-4.6450507846474238,-14.5397764125288660,-5.3063662126024838,40.1415035364451569,10.8098822644370927,-20.7572575767517264,27.8206491648258663,10.8709848425127689,3.3915961806588939,0.0348443907541593,3.4927920367269252,0.0819984308220398,3.1723763351192673,-1.2221260139075696,4.9537913297953224,2.4747535390439879,3.7864419912779113,3.1117051653666294,3.8922992015967566,7.0071564485403712,1.6480243738705980,5.9376244802130662,,,,,,,,,,,,,,,
"2017Q4",8.8071261564110994,5.6551112332372897,16.3777756945614001,807.3078725030453597,673.5466274056541351,789.1342426709272786,664.2490247967026562,633.5186145904788191,626.3836828990291679,723.6789942051771050,474.5660283670582089,486.5161417028775759,473.0948762011389590,5.5902409969927920,10.2154914687867251,673.6804980866869528,748.3477232984636203,0.1696612934768496,35.3614686922251664,1.2192040765361967,-0.9372841236364647,462.5463786889257563,407.2656440363987258,0.9696833317190112,6.6676467192849032,23.8286144434821416,1.3562874074900815,8.8071261564109857,16.3777756945614286,24.5000000000000000,3.3236341301181365,16.5925325301172215,-0.0599161954586774,-0.0312606237176808,0.1164074524818640,-0.3311642880376003,-1.9360860989104354,-0.6114693610588422,804.7028205265763745,786.4670573897667509,632.8671029474074885,664.2262249606842488,613.7952093676893810,718.2956292754214473,4.3678633536911748,10.9007241356270939,2.1523985053328247,2.8780215236946192,3.6378080125695780,10.0228564412997478,3.4808306934194113,2.2292907452561641,240.2513675619697437,1.6799099983011523,5.7345842766833481,11.2311016000010611,-2.2163911719319365,5.6551112332372897,2.6050519764666795,2.6671852811607124,0.6515116430699381,0.0227998360155228,12.5884735313396607,5.3833649297548245,3.6415787047212858,-3.4712043061203040,807.3078725030441092,6.1813078472253506,3.8258120783883847,673.6804980866867254,472.2618035230642590,-0.3712965680614223,1.9555496481969312,-1.0391247822658005,-6.7379347059224033,-2.3143019049405491,8.8071261564109857,11.2311016000010611,-0.2075842716583091,-2.2163911719319365,23.8286144434821416,24.4999999999999787,-0.0599161954586774,-0.6114693610588422,1.3562874074900815,-0.0312606237176808,3.3236341301181365,-1.9360860989104354,16.3777756945614286,16.5925325301172215,0.1164074524818640,-0.3311642880376003,5.6551112332372897,2.6671852811607124,2.1382964521999117,789.1342426709279607,3.8320382157539665,-1.7069111731092430,786.4670573897667509,3.4555563911911582,3.7872980662984053,0.6515116430699381,0.8544370808361688,633.5186145904785917,-33.5051592229760544,-7.9908632378343132,632.8671029474074885,8.3743443216306837,8.3276561275470833,0.0227998360155228,664.2490247967009509,-8.8749269823610462,13.7283610098062869,664.2262249606842488,4.7292762559733337,4.8077715890808310,12.5884735313396607,7.7302083664766572,3.4712043061211695,626.3836828990285994,41.0658704007995539,38.5705194534324676,613.7952093676893810,14.0841713863247282,14.5520807231798486,5.3833649297548245,723.6789942051768776,6.8632161100016669,12.2897386638600672,718.2956292754214473,8.8575200599101525,9.1191903557350358,2.6050519764666795,2.5148261827907437,807.3078725030441092,9.6564938378778411,6.1813078472253506,804.7028205265763745,4.7292762559747068,5.0066955811438589,3.6415787047212858,1.4566314818885151,673.5466274056539078,48.2370895692882229,6.5069720858333557,669.9050487009328663,4.7228262574427831,4.7575374848295047,474.5660283670584363,3.4808306934194113,5.0943652710313714,2.2330130303384652,472.2618035230642590,2.8780215236946192,5.2564827680026811,2.4169265695893505,486.5161417028774054,3.6378080125695780,3.0350661092241147,-0.4358239671885900,473.0948762011392432,10.0228564412997478,8.0405051070625859,6.3513233210606117,1.3898007199495548,-2.3042248439941790,-0.6028091697263441,0.1839135392502535,0.1025730586115863,-2.4067979026061019,-0.7424312175910673,-0.7609331867827622,9.1321762100630011,11.9501133358194203,0.1569773191512720,-2.6688369975266060,1.0493892001918947,10.9007241356270939,3.6158520394950138,3.7062960147540300,1.7495465290184740,-1.4711521659192723,6.5420257478814392,4.1183102907229285,-3.6235506712520431,2.1523985053328247,0.0731005567984663,0.0741428738802877,65.4839268167241357,5.5902409969925335,5.8547228813563796,0.3337582289896484,-1.8955325162662415,-1.5822849232435798,0.1332065455427802,2.2292907452561641,10.2154914687867304,1.7154914687867311,4.3678633536911748,1.3098282354399065,3.6069301669083909,8.0741593684451871,4.4420062275714418,0.1332065455428584,0.1332065455428866,673.6804980866867254,3.8258120783883847,3.2507448902743912,674.5962933293661763,5.7345842766833481,1.6799099983011523,236.7801632558483220,7.8190650764589851,3.3890117361728800,5.3686038219992174,240.2513675619697437,1.5649103900962960,1.4976652904823693,1.4866648705914729,-3.4712043061203040,748.3477232984632792,273.7816949314046155,3.3410432618637032,10.6089711862379783,-2.1609978942485046,0.1696612934768502,35.3614686922249533,6.8712745217709221,2.5551934154862828,5.8930721633404470,1.2192040765361951,-0.9372841236364673,462.5463786889257563,-4.5837197010568129,0.5831410119840500,427.1849099966996732,-11.4549942228204813,-1.9720524035024192,0.9696833317190540,426.2152266649804915,0.2859187153031145,-0.0816206858753234,407.2656440363983847,61.5169536479083519,17.0255771965863403,371.9041753441736660,54.6456791261407560,14.4703837811009741,6.6676467192851350,365.2365286248887060,-0.8905397061406436,-2.4359737815458815,-0.3712965680614223,1.9555496481969312,-1.0391247822658005,-6.7379347059224033,0.4296778163859045,-0.0749999999999999,0.0000000000000000,-1.0067884048713651,-0.1690096034327525,0.0000000000000000,-1.9360860989104201,0.0161839016756274,0.0000000000000000,-0.3311642880376109,1.0655788803954209,-6.7379347059223136,9.4338342990014183,1.5058820068524001,-0.3246947348886495,6.5363735540172900,-1.0391247822658656,8.0311481520944312,1.9555496481968930,-0.6136873644784937,0.1115465657641671,-0.3601032808575590,-0.0330707094665117,-10.3836046453654802,0.0003461437707646,-0.3712965680614221,0.1412233579220005,0.0970254398499093,-0.1361786491472558,-0.0271818222288289,0.0426441089651040,0.0039222584567497,0.1324682172855167,-0.0254831886966418,-0.4962369926449269,0.1107866304492638,3.4430262565376140,0.1216241256188006,-1.4513618393559540,11.9356245510961685,-0.0894782557361066,0.2663835792529803,0.7532763651565011,-9.0000000000000000,,,,,,,,,,,,,,,,,,,,,,,,,,,,,,,,,,,,,,,,,,,,,,,,,,,,,,,,,,,,,,,,,,,,,,,,,,,,,,,,,,,,,,,,,,,,,,,,,,,,,,,,,,,,,,,,,,,,,,,,,,,,,,,,,,,,,,,,,,,,,,,,,,,,,,,,,,,,,,,,,,,,0.4256739813299077,2.8998840398373176,1564.0000000000000000,338.8305482966144382,438.0000000000000000,680.0000000000000000,2105.0000000000000000,-26.9537420864585080,444.1694517033855618,148.1694517033855902,324.7972696098100300,16.3777756945614001,516.6246143885255151,25.1427077189296995,-87.8218622535013651,144.1639814002888045,135.4852256319280173,1778.4139966582199577,6.8218739552853549,0.8145327445633086,574.0197317094397249,646.7757737581559923,-151.8474999124530029,700.3691666567259517,38.0866101047461143,151.4594183551259903,0.5823746249126054,0.4910445135138070,127.0248878989383314,0.0000000000000000,127.0248878989383314,4.3673921791737804,-1.2153772559999707,,,228.8489626812872189,0.0250389423193811,822.7697735450637992,820.2706957275884179,18.3200441997078087,171.0407290157201885,126.3579336376972861,160.7439773642230989,14.7302235805443154,-102.5520858340456840,10.1381100724684501,6.3763485847174337,3.9064077147826737,-1.6924259779142972,-28.4698818582335633,-7.6799306815057804,-8.4925018274945216,14.7153446690803804,50.7810658996329494,47.0651050933211934,7.1042165708466598,13.0768383049322949,3.5421206708979440,2.2581313832408512,2.9198367496084501,2.4463709778311511,3.7047859565174832,-0.4348756327265448,10.5423549687997848,6.5573586667855466,3.8999385604980148,3.3041588141633440,8.1328795180991307,3.4470930087674816,5.7494477782866538,,,,,,,,,,,,,,,
"2018Q1",14.2676310411906009,6.5416712138154702,16.8500154641446009,810.7496387307024861,674.1630824535980082,798.2099979854599496,679.3138870871423478,603.0175360562848255,624.8779792839238780,727.6920864427009974,474.5479179376972638,483.9424575081599187,476.2070247847826181,5.3775803784337608,10.3655204164490868,674.5342475617491118,753.0394118922546340,0.4539023984120405,38.2001985413984357,1.5709293705179879,-0.9435237291012192,466.4981448815422027,417.0435439393049251,1.9346547638215270,13.6366321846491587,26.8506194198064563,4.2670270855287420,14.2676310411903362,16.8500154641445867,24.5000000000000000,3.3043607972095632,16.6526331219336790,-0.1118419055915528,-0.0583522985696164,0.2717875422269685,-0.0744052000160934,1.0210185868888602,2.4624613253977694,805.8869471832401814,787.2981121786494896,635.0110843659665534,665.4103516173479420,617.2751337550377002,720.4269061767143967,4.3841353607527456,11.7820243117531156,2.1701390999375070,0.9158555512697093,-10.2947367788720605,12.4485943345758248,-0.0724417174436608,2.2541821525021732,240.6526225526151848,1.6729369171510537,2.3942988868360469,11.1517276752757724,3.5578851123028739,6.5416712138154702,4.8626915474616528,10.9118858068116626,-31.9935483096817244,13.9035354697955462,7.6028455288872081,7.2651802659874081,3.0952329461664068,-0.4089438603473226,810.7496387307023724,8.2782854113641839,3.4149979002459316,674.5342475617479749,472.4907674108807214,-0.3201627239978831,1.8045561416662876,-6.1216570555090382,-34.1257660863057168,3.4785111875773795,14.2676310411903362,11.1517276752757724,-0.4419817463881901,3.5578851123028739,26.8506194198064563,24.5000000000000391,-0.1118419055915528,2.4624613253977694,4.2670270855287420,-0.0583522985696164,3.3043607972095632,1.0210185868888602,16.8500154641445867,16.6526331219336790,0.2717875422269685,-0.0744052000160934,6.5416712138154702,10.9118858068116626,9.0664663102424470,798.2099979854607454,36.3030212581303147,14.9419288009275277,787.2981121786494896,3.3242191555317846,3.5788925062434198,-31.9935483096817244,-19.0110689873907788,603.0175360562851665,-122.0043141367719670,-40.0330051670132931,635.0110843659665534,8.5759256742344689,8.3819194395554426,13.9035354697955462,679.3138870871433710,60.2594491617701635,27.1039231884386460,665.4103516173479420,4.7365066266554816,4.8740554136383807,7.6028455288872081,5.0774729117767485,0.4089438603477202,624.8779792839242191,-6.0228144604177754,11.6926604937641940,617.2751337550377002,13.9196975493937458,14.2626593669559174,7.2651802659874081,727.6920864427016795,16.0523689500941131,13.8220501970029286,720.4269061767143967,8.5251076051723000,8.9237756587821551,4.8626915474616528,6.7866496746113993,810.7496387307023724,13.7670649106336622,8.2782854113641839,805.8869471832401814,4.7365066266582403,4.8740554136367509,3.0952329461664068,1.2380931784665576,674.1630824535977808,2.4658201917760332,3.9127643066826048,671.0678495074319017,4.6512032259953209,4.7146049512339223,474.5479179376973775,-0.0724417174436608,6.5817657846865067,0.8919880965422102,472.4907674108807214,0.9158555512697093,7.6838121893119977,1.5747418518820173,483.9424575081602597,-10.2947367788720605,0.0369200690158533,-5.0655615759251340,476.2070247847834139,12.4485943345758248,9.2203282062778200,6.9656012487215975,3.8083644659003233,-2.0571505268164119,0.9882972687112048,0.6827537553386557,0.5305952291136098,-2.5877457559304178,-0.7237914132971721,-0.7538905818958810,13.1648973343649800,9.3945395704627490,-10.2222950614266264,-5.9575496724676249,-2.3874847412907121,11.7820243117531156,3.5252007045046461,3.6715782922481890,21.2737751805706452,1.6591068470857544,12.5210360520198041,6.0736131521797940,-0.5110322528516589,2.1701390999375070,0.0709623784187523,0.0744251051433480,41.8355929875511947,5.3775803784340654,5.9145260999578539,-2.3062318108784341,-4.5604139633806700,-4.0097226264415502,-2.1442022099928852,2.2541821525021732,10.3655204164490815,1.8655204164490853,4.3841353607527456,4.1593315069222800,3.6302447788568424,8.0557136530009092,4.4585604658960696,-2.1442022099928097,-2.1442022099926930,674.5342475617479749,3.4149979002459316,3.1301976006217451,675.1182512899306403,2.3942988868360469,1.6729369171510537,240.2436786922664851,13.8540617456715047,6.9845179849681074,3.3130012388236030,240.6526225526151848,1.6050199625814074,1.5354579340504286,1.5247689644523423,-0.4089438603473226,753.0394118922544067,278.4914939545568018,18.8391960926071462,13.0472627900760667,-2.1811525892936618,0.4539023984120434,38.2001985413986560,11.3549193967002857,5.4290622362266072,9.4799880632838995,1.5709293705179912,-0.9435237291012185,466.4981448815424301,15.8070647704665355,0.4933834348838242,428.2979463401426869,4.4521453737734102,-4.9356788013431778,1.9346547638216731,426.3632915763208757,0.5922596453625492,0.1724356020237007,417.0435439393086199,39.1115996116452749,19.6539162704129815,378.8433453979101273,27.7566802149478171,14.2248540341878371,13.6366321846529850,365.2067132132570464,-0.1192616465285215,-1.4363130166236426,-0.3201627239978831,1.8045561416662876,-6.1216570555090382,-34.1257660863057168,1.2141155971968258,-0.0750000000000704,0.0000000000000000,2.8904898781392205,-0.1530916264027808,0.0000000000000000,1.0210185868888528,0.0160259171177055,0.0000000000000000,-0.0744052000160793,7.1216290466715577,-34.1257660863056316,-0.6340442139388571,2.5028120702470558,-1.7410157276163685,1.6386014642778868,-6.1216570555089689,-9.5171828074258542,1.8045561416662679,-1.4702648627114527,0.3215780945410285,0.1022997739309504,0.0093948771977412,11.7965424175520166,-0.0342274112948129,-0.3201627239978831,0.2586952607872664,0.1781314244872519,-0.2511397596405837,-0.0348432992636448,0.0729075959973366,0.0051718773000872,0.1183550919899290,-0.0389820813199869,-0.5734710115514238,0.2944207825438050,5.4618472333598334,0.3136723613277004,1.3334510981558694,8.7692500795749879,-0.0999680178283975,0.3349328015900893,0.6822240889959978,-8.0000000000000000,,,,,,,,,,,,,,,,,,,,,,,,,,,,,,,,,,,,,,,,,,,,,,,,,,,,,,,,,,,,,,,,,,,,,,,,,,,,,,,,,,,,,,,,,,,,,,,,,,,,,,,,,,,,,,,,,,,,,,,,,,,,,,,,,,,,,,,,,,,,,,,,,,,,,,,,,,,,,,,,,,,,11.6935361034174434,2.5771716763357659,1518.0000000000000000,169.3343394435351854,403.0000000000000000,528.0000000000000000,2016.0000000000000000,-27.9925852437750784,453.6656605564647862,186.6656605564648146,341.3328823750960055,16.8500154641446009,608.1709693609485612,30.9614330697313989,72.9138582615434814,73.8993806422221837,120.0248480820868906,1863.8399334070099940,18.7667543751640551,3.6280194032089241,581.5610573187376531,656.3979687398319811,-104.1255015763750009,724.5077442800279641,47.7795370109404303,200.5084003816660072,0.6723861225232273,0.5290313331022860,,,,5.8320653588143303,1.8938944685608003,1.5954786370653493,Inf,89.7630180821812758,0.2375075001593397,825.1394975562993750,824.4851040619992091,16.8576333376431649,86.9312216504172426,87.9816221978570923,141.1907188058376050,-46.3689374861461729,119.2827957476896614,14.7597525755565755,8.6305896078793722,43.7679294587634899,16.1159747514980154,-70.4782569434445065,-32.9901157708737571,82.6852410344939983,31.1326515185679682,-5.8450300404954874,12.4036927902545671,17.4125587260367922,14.8228709054538683,-0.0724154847663812,0.8959781651860936,0.9200623411220903,1.5872062528123223,-9.7825544331479222,-4.9394012110887502,13.2566100258275839,7.2139315278788416,3.4739784331794965,3.1797034794520016,14.8596333684593702,7.2342148229336942,5.5247993026016795,,,,,,,,,,,,,,,
"2018Q2",9.0992573058697399,3.9729132108981400,16.7839856114639012,810.6654255527341775,673.3196217357854039,790.9563331938961710,676.3486088134894771,618.1598516643712173,628.8973223151452885,721.6610198993575978,476.1312506369282005,487.9379359880190918,481.4700981453575537,5.4882181384351840,10.1409062942017449,675.3831877547410159,754.4040349413015747,0.7196892290763373,39.8480398406786804,1.8592745357313751,-0.9621192645998550,466.7239254678675024,427.1739117425370864,0.2768058745591020,21.9931484400422619,26.1015424949279371,-0.2182995775941939,9.0992573058699744,16.7839856114638977,24.5000000000000000,3.2608234909207852,16.7144077557668886,-0.0827598519288533,-0.0431790531803856,0.1014488598529482,-0.0318710041558622,-3.4359440153345711,1.6843023468568918,807.0671711210405874,788.0914710120539439,637.2210371307859305,666.5905755551486891,620.7042545093086119,722.4767823932036208,4.4192706004492779,12.6202220124707090,2.1863491868365510,3.0848688978044647,15.9819139194336231,21.0522934422964489,6.3333307969218442,2.2956334121964419,241.0662669810830323,1.6859038486180939,1.7516874921604886,11.0464157351540528,-1.7197706643218089,3.9729132108981400,3.5982544316919167,2.8648621818428497,-19.0611854664153135,9.7580332583395037,8.1930678058371491,-0.8157624938460865,1.1089973646372733,0.9029759790075828,810.6654255527338364,6.4799557587598997,3.3957607719712795,675.3831877547407885,473.2619846353314301,-0.3461761720370618,8.9314719895615706,-2.0395181673228886,1.1811260442580334,-1.8250826044434323,9.0992573058699744,11.0464157351540528,-0.2273877649622877,-1.7197706643218089,26.1015424949279371,24.5000000000000071,-0.0827598519288533,1.6843023468568918,-0.2182995775941939,-0.0431790531803856,3.2608234909207852,-3.4359440153345711,16.7839856114638977,16.7144077557668886,0.1014488598529482,-0.0318710041558622,3.9729132108981400,2.8648621818428497,2.8597417064063930,790.9563331938968531,-29.0146591662550719,4.9387282154380756,788.0914710120539439,3.1734353336162506,3.4002105230703568,-19.0611854664153135,-11.5270007195416309,618.1598516643714447,60.5692624323445870,-27.6630312191901666,637.2210371307859305,8.8398110592758581,8.5189722784720381,9.7580332583395037,676.3486088134895908,-11.8611130946139323,18.3179139140507417,666.5905755551486891,4.7208957512060277,4.7655085467071601,8.1930678058371491,5.7162110917722622,-0.9029759790066887,628.8973223151446064,16.0773721248847998,6.9637481243199106,620.7042545093086119,13.7164830170807761,14.0157571036144404,-0.8157624938460865,721.6610198993582799,-24.1242661733782207,2.2777557370594703,722.4767823932036208,8.1995048659560190,8.6671371856965909,3.5982544316919167,2.9310010479351298,810.6654255527338364,-0.3368527118686284,6.4799557587598997,807.0671711210405874,4.7208957512063527,4.7655085467050142,1.1089973646372733,0.4435989458549120,673.3196217357855176,-3.3738428712505701,2.7212274570970916,672.2106243711485831,4.5710994548656352,4.6652353653556924,476.1312506369278594,6.3333307969218442,7.3808262069062778,2.4441395236013888,473.2619846353314301,3.0848688978044647,6.2922841019846425,1.7401777008103116,487.9379359880188645,15.9819139194336231,11.5626302639785283,2.0238324426987648,481.4700981453576674,21.0522934422964489,10.1001023738403060,11.4920929374359648,3.0591987411551940,-2.8692660015962828,-3.2484618991191851,-0.7039618227919704,-0.1094799987608862,-2.7597860028357357,-0.6881609876211217,-0.7311229761694571,8.3325482552270511,11.8066853510911081,9.6485831225127026,-0.4203070809025240,-0.8135366613801125,12.6202220124707090,3.3527908028708908,3.5610113471530753,5.7421044886638715,5.3388475084300371,14.7189626453755178,9.0479534138355291,3.1524983215933542,2.1863491868365510,0.0648403475959796,0.0714420146870164,42.5116146120110159,5.4882181384352187,6.0267430250246870,-0.8040659635499745,-3.0996993757459785,-2.7169702436839724,-1.0760639494826130,2.2956334121964419,10.1409062942017414,1.6409062942017301,4.4192706004492779,2.9812079884029621,3.6881476242797988,7.9802819476023075,4.4907126151362746,-1.0760639494825770,-1.0760639494825117,675.3831877547407885,3.3957607719712795,3.4252109563350381,676.1023709847793270,1.7516874921604886,1.6859038486180939,241.9692429600894172,6.9022570712891085,8.8369841967040816,1.7152380197418435,241.0662669810830323,1.6545777138717939,1.5830854831667787,1.5718488281782061,0.9029759790075828,754.4040349413018021,278.2727843043734879,-0.8748386007340290,8.9760189992373292,-2.1637730524752214,0.7196892290763351,39.8480398406786875,6.5913651971275335,7.1519509411776729,5.6691447036256175,1.8592745357313765,-0.9621192645998546,466.7239254678673888,0.9031223453004040,2.1526666127495115,426.8758856271874720,-5.6882428518206467,-4.9992843284288266,0.2768058745592938,426.5990797526279152,0.9431527052281909,0.4607591931535147,427.1739117425356653,40.5214712129215684,36.6473768447197870,387.3258719018571696,33.9301060157982874,29.4954259035433353,21.9931484400423436,365.3327234618147372,0.5040409942282900,-0.5830556649676957,-0.3461761720370618,8.9314719895615706,-2.0395181673228886,1.1811260442580334,-1.7979223960095947,-0.0749999999999450,0.0000000000000000,-0.0394205809218491,-0.1783192664281973,0.0000000000000000,-3.4359440153345648,0.0183009650523963,0.0000000000000000,-0.0318710041558723,-4.5988502227583012,1.1811260442580611,2.8547162475360039,-2.5433470965629028,-0.4087927210015696,-0.1290958138292775,-2.0395181673228642,14.1265268933206585,8.9314719895615156,-0.8786148638007800,-0.0380620806024303,0.0887975142180031,0.0081548737547130,-14.5295732347542295,0.0012913510642699,-0.3461761720370617,0.3310783608549610,0.1311670372585669,-0.2609506668557752,-0.0143528659225031,-0.0179161041450984,0.0009742070190760,0.1298087494194458,-0.0197393768178337,-0.5962763575231358,0.2930209745690120,-2.8886228661560693,0.2678784972583974,-0.9226800790100498,12.0384069452467912,-0.1129479084087678,0.4101190244018548,0.6113764761037208,-7.0000000000000000,,,,,,,,,,,,,,,,,,,,,,,,,,,,,,,,,,,,,,,,,,,,,,,,,,,,,,,,,,,,,,,,,,,,,,,,,,,,,,,,,,,,,,,,,,,,,,,,,,,,,,,,,,,,,,,,,,,,,,,,,,,,,,,,,,,,,,,,,,,,,,,,,,,,,,,,,,,,,,,,,,,,9.9988913825897328,1.9830324263792534,1601.0000000000000000,165.3999969628887925,430.0000000000000000,502.0000000000000000,2132.0000000000000000,-24.8235741684605316,438.6000030371112075,163.6000030371112075,356.8125015705701344,16.7839856114639012,566.8675344369232789,25.6997318029954016,57.8009595889856698,73.2001781823647661,79.0538950950026447,1889.4486566026400851,5.4584921961877626,1.1930781829647117,584.8628243251770300,657.4067745001469802,-83.1675702554695988,740.8006806599399852,-30.0873528613943790,204.1348589431470089,0.6178065419192482,0.5172009401103961,,,,3.3572394038770801,1.7691046910945198,,,80.6543749480412373,0.1559504786415972,827.2218916142126091,828.3604966434006656,15.5015703256058259,85.3808004629836006,85.5721390749407504,92.2085848768354310,-9.9601248301294234,67.7610844191150932,-0.3362859996282594,6.6945141891207101,-25.1846113582464000,5.0627161110150780,83.2521018061336235,-24.1665207576348138,-11.1846891123089023,20.1029540210520423,17.4419192637016067,7.2119447387605646,-21.4349044168032634,2.3038946761685395,6.5381880329979651,2.4742534553031703,3.1329440568145515,1.7554070036868410,17.3298648062210958,2.0444507901800932,23.4323361391612082,12.1784733844316122,3.4540749257104437,3.4845468283033938,7.1460392500320751,9.2392059755190985,5.6416141855649249,,,,,,,,,,,,,,,
"2018Q3",9.6034169557046205,5.5498590296625601,16.7259849413485000,812.5161960189359434,669.6301902779224520,790.6336620706687199,681.5800305199244349,624.8028104691866247,635.0688984126246623,727.7839029695209092,475.4507075999337076,485.2550766248750733,481.4032109249986888,5.4771290338609218,10.3599045632832123,676.3842002715125545,757.1946851184794696,0.9672792329621629,39.9948902191502640,2.0553978947748979,-0.9942423308497489,459.6107118721735674,429.4598746832998586,-7.3191167325604738,23.8788960531840075,26.9805118173884679,-0.6511099203353832,9.6034169557046436,16.7259849413485071,24.5000000000000000,3.2447603862680037,16.7762371266047730,-0.0999854903900821,-0.0521663428123324,0.1284378792151800,-0.1786900644714338,-3.8437039637910346,2.5804973077786402,808.1690007845813852,788.8215233059743241,639.4648737475806684,667.6924052186890322,624.0031915617523737,724.4925180775719582,4.4245893199376853,13.4473560404390700,2.2020825610844854,-1.3059741284596527,-10.7314374525787368,-0.2675488814413798,-2.7221721479759324,2.2768470172303008,241.4867877856680991,1.6731102906563509,1.3327841816497210,10.9685232596632289,-1.0845165915410022,5.5498590296625601,4.3471952343542792,1.8121387646948499,-14.6620632783945091,13.8876253012347703,11.0657068508736369,3.2913848919489106,-3.7052663319375956,1.9568116017796811,812.5161960189360570,7.6224469753636344,4.0040500670803327,676.3842002715118724,472.9354911032157815,-0.4561576991507263,-8.8863695218685468,-5.5135802331074970,-2.9106645661211332,-1.1624090670317997,9.6034169557046436,10.9685232596632289,-0.2805897124176862,-1.0845165915410022,26.9805118173884679,24.4999999999999929,-0.0999854903900821,2.5804973077786402,-0.6511099203353832,-0.0521663428123324,3.2447603862680037,-3.8437039637910346,16.7259849413485071,16.7762371266047730,0.1284378792151800,-0.1786900644714338,5.5498590296625601,1.8121387646948499,2.3722731015306575,790.6336620706695157,-1.2906844929106249,2.4574289536799698,788.8215233059743241,2.9202091756828512,3.2183550140033264,-14.6620632783945091,-8.5336454732164526,624.8028104691869657,26.5718352192651075,-17.0920939270361032,639.4648737475806684,8.9753464671806693,8.6913568805802690,13.8876253012347703,681.5800305199245486,20.9256868257406055,15.1122739776367183,667.6924052186890322,4.4073186541592300,4.6484993220012578,11.0657068508736369,7.7654064189129040,-1.9568116017788704,635.0688984126248897,24.6863043899221779,18.9516831137952408,624.0031915617523737,13.1957482097746563,13.7290250406431422,3.2913848919489106,727.7839029695212503,24.4915322806489151,5.8207127918442305,724.4925180775719582,8.0629427374720617,8.4112688171278407,4.3471952343542792,3.6651758085819441,812.5161960189360570,7.4030818648116465,7.6224469753636344,808.1690007845813852,4.4073186541600604,4.6484993219990205,-3.7052663319375956,-1.4821065327750376,669.6301902779224520,-14.7577258314507489,8.1428352645907331,673.3354566098604437,4.4993289548484672,4.6111144732880609,475.4507075999340486,-2.7221721479759324,4.0376359686923458,1.7548869062308561,472.9354911032157815,-1.3059741284596527,3.6810164511951760,1.3931929610763933,485.2550766248743344,-10.7314374525787368,6.2097307777630730,-0.3516130748598707,481.4032109249980635,-0.2675488814413798,3.0573665724896926,10.8140488341839323,3.8691185078394055,-2.5152164967176973,1.4161980195145456,-0.3616939451551230,0.4143160045167658,-2.9295325012348039,-0.6789859935960043,-0.7083424030259435,2.9093683626311151,9.8043690249408098,-8.0092653046015094,-2.1064999810903795,-3.6429870154985977,13.4473560404390700,3.3085361118729648,3.4505949146859143,-23.4867999603835287,5.9525033250642041,2.4546232665356804,9.0591619279536353,3.7504207639795863,2.2020825610844854,0.0629334969921305,0.0679591949513696,11.1942783057925261,5.4771290338609973,6.0224503435720962,1.7961125826654860,-0.4807344345646998,-1.2928461040876096,0.5670584591952124,2.2768470172303008,10.3599045632832105,1.8599045632832147,4.4245893199376853,1.5688751857954739,3.7162469169117260,7.8751842346235881,4.4925485148890418,0.5670584591952694,0.5670584591953003,676.3842002715118724,4.0040500670803327,3.6601552044217769,677.0685824403301467,1.3327841816497210,1.6731102906563509,243.4435993874466533,5.8974257094262317,8.6182024007132352,-0.2307829066787891,241.4867877856680991,1.6820832183407386,1.6266478212229165,1.5979790574237045,1.9568116017796811,757.1946851184791285,281.7439775185450799,13.8847728566871584,8.7975434026069905,-2.1964198966695503,0.9672792329621616,39.9948902191501361,0.5874015138913163,6.3512401573662220,0.8659737570366906,2.0553978947748983,-0.9942423308497479,459.6107118721740790,-28.4528543827750582,-4.0815967420163588,419.6158216530221807,-29.0402558966592430,-10.4328368993826945,-7.3191167325601523,426.9349383855820861,1.3434345318174157,0.7911913994271705,429.4598746833020186,9.1438517630657827,37.5734690588788425,389.4649844641516552,8.5564502491775514,31.2222289015129277,23.8788960531860965,365.5860884109654876,1.0134597965984002,0.1269248595435846,-0.4561576991507263,-8.8863695218685468,-5.5135802331074970,-2.9106645661211332,1.0634024242134901,-0.0749999999999937,0.0000000000000000,1.4014856649788356,-0.1530219301067210,0.0000000000000000,-3.8437039637910440,0.0189734483955325,0.0000000000000000,-0.1786900644714340,-0.5721525876950864,-2.9106645661211417,5.0586666868342149,0.1718516593149677,0.4738276782982158,-4.1488652777924999,-5.5135802331074979,-22.8191785429420548,-8.8863695218685379,-0.6683533995665395,0.3830888985016496,0.2102947573238160,0.0193127838358612,11.6991075452126783,-0.0469970762666585,-0.4561576991507267,0.2159226529704887,-0.1965139643502066,-0.0881901930842963,-0.0406558621609700,0.0929981163273819,0.0045771841557563,0.1102343901625324,-0.0442031730999419,-0.6039638406365623,0.2907713576304008,-5.0817431897343468,0.1900739493491960,-7.4907363747867848,7.8238976919550822,-0.1283349927098827,0.4945970971121655,0.5598229017901140,-6.0000000000000000,,,,,,,,,,,,,,,,,,,,,,,,,,,,,,,,,,,,,,,,,,,,,,,,,,,,,,,,,,,,,,,,,,,,,,,,,,,,,,,,,,,,,,,,,,,,,,,,,,,,,,,,,,,,,,,,,,,,,,,,,,,,,,,,,,,,,,,,,,,,,,,,,,,,,,,,,,,,,,,,,,,,8.3042466617620505,1.3888931764226982,1281.0000000000000000,207.0459413970671960,511.0000000000000000,574.0000000000000000,1884.0000000000000000,-25.8987889498789805,457.9540586029328324,148.9540586029328040,333.3859935643699828,16.7259849413485000,506.2638816751762647,26.4047103484143015,43.3795691682933011,21.7532004639352401,107.7451184785777230,1942.9191763927599368,11.1626007087115795,0.6803203677185934,585.0271235818564719,667.5760205378250021,-94.1265511646980002,789.3318823528400117,25.7602165176159588,224.9542412957590045,0.6811089637449101,0.6071746736948599,,,,1.5762054218644701,2.4773525041775901,,,-2.3355102801728265,-1.1283252247405011,827.1621973817063918,831.9238694302332533,14.2534911473303509,25.1202469093025194,147.1915236135682790,124.4223342648447357,63.3633489624776374,-19.9837797941843327,7.6839991737622739,7.9204795805187587,-1.2823908804110999,2.4878726044982784,30.4367634662991691,-15.7111789805686612,23.2761615192020486,16.3139412792210408,28.0003796444281079,20.8665467033448238,27.7513132398002966,5.9934515004993472,-2.6854549646821368,1.7703755163771717,-1.2974832892516446,1.4029431211067589,-10.1756756195451743,-0.3509956399604164,-0.2671912884047174,11.4204267101427348,4.0852928580556949,3.7279636536808596,6.0747933654611046,9.0004717275234754,5.6299001259981551,,,,,,,,,,,,,,,
"2018Q4",11.8477648118764005,6.4020965009849400,17.2703284423205012,815.8371697077935778,678.2051025863546556,797.8328434306389454,693.5092579928398209,622.7324107306077394,629.8362398280080470,732.0296819109172475,474.8842772129081595,478.6333954018408008,481.2029026117730268,5.3531981191025109,10.0847243946335574,677.4550035831758805,761.8011116884853209,1.1964800517936141,39.7845082089253310,2.3293259969292142,-1.0401127066057931,458.8303783804360592,416.5696707022901251,-8.3375174990246705,10.8330796744838267,29.2186578012438254,-0.1005645470470006,11.8477648118764431,17.2703284423204906,24.5000000000000000,3.2665268739246418,16.8365978559225660,-0.1527405544795561,-0.0796907240764121,0.2662474686788337,0.1674831177190878,-3.2874006968952267,4.8713983557234393,809.1962760347649919,789.4916817602952506,641.7468749933948402,668.7196804688730936,627.1700755752293617,726.4737393819018507,4.4455318525797836,14.2540657972064491,2.2171209138372725,2.5369799087183122,-26.4867248921379712,-0.8012332529013098,-2.2657215481034210,2.2666217705030220,241.9156753625082104,1.6769616851168716,1.1517386330666275,10.9299290180020137,1.4165145411091558,6.4020965009849400,6.6408936730273265,8.3411616703433324,-19.0144642627886071,24.7895775239671927,2.6661642527787754,5.5559425290153017,3.7566940341437203,1.7541003491992402,815.8371697077931231,8.5292972047509554,4.2832132466518278,677.4550035831762216,473.5697360803950460,-0.4551682075128878,-2.3506283475050593,-2.4817096691484286,-11.1641971823398301,1.3779202994479880,11.8477648118764431,10.9299290180020137,-0.4986787472348777,1.4165145411091558,29.2186578012438254,24.4999999999999680,-0.1527405544795561,4.8713983557234393,-0.1005645470470006,-0.0796907240764121,3.2665268739246418,-3.2874006968952267,17.2703284423204906,16.8365978559225660,0.2662474686788337,0.1674831177190878,6.4020965009849400,8.3411616703433324,7.7989643032477769,797.8328434306389454,28.7967254398769512,8.6986007597103612,789.4916817602952506,2.6806338172839776,3.0246243705266664,-19.0144642627886071,-10.3401944016741538,622.7324107306075121,-8.2815989543115549,-10.7862038598704082,641.7468749933948402,9.1280049832613575,8.8797720459881511,24.7895775239671927,693.5092579928403893,47.7169098916636045,29.2602331961414279,668.7196804688730936,4.1091010007324300,4.4934555081909959,2.6661642527787754,2.1334122691306430,-1.7541003491985365,629.8362398280073648,-20.9306343384652251,3.4525569289785736,627.1700755752293617,12.6675360539107942,13.3748662075396503,5.5559425290153017,732.0296819109174749,16.9831157655805001,8.3506877057379612,726.4737393819018507,7.9248852173161639,8.1781101064795259,6.6408936730273265,7.0881826278023992,815.8371697077931231,13.2838947554279958,8.5292972047509554,809.1962760347649919,4.1091010007347162,4.4934555081892560,3.7566940341437203,1.5026776136574853,678.2051025863545419,34.2996492337289425,4.6584751807009317,674.4484085522110490,4.4518077694034925,4.5433598512782369,474.8842772129082164,-2.2657215481034210,4.9702925121870400,0.3182488458500170,473.5697360803950460,2.5369799087183122,7.0946112937589714,1.3079325573321694,478.6333954018405166,-26.4867248921379712,-4.6268840177813573,-7.8827463010369128,481.2029026117735384,-0.8012332529013098,3.0141531437583318,8.1080264106337374,5.6635350082618094,-1.3145411325127700,4.8027014568199569,0.9896837114814764,1.7805196006673329,-3.0950607331804498,-0.6621129277823896,-0.6882628305739260,1.7261348983999703,3.7491181889326688,-24.2210033440332602,-8.2009951468868945,-10.5049476082741347,14.2540657972064491,3.2268390270694765,3.3533416615795408,1.5414837873888274,6.3186253988651178,1.4644882952030909,7.7897775647840772,4.1015044850277373,2.2171209138372725,0.0601534110113474,0.0647224085044696,-49.7348642776015453,5.3531981191023332,6.0500406953005594,-1.7414131746572217,-4.0080349451600954,-3.0367971044873272,-1.4520727098541366,2.2666217705030220,10.0847243946335574,1.5847243946335579,4.4455318525797836,2.9765258724196038,3.7572690220058615,7.7988735141592986,4.5102542610842509,-1.4520727098540565,-1.4520727098540878,677.4550035831762216,4.2832132466518278,3.7745054964876958,678.2049179504972471,1.1517386330666275,1.6769616851168716,243.6697757117059098,0.9047052970362361,6.8896124558575016,-4.1266660004103466,241.9156753625082104,1.7155503073599390,1.6643078005385750,1.6297727919919409,1.7541003491992402,761.8011116884849798,286.9168344755763087,20.6914278281233699,13.1351395441721301,-2.1920269286567007,1.1964800517936127,39.7845082089254447,-0.8415280408920538,4.4230395167006122,-0.2771698867900654,2.3293259969292150,-1.0401127066057940,458.8303783804366844,-3.1213339669475406,-3.7160003084889062,419.0458701715099892,-2.2798059260483381,-8.1390398251899043,-8.3375174990244485,427.3833876705339208,1.7937971398078481,1.1681610055534466,416.5696707022902956,-51.5608159240352819,9.3040266658915538,376.7851624933650783,-50.7192878831401259,4.8809871491912133,10.8330796744860614,365.9520828188792620,1.4639776316521287,0.7155541939901964,-0.4551682075128878,-2.3506283475050593,-2.4817096691484286,-11.1641971823398301,1.1271669861536600,-0.0750000000000458,0.0000000000000000,3.0650502402784809,-0.1159954930299638,0.0000000000000000,-3.2874006968952223,0.0181231005838291,0.0000000000000000,0.1674831177190947,5.3454053928400782,-11.1641971823397910,-5.2363092856673319,-1.8373030538234563,-1.7102495141185621,5.2388005669187567,-2.4817096691484295,-15.2752479073910195,-2.3506283475051077,-1.2185152033482061,-0.0891897123213339,0.1848409476691106,0.0169751890716537,6.4338367096460267,-0.0132219484789116,-0.4551682075128879,0.2398225315415869,-0.2300280532733142,-0.0965136911804078,-0.0245001770584519,0.0511302534220168,0.0035132637184518,0.1175712499362356,-0.0288375764738479,-0.5940686260678002,0.2872375728091776,-1.7075017979286500,0.2776848604121647,-3.7996651248370945,-6.5985144443389174,-0.1452946088410179,0.5847060611722528,0.5518638147134971,-5.0000000000000000,,,,,,,,,,,,,,,,,,,,,,,,,,,,,,,,,,,,,,,,,,,,,,,,,,,,,,,,,,,,,,,,,,,,,,,,,,,,,,,,,,,,,,,,,,,,,,,,,,,,,,,,,,,,,,,,,,,,,,,,,,,,,,,,,,,,,,,,,,,,,,,,,,,,,,,,,,,,,,,,,,,,6.6096019409342830,0.7947539264661714,1656.0000000000000000,233.6830412270530815,453.0000000000000000,586.0000000000000000,2277.0000000000000000,-27.6871236556117495,520.3169587729469185,214.3169587729469185,373.6550657629600209,17.2703284423205012,651.4717973065193064,29.2999011821809994,-117.4890843803282223,237.0154312830417211,158.2903846408457298,2034.5116972756300129,18.4257062800234053,-10.7570017359979317,589.1408525414346968,675.3669857508569976,-102.2396541341600056,822.1451500881579477,64.2330485741889561,224.1505521383699886,0.6424879888589852,0.5230972330596944,138.7488384528083145,0.0000000000000000,138.7488384528083145,6.4587180685105601,-1.0130497576190995,,,263.8656815233445627,-3.3337487809235000,833.6906412188612876,835.2015067527945575,13.1105492902452170,270.7864473479684762,143.4527704452696639,180.8443048379055256,49.3628445354468113,-166.8519289157750336,14.2066050988021573,8.9036077094870620,33.3713630153634426,9.0881415559208136,-7.9479482962350261,-10.2248557065697412,61.1505924921538622,33.9909845151049694,-18.8853291850045792,3.5128495538207574,18.5104738564911599,8.7092691265985707,-2.2402468354988372,0.3187557951335407,2.5694351235337649,1.3165234085262227,-23.2692195846284591,-7.5800630733381524,-0.7980319349871650,8.4457936120740698,4.3762666279101552,3.8466447262171357,0.9088101249354850,7.1324919019417905,5.4990731088175426,,,,,,,,,,,,,,,
"2019Q1",13.9567313024345996,6.4564219578380300,17.6960405908509983,817.4647105346591616,679.1273624551944295,796.3322456038637256,696.3889852825856224,622.7398861882414849,635.2096926197250468,733.3668956921486597,475.4807431457541043,481.1550663456783354,477.8655108701078689,5.3762576164713751,10.1159234835890466,678.6350414289115633,764.5174308359362385,1.8467748374921058,38.7719617556854388,2.4074535441175340,-1.0992196624888009,459.6377092597916203,410.5987750275787107,-7.0866258507722364,5.3959075181225558,29.5442262815923051,2.1085456116932955,13.9567313024347275,17.6960405908509983,24.5000000000000000,3.3117734008696624,16.8971218125737650,-0.1682000482082176,-0.0877565468913639,0.2506798748408465,0.5482389034363870,-1.1154712422849999,5.2124263298006257,810.1516649603848919,790.1027868443967463,644.0724347702777095,669.6750693944931072,630.2119059591374253,728.4226526518648370,4.4711379756392464,15.0389703498968270,2.2313512814604084,2.1913313888711525,10.0866837753472289,-13.3495669666635379,2.3858637313829485,2.2521999570654474,242.3531569009579414,1.6889897734459927,1.9645122512015261,10.9146515882959285,3.5487161840792254,6.4564219578380300,7.3130455742733824,6.2294587594674384,-21.3325485820374787,26.7139158880913925,4.9977866605886643,4.9442430402839888,3.5920950631796025,0.9362773560276021,817.4647105346590479,6.7150718039590442,4.7201513829398873,678.6350414289109949,474.1175689276121830,-0.4637850979142551,-13.0767944715888138,-3.5117247567670469,-11.0415831476056052,3.5334387543730701,13.9567313024347275,10.9146515882959285,-0.5066364699405116,3.5487161840792254,29.5442262815923051,24.5000000000000284,-0.1682000482082176,5.2124263298006257,2.1085456116932955,-0.0877565468913639,3.3117734008696624,-1.1154712422849999,17.6960405908509983,16.8971218125737650,0.2506798748408465,0.5482389034363870,6.4564219578380300,6.2294587594674384,6.2616198774509790,796.3322456038641803,-6.0023913071025383,-1.8777523815974027,790.1027868443967463,2.4444203364036556,2.8046746657443897,-21.3325485820374787,-12.0353929924205847,622.7398861882414849,0.0299018305364456,19.7223501319568513,644.0724347702777095,9.3022391075311059,9.0613504043121562,26.7139158880913925,696.3889852825855087,11.5189091589792625,17.0750981954425463,669.6750693944931072,3.8215557024784879,4.2647177771464939,4.9977866605886643,3.6567136782166250,-0.9362773560270305,635.2096926197253879,21.4938111668693779,10.3317133358009858,630.2119059591374253,12.1673215356296165,12.9367722040986592,4.9442430402839888,733.3668956921495692,5.3488551249200906,5.6748092494447437,728.4226526518648370,7.7956530798483294,7.9957464751485112,7.3130455742733824,6.1749862038917023,817.4647105346590479,6.5101633074641310,6.7150718039590442,810.1516649603848919,3.8215557024792126,4.2647177771444156,3.5920950631796025,1.4368380252718438,679.1273624551945431,3.6890394753596647,4.9642800015968360,675.5352673920149300,4.3474353592158019,4.4674178845833517,475.4807431457539906,2.3858637313829485,6.2199791081366662,0.9328252080569578,474.1175689276121830,2.1913313888711525,6.1026213677545753,1.6268015167327829,481.1550663456781081,10.0866837753472289,9.4350377787065547,-2.7873911624817684,477.8655108701080962,-13.3495669666635379,0.0646875271786995,1.6584860853236836,6.0376919306244314,-1.3631742181412745,-0.1945323425138181,0.6939763086752320,1.8929055169887761,-3.2560797351303776,-0.6440760077993770,-0.6683339791992959,-1.0799605838110182,5.6743231999241441,7.7008200439655710,-3.7202163705386626,-9.3646471499730470,15.0389703498968270,3.1396182107610082,3.2569460381436484,7.7073002277523965,2.3847677243538525,-15.7354306980459402,0.7256608772680435,0.1534164428932505,2.2313512814604084,0.0569214704922811,0.0612121815228136,-22.1276517309725236,5.3762576164714293,6.0792619249054587,-0.7263637512835189,-2.9785637083487546,-2.3740375672879557,-0.7581140836993661,2.2521999570654474,10.1159234835890484,1.6159234835890441,4.4711379756392464,2.8067957881506280,3.8028039964399536,7.7280840137828957,4.5323501571620675,-0.7581140836992604,-0.7581140836992760,678.6350414289109949,4.7201513829398873,4.1007938671609052,679.5206132024799217,1.9645122512015261,1.6889897734459927,243.2894342569843786,-1.5213658188895227,3.0457555647173322,-4.3354426847570213,242.3531569009579414,1.7499261537981614,1.7005343483429272,1.6624298461082456,0.9362773560276021,764.5174308359364659,289.0366876901821911,8.4794128584228616,10.5451937356258174,-2.1680962404661961,1.8467748374921036,38.7719617556854672,-4.0501858129528969,0.5717632142875022,-2.8440961044385800,2.4074535441175322,-1.0992196624888018,459.6377092597916203,3.2293235174222872,-6.8604356217501827,420.8657475041048883,7.2795093303819742,-7.4321988360379176,-7.0866258507722293,427.9523733548767268,2.2759427373720600,1.5890817785559621,410.5987750275790518,-23.8835826988369782,-6.4447689117261424,371.8268132718937409,-19.8333968858806529,-7.0165321260134714,5.3959075181221889,366.4309057537714693,1.9152917395652413,1.2241925405164120,-0.4637850979142551,-13.0767944715888138,-3.5117247567670469,-11.0415831476056052,0.7553737073455604,-0.0749999999999896,0.0000000000000000,1.8024474807942141,-0.0914271293587369,0.0000000000000000,-1.1154712422850037,0.0188899352104655,0.0000000000000000,0.5482389034363809,-1.6140765380726023,-11.0415831476056070,2.5234919738284560,-2.2077536322237226,-0.2359517313317272,2.0894174495221249,-3.5117247567670482,18.2744588640789161,-13.0767944715887907,-1.0883060759185899,0.1896715284188462,0.0616457920465370,0.0056613482491713,-8.5026138393779256,0.0067550685000294,-0.4637850979142548,0.2690310655346855,-0.2284410234837930,-0.0945911845001531,-0.0177423333768698,0.0374368134366940,0.0027834005821766,0.1201533618062186,-0.0202757431591846,-0.6604240878995077,0.7220835888061006,-3.7730159261629481,0.0955807105538911,-1.9173650013770107,-2.5122406442528415,-0.1631182265435893,0.6615253115449820,0.5977118710743250,-4.0000000000000000,,,,,,,,,,,,,,,,,,,,,,,,,,,,,,,,,,,,,,,,,,,,,,,,,,,,,,,,,,,,,,,,,,,,,,,,,,,,,,,,,,,,,,,,,,,,,,,,,,,,,,,,,,,,,,,,,,,,,,,,,,,,,,,,,,,,,,,,,,,,,,,,,,,,,,,,,,,,,,,,,,,,7.4066182822499229,-2.2094833701291350,1534.0000000000000000,202.8923780668458505,438.0000000000000000,549.0000000000000000,2160.0000000000000000,-26.9675370263086052,534.1076219331541779,217.1076219331541495,378.8907596934426465,17.6960405908509983,667.4758340184253029,31.6418544935886992,107.3232742835014335,48.9333320436789307,132.3284679978023064,2090.5329414444499889,10.8652765898036705,12.7715868800692931,592.3076581004202126,772.6300311217549961,-159.3022184919539939,880.4926127893510284,81.4669748064658279,146.2976127616499866,0.6378759690277778,0.5757562949795190,,,,3.2820846152125300,4.2182247293840396,1.5745630320731725,Inf,81.3463333379851719,0.1187537500796699,835.6202475107714918,838.2167168963519543,12.0608405742295872,55.2497417318338009,76.1807430975892430,149.4096840599727898,-11.9410298245326416,119.2643041080340822,6.7267488548651926,6.9456652438443029,-5.8257986628667311,-1.8602324432980026,0.0299063015794161,21.8016238523055534,12.2085594461704545,18.6195328198382839,23.9785166356597728,10.8843004427253049,5.4944913897027021,5.8389160638012214,2.4145531693789906,0.9371895825067895,2.2155173972678881,1.6401059804345124,10.6129337288440269,-2.7489018599561632,-12.4968741853535192,1.6723153119541507,4.8333241441788743,4.1860376500040957,-1.5098515146321034,3.0926132127658832,5.5234034699271684,,,,,,,,,,,,,,,
"2019Q2",12.2660083799239992,3.4736236104836902,17.7023334544927984,822.6264747687574754,680.6658806624278668,798.0083959060161760,720.8280560817855758,625.6613126785525765,641.0963882337279074,741.6228313714489104,476.3951295940897239,484.7429608556889207,477.2021316771883903,5.2355261053878710,10.0566092032230276,679.6650956238760273,767.5053861777826114,2.1839385772034774,38.0695138183353734,2.3228126119207242,-1.1699604169995077,460.4610050548427012,417.4168324270740982,-6.2531390010620385,12.3177916500983429,34.5563259885187293,-4.5879841541018491,12.2660083799240844,17.7023334544927913,24.5000000000000000,3.3599795107472561,16.9557942591382904,-0.2651638656514733,-0.1383463646878571,0.3863815713422156,0.3601576240122718,-7.8096173001612454,10.3214898541701690,811.0976110447754763,790.6824716664070820,646.4701595896433446,670.6210154788836917,633.1840280221342709,730.3072970402489545,4.4814278076649634,15.8145912264003172,2.2460205210049820,2.0313407386015432,14.3515780400405681,-2.6535167716811512,3.6575457933422948,2.1912176142998816,242.7938058334259495,1.6867120879199169,1.7384029016477143,10.9041852516089666,2.1517149299967429,3.4736236104836902,11.5288637239808196,7.3259242396097912,-20.8088469110916314,50.2070406029005838,7.9123602115949838,11.3155343312005954,4.0717222495520495,0.3153994965241511,822.6264747687572481,11.9610492160236941,4.1202167798587723,679.6650956238760273,474.6254041122625154,-0.3650633394412485,-3.6353939108946181,-5.9221074805315048,-9.8900448306238342,2.1412485933098102,12.2660083799240844,10.9041852516089666,-0.7898918016816260,2.1517149299967429,34.5563259885187293,24.5000000000000497,-0.2651638656514733,10.3214898541701690,-4.5879841541018491,-0.1383463646878571,3.3599795107472561,-7.8096173001612454,17.7023334544927913,16.9557942591382904,0.3863815713422156,0.3601576240122718,3.4736236104836902,7.3259242396097912,8.9231885690114670,798.0083959060156076,6.7046012086088567,7.0520627121189223,790.6824716664070820,2.3187392880403581,2.5910006543503492,-20.8088469110916314,-10.1035728654408157,625.6613126785528038,11.6857059612478906,7.5014610141828273,646.4701595896433446,9.5908992774620305,9.2491224588587286,50.2070406029005838,720.8280560817848936,97.7562831967953372,44.4794472682952176,670.6210154788836917,3.7837843375591662,4.0304399237354662,7.9123602115949838,5.4183257030148999,-0.3153994965234093,641.0963882337279074,23.5467824560123269,12.1990659185827113,633.1840280221342709,11.8884882519843877,12.4797735128245630,11.3155343312005954,741.6228313714507294,33.0237427171996814,19.9618114720888116,730.3072970402489545,7.5385775535344148,7.8305146470429348,11.5288637239808196,10.5195753452376710,822.6264747687572481,20.6470569363931276,11.9610492160236941,811.0976110447754763,3.7837843375598741,4.0304399237328354,4.0717222495520495,1.6286888998208187,680.6658806624279805,6.1540728289337432,7.3462589266429106,676.5941584128761406,4.2355640834437054,4.3835340417278736,476.3951295940897239,3.6575457933422948,8.8096011008623414,0.2638789571618454,474.6254041122625154,2.0313407386015432,8.9197609871683241,1.3634194769322676,484.7429608556889207,14.3515780400405681,10.2056787690830362,-3.1949751323299171,477.2021316771883903,-2.6535167716811512,4.2903361275263352,-4.2679664681706511,9.2861708784897470,-1.7697254818269963,-1.6262050547424840,1.0995405197694104,1.6455217411277827,-3.4152472229551107,-0.6366699512986346,-0.6554612201187821,-0.4521706994087980,8.3478312615993104,10.6940322466997788,-3.4588540894917381,-7.4667599648013949,15.8145912264003172,3.1024835060134124,3.1943692139293578,6.6209301567369963,0.8070020830986337,-6.3110625650224987,-4.5318454253316629,-1.4390184379066235,2.2460205210049820,0.0586769581783154,0.0596713341686806,27.9307127379636491,5.2355261053878408,6.0359754706663438,-3.6842348817807311,-5.8754524960803716,-4.7605538438637609,-3.2039446406411778,2.1912176142998816,10.0566092032230241,1.5566092032230288,4.4814278076649634,5.3964239101832172,3.8259665875461808,7.6757970215943248,4.5410991418336462,-3.2039446406410859,-3.2039446406411125,679.6650956238760273,4.1202167798587723,4.2819078691328274,680.6034446820755193,1.7384029016477143,1.6867120879199169,243.1092053299490772,-0.7209157081427535,1.1399623698590338,-6.3987143085595886,242.7938058334259495,1.7625957298731325,1.7275388523432516,1.6744659433794791,0.3153994965241511,767.5053861777829525,291.1102565836928875,8.2942755740424055,12.8374722793196039,-2.1741501040593314,2.1839385772034769,38.0695138183352171,-2.8097917493944711,-1.7785260223432429,-1.8517808535919305,2.3228126119207242,-1.1699604169995086,460.4610050548428148,3.2931831802026412,-6.2629204130244611,422.3914912365059422,6.1029749296042723,-4.4843943906814587,-6.2531390010622019,428.6446302375679238,2.7690275307636849,2.0455504849396666,417.4168324270730182,27.2722295979802709,-9.7570793154627555,379.3473186087379645,30.0820213473776015,-7.9785532931188747,12.3177916500964653,367.0295269586417248,2.3944848194802288,1.6968034968257766,-0.3650633394412485,-3.6353939108946181,-5.9221074805315048,-9.8900448306238342,-2.2545873684353248,-0.0749999999999804,0.0000000000000000,6.6727914233098389,-0.0862052200789238,0.0000000000000000,-7.8096173001612579,0.0176436646902551,0.0000000000000000,0.3601576240122695,0.1152966887695168,-9.8900448306238218,3.9455374097461089,-3.4336466179279741,-0.7289850516547762,2.6348842242802113,-5.9221074805315173,10.3361515341882466,-3.6353939108946136,-2.0289713693255393,0.1022780679928812,-0.0181976186299791,-0.0016712098741822,-4.3676081341979049,-0.0208364144645604,-0.3650633394412487,0.3921688174093455,-0.0320705147619335,-0.2288961802196162,-0.0304980121046720,0.0788008433667076,0.0074476347353364,0.1001658837648825,-0.0333787081814757,-0.6887974355214503,0.4479702299608914,0.0343043550442701,-0.0632813914718292,-1.8594309735833718,8.3787791618675129,-0.1806627207595933,0.7206790671289703,0.6707222538724559,-3.0000000000000000,,,,,,,,,,,,,,,,,,,,,,,,,,,,,,,,,,,,,,,,,,,,,,,,,,,,,,,,,,,,,,,,,,,,,,,,,,,,,,,,,,,,,,,,,,,,,,,,,,,,,,,,,,,,,,,,,,,,,,,,,,,,,,,,,,,,,,,,,,,,,,,,,,,,,,,,,,,,,,,,,,,,4.1545926540164828,-1.2918638593021683,1711.0000000000000000,195.0112428996084191,470.0000000000000000,600.0000000000000000,2468.0000000000000000,-28.2052935096245214,691.9887571003915809,276.9887571003915809,433.2434170736026999,17.7023334544927984,745.2144853895750884,29.7139789697821008,88.5457295837493916,140.6100028530875647,82.8153358791354890,2153.9396975925701554,11.9518213673854916,6.9965935737549785,596.5648149798812483,742.0417793136259661,-141.3745843637350106,827.9971330513029670,-111.2061916773661778,224.2982365625219927,0.5487676507293355,0.5271006336157936,,,,6.0117474019929196,2.7806373674473894,,,161.8172713548826778,0.8937610021257304,839.3514165636108828,840.9918638552140919,11.1005878354485503,157.1332927619781401,147.6261198996352846,92.5470887833923683,7.3334074739025281,81.2123221098468662,22.9331553675092863,12.7057768235131050,6.9344679822122686,7.3066703479368158,12.3958759107068062,7.7899899039991567,165.7970421081781751,56.0169505425886314,26.5500662561660050,12.9743549006478673,39.1298421301554811,22.0936411478095778,3.7252570000187717,0.2642274241249254,2.0521128771402601,1.3727564259533551,15.4325026374497298,-3.1444750523951086,-2.6186203574482931,-4.1781707929784204,4.2062755784741768,4.3749041324832945,-0.7183233441785717,1.1464847013621551,5.3750032371148171,,,,,,,,,,,,,,,
"2019Q3",11.0811316652818999,4.1866112628327201,18.3545771765223016,823.7220860513584739,677.4245261712655974,799.1147434886011069,686.8221617913366117,671.3124207173808600,653.8142264060601292,747.8495283125156448,477.8390957857670287,488.3836834798667041,479.8120195201410638,5.3282443582218297,9.6286326739928363,680.9007541741589193,770.2208830810615154,2.2052723288255578,37.7041602526115938,2.0031359304953833,-1.2496088029730905,458.6887343743536576,408.9999953924970555,-8.4738898546660266,3.5375465211914161,25.4299345395257248,4.0057743022783354,11.0811316652817418,18.3545771765223122,24.5000000000000000,3.4872740304044165,17.0114067929723554,-0.2657729273226322,-0.1386641359945372,0.4198293763925987,0.9233410071573868,0.6571644078684454,1.1957074668484462,812.1667413851529318,791.2855599655279093,648.9973710389297139,671.6901458192611472,636.2110846863603228,732.0541481805876174,4.4889485728307470,16.5800138650807654,2.2612542814545686,3.5802029981185974,14.5628904967086505,10.4395513718070490,5.7758647667065297,2.1013504279026156,243.2333070191590423,1.6808547250904824,2.4323107600478231,10.9758672374322490,0.9295308675594915,4.1866112628327201,11.5553446662042862,7.8291835230727314,22.3150496784503218,15.1320159720740310,17.6031417197013837,15.7953801319262777,-0.2006393532421330,-0.1488474541792423,823.7220860513579055,11.2058900324221735,4.9426342011292546,680.9007541741588057,475.5204548617918476,-0.1520524350507626,6.1971156081090628,-4.0329125921344655,33.1313473697338026,1.0012128533826425,11.0811316652817418,10.9758672374322490,-0.8242664397098678,0.9295308675594915,25.4299345395257248,24.5000000000000036,-0.2657729273226322,1.1957074668484462,4.0057743022783354,-0.1386641359945372,3.4872740304044165,0.6571644078684454,18.3545771765223122,17.0114067929723554,0.4198293763925987,0.9233410071573868,4.1866112628327201,7.8291835230727314,7.3102569075501345,799.1147434886008796,4.4253903303382813,8.4810814179310512,791.2855599655279093,2.4123531964857059,2.4640366595510237,22.3150496784503218,16.6262953492259555,671.3124207173809737,182.6044321553171415,46.5096102481957701,648.9973710389297139,10.1088457971464596,9.5324972913502464,15.1320159720740310,686.8221617913362707,-136.0235771617914224,5.2421312714122124,671.6901458192611472,4.2765213615096282,3.9977406005724010,17.6031417197013837,11.7324111448518451,0.1488474541801885,653.8142264060604703,50.8713526893323404,18.7453279934352537,636.2110846863603228,12.1082266569035362,12.2078931246068816,15.7953801319262777,747.8495283125147353,24.9067877642588940,20.0656253429911402,732.0541481805876174,6.9874045613559730,7.5616301030140392,11.5553446662042862,9.1442067344803242,823.7220860513579055,4.3824451304081169,11.2058900324221735,812.1667413851529318,4.2765213615101487,3.9977406005704372,-0.2006393532421330,-0.0802557412968523,677.4245261712655974,-12.9654179646496157,7.7943358933431952,677.6251655245082475,4.1240284465268369,4.2897089146474707,477.8390957857662329,5.7758647667065297,9.1900896301991128,2.3883881858326195,475.5204548617918476,3.5802029981185974,8.2884738725865770,2.5849637585766541,488.3836834798669884,14.5628904967086505,14.4096616969751246,3.1286068549918253,479.8120195201406659,10.4395513718070490,7.3462318268572151,-1.5911914048583287,9.2145062421278272,-2.3186409239744674,-2.1956617685895363,0.1965755727434110,1.2537470661499293,-3.5723879901247151,-0.6285630686781922,-0.6428554888893259,1.7232151953087047,10.5445876941004517,8.7870257300034709,0.7402186691592790,-6.0354261709808537,16.5800138650807654,3.0616905547217201,3.1326578246413428,-3.4695345957138368,1.9729237343742214,4.6636866051012795,-3.9795795906903169,-0.2883305470802833,2.2612542814545686,0.0609350417982859,0.0591717203700017,-32.7082672098488842,5.3282443582216734,5.9617359320553120,-2.9602295143651851,-5.0615799422675671,-3.6106520707723497,-2.4820193967798541,2.1013504279026156,9.6286326739928363,1.1286326739928434,4.4889485728307470,4.4655912811518874,3.8460930839414336,7.6216063974720996,4.5481202932007658,-2.4820193967797897,-2.4820193967798128,680.9007541741588057,4.9426342011292546,4.5165539026450761,681.7795432366151545,2.4323107600478231,1.6808547250904824,243.0844595649785447,-0.0989830598838690,-0.3591398224687001,-4.3648610711331699,243.2333070191590423,1.7580047429318102,1.7465192334911048,1.6701045057852162,-0.1488474541792423,770.2208830810609470,292.3817872952940888,5.0861228464057504,10.6378097767490729,-2.1964724322365408,2.2052723288255578,37.7041602526114588,-1.4614142628888616,-2.2907299665383603,-0.7730788643875801,2.0031359304953842,-1.2496088029730907,458.6887343743539418,-7.0890827219562720,-0.9219774978196229,420.9845741217408772,-5.6276684590600379,1.3687524687187969,-8.4738898546660497,429.4584639764069607,3.2553349553554547,2.5235255908242302,408.9999953924941565,-33.6673481383156030,-20.4598792908051657,371.2958351398830246,-32.2059338754233693,-18.1691493242663178,3.5375465211894181,367.7582886186933706,2.9150466402079487,2.1722002077283400,-0.1520524350507626,6.1971156081090628,-4.0329125921344655,33.1313473697338026,-0.0502005424091250,-0.0749999999999736,0.0000000000000000,-6.0293354310707059,-0.0047065048054832,0.0000000000000000,0.6571644078684398,0.0151704764254143,0.0000000000000000,0.9233410071573909,0.2577586810635815,33.1313473697337599,11.8282953743525567,2.4509500369629063,0.8989846714687726,-1.8293282530629504,-4.0329125921344602,1.7938750862373070,6.1971156081090193,-1.5864794066241095,-0.2723156089078930,0.0799276117361845,0.0073402908737308,-2.5985215881426198,-0.0377102654079491,-0.1520524350507629,0.6358881756593884,0.4525595096202190,-0.5358474223998373,-0.0322380957620543,0.0714291263478628,0.0081257794377736,0.0835387995523393,-0.0371861540374512,-0.7108360518206447,0.1523700662542835,0.3903665907031417,-0.3025491873102143,-4.5969436740075373,-5.4544413833816066,-0.1966444276735301,0.7632101776681349,0.7600103026765364,-2.0000000000000000,,,,,,,,,,,,,,,,,,,,,,,,,,,,,,,,,,,,,,,,,,,,,,,,,,,,,,,,,,,,,,,,,,,,,,,,,,,,,,,,,,,,,,,,,,,,,,,,,,,,,,,,,,,,,,,,,,,,,,,,,,,,,,,,,,,,,,,,,,,,,,,,,,,,,,,,,,,,,,,,,,,,0.9025670257830427,-0.3742443484753437,1406.0000000000000000,386.5923790453160791,583.0000000000000000,697.0000000000000000,2195.0000000000000000,-28.5410884750117582,515.4076209546839209,198.4076209546838925,431.7306813936430103,18.3545771765223016,674.9341296068054135,29.5705056192497011,79.0259509046454127,70.7305549847731925,93.4469423237438122,2213.2312501324599907,10.8619876131156161,7.6160769340947354,599.8234091029501087,712.8699045711069857,-128.6154375310620139,816.4842605631420156,-33.0553710705962658,236.9492142702220008,0.6996086939863325,0.6229383002382578,,,,4.7198700858857103,2.1746503165634694,,,101.2457712312816938,-0.2028704455959349,841.6170567701387881,843.5476888303238638,10.2232999004390877,78.0715250851237101,95.3048627984258161,103.1455967414203485,128.7147658587499564,-49.6888149541045436,4.4798925699633543,11.8578743355420784,4.5247713046557578,8.8511116348693974,520.9276115218372070,59.2167192753873053,-74.3399729239979763,5.3819636608980517,66.3150220057389674,20.6173895580979547,28.2829105530169045,22.2204570976944922,5.9459261886045880,2.4171386107576041,3.6450640026524326,2.6186636972218622,15.6766837963073726,3.1780621658825225,11.0039403916532450,-1.5785988335312169,5.0668199258198285,4.6201032675316895,-0.0989340878124949,-0.3584956867549636,5.4727504067713095,,,,,,,,,,,,,,,
"2019Q4",13.2396521860434007,4.6696603993118204,18.9720833410964005,821.9941808067179636,677.5662902940571257,794.8850294689824523,694.5991218281565125,670.9161154371239491,659.0882224158119698,751.4961143528996672,480.8079926087557965,497.8673102925988587,481.9627132195416834,5.3350670168353442,9.9770908887732670,682.2536418474480797,774.9855612570863741,1.9067121886452725,37.6209265236369035,1.5938963801502504,-1.3342028394223855,460.7264978475070620,409.9348740405674789,-7.2827006934491578,3.6787159780131446,27.9011995127059009,4.3105360144338514,13.2396521860432603,18.9720833410963969,24.5000000000000000,3.5946039075042924,17.0654271919809908,-0.1930650161291642,-0.1007295736327293,0.3101971307870001,1.5964590183283487,0.8166616805622762,3.5942645288349948,813.6000496706636795,792.0110711124710861,651.7450241502109520,673.1234541047715538,639.5221949408954742,733.5249463882789769,4.4901865006559927,17.3414543180487648,2.2769212509131913,6.8565482408254335,37.9345072509252219,8.6027747975999063,11.8755872919547567,1.9730316658669109,243.6640808409528631,1.6702939824734753,2.9576776416296147,11.0291767155232971,2.8144671910689505,4.6696603993118204,8.3941311360536286,2.8739583565106965,19.1710912869127377,21.4756677233855626,19.5660274749177496,17.9711679646203883,-1.0712693095192158,-1.0241043918647494,821.9941808067178499,6.1570110989252731,5.4115506931518906,682.2536418474478523,477.2345919219980033,0.2487057432164902,0.6775712125072920,-1.6431370790150637,2.2776921939666455,2.8677766691601470,13.2396521860432603,11.0291767155232971,-0.6039917205489853,2.8144671910689505,27.9011995127059009,24.5000000000000178,-0.1930650161291642,3.5942645288349948,4.3105360144338514,-0.1007295736327293,3.5946039075042924,0.8166616805622762,18.9720833410963969,17.0654271919809908,0.3101971307870001,1.5964590183283487,4.6696603993118204,2.8739583565106965,4.2725186445861976,794.8850294689818838,-16.9188560784749207,-2.9478139616569008,792.0110711124710861,2.9020445877760674,2.5193893521740902,19.1710912869127377,14.5984641246755409,670.9161154371240627,-1.5852211210273950,48.1837047065170054,651.7450241502109520,10.9906124451210765,9.9981491568151846,21.4756677233855626,694.5991218281576494,31.1078401472872308,1.0898638353189334,673.1234541047715538,5.7332331420405502,4.4037736358994257,19.5660274749177496,12.7481218710099142,1.0241043918657109,659.0882224158132203,21.0959840390106947,29.2519825878039299,639.5221949408954742,13.2444410181434442,12.3521193656650610,17.9711679646203883,751.4961143529000083,14.5863441615391345,19.4664324419808388,733.5249463882789769,5.8831928307657710,7.0512070063763357,8.3941311360536286,7.8810542352768884,821.9941808067178499,-6.9116209785583766,6.1570110989252731,813.6000496706636795,5.7332331420425984,4.4037736358976263,-1.0712693095192158,-0.4285077238076834,677.5662902940574668,0.5670564911668663,-0.6388122922973229,678.6375596035768467,4.0495763162749325,4.1891510513653305,480.8079926087558533,11.8755872919547567,11.5078475937404985,5.9237153958471769,477.2345919219980033,6.8565482408254335,9.6279023998350368,3.6648558416036012,497.8673102925989156,37.9345072509252219,22.7013245278604501,19.2339148907577666,481.9627132195410013,8.6027747975999063,6.9395373749538578,0.7598106077669466,6.5104840304702103,-3.5734006867573598,-5.0190390511312906,-2.2588595542444199,0.1553552478209528,-3.7287559345786470,-0.6254717778155394,-0.6336952013975332,3.3555204900863744,17.0593176838435348,26.0589199589714759,13.3101994949106786,-0.2821366342057186,17.3414543180487648,3.0457618118719565,3.0873885208419072,11.7915107246356925,1.1547206107857872,-3.2728124943542958,-5.1639047880795044,-1.1222006401273830,2.2769212509131913,0.0626678778347701,0.0598003370759488,4.6083379730378891,5.3350670168354153,5.8377463887075001,-4.2928353829997725,-6.2658670488665997,-4.2733316324593922,-2.7962407436866226,1.9730316658669109,9.9770908887732634,1.4770908887732674,4.4901865006559927,5.1092676712316552,3.8564912992584564,7.5775750214979016,4.5499868377319421,-2.7962407436865337,-2.7962407436865067,682.2536418474478523,5.4115506931518906,4.7986382642699814,683.1143072533064924,2.9576776416296147,1.6702939824734753,242.6399764490871576,-1.7779324635701799,-1.0297992626200012,-4.4164184073948078,243.6640808409528631,1.7230952871745528,1.7484054784447534,1.6369405228158320,-1.0241043918647494,774.9855612570866015,294.1775686483307481,7.1831254121425543,7.2607341727540353,-2.2294142957129446,1.9067121886452700,37.6209265236369390,-0.3329349158910582,-2.1635816852880865,0.1297046132107662,1.5938963801502517,-1.3342028394223868,460.7264978475073463,8.1510538926124791,1.8961194670707677,423.1055713238689009,8.4839888085106594,4.0597011523585893,-7.2827006934488692,430.3882720173175471,3.7192321636417072,3.0048843467826898,409.9348740405716285,3.7395145923041460,-6.6347966617179175,372.3139475169349453,4.0724495081994849,-4.4712149764300255,3.6787159780169105,368.6352315389182763,3.5077716808947899,2.6831487200377948,0.2487057432164902,0.6775712125072920,-1.6431370790150637,2.2776921939666455,0.0763547678954604,-0.0750000000000290,0.0000000000000000,2.7572693020410952,-0.0183064213799201,0.0000000000000000,0.8166616805622775,0.0141344669384124,0.0000000000000000,1.5964590183283498,-4.8904054023548902,2.2776921939666295,7.7567925788907779,5.0723521730991408,0.9018411921824201,-0.9910135682223601,-1.6431370790150535,18.3526433703397203,0.6775712125072744,-1.6570672340208676,0.4613214821797054,0.1352610102865450,0.0124219295161112,5.1029033302922766,-0.0505620335248633,0.2487057432164902,1.0256056299338021,1.3800223861869125,-1.1164448104205149,-0.0377688565859900,0.0922140396606284,0.0078263402163372,0.0529907813893383,-0.0424752701079690,-0.6960596725390544,-0.1662438004507603,0.4401439484964254,-0.4080958903012640,-2.0288889835559551,1.0963070175469625,-0.2095549167466080,0.7894307038218262,0.8842297047074750,-1.0000000000000000,,,,,,,,,,,,,,,,,,,,,,,,,,,,,,,,,,,,,,,,,,,,,,,,,,,,,,,,,,,,,,,,,,,,,,,,,,,,,,,,,,,,,,,,,,,,,,,,,,,,,,,,,,,,,,,,,,,,,,,,,,,,,,,,,,,,,,,,,,,,,,,,,,,,,,,,,,,,,,,,,,,,-2.3494586024503690,0.5433751623515946,1824.0000000000000000,363.9885372878461567,593.0000000000000000,695.0000000000000000,2637.0000000000000000,-29.8004212049366259,551.0114627121538433,208.0114627121538433,475.5408988563993375,18.9720833410964005,823.9613249121962326,32.3490598432661969,-140.7235727630994688,362.1211708327235215,127.0228279861728566,2321.2372329371501110,19.0587127040994346,5.1157929121766017,604.9096663766645179,835.0755867240279713,-215.3870709219949902,934.5386071508320356,135.8139568053351240,196.5457695474900106,0.8996557261660978,0.5541390609519441,147.5638764468217516,38.4643739833712530,186.0282504301930260,8.1463197626535404,0.4236720240780407,,,179.8195735896718759,-0.3308709838604119,845.5186393440716301,845.9039077430670659,9.4248756509728082,394.3337935490446284,308.0647528649927267,138.3221906411358191,-58.7814764569163657,-81.9420963061831173,-6.6781775313258578,6.3505057306647075,-15.5650322863130697,-2.9047897205541346,-1.5727226211196665,61.9045935518145427,36.4896226865909341,1.0958244858603194,23.4862762458779599,33.9799298998078427,15.7038173997998172,21.4903104731030510,12.6094974450675466,6.1026837619968148,7.0970752398934280,3.7328396435087257,46.1327212597732625,21.2081523389323650,8.9836568644522146,0.7627044932718974,5.5606524984070660,4.9156368490062903,-1.7622204981874319,-1.0245149847208523,5.4799466979484679,,,,,,,,,,,,,,,
"2020Q1",13.1475822254697992,3.6125454557454701,17.2397715657305000,822.0900379416482338,681.5235805421385749,809.0787006913938058,698.5268025445194553,648.5501823007280109,648.4457503799369533,755.5942519981264240,483.3392376125919441,503.8218005972429978,486.1926970828240542,5.3879943501381540,10.1983554329551573,683.3738453905164079,779.9181081261116333,0.3095725117614450,37.1076732937682792,1.1236631925987768,-1.4186399060762240,461.7842903613175167,389.3780253120758630,-6.7465385575190453,-17.4102554725643017,28.8974736438776603,1.4898801473225174,13.1475822254696340,17.2397715657305142,24.5000000000000000,3.6988641497753458,17.1097585039927758,-0.1499111247812360,-0.0782144998859814,0.4499249797930761,-0.3199119180553446,-2.1307695025668347,4.5473847686589446,815.5721629511547235,792.9321420600264219,654.7868062897542814,675.0955673852631662,643.2844419970630270,734.6261225969955149,4.4948708495646983,18.0871618229559168,2.2926536846095731,6.7446752220768218,23.8179612185737355,16.9199354531287369,10.1249800153424854,1.8426612334885279,244.0833983017432161,1.6678947885597233,4.1914130455914496,11.0891056457825723,2.7365271841474392,3.6125454557454701,6.5178749904915270,16.1465586313673199,-6.2366239890268425,23.4312351592535215,5.1613083828751947,20.9681294011290653,1.8883752022588525,-2.5226403449736687,822.0900379416475516,4.6253274069896539,4.4808141722733685,683.3738453905168626,478.9207607275169494,0.5657381239375323,11.5296414089051158,-3.1801718971257871,-20.7529176273806719,2.7964561144067916,13.1475822254696340,11.0891056457825723,-0.6780506044603959,2.7365271841474392,28.8974736438776603,24.5000000000000071,-0.1499111247812360,4.5473847686589446,1.4898801473225174,-0.0782144998859814,3.6988641497753458,-2.1307695025668347,17.2397715657305142,17.1097585039927758,0.4499249797930761,-0.3199119180553446,3.6125454557454701,16.1465586313673199,13.8197454392234871,809.0787006913935784,56.7746848896480500,12.7464550875304337,792.9321420600264219,3.6842837902229189,2.8293552156289818,-6.2366239890268425,-1.0627556355930530,648.5501823007283519,-89.4637325455804273,25.8102961124874426,654.7868062897542814,12.1671285581755946,10.7143715194761810,23.4312351592535215,698.5268025445177500,15.7107228654401005,2.1378172619332423,675.0955673852631662,7.8884531219655951,5.4204979907713851,5.1613083828751947,2.5546349457709594,2.5226403449747701,648.4457503799372944,-42.5698881434989147,13.2360577602114908,643.2844419970630270,15.0489882246689053,13.0725360379248396,20.9681294011290653,755.5942519981255145,16.3925505808992504,22.2273563059753769,734.6261225969955149,4.4047048348662727,6.2034699451309328,6.5178749904915270,11.5411894858379060,822.0900379416475516,0.3834285397209998,4.6253274069896539,815.5721629511547235,7.8884531219661422,5.4204979907690838,1.8883752022588525,0.7553500809035429,681.5235805421388022,15.8291609923262477,2.3962180869443279,679.6352053398805992,3.9905829452137200,4.0999379478648077,483.3392376125914325,10.1249800153424854,10.9267953146928356,7.8584944668371080,478.9207607275169494,6.7446752220768218,10.9092904662539745,4.8031917999049565,503.8218005972429978,23.8179612185737355,12.3264638102945767,22.6667342515643000,486.1926970828241110,16.9199354531287369,7.8621989290635907,8.3271862127146239,4.7097719233985167,-4.4184768850742362,-3.3803047932671846,-3.0553026669327839,-0.5365499345648868,-3.8819269505096208,-0.6126840637237403,-0.6258472153786641,0.7505314096439624,20.4825629846518602,13.6929812032325628,14.8082397847275029,2.3954011616952400,18.0871618229559168,2.9828300196286062,3.0481914730589361,6.4906940367119379,2.8534594702327958,6.7949554377868342,0.4686917458783608,0.5608057856228734,2.2926536846095731,0.0629297347857012,0.0613024031494481,-82.9297405941660486,5.3879943501383201,5.7248480193296123,-5.5212961161160132,-7.3639573496042132,-5.0187642989688070,-3.3204088660140330,1.8426612334885279,10.1983554329551538,1.6983554329551558,4.4948708495646983,5.0494440692799509,3.8690236341860245,7.5430623226236309,4.5561732527141361,-3.3204088660139872,-3.3204088660139761,683.3738453905168626,4.4808141722733685,4.7388039616033533,684.4697067136469286,4.1914130455914496,1.6678947885597233,241.5607579567684695,-4.3168739692753961,-1.7286763002164658,-6.0663312973649681,244.0833983017432161,1.6772698431631883,1.7302414007859923,1.5934063510050334,-2.5226403449736687,779.9181081261120880,296.5788705135203145,9.6052074607537499,7.5421828233367352,-2.2476702987990524,0.3095725117614455,37.1076732937682223,-2.0530129194663114,-1.6642884619163230,-1.2463577896494638,1.1236631925987768,-1.4186399060762254,461.7842903613172325,4.2311700552444673,2.1465811015260674,424.6766170675477383,6.2841829747181119,3.8108695634424792,-6.7465385575186350,431.4231556250664426,4.1395344309955098,3.4707822701887157,389.3780253120780230,-82.2273949139587046,-21.2207497155010145,352.2703520183097794,-80.1743819944890959,-19.5564612535846578,-17.4102554725650798,369.6806074908753317,4.1815038078270002,3.2497017371028547,0.5657381239375323,11.5296414089051158,-3.1801718971257871,-20.7529176273806719,-1.2222847439104396,-0.0749999999999498,0.0000000000000000,2.0313995984744651,-0.0160095623537674,0.0000000000000000,-2.1307695025668369,0.0049855839315559,0.0000000000000000,-0.3199119180553609,11.9437557863353945,-20.7529176273806115,-7.1449531603555272,6.8893236065985981,-4.3998931800384655,2.3168829260665444,-3.1801718971257742,7.1649349846798032,11.5296414089050714,-1.4976104434426016,0.3689736330592122,-0.1872009746078525,-0.0171919262394973,3.8382180710767333,-0.0391703594822071,0.5657381239375326,1.3644434274124471,2.1051659495344879,-1.5459316622593313,-0.0341986427200237,0.0436181159820581,0.0065286447344347,0.0403293203473667,-0.0353697956664078,-0.6954913393987444,-1.4827369455651138,-2.1827175326771311,-0.4895515050248501,-2.2312641275801539,-20.0957181365162683,-0.2178573505960781,0.7922254837179106,1.0245092950218080,0.0000000000000000,,,,,,,,,,,,,,,,,,,,,,,,,,,,,,,,,,,,,,,,,,,,,,,,,,,,,,,,,,,,,,,,,,,,,,,,,,,,,,,,,,,,,,,,,,,,,,,,,,,,,,,,,,,,,,,,,,,,,,,,,,,,,,,,,,,,,,,,,,,,,,,,,,,,,,,,,,,,,,,,,,,,-17.8564814191856271,-0.0058234805464394,1768.0000000000000000,270.7424024457889118,467.0000000000000000,677.0000000000000000,2395.0000000000000000,-33.8149339667055528,567.2575975542110882,191.2575975542110598,406.0174906242343695,17.2397715657305000,715.0371622503791968,30.5533670482864004,127.5568702442474205,98.5729990871951713,82.8898022947022639,2438.6041410754100980,19.7301874761010367,4.4700294477644320,610.3761881678889267,943.7391227345219704,-287.3437440655500268,1051.5967028883599141,139.5286076000373896,201.4129204740000034,0.8239057065970773,0.6498018989037425,,,,5.6456836821372898,3.8893530875870388,1.5997654015197982,7.7816953006998650,143.5117060279327745,35.5928075013670551,848.5267794877288452,848.0790298697914977,8.7004885068977273,106.1458621525416106,123.5777457066708394,89.2578049739771444,12.4057149578356487,115.1511552864117789,0.3841645673590506,4.7339641341056335,76.4287363678045892,13.5944599285668914,-59.1244182908654707,29.4472092065846027,17.0121077682783266,2.1608322889718607,-34.6686962810817789,14.1519851558954457,17.8126548239586810,24.8912987594504216,10.6553024357036321,8.1755240599803898,6.9773295029055333,4.9204143286881532,26.8937088921944678,25.4412508815781422,18.4356222170603274,8.6837238271800317,4.5827190056243978,4.8528800862174251,-4.2250233970036106,-1.7138204180082397,5.5357891975743811,,,,,,,,,,,,,,,
"2020Q2",15.8032568681488996,5.3558396696705097,18.5376019688027007,810.4486632715988890,682.0804325737456111,791.9195028102400329,695.6188209835078169,608.5928224563174354,612.2112106472118285,719.8269754406187531,484.6868036603235623,500.4667490487166219,487.7258514934493405,5.2162565732449853,9.4243919361377380,683.9395341435947557,783.8712040148594724,-0.9648781942513551,36.8383174002632003,0.1432307091625100,-1.4971264656040499,456.8641654698115531,344.8457863824770016,-12.5218163069382058,-62.9094984613912516,31.1681558522281037,3.1727029847232799,15.8032568681486367,18.5376019688027114,24.5000000000000000,3.7981946616939837,17.1614988481209068,0.1760544382527210,0.0918544895230409,-0.2718997651772224,1.6480028858589992,-0.7173461664937411,6.4921014139753623,818.1032040651916759,794.0555028400625588,658.1379326870785462,677.6266084993003460,647.5351769253330758,735.3564669318801634,4.5106867916832831,18.8002365875876727,2.3073094183203837,9.1545963019330561,-13.4202061941103370,6.1326176424979266,5.3902641909278834,1.7371137918576349,244.4939597546267294,1.6741067365076689,8.2679682846186928,11.1366958135730858,4.1267523616226196,5.3558396696705097,-7.6545407935934113,-2.1360000298216804,-49.5451102307616793,17.9922124842084727,-35.3239662781196486,-15.5294914912612789,1.4650773799927086,-4.9255180137671806,810.4486632715997985,-12.1778114971566076,2.2627550123095683,683.9395341435944147,481.2094098030002556,0.6317702115324277,6.4081311181273719,6.3916972483037258,-44.3999291922789041,4.1743425294130958,15.8032568681486367,11.1366958135730858,0.5398086929529200,4.1267523616226196,31.1681558522281037,24.5000000000000107,0.1760544382527210,6.4921014139753623,3.1727029847232799,0.0918544895230409,3.7981946616939837,-0.7173461664937411,18.5376019688027114,17.1614988481209068,-0.2718997651772224,1.6480028858589992,5.3558396696705097,-2.1360000298216804,-1.6716288809320061,791.9195028102406013,-68.6367915246152336,-6.0888930957754948,794.0555028400625588,4.4934431201423140,3.3730311736544674,-49.5451102307616793,-32.9566681360603795,608.5928224563175490,-159.8294393776405968,-17.0684902222352832,658.1379326870785462,13.4045055892964449,11.6677730974348108,17.9922124842084727,695.6188209835089538,-11.6319262440412814,-25.2092350982746503,677.6266084993003460,10.1241644561413704,7.0055930204165113,-35.3239662781196486,-24.0686545622237418,4.9255180137677259,612.2112106472125106,-144.9381589308956393,-28.8851775865156952,647.5351769253330758,17.0029397130794138,14.3511489031985455,-15.5294914912612789,719.8269754406190941,-143.0691062300320198,-21.7958559308317490,735.3564669318801634,2.9213773395332159,5.0491698916308057,-7.6545407935934113,-6.4429986674198449,810.4486632715997985,-46.5654986801959581,-12.1778114971566076,818.1032040651916759,10.1241644561419459,7.0055930204148087,1.4650773799927086,0.5860309519970851,682.0804325737458385,2.2274081264281698,1.4145519113179339,680.6153551937533166,3.9205994154925072,4.0211967808770082,484.6868036603239034,5.3902641909278834,2.5374979296652871,8.2916740662333002,481.2094098030002556,9.1545963019330561,3.0780928201498234,6.5840056907377722,500.4667490487164514,-13.4202061941103370,-0.1175543216985746,15.7237881930263335,487.7258514934499090,6.1326176424979266,2.5360612193640635,10.5237198162595433,-7.1087362376278111,-3.4773938573234600,3.7643321110032923,-1.7076683754963173,0.5509673490026961,-4.0283612063263687,-0.5857370232666627,-0.6131139833706527,-0.4569143732350840,15.7799453883927043,-18.8104703850367656,7.4321141267930297,-3.0202911991956274,18.8002365875876727,2.8522990585265502,2.9856453611871627,-20.1199892891254741,3.0390478331258879,0.7423534515710333,2.2320457500270390,0.7317384148054125,2.3073094183203837,0.0586229348426114,0.0612888973151781,-181.8095263704298077,5.2162565732449915,5.6620635602744223,2.1381637530947075,0.4010499612372858,0.9417947269488671,1.8661866630861976,1.7371137918576349,9.4243919361377326,0.9243919361377396,4.5106867916832831,-1.9962277973670384,3.8975728083126615,7.4963321528704734,4.5719756889984851,1.8661866630862036,1.8661866630862749,683.9395341435944147,2.2627550123095683,4.2744385197161394,685.5642439916572357,8.2679682846186928,1.6741067365076689,239.5684417408587024,-7.9692648636430574,-3.5407635890914300,4.5425889627000213,244.4939597546267294,1.6422458115305361,1.7001539212002932,1.5601335209540206,-4.9255180137671806,783.8712040148593587,299.1844003545354553,10.4221193640561722,8.0741437708407382,-2.2556589035043197,-0.9648781942513557,36.8383174002633993,-1.0774235740142255,-1.2311964180712898,-0.4658863132877135,0.1432307091625148,-1.4971264656040524,456.8641654698116668,-19.6804995660231334,-3.5968395850308958,420.0258480695468393,-18.6030759920021325,-2.3656431669599005,-12.5218163069381809,432.5476643764849882,4.4980350056749261,3.9030341389160936,344.8457863824799006,-178.1289557183913814,-72.5710460445957608,308.0074689822166647,-177.0515321443718619,-71.3398496265242414,-62.9094984613902355,370.9169674436070068,4.9454398109328466,3.8874404849617061,0.6317702115324277,6.4081311181273719,6.3916972483037258,-44.3999291922789041,1.0495669417977744,-0.0749999999999854,0.0000000000000000,3.3089320759139724,-0.0157262805925642,0.0000000000000000,-0.7173461664937486,0.0128379291680715,0.0000000000000000,1.6480028858590003,-11.9573219475352204,-44.3999291922788757,-37.4042496659598527,-8.9722981697321416,-1.7030944152376870,0.7097272990891734,6.3916972483036627,-16.0946151675246369,6.4081311181273151,0.5587246841914459,-0.6041279535219140,-1.1381416921229133,-0.1045232166235323,17.0582971225898206,-0.0307285614099741,0.6317702115324277,1.4841301511315419,2.3447975917458068,-1.6246955614878913,-0.0225986146192490,-0.0302742321009755,0.0019861735354152,0.0488394605255041,-0.0269985731960856,-0.7182801722709857,-1.2558763553071040,0.1689342156351259,-1.0232624602872327,-8.3389624012764614,-50.2000119664180602,-0.2203505501354481,0.7724540177794023,1.1820863838949647,1.0000000000000000,,,,,,,,,,,,,,,,,,,,,,,,,,,,,,,,,,,,,,,,,,,,,,,,,,,,,,,,,,,,,,,,,,,,,,,,,,,,,,,,,,,,,,,,,,,,,,,,,,,,,,,,,,,,,,,,,,,,,,,,,,,,,,,,,,,,,,,,,,,,,,,,,,,,,,,,,,,,,,,,,,,,-12.8146844958132533,1.9641258407843054,1812.0000000000000000,187.1983416215559259,329.0000000000000000,503.0000000000000000,2413.0000000000000000,-26.6308129038951229,587.8016583784440172,228.8016583784440741,442.1141883211482764,18.5376019688027007,827.7110432927104284,33.8848764044437019,-171.1969437410934916,422.5949666734070433,134.1988320392486003,2536.9352579797000544,15.8123835549913565,22.6269567377503904,615.2375611284658135,1075.1721680190000825,-380.7861792690370066,1146.4466264095199222,63.7775291192181157,192.5983723923650075,0.8076633401989224,0.6711665969596146,,,,19.6571339403718000,-9.2097167418934092,,,253.7686982207044082,0.1000000000000000,853.6341269602346529,850.0913236940956494,8.0491752972166069,452.4938320766312359,203.2195459318020312,143.6934856268107694,-61.4117417433348152,-109.7852019977586906,-37.2276180306116444,-11.4655208535608040,-49.6598851725787540,-5.9072258084457587,-79.7758832212867048,-15.6912813478782880,-10.9809026617869279,-22.2827037932106009,-76.5284606269429730,-25.0876764682744806,-76.0856398000664882,-19.5841234128453863,5.5381847191523264,8.6451347562823884,9.5867144897759715,6.8055875344076924,-12.5586638909660877,17.0273967822319463,6.3245663302758288,11.0974100120065486,2.2885495014922270,4.3671082973430089,-7.6599888940073129,-3.4788118951574205,5.3546999232351178,,,,,,,,,,,,,,,
"2020Q3",17.7293708620603994,5.6508372304904899,19.3348780813293004,819.9728147413562738,681.6836737927619652,801.2131654231717448,719.9906869322012426,532.2614760397530063,659.2589903236391820,747.4258457905948489,486.4670691500093653,505.2270437335619135,485.2831594625124580,5.1386790016697930,10.1048133027057272,685.6603131825829678,789.0869153507534293,-1.9234673062495915,37.8917458331641726,0.1132691595933700,-1.5618285317999354,459.2317952113946262,374.5082519781702217,-12.4020818835779778,-35.7394748114884351,35.0285616167512686,2.0356873266381301,17.7293708620601755,19.3348780813293040,24.5000000000000000,3.8944131736747560,17.2090663362872469,0.0241295289879891,0.0125893194718769,0.1192490701895949,2.0065626748525225,-1.8713151665085483,10.5044320877634973,821.0219246973503004,795.3193952203013168,661.7263306934033835,680.5453291314588569,652.1297076659399181,735.8415079780910446,4.5820023734939452,19.4203635707827402,2.3181094913300142,6.1685452390703501,19.0411787393781431,-9.7707681237512620,7.1210619587409765,1.7578117323935025,244.9148582103568401,1.7202261324181172,6.4168926716718637,11.1853468373877032,6.6265542464022467,5.6508372304904899,-1.0491099559963986,5.8937702028692840,-129.4648546536517415,39.4453578007405596,7.1292826576997363,11.5843378125028984,0.1028904121519410,-4.1143453073756771,819.9728147413554780,-3.7492713100023316,6.8831161559482226,685.6603131825823993,482.7515461127667891,0.4251952489259721,-13.0801108979323306,-1.3815574838922260,-98.1607087741691231,6.6752052702169467,17.7293708620601755,11.1853468373877032,-0.0825302217297991,6.6265542464022467,35.0285616167512686,24.4999999999999503,0.0241295289879891,10.5044320877634973,2.0356873266381301,0.0125893194718769,3.8944131736747560,-1.8713151665085483,19.3348780813293040,17.2090663362872469,0.1192490701895949,2.0065626748525225,5.6508372304904899,5.8937702028692840,6.1030569319455239,801.2131654231706079,37.1746504517238066,2.0984219345706769,795.3193952203013168,5.0555695209592892,4.0338352547727991,-129.4648546536517415,-82.6295964714038291,532.2614760397524378,-305.3253856662608428,-139.0509446776298432,661.7263306934033835,14.3535920252973188,12.7289596544724155,39.4453578007405596,719.9906869322004468,97.4874637947677911,33.1685251408651069,680.5453291314588569,11.6748825286363758,8.8551833121982746,7.1292826576997363,3.3190807575005064,4.1143453073763077,659.2589903236390683,188.1911187057073107,5.4447639175780154,652.1297076659399181,18.3781229624257065,15.9186229795790357,11.5843378125028984,747.4258457905948489,110.3954813999019677,-0.4236825219207319,735.8415079780910446,1.9401641848466722,3.7873597975035369,-1.0491099559963986,1.7077768123752701,819.9728147413554780,38.0966058790293900,-3.7492713100023316,821.0219246973503004,11.6748825286362834,8.8551833121962993,0.1028904121519410,0.0411561648607784,681.6836737927620788,-1.5870351239357401,4.2591476214963988,681.5807833806100007,3.8617127474270538,3.9556178561020592,486.4670691500093085,7.1210619587409765,7.8653852164082751,8.6279733642421075,482.7515461127667891,6.1685452390703501,7.0129393655148622,7.2310912509755827,505.2270437335617999,19.0411787393781431,14.9314995313872032,16.8433602536939055,485.2831594625125149,-9.7707681237512620,1.1503493172525254,5.4711399423700007,-1.6621570262720411,-3.7155230372417032,-0.9525167196727631,-1.3968821132671603,0.4400152830449537,-4.1555383202870377,-0.5087084558426085,-0.5831503301616812,9.4132360646389017,18.7599745835524807,11.9201167806387662,8.2153868894522581,-0.6603889872306334,19.4203635707827402,2.4805079327800539,2.8403497057018225,12.8813901466963898,-1.1839096874966626,-16.8918300824913317,-3.1568334218714948,-3.5020191788267248,2.3181094913300142,0.0432002920385692,0.0568552098754091,118.6452394121230753,5.1386790016698365,5.8311056500449681,-1.8742603638455719,-3.6320720962388044,-2.6919830145004786,-1.0871697117951800,1.7578117323935025,10.1048133027057272,1.6048133027057276,4.5820023734939452,2.8759476865209308,3.9988520433322718,7.4223520791957762,4.6388575833693624,-1.0871697117951071,-1.0871697117950756,685.6603131825823993,6.8831161559482226,4.7595590084208750,686.4755808411731550,6.4168926716718637,1.7202261324181172,240.8005129029801878,4.9282846484844853,-2.2839466619994555,2.6060915684589663,244.9148582103568401,1.6835938229213852,1.6815511911978516,1.5994141317753154,-4.1143453073756771,789.0869153507529745,302.6198462007437229,13.7417833848305246,10.2380589054467901,-2.2094019419315316,-1.9234673062495888,37.8917458331642010,4.2137137316118576,0.1875855805537521,3.7670235312130855,0.1132691595933690,-1.5618285317999347,459.2317952113943988,9.4705189663356570,0.5430608370418861,421.3400493782290823,5.2568052347310399,0.3554752564880861,-12.4020818835778091,433.7421312618067191,4.7778675412892442,4.2836672853996989,374.5082519781694828,118.6498623827666847,-34.4917434143270611,336.6165061450061557,114.4361486511583053,-34.6793289948801231,-35.7394748114892877,372.3559809564954435,5.7560540515523924,4.5976923378008623,0.4251952489259721,-13.0801108979323306,-1.3815574838922260,-98.1607087741691231,0.4729173956552356,-0.0749999999999336,0.0000000000000000,5.9599610979804822,-0.0138717549344605,0.0000000000000000,-1.8713151665085590,0.0091824766475094,0.0000000000000000,2.0065626748525336,5.7144739247205791,-98.1607087741691515,31.4897699918273872,16.1608857949777729,4.6691169728288937,-0.4831405398451430,-1.3815574838922196,15.9337250606794072,-13.0801108979323182,-0.8488104334602857,0.7728605601817611,0.0637920699459922,0.0058584554032024,-5.5416385190406263,0.0227181443975503,0.4251952489259719,1.2577084075675962,1.8637269271021450,-1.1967475956080458,0.0344826192846778,-0.2845874928556722,-0.0095603493197477,0.1234603019673733,0.0135300695612206,-0.7211800165594682,-1.0164818036533281,4.6796000448997184,-0.1218131505919106,-4.6385557732761296,10.1844590653251714,-0.2144147127562919,0.7296360361819554,1.3051582217142430,2.0000000000000000,,,,,,,,,,,,,,,,,,,,,,,,,,,,,,,,,,,,,,,,,,,,,,,,,,,,,,,,,,,,,,,,,,,,,,,,,,,,,,,,,,,,,,,,,,,,,,,,,,,,,,,,,,,,,,,,,,,,,,,,,,,,,,,,,,,,,,,,,,,,,,,,,,,,,,,,,,,,,,,,,,,,-7.7728875724409363,3.9340751621150218,1550.0000000000000000,95.4359330165713686,607.0000000000000000,743.0000000000000000,2221.0000000000000000,-28.3636677297257833,711.5640669834285745,350.5640669834286314,465.5573384634433296,19.3348780813293004,871.6034197241341417,37.1786280738453030,25.4590050446828116,255.4176063772662246,125.1694698387417901,2672.7659553332400719,20.8628453435758274,-12.3135891163665008,624.7554810433584862,1290.0401143057199533,-576.9421313045689885,1362.6895186624599319,197.3414305118849370,20.0135100022794994,1.2239211761368751,0.7320059570847782,,,,17.7603589676084006,-5.6818253360384912,,,104.1430197314506216,0.1000000000000000,855.6568875549323820,851.9593375430890774,7.4720553959737117,268.8226920352415164,270.3877669448772849,131.7387408015011943,232.3928306581984486,-206.9338256135156371,46.3697924888409716,-3.6798563552225829,45.0265298990125871,2.1205936212531356,-95.2794924323949317,-75.1051553662813660,165.0834876051518449,39.3314235796746914,556.6041812274525000,5.5957184177659656,201.6070466204760692,-0.4227862537478018,7.3807366917231860,9.0111226442024019,6.3627730544922372,7.4989519800975586,20.9747653937112801,18.3449646181942398,-9.3086027020056576,5.6235740440770456,7.1255324800224571,4.8746446091091826,5.0517443888443267,-2.2580620383877203,5.2730000000000388,,,,,,,,,,,,,,,
"2020Q4",12.5795569056699996,4.7618022656831096,18.6926617583577013,822.1040166095820041,682.8163597877094162,801.5356566592016634,715.4260328556420063,620.0662760656118735,624.7767927839016693,735.4766056443106663,485.7593839959757247,505.8726008668081704,487.5165212622069930,5.1123591736483185,10.1025085420102130,687.5288358764933037,792.4031330099760453,-2.5724191522180888,39.5554350177017895,0.0932898048600454,-1.6057726737568139,468.1480535513139216,378.8758897615340970,-6.3864446024631434,-34.6495444085468307,33.2876390711073995,-2.0154204070797248,12.5795569056699392,18.6926617583577048,24.5000000000000000,4.0109598515172404,17.2474192783038269,0.0530203291965510,0.0276627804502531,0.0078346062981853,1.4374078737557019,-6.0540430390471887,8.7346187419109071,824.4092483137757199,796.7593310176685009,665.6093616570328777,683.9326527478834805,657.1275728122642477,736.0393835303744936,4.6426515422110217,19.9580011631056351,2.3262015871853410,-4.9591572046262291,2.5822285329844195,8.9334471987748980,-2.8307406161364232,1.7712499892957023,245.3411230675541788,1.7572162057031395,3.5861782718672988,11.2635405732133993,1.2431678291079846,4.7618022656831096,-2.3052317041944121,4.7763256415337949,-45.5430855914218995,31.4933801077587212,-32.3507800283618536,-0.5627778860651910,0.2801083680672281,0.2313910150316359,822.1040166095827999,0.1098358028637950,7.4740907756381176,687.5288358764931900,481.5117568116108941,0.5953488366575602,8.1381951912938906,-8.4070112089795028,38.9483827574373791,1.3213615649338717,12.5795569056699392,11.2635405732133993,0.0728485033485355,1.2431678291079846,33.2876390711073995,24.4999999999999396,0.0530203291965510,8.7346187419109071,-2.0154204070797248,0.0276627804502531,4.0109598515172404,-6.0540430390471887,18.6926617583577048,17.2474192783038269,0.0078346062981853,1.4374078737557019,4.7618022656831096,4.7763256415337949,4.8055973182606513,801.5356566592018908,1.2899649441231489,6.6506271902205292,796.7593310176685009,5.7597431894670175,4.7482599051955283,-45.5430855914218995,-28.5271359151141226,620.0662760656122146,351.2192001034409259,-50.8498393715123740,665.6093616570328777,15.5321238545203801,13.8643375068222241,31.4933801077587212,715.4260328556425748,-18.2586163062379612,20.8269110274858100,683.9326527478834805,13.5492944656942491,10.8091986431120688,-32.3507800283618536,-21.4815624952234359,-0.2313910150310643,624.7767927839016693,-137.9287901589474359,-34.3114296319113876,657.1275728122642477,19.9914605852960356,17.6053778713673985,-0.5627778860651910,735.4766056443093021,-47.7969605851419885,-16.0195087085909229,736.0393835303744936,0.7915022091354549,2.5144371420955904,-2.3052317041944121,0.6100078622203382,822.1040166095827999,8.5248074729042482,0.1098358028637950,824.4092483137757199,13.5492944656962457,10.8091986431100402,0.2801083680672281,0.1120433472268891,682.8163597877096436,4.5307439797902251,5.2500694936522381,682.5362514196426673,3.8218721561288631,3.8986918160655430,485.7593839959756679,-2.8307406161364232,2.7538623554778057,4.9513913872192994,481.5117568116108941,-4.9591572046262291,1.7120919974966915,4.2771648896126946,505.8726008668086251,2.5822285329844195,6.5587082655309938,8.0052905742088125,487.5165212622074478,8.9334471987748980,5.8165146678263939,5.5538080426637713,-1.7979071603489756,-4.2476271843646929,-2.1284165884917750,-0.6742264976072170,0.0180601923169472,-4.2656873766819796,-0.4405962255796398,-0.5369314421026907,12.4237880850081197,20.1132168708331669,5.4129691491224357,3.0538991869897338,0.1552157077271126,19.9580011631056351,2.1505503692912287,2.6165468450566216,39.0774838043314432,1.7571372662315383,11.7641878149119563,0.6024166554455754,-0.5690643209539750,2.3262015871853410,0.0323683834214072,0.0492803362720870,17.2564743057749972,5.1123591736483123,5.9733053059272114,3.4002671761510856,1.6290171868555667,-0.8378013631396464,0.7647071788701152,1.7712499892957023,10.1025085420102148,1.6025085420102105,4.6426515422110217,0.7056620958490740,4.1057201001083286,7.2591983872676309,4.6919318784831052,0.7647071788701648,0.7647071788702016,687.5288358764931900,7.4740907756381176,5.2751940290423960,687.8417639011194069,3.5861782718672988,1.7572162057031395,245.5725140825848314,19.0880047184175901,2.9325376334972932,6.1315768799915116,245.3411230675541788,1.7050594287888161,1.6770422266012024,1.6198064573493705,0.2313910150316359,792.4031330099763863,306.6437490140004911,16.0956112530223372,12.4661803656667232,-2.1837185666464243,-2.5724191522180893,39.5554350177018961,6.6547567381586337,1.9345084940661275,5.7198579364505200,0.0932898048600462,-1.6057726737568161,468.1480535513142058,35.6650333596792706,7.4215557038092221,428.5926185336105050,29.0102766215280994,5.4870472097426077,-6.3864446024631194,434.9790631360733641,4.9477274970681959,4.5907911187564361,378.8758897615342107,17.4705511334594910,-31.0589842790339254,339.3204547438321015,10.8157943953044580,-32.9934927731004848,-34.6495444085468662,373.9699991523791596,6.4560727835353875,5.3347676134607971,0.5953488366575602,8.1381951912938906,-8.4070112089795028,38.9483827574373791,-0.5636163495621354,-0.0750000000000405,0.0000000000000000,1.3815162804763901,0.0112673365261899,0.0000000000000000,-6.0540430390472064,0.0004436053794689,0.0000000000000000,1.4374078737557059,1.1525516771625490,38.9483827574373862,-36.2593662132079402,-0.2536504672222517,-0.7569504566572816,0.2389522032064493,-8.4070112089794975,-10.5478384898885142,8.1381951912938923,-0.2703947237088526,0.1581765695750554,0.7372566960435605,0.0677072475958373,3.3929469916160655,0.0067702542671428,0.5953488366575607,1.5346081225898174,2.1706404630934615,-1.4132570743670181,0.0309477643721546,-0.2799330431726306,-0.0065118794132757,0.1056452970134996,0.0090126865268380,-0.7139112734052980,-0.7643598843434671,2.8877332069454411,-0.1133290332345469,1.3028461653551955,-8.5597277961598479,-0.2001269951368800,0.6476467099077257,1.2756241371388413,3.0000000000000000,,,,,,,,,,,,,,,,,,,,,,,,,,,,,,,,,,,,,,,,,,,,,,,,,,,,,,,,,,,,,,,,,,,,,,,,,,,,,,,,,,,,,,,,,,,,,,,,,,,,,,,,,,,,,,,,,,,,,,,,,,,,,,,,,,,,,,,,,,,,,,,,,,,,,,,,,,,,,,,,,,,,-2.7310906490686762,5.9040244834458520,2171.0000000000000000,202.7662017483521595,444.0000000000000000,618.0000000000000000,2862.0000000000000000,-28.1514162431458743,662.2337982516478405,272.2337982516478405,506.0420580676516806,18.6926617583577013,849.7094603759879874,31.2794033987526987,14.3572412140083969,195.9741337034505193,133.3360273908774047,2762.8867336239200085,13.2648706368904641,16.4014622561060150,624.5235281956943254,1289.5219757444199331,-606.0470176007410146,1398.7787766475601074,19.3967186050520013,-3.4679796798924998,0.8344020626834380,0.5609748024653213,180.6343592581158077,50.2143085179070567,230.8486677760228361,3.9331002906170300,3.8846543493698600,,,37.2626815462368270,0.1000000000000000,856.3708120263713681,853.7038339959226505,6.9779858113342925,202.4412254726613583,134.9289357465388264,137.7360791170079608,35.0447779963507884,-20.6875367823423915,8.8987183392901414,0.1098961444719606,1.2983208828120354,6.8767667260441812,3252.1666837537813990,-39.8602035908405483,-16.6887142719395030,23.1544546249771628,-74.8242234451596175,-29.0442892840219713,-37.9958957684835568,-14.8022437067550214,-2.7910505434009849,5.0760212256412132,-4.8381987462195468,4.3699537695543995,2.6158568836565337,8.3344381297264789,9.3446322335331047,5.7109271478026074,7.7604915637023169,5.4168116046573260,21.0314262769689009,2.9759599375189794,5.2452959734329507,,,,,,,,,,,,,,,
"2021Q1",13.9900842279349007,6.4278153343944098,17.7403755389082995,824.5163466623156410,684.3996848396898258,795.2949206538949056,690.4328697021342123,671.0206567008666525,619.2363712042789530,723.4600764368873342,485.4666492318191331,501.7286348414419308,487.0284833343096693,5.0513892275082810,9.6381963411581566,688.4637696247451686,796.6108816662043637,-2.6501062602038985,41.4393001655603044,0.0499875041650993,-1.6220691243400132,478.5261317361898818,408.8468588876511944,0.8636160174775114,-8.3014772602501239,26.1622108374843023,5.5682489293588500,13.9900842279348847,17.7403755389083422,24.5000000000000000,4.1819719111724520,17.2816149268007671,0.0770197994496476,0.0401842431910061,-0.1786005150724252,0.6373611271800269,1.3460927749953890,1.5851910380347303,827.8650335949045029,798.2243361049338546,669.5749688406057203,687.3884380290124909,662.1796462597014852,736.2057082715886054,4.6903743383443413,20.4345324227229526,2.3318834062329157,2.0330968992938883,-16.5758641014669550,-1.9521517115892415,-1.1709390566231423,1.8281149166645287,245.7782907252786799,1.7889469416521022,2.8569422078749525,11.4003569843717472,2.2939226858501298,6.4278153343944098,-3.3486869325905753,-2.9294154510393149,1.4456878602603187,3.0444316731197798,-42.9432750554212106,-12.7456318347017756,0.9153642205534341,2.1047480285947922,824.5163466623142767,2.4263087206669032,3.7397349930053974,688.4637696247447138,482.0200310364331244,0.0266610111737090,-8.8734014651074382,3.1150641018193799,31.5680735243270618,2.4307390970084208,13.9900842279348847,11.4003569843717472,0.2958045577130172,2.2939226858501298,26.1622108374843023,24.5000000000000178,0.0770197994496476,1.5851910380347303,5.5682489293588500,0.0401842431910061,4.1819719111724520,1.3460927749953890,17.7403755389083422,17.2816149268007671,-0.1786005150724252,0.6373611271800269,6.4278153343944098,-2.9294154510393149,-3.0127919024380669,795.2949206538941098,-24.9629440212278908,-13.7837800374988735,798.2243361049338546,5.8600203490655014,5.2921940449061413,1.4456878602603187,-0.2928098781257606,671.0206567008666525,203.8175225410213329,22.4704744001384817,669.5749688406057203,15.8624287342910790,14.7881625508511778,3.0444316731197798,690.4328697021333028,-99.9726526140371021,-8.0939328423847208,687.3884380290124909,13.8231411245146738,12.2928706437491329,-42.9432750554212106,-27.9551779313064870,-2.1047480285940088,619.2363712042794077,-22.1616863184880870,-29.2093791756588246,662.1796462597014852,20.2082937897475077,18.8952042626370158,-12.7456318347017756,723.4600764368865384,-48.0661168296944012,-32.1341755612401485,736.2057082715886054,0.6652989648536505,1.5795856745924892,-3.3486869325905753,-6.4168498830362699,824.5163466623142767,9.6493202109336558,2.4263087206669032,827.8650335949045029,13.8231411245155495,12.2928706437471096,0.9153642205534341,0.3661456882213734,684.3996848396901669,6.3333002079238305,2.8761042975516422,683.4843206191366107,3.7922767979787495,3.8491152792567989,485.4666492318194173,-1.1709390566231423,0.8485543692033404,2.1274116192278538,482.0200310364331244,2.0330968992938883,1.0483525991451219,3.0992703089168021,501.7286348414421013,-16.5758641014669550,-1.2734388607666274,-2.0931657558012127,487.0284833343100672,-1.9521517115892415,3.5091260205729089,0.8357862514841852,-2.2579999403533582,-3.4466181953860233,3.2040359559148612,0.9718586896882557,0.9165689497340004,-4.3631871451204303,-0.3899990737535637,-0.4812601946100563,9.5265249535493215,16.2619856096227551,-15.4049250448420771,-4.2205773750287934,-4.1725468131004888,20.4345324227229526,1.9061250384689137,2.3473705997667178,40.8228915455277388,1.5618341024903188,-0.7812126549652660,-1.2916253677427596,-0.7700493037425614,2.3318834062329157,0.0227272761906668,0.0392297216233474,115.3315198966817547,5.0513892275083556,6.1284901812554331,4.0030366283625742,2.1749217116982482,1.0043387356002473,2.1425350767579769,1.8281149166645287,9.6381963411581566,1.1381963411581570,4.6903743383443413,-1.8891447978780520,4.2091141437342792,7.0377449381110573,4.7296040599676852,2.1425350767580191,2.1425350767580702,688.4637696247447138,3.7397349930053974,5.0899242342255224,689.2599726629589441,2.8569422078749525,1.7889469416521022,247.8830387538723983,9.2420986851474467,6.3222807971030655,7.3478613868939826,245.7782907252786799,1.7486706308972992,1.6948924235348941,1.6612370993524461,2.1047480285947922,796.6108816662042500,311.1442324343847190,18.0019336815353768,14.5653619208624132,-2.1485414551103221,-2.6501062602038994,41.4393001655602689,7.5354605914411579,4.3316268717929303,6.4244210190764441,0.0499875041650987,-1.6220691243400143,478.5261317361898250,41.5123127395035780,16.7418413748736157,437.0868315706279077,33.9768521480701224,12.4102145030809297,0.8636160174776236,436.2232155531502826,4.9766096683067769,4.8000599280843899,408.8468588876519902,119.8838765044764898,19.4688335755760491,367.4075587220921761,112.3484159130384938,15.1372067037833027,-8.3014772602495501,375.7090359823417884,6.9561473198478092,6.0284284914673485,0.0266610111737090,-8.8734014651074382,3.1150641018193799,31.5680735243270618,1.5469142015528554,-0.0749999999999605,0.0000000000000000,-4.5290420813029186,0.0715600522310616,0.0000000000000000,1.3460927749953928,-0.0033301587200465,0.0000000000000000,0.6373611271800295,-5.7577209980930295,31.5680735243270512,-21.5411857646444638,-6.6229664948647695,2.6052150320614378,0.8033208733265476,3.1150641018193816,-20.2942435192035546,-8.8734014651074258,0.3231460811328845,-0.3040613466510320,0.1138044267459025,0.0104514269460522,3.3572124476687524,0.0188323280466568,0.0266610111737090,0.7453077645986148,0.8548029258181195,-0.4482314417231714,0.0240863086601137,-0.2273965668549907,-0.0064042688886126,0.1288641735479256,0.0074523565192728,-0.7116341585168577,-0.2320322571188914,1.8156026549907409,-0.1376509469328389,4.8232116710047190,16.9926901579894434,-0.1768737179588775,0.5236549209453709,1.1456818146668883,4.0000000000000000,,,,,,,,,,,,,,,,,,,,,,,,,,,,,,,,,,,,,,,,,,,,,,,,,,,,,,,,,,,,,,,,,,,,,,,,,,,,,,,,,,,,,,,,,,,,,,,,,,,,,,,,,,,,,,,,,,,,,,,,,,,,,,,,,,,,,,,,,,,,,,,,,,,,,,,,,,,,,,,,,,,,10.3017780810076829,12.5598611842755190,1813.0000000000000000,626.9832446631367020,388.0000000000000000,976.0000000000000000,2574.0000000000000000,-23.5639108848227181,722.0167553368632980,280.0167553368632412,445.9347160215152144,17.7403755389082995,806.5782326273510989,32.0221848323748972,71.5699736460181555,134.9037149329389536,154.1698280268787755,2881.6225982884097903,16.8309946249132736,-7.0803151535242819,629.2354984834960305,1284.0227868322699578,-620.9961890381720195,1350.1023451616599687,-40.8832623510074882,38.9778497231188013,1.2640577955322321,0.6131635553287014,,,,7.0680188875795098,0.4942500059609811,1.2211664815145022,9.0560403568695236,-79.8280323993740524,0.4000000000000000,854.8350823718759557,855.3478866005045802,6.5762104183277188,138.0586899154585296,143.7168489753827885,157.7753769973125202,-30.4750978519323681,102.0450714979505165,10.1302094587121445,2.4559831020347218,-22.0910571198795935,-12.8760004913688135,667.6588366952369142,25.1953014978642926,-63.2019939660173335,-7.7750355913263576,-19.8777716711248758,-25.3301501474877568,-38.1625592936425164,-27.4824624118483882,-1.1641102449803213,2.1502023508452908,2.0539050919693693,3.1477977256237040,-15.2749298917020013,-2.0714110928394973,-1.9332206180924913,0.8392886956240204,3.8105430017357804,5.2216869034752591,9.6826474423296958,6.5264162138183792,5.1811475307857568,,,,,,,,,,,,,,,
"2021Q2",10.4992469961254002,4.5441897537984701,20.9518855240789001,826.5991323117418688,686.0542771013726906,796.8091715507806612,689.2584606924623358,686.0836729365056499,633.4197781385003054,727.8805055214809272,485.2889975073916844,500.2395224775772817,486.3976389392179271,5.0593754076164243,9.7854986261432515,689.2158801104123995,800.6473033093627691,-2.6085049829497819,43.6264571579434630,0.0266631117430805,-1.6049378951835696,488.1033116418396958,420.9916115105984886,7.0415019448694807,-0.1362950795518145,25.3153402261189839,6.1357922940853395,10.4992469961254535,20.9518855240789001,24.5000000000000000,4.3366167165301839,17.3125286832155503,0.1011991944892015,0.0527995797333847,-0.1734132686027716,3.8127701094661455,1.7463759978217879,0.7141410316298554,830.9990972895296863,799.5716954482868459,673.4241452871871161,690.5225017236375606,666.9262636689702504,736.5911192343144194,4.7362666361988008,20.8624280316218886,2.3357463550664654,0.5154324330052757,-5.9564494554647869,-2.5233775803705356,-0.7106068977119911,1.9576356040898748,246.2365655426275453,1.8211291933479201,0.7485802814828872,11.5240880333146976,-1.3522530800145305,4.5441897537984701,-4.3999649777887795,-2.7625238975051003,12.6595276493177273,-1.2640410311758052,-33.5064855304684173,-8.7106137128346326,1.6274359166862535,4.4568825810451127,826.5991323117409593,16.1504690401438964,3.0084419426662419,689.2158801104116037,482.1488891446846310,-0.5391852661021861,-6.2550367650467384,-1.1204184300415625,12.9430428376519124,-1.2285220310716594,10.4992469961254535,11.5240880333146976,0.3274120428252755,-1.3522530800145305,25.3153402261189839,24.4999999999999609,0.1011991944892015,0.7141410316298554,6.1357922940853395,0.0527995797333847,4.3366167165301839,1.7463759978217879,20.9518855240789001,17.3125286832155503,-0.1734132686027716,3.8127701094661455,4.5441897537984701,-2.7625238975051003,-2.6001920538776773,796.8091715507807749,6.0570035875420025,4.8896687405411123,799.5716954482868459,5.3894373734081737,5.5161926082223829,12.6595276493177273,7.3620221342434569,686.0836729365046267,60.2520649425544690,77.4908504801874187,673.4241452871871161,15.3967057863239258,15.2862126001080263,-1.2640410311758052,689.2584606924627906,-4.6976360386815106,-6.3603602910447723,690.5225017236375606,12.5362547785012897,12.8958932243392823,-33.5064855304684173,-21.4139396475840442,-4.4568825810441881,633.4197781385009876,56.7336277368865964,21.2085674912875461,666.9262636689702504,18.9864696370733377,19.3910867436353200,-8.7106137128346326,727.8805055214810409,17.6817163383755762,8.0535300808620249,736.5911192343144194,1.5416438509096955,1.2346523024365108,-4.3999649777887795,-4.3412855294856270,826.5991323117409593,8.3311425977111320,16.1504690401438964,830.9990972895296863,12.5362547785029790,12.8958932243371969,1.6274359166862535,0.6509743666745011,686.0542771013730317,6.6183690467328287,3.9738445276277958,684.4268411846869640,3.7700822622012828,3.8114859909339938,485.2889975073913433,-0.7106068977119911,1.8862057369467082,0.6021938470678907,482.1488891446846310,0.5154324330052757,1.5896458489304286,0.9394793416852243,500.2395224775766565,-5.9564494554647869,2.3392564766763368,-0.2272265711399606,486.3976389392176429,-2.5233775803705356,4.2279046066665353,-1.3282125542327536,-2.6285954660218049,-3.1401083627072688,1.2260393307153470,0.3372854946163035,1.3105194341031821,-4.4506277968107764,-0.3497626067611382,-0.4222665904839066,9.9239706428097278,14.9505249701851035,-5.2458425577514847,-0.8294204182076955,-5.9119030614372710,20.8624280316218886,1.7115824355956941,2.0621914440339379,36.6968593947290032,1.1086414318261049,-1.8127706826579848,-1.9304064013000899,-1.2271049232405398,2.3357463550664654,0.0154517953346119,0.0284369367461844,42.9499137676906670,5.0593754076163631,6.3441396335276545,3.4697295586855303,1.5120939545958256,0.3039113467077166,1.5894099728505586,1.9576356040898748,9.7854986261432515,1.2854986261432526,4.7362666361988008,-0.8896725074051703,4.3140000457148835,6.7984580802327237,4.7647035729449723,1.5894099728506204,1.5894099728506443,689.2158801104116037,3.0084419426662419,5.2763459668148025,689.9154215045575711,0.7485802814828872,1.8211291933479201,250.6934481236716294,11.2416374791940292,11.1250063828122130,5.9314010300134425,246.2365655426275453,1.8330992693952843,1.7426057880009411,1.7414443059255182,4.4568825810451127,800.6473033093625418,315.3583058019708005,16.8562934703449159,16.1739054474347661,-2.1035988656748574,-2.6085049829497824,43.6264571579433564,8.7486279695384166,6.7881397576809652,7.3949549215543477,0.0266631117430798,-1.6049378951835707,488.1033116418396958,38.3087196225990212,31.2391461720295638,444.4768544838949538,29.5600916530682021,24.4510064143485870,7.0415019448698342,437.4353525390250184,4.8485479434983478,4.8876881625402655,420.9916115105972381,48.5790104917857235,76.1458251281184317,377.3651543526543719,39.8303825222509431,69.3576853704382899,-0.1362950795533713,377.5014494322076075,7.1696537994626723,6.5844819886004409,-0.5391852661021861,-6.2550367650467384,-1.1204184300415625,12.9430428376519124,-1.1697179133987348,-0.0749999999999989,0.0000000000000000,-0.3954926949944877,0.0637434009163621,0.0000000000000000,1.7463759978217912,-0.0062700943172181,0.0000000000000000,3.8127701094661433,0.4876606462821886,12.9430428376519160,-5.7021817657692200,-3.6708990451678343,0.3874416669305609,1.2612902284648841,-1.1204184300415552,-4.5421008487128347,-6.2550367650467429,0.1389560997930249,0.2611219191009075,0.3341598983908237,0.0306881539338511,1.3172320881406729,0.0321155170996257,-0.5391852661021862,-0.0342048191507267,-0.5730127710849421,0.5480065264006010,0.0270280899945663,-0.2019563719881154,-0.0050027532369893,0.1718621700428521,0.0110769458610225,-0.7101524077742326,-0.1174050983581190,2.3242069504619849,-0.1198381536946767,6.5060600140337934,5.9237833204286119,-0.1450756832775520,0.3695992420221780,0.9091212115994658,5.0000000000000000,,,,,,,,,,,,,,,,,,,,,,,,,,,,,,,,,,,,,,,,,,,,,,,,,,,,,,,,,,,,,,,,,,,,,,,,,,,,,,,,,,,,,,,,,,,,,,,,,,,,,,,,,,,,,,,,,,,,,,,,,,,,,,,,,,,,,,,,,,,,,,,,,,,,,,,,,,,,,,,,,,,,9.7580752278753664,11.3968849922427466,1996.0000000000000000,682.8552717356926678,493.0000000000000000,1086.0000000000000000,2841.0000000000000000,-22.7735578118976143,755.1447282643073322,253.1447282643073891,589.5689167343954296,20.9518855240789001,893.3047224466415628,30.9143257798406985,84.3459780518311106,70.9769851158309280,148.4128425445841799,3000.3164130151699283,16.1456865726336218,3.9255651467176165,627.8777176228900316,1240.7011399674499899,-559.0772364992119492,1362.2660332937200565,-10.3363932203903914,177.1046560679810113,1.0527334526119563,0.5484011423395052,,,,2.8672264644643701,3.0878307778625600,,,94.3481162282104435,0.4800000000000000,856.6476315378146182,856.9162357660119369,6.2733966620294268,72.0926537290081910,76.2831348175492252,150.7457050907911480,-121.0540118431177632,205.3999898949488738,8.6880238587855132,17.5277970670932177,6.2442004020568618,5.0111855355269483,82.6717516538701318,117.0393537511854731,-4.5890047886016134,-6.1623104313063664,76.3563146201700818,23.6253796477768958,19.3412873606894777,8.3867107352256340,-0.7080880567805110,0.6040106793349480,0.5167630711681426,0.9439063014494877,-5.7825233510287717,-0.2269686069914911,-2.4918065181397537,-1.3194307346929151,3.0541528006417167,5.4180259477228958,11.8978678175287769,11.7674361841726238,5.1895478220939539,,,,,,,,,,,,,,,
"2021Q3",14.0127514202265999,5.1341452492224899,16.9812293436856017,825.8794028693639575,687.5876799369245873,791.7534023632227900,691.7687958899824707,681.8487406173534282,641.1635398281998732,725.1140346037514064,485.8853846327622819,499.2517917688115290,489.1733696712099118,5.0609530810086785,10.0794523349066303,690.1322010481276266,804.7071577832819003,-2.4493734029915117,44.6108790630030541,0.0466557811642417,-1.5512110600018749,486.6005074135235873,427.2593583843182614,3.4128504708220930,3.3780702567997878,26.1551570324924256,4.8388237314198035,14.0127514202265022,16.9812293436856088,24.5000000000000000,4.4607492053660271,17.3326729415539376,0.1779051094421214,0.0928200571001229,-0.3357087829160369,-0.0157348149522877,0.2852544689536786,1.4772519230502219,833.6144076277137174,800.7322127370575799,677.0557423465760394,693.1378120618212506,671.1794593535145168,737.3245284809303257,4.7735030361240298,21.2550645499682425,2.3384706176952248,2.9147430523342051,-3.9509228350620011,11.1029229279655066,2.3855485014830968,2.1305468252791657,246.7189575714365617,1.8486681758083079,0.7300528155121010,11.6280762638120692,1.7782412069561455,5.1341452492224899,-7.7350047583504180,-8.9788103738347136,4.7929982707763248,-1.3690161718398024,-30.0159195253128068,-12.2104938771799674,2.2215022447716857,5.1465476319287458,825.8794028693641849,5.9065881280093180,3.6652837508575571,690.1322010481269444,482.8775749077675528,-0.8394996575479811,5.8307981229728885,3.1232396526527961,-1.8784070496177836,1.8822294374535691,14.0127514202265022,11.6280762638120692,0.6064339494582132,1.7782412069561455,26.1551570324924256,24.5000000000000071,0.1779051094421214,1.4772519230502219,4.8388237314198035,0.0928200571001229,4.4607492053660271,0.2852544689536786,16.9812293436856088,17.3326729415539376,-0.3357087829160369,-0.0157348149522877,5.1341452492224899,-8.9788103738347136,-7.2237416988541998,791.7534023632226763,-20.2230767502313427,-9.4597630599477860,800.7322127370575799,4.6420691550879178,5.4128175167546893,4.7929982707763248,1.6129973586154982,681.8487406173529735,-16.9397292766083467,149.5872645776005072,677.0557423465760394,14.5263882375557234,15.3294116531726665,-1.3690161718398024,691.7687958899823570,10.0413407900790101,-28.2218910422178517,693.1378120618212506,10.4612413527335413,12.5924829303636869,-30.0159195253128068,-19.0555590072127998,-5.1465476319279873,641.1635398282004417,30.9750467587991949,-18.0954504954395645,671.1794593535145168,17.0127827381746428,19.0497516875725630,-12.2104938771799674,725.1140346037508380,-11.0658836709218882,-22.3118111868437516,737.3245284809303257,2.9336369864616256,1.4830205028402432,-7.7350047583504180,-7.3316531694863700,825.8794028693641849,-2.8789177695101777,5.9065881280093180,833.6144076277137174,10.4612413527347279,12.5924829303617329,2.2215022447716857,0.8886008979086709,687.5876799369245873,6.1336113422066934,5.9040061441634011,685.3661776921533146,3.7573460298647365,3.7853943115434121,485.8853846327622819,2.3855485014830968,1.4175729423418761,-0.5816845172467633,482.8775749077675528,2.9147430523342051,0.5986179023250312,0.1260287950008017,499.2517917688110174,-3.9509228350620011,3.0313857581216559,-5.9752519647499440,489.1733696712095707,11.1029229279655066,7.0380786887129769,3.8902102086963644,-5.1586942802944566,-3.0078097249950471,0.5291945508490421,0.7077133122467225,1.5229819276265499,-4.5307916526219438,-0.3206554232444938,-0.3752533323343505,5.6734032558717731,13.3664071360492205,-6.3364713365437106,-5.3935674475031217,-7.8886574139193950,21.2550645499682425,1.5705460733855394,1.8347009791852820,-6.9500011436946121,3.2879850384470144,8.7173744264829836,4.4718947259436348,0.9495144207518174,2.3384706176952248,0.0108970505155041,0.0203611263654621,20.0624170750370112,5.0609530810086749,6.5833944381588170,4.4623351786831407,2.3317883534040811,1.3467588211978585,2.9262111561041144,2.1305468252791657,10.0794523349066303,1.5794523349066356,4.7735030361240298,-2.2295648451060863,4.3982497037896664,6.6082040153092931,4.7938641624894798,2.9262111561042010,2.9262111561041784,690.1322010481269444,3.6652837508575571,4.4718878655422216,690.9257730938533086,0.7300528155121010,1.8486681758083079,251.8655052033640231,4.6882283187666776,11.0649923003831461,4.1571388594637870,246.7189575714365617,1.9295681152344504,1.8040993610790683,1.8330897094727288,5.1465476319287458,804.7071577832821276,318.8217731505192774,13.8538693941908999,16.2019269497742400,-2.0551913707669569,-2.4493734029915131,44.6108790630030896,3.9376876202484898,6.7191332298401045,3.5462026421223758,0.0466557811642429,-1.5512110600018756,486.6005074135238715,-6.0112169132600508,27.3687122021306379,441.9896283505197516,-9.9489045335009720,20.6495789722901470,3.4128504708222041,438.5767778796972607,4.5657013626880234,4.8346466178899474,427.2593583843175793,25.0709874948825515,52.7511064061486437,382.6484793213147668,21.1332998746378777,46.0319731763091724,3.3780702567989720,379.2704090645162864,7.0758385292302419,6.9144281080192744,-0.8394996575479811,5.8307981229728885,3.1232396526527961,-1.8784070496177836,0.3620503723232549,-0.0749999999999814,0.0000000000000000,0.9773532009093486,0.0409633246623418,0.0000000000000000,0.2852544689536760,-0.0167304548294723,0.0000000000000000,-0.0157348149522896,-5.8141051325378790,-1.8784070496178202,-8.5312014359971542,-3.3638866429816314,0.9899215208655119,1.5705278780971792,3.1232396526527921,-1.3032779555193557,5.8307981229728938,0.5412696204433688,0.4225035713777001,0.3658214845594157,0.0335958506228037,2.5299480881445122,0.0400746815156086,-0.8394996575479809,-0.4620855673501217,-1.3859667249431680,1.1074720201992878,0.0229614218507812,-0.1679043916123817,-0.0030095652856299,0.1881238093089296,0.0096519017951783,-0.7051330114888065,0.0026212809812862,-3.4572673013058122,-0.0776873114725918,-0.9528807349969544,3.4775656648729409,-0.1067669543366585,0.2020082135393603,0.6231501097146075,6.0000000000000000,,,,,,,,,,,,,,,,,,,,,,,,,,,,,,,,,,,,,,,,,,,,,,,,,,,,,,,,,,,,,,,,,,,,,,,,,,,,,,,,,,,,,,,,,,,,,,,,,,,,,,,,,,,,,,,,,,,,,,,,,,,,,,,,,,,,,,,,,,,,,,,,,,,,,,,,,,,,,,,,,,,,9.2143723747429647,10.2339088002098606,1568.0000000000000000,826.6137805968861585,586.0000000000000000,1168.0000000000000000,2598.0000000000000000,-20.7389985679384843,784.3862194031138415,254.3862194031138699,483.7836439759783502,16.9812293436856017,865.8995103960469351,31.1729423002444008,-80.9785051341560091,334.6474285112952316,128.4469430429294050,3124.6313206943600562,16.2394178956765245,26.6176732140014565,642.3301461279811519,1301.4446666270100650,-565.6444049546399810,1397.4763504756799648,14.5397053886345020,207.0707276400150079,1.5620251558121632,0.6039210541482429,,,,21.2849169833589009,-12.4063108123547909,,,-47.9113168873460182,280.3999999999999773,855.7312992581724984,858.4333013989789833,6.0682625318681858,336.8072451632357343,574.7912913415965477,129.2759404379164323,57.1533861571383710,-138.1318912912943802,-2.8378717686013459,6.0845128273024898,-18.3093609258471446,-9.0261088065146282,-15.5826547251705847,346.3229672464592568,10.5627898918140488,-24.5891415765882897,36.3084937819129152,-16.5526677765942765,-10.4755878734383145,-19.9979648184513792,2.4142303285944706,-0.5799960083766820,2.9576374270047836,0.1261082446596191,-3.8738916904645748,-5.8002369354725545,11.7427567980004142,3.9668697272190059,3.7332835268786511,4.5733840479778394,4.7998634759568830,11.7003801064496997,5.1912073826926308,,,,,,,,,,,,,,,
"2021Q4",21.2411759442769998,5.8333574060991200,19.5108067733069994,829.6694922498440974,685.9757967507021021,794.5061939943981315,705.9794118161559027,668.8872560414087047,662.0260925855907317,734.6690969742310244,486.8635366715258215,496.7119149466254839,490.8016162586038718,5.0426457814302541,10.2552106782778054,691.3927860013282043,808.7922136378157347,-2.1728392872504116,44.9115744791700280,0.0533191161658735,-1.4597379624818196,488.3998250735537567,436.0460418693787688,3.8750542945019788,10.1954681328276706,28.8644939343726179,11.8874887832114187,21.2411759442769821,19.5108067733069852,24.5000000000000000,4.5731451309054183,17.3540435733073615,0.1370684152329243,0.0715139557735821,-0.2281004591346316,2.3848636591342527,7.2428296965324312,4.2274255191395707,835.6289885643154776,801.6826587750418867,680.4233446241388492,695.1523929984231245,674.8569791518425518,738.4679228871513033,4.7988662930881558,21.6272840753998388,2.3403151005987244,6.5502576187679011,-10.1595072887451963,6.5129863495775338,3.9126081550545333,2.3396055844109878,247.2260535820113319,1.8723787067083277,0.7587140349623669,11.7191015575980728,9.0853915565378429,5.8333574060991200,-5.9594963144721431,-7.1764647806446513,-11.5360885827307946,10.8270188177312132,-12.8308865662515057,-3.7988259129203272,-0.3306825144010257,4.5631675860304961,829.6694922498437563,7.5654756402632648,5.0423398128025578,691.3927860013280906,484.5151393124581887,-0.9697848532933362,-1.7724058605828934,3.6939195774712905,-14.7129196041179480,9.1764168503237133,21.2411759442769821,11.7191015575980728,0.4366828301410652,9.0853915565378429,28.8644939343726179,24.5000000000000036,0.1370684152329243,4.2274255191395707,11.8874887832114187,0.0715139557735821,4.5731451309054183,7.2428296965324312,19.5108067733069852,17.3540435733073615,-0.2281004591346316,2.3848636591342527,5.8333574060991200,-7.1764647806446513,-4.7055227303394229,794.5061939943972220,11.0111665246962360,-7.0294626648044787,801.6826587750418867,3.8017841519383122,4.9233277573726184,-11.5360885827307946,-7.8461863059530224,668.8872560414088184,-51.8459383037782544,48.8209799757957938,680.4233446241388492,13.4704091102482746,14.8139829671046694,10.8270188177312132,705.9794118161547658,56.8424637046887753,-9.4466210394854695,695.1523929984231245,8.0583237464030155,11.2197402505411006,-12.8308865662515057,-8.1601335127507326,-4.5631675860298557,662.0260925855902769,83.4502110295640307,37.2492998016884940,674.8569791518425518,14.7100791933159769,17.7294063395776007,-3.7988259129203272,734.6690969742311381,38.2202494819170084,-0.8075086700790868,738.4679228871513033,4.5735776248814144,2.4285393567769011,-5.9594963144721431,-3.3672192928265092,829.6694922498437563,15.1603575219192859,7.5654756402632648,835.6289885643154776,8.0583237464047990,11.2197402505390009,-0.3306825144010257,-0.1322730057604082,685.9757967507023295,-6.4475327448904167,3.1594369629932562,686.3064792651033486,3.7612062918001214,3.7702278454612301,486.8635366715259352,3.9126081550545333,4.1167163839457617,1.1041526755511040,484.5151393124581887,6.5502576187679011,3.9938896801588974,3.0033825008495296,496.7119149466255976,-10.1595072887451963,3.9850683470247334,-9.1606859201824165,490.8016162586036444,6.5129863495775338,5.8314315148378011,3.2850949963970644,-3.8549635343714641,-2.3483973590672620,2.6376494637114232,1.8992298252975337,2.2583252425731040,-4.6067226016407128,-0.3037237960748339,-0.3410352249581530,4.2167374351786000,9.8483782750998081,-14.0721154437983884,-10.2648385957334085,-11.7789058003003788,21.6272840753998388,1.4888781017261910,1.6692829122939958,7.8581546276919987,3.9380795870782390,2.6003781945238247,2.1809423208465870,1.5977644864794098,2.3403151005987244,0.0073779316140914,0.0141135134136924,31.7974306669843436,5.0426457814300365,6.8347480814244497,1.0487561012707829,-1.2908494831400104,-0.5233994855614983,1.2318111927158990,2.3396055844109878,10.2552106782778036,1.7552106782778023,4.7988662930881558,-0.1493946635802010,4.4578310681300080,6.4681492053821543,4.8129798065018585,1.2318111927159883,1.2318111927159938,691.3927860013280906,5.0423398128025578,3.8639501248331918,692.1687563502687226,0.7587140349623669,1.8723787067083277,251.7892211680409105,-0.3051361412954270,6.2167070854548312,-0.4720368175684122,247.2260535820113319,2.0283840422994457,1.8849305144567576,1.9269648401844739,4.5631675860304961,808.7922136378157347,321.9286769662895153,12.4276152630804884,15.2849279522886494,-1.9987387226654068,-2.1728392872504112,44.9115744791698859,1.2027816646753775,5.3561394614695264,1.3582778776639683,0.0533191161658737,-1.4597379624818196,488.3998250735538136,7.1972706401229196,20.2517715222413663,443.4882505943824640,5.9944889754550532,14.8956320607718169,3.8750542945019784,439.6131962998802578,4.1456736807352996,4.6341331638065961,436.0460418693805877,35.1467339402549968,57.1701521078475281,391.1344673902108298,33.9439522755822196,51.8140126463792328,10.1954681328294114,380.9389992573815675,6.6743607714631361,6.9690001050013377,-0.9697848532933362,-1.7724058605828934,3.6939195774712905,-14.7129196041179480,0.7662847814878750,-0.0749999999999882,0.0000000000000000,3.1933491730044068,0.0354333858076935,0.0000000000000000,7.2428296965324357,-0.0153026388310166,0.0000000000000000,2.3848636591342549,-2.3192618680659400,-14.7129196041179391,6.4186793941704678,1.1491839904327261,0.0125205114982565,-1.2192834123096916,3.6939195774712896,-14.4978564140488650,-1.7724058605828894,-0.0988317278234723,0.3337035768618337,0.5370865425791806,0.0493242743184963,-2.1490068412301051,0.0529605842000469,-0.9697848532933363,-0.6912630233277728,-1.8136677158480823,1.4250191798447391,0.0148119188822094,-0.1226396372825715,-0.0024294138498473,0.1952943328267208,0.0085773484808514,-0.6910837636841862,0.1295717115616055,-2.3434209774470034,-0.0900170124210432,1.7590870025922478,7.7294768453649851,-0.0636480084801316,0.0365424543160847,0.3061060951561831,7.0000000000000000,,,,,,,,,,,,,,,,,,,,,,,,,,,,,,,,,,,,,,,,,,,,,,,,,,,,,,,,,,,,,,,,,,,,,,,,,,,,,,,,,,,,,,,,,,,,,,,,,,,,,,,,,,,,,,,,,,,,,,,,,,,,,,,,,,,,,,,,,,,,,,,,,,,,,,,,,,,,,,,,,,,,8.6706695216105629,9.0709326081770030,2134.0000000000000000,664.3990184546486262,678.0000000000000000,1278.0000000000000000,3112.0000000000000000,-19.9699722089887040,913.6009815453513738,424.6009815453513738,567.3794996315027674,19.5108067733069994,1161.5131235941121304,40.4538280694944987,2.9023832819549114,420.9652472722070797,170.2659934084473150,3254.9172646005099523,16.3402234181353379,-21.7521136348258892,644.4215434468881085,1325.0663253164300386,-525.2508345858400389,1396.6004468331100270,-26.8772909378467375,272.4753674585010117,1.0858835116002572,0.5364080075317798,211.1439899863914036,57.4443206870983332,268.5883106734897297,7.5473136503454503,7.8605048878324295,,,90.1744555431994002,0.4800000000000000,857.4490271915996118,859.9233355282977982,5.9601365172752594,418.3748082443283920,187.5657522449509713,169.2182497352965811,-38.0218957282142185,40.9242790101691298,16.3698825928881888,7.8590133531827036,11.6402726885053625,-6.7880847695683997,-40.4562817679304345,62.9396661140495155,76.5483582092598454,-9.0141522134668719,130.3666790729469653,45.1348316791167008,46.5508813031101738,-0.8042570770029442,3.9901587789680661,1.1102709387932066,6.7695487893915782,3.0489389676376106,-9.6604713139170144,-8.7536194211815825,6.7297618384603197,3.3396499976257417,5.1716296832146043,3.9395715244610443,-0.3046710741214014,6.4140116676016703,5.1719514758987506,,,,,,,,,,,,,,,
"2022Q1",12.2616281516017995,7.5881765691954204,20.2121358928502985,833.8405444192799223,684.2406757495117517,790.0894152712800178,704.2562164860446501,680.6043075239034579,678.5768869229002576,729.0965936095008146,491.2326184291562754,505.8100351424737937,497.2054734101341182,5.1566821057077767,10.1354532029031219,692.3159091085885848,815.4194998458652890,-1.4367640280810292,45.5551813958566143,0.3028742060009465,-1.3317081283286623,501.3953586413268226,455.7586853690513635,15.3277316896348452,27.7710882903661513,27.3319895844903833,5.1417744599618276,12.2616281516017818,20.2121358928502950,24.5000000000000000,4.5973675901480267,17.3696540363127667,0.0739660331468718,0.0385909738156450,-0.2780337912782835,3.1205156478158287,0.5058158959981639,2.7580235513434017,837.0564589039229304,802.4363318800595835,683.5281187773880447,696.5798633380310321,677.9598230510065378,740.0220106561856710,4.8008908023396009,22.0127558855036298,2.3424571111509280,12.9154896569119799,36.3924807833934736,25.6154286061195755,17.4763270305231160,2.5565448580614643,247.7534871945235011,1.8840052588466163,2.1936231447201546,11.7277135538352386,0.1433237995258345,7.5881765691954204,-3.2159144846439269,-12.3469166087795674,-2.9238112534856233,7.6763531480124971,0.6170638718947667,-10.9254170466861407,-3.0176904395671240,2.3735915832374244,833.8405444192790128,9.3241977569658854,3.6924924290353252,692.3159091085882437,487.7440117266854145,-0.9586058321694166,13.2071773742051839,6.8960264814153875,5.1920902587941642,0.1519357957631073,12.2616281516017818,11.7277135538352386,0.3905907982407267,0.1433237995258345,27.3319895844903833,24.5000000000000320,0.0739660331468718,2.7580235513434017,5.1417744599618276,0.0385909738156450,4.5973675901480267,0.5058158959981639,20.2121358928502950,17.3696540363127667,-0.2780337912782835,3.1205156478158287,7.5881765691954204,-12.3469166087795674,-8.5544616517436243,790.0894152712801315,-17.6671148924716022,-5.2055053826150965,802.4363318800595835,3.0146924200701166,4.2119957751236976,-2.9238112534856233,-2.6333876354811308,680.6043075239037989,46.8682059299819613,9.5836508230358231,683.5281187773880447,12.4190966129990752,13.9531499367815499,7.6763531480124971,704.2562164860440816,-6.8927813204451773,13.8233467839131059,696.5798633380310321,5.7098813584303798,9.1914253090196354,0.6170638718947667,0.3742084262692247,-2.3735915832367729,678.5768869229004849,66.2031773492426225,59.3405157186207717,677.9598230510065378,12.4113755966560095,15.7801767913046938,-10.9254170466861407,729.0965936095002462,-22.2900134589249497,5.6365171726137344,740.0220106561856710,6.2163510761426304,3.8163023845990987,-3.2159144846439269,-4.8779781866200302,833.8405444192790128,16.6842086777451861,9.3241977569658854,837.0564589039229304,5.7098813584313666,9.1914253090177791,-3.0176904395671240,-1.2070761758268476,684.2406757495118654,-6.9404840047615153,-0.1590090901780856,687.2583661890790836,3.8075476959025889,3.7740455699421811,491.2326184291562186,17.4763270305231160,9.4127110489461465,5.7659691973377800,487.7440117266854145,12.9154896569119799,6.5643606347572376,5.7239806902540806,505.8100351424743621,36.3924807833934736,22.6391224913032652,4.0814003010326925,497.2054734101340046,25.6154286061195755,11.1998705373264755,10.1769900758242535,-2.0980132710673627,-3.4886067024706406,-4.5608373736133005,-0.0419885070845205,1.1967704807712543,-4.6853771832422666,-0.3146183264059562,-0.3221900381212665,4.1571856457433691,14.5774167133178150,18.9161537528715940,-1.6845688963049410,-7.4353391721862421,22.0127558855036298,1.5418872404152535,1.5782234627806568,51.8244007930889126,5.9728549809776750,8.1391015755969143,4.4110208784870437,3.6303978698269050,2.3424571111509280,0.0085680422081472,0.0105737049180114,74.7828526445060078,5.1566821057078283,7.0428173339952309,-1.4076785290497620,-3.9642233871110486,-1.6649391434990464,-0.0294859405962400,2.5565448580614643,10.1354532029031219,1.6354532029031277,4.8008908023396009,1.3335226740719164,4.4787007642183152,6.3791142651202479,4.8114645072576030,-0.0294859405961756,-0.0294859405961989,692.3159091085882437,3.6924924290353252,3.8521394838406300,693.5313254364477871,2.1936231447201546,1.8840052588466163,250.1270787777596070,-6.6485695611282729,2.2440400238858764,0.0755687037478733,247.7534871945235011,2.1097344500457926,1.9751964692440211,2.0042477275435036,2.3735915832374244,815.4194998458651753,324.1868814167088999,9.0328178016772664,13.0426489823241578,-1.9492101861558855,-1.4367640280810281,45.5551813958565646,2.5744276667537771,4.1158812302976262,2.4555946793266759,0.3028742060009462,-1.3317081283286616,501.3953586413265953,51.9821342710931873,22.8692269051390085,455.8401772454685101,49.4077066043470126,18.7533456748412348,15.3277316896347919,440.5124455558335512,3.5969970238152755,4.2892300026837260,455.7586853690511930,78.8505739986912886,46.9118264814004533,410.2035039731947563,76.2761463319409501,42.7959452511037313,27.7710882903656220,382.4324156828292871,5.9736657017884376,6.7233797004869773,-0.9586058321694166,13.2071773742051839,6.8960264814153875,5.1920902587941642,2.1714978661458604,-0.0749999999999759,0.0000000000000000,-0.2011743120543343,-0.0471202842121241,0.0000000000000000,0.5058158959981665,-0.0208491012615094,0.0000000000000000,3.1205156478158269,-7.0799641474309993,5.1920902587941740,8.9134510317343540,-6.4481594643013551,1.0757353296762742,-2.8854174338067153,6.8960264814153867,15.1544719329945679,13.2071773742051803,-0.4774068486265688,0.0557635924530979,-0.0491241732829107,-0.0045114036688387,-4.9736182574068533,0.0516817374181740,-0.9586058321694169,-0.7393953496348952,-1.9248029448923147,1.5098490246071612,-0.0059905031340757,0.0038706758998936,0.0019279037554651,0.1827696098613228,-0.0011355771908770,-0.6478305691300259,0.6057049019343579,1.2161497890898794,0.1532079091624733,12.9251980270435780,20.3283965534004665,-0.0179439620950236,-0.1341092888464805,-0.0332589925289830,8.0000000000000000,,,,,,,,,,,,,,,,,,,,,,,,,,,,,,,,,,,,,,,,,,,,,,,,,,,,,,,,,,,,,,,,,,,,,,,,,,,,,,,,,,,,,,,,,,,,,,,,,,,,,,,,,,,,,,,,,,,,,,,,,,,,,,,,,,,,,,,,,,,,,,,,,,,,,,,,,,,,,,,,,,,,10.0737291670374987,9.7710358588508370,1883.0000000000000000,813.1546907159314515,642.0000000000000000,1147.0000000000000000,3101.0000000000000000,-13.9145806771717986,909.8453092840685485,324.8453092840685485,609.0247199296675262,20.2121358928502985,1003.1127638197167471,32.6737715758911023,82.3110234930210112,99.8892825967914035,211.8877378002367777,3477.9384522721002213,26.5091448321982170,28.1387843405165370,646.8539514283274912,1318.6677406586900361,-483.7667763202239826,1487.4693008466899755,96.9538276054956896,366.2017363019509730,1.2665839520799740,0.5922889882352511,,,,4.3138071548514798,0.3596444275548993,1.1180908758959527,8.7883845584952276,-144.8240233980469611,0.4800000000000000,854.6757390181610390,861.4089014315226223,5.9422636128992963,98.3623969772573616,129.6838422055207047,208.6488684101269087,48.4737639761286090,33.8372595168924022,18.1567665417749424,9.7727328524085237,-16.1944665389026454,-5.0723395904860382,59.7886884708919695,10.0579113657257579,-6.6605943627753419,14.8243596934196233,93.8727390397957890,81.0141750104624805,-19.9805242917427819,5.7983959032456056,19.0964246635755046,5.9354427546915360,13.7866362111660408,5.8909713808926796,43.8966011118816368,4.1658342210420614,29.1952042755490311,10.7128692944080655,3.7615118222555850,3.9272963197235526,-6.4323699961886405,2.2694080025147798,5.2919541138271686,,,,,,,,,,,,,,,
"2022Q2",12.4874141704442998,7.1508353492066599,17.4436703080441013,837.6443341903570854,687.1516032263930356,794.3164013198011162,695.2178815067932192,713.4845287754642413,687.6263179704659478,743.0269657018687894,496.6306417271455302,515.2797087827888163,503.6955429943170657,5.3613434113930234,9.7446760794886522,692.9738548517482286,820.6801255306052099,-0.8069978474416359,44.9517979226561266,1.0906968838674400,-1.1712283976002555,508.4456892282587432,469.5226283777692515,22.2491059928503319,40.8886042746476619,23.9930371494051187,5.9380473290833482,12.4874141704442394,17.4436703080440978,24.5000000000000000,4.6157473306738970,17.3734954558964461,0.0052760871226076,0.0027527411073316,-0.1026116746229884,0.1727865267706334,1.3195472573021532,-0.5122389377176435,837.8737292826406247,802.9936663480245898,686.3469502276310550,697.3971337167484990,680.4542581763156477,742.0097311083185332,4.7886375397635748,22.4205553925438643,2.3448954784416753,17.8955831213159513,37.8786945612576602,25.9602783367317400,21.5920931919554846,2.7979207897421938,248.3014821466652506,1.8867683692028907,6.4905127824138962,11.7422518747774678,0.6345217928140416,7.1508353492066599,-0.2293950922847558,-8.6772650282228714,27.1375785478322307,-2.1792522099561387,7.1720597941505257,1.0172345935496900,-1.0811238619865600,-2.5937368792736861,837.6443341903560622,11.0452018786152664,2.6317829726360973,692.9738548517482286,492.2179075070139902,-0.9962232351085293,9.6305383026818916,8.3381461762667595,28.8825843361476906,0.6490601137562531,12.4874141704442394,11.7422518747774678,0.1106405028528336,0.6345217928140416,23.9930371494051187,24.5000000000000320,0.0052760871226076,-0.5122389377176435,5.9380473290833482,0.0027527411073316,4.6157473306738970,1.3195472573021532,17.4436703080440978,17.3734954558964461,-0.1026116746229884,0.1727865267706334,7.1508353492066599,-8.6772650282228714,-6.3195924785916802,794.3164013198011162,16.9079441940826847,-2.4927702309801116,802.9936663480245898,2.2293378718561927,3.4219708997357516,27.1375785478322307,16.9851178126828266,713.4845287754641276,131.5208850062440149,27.4008558389582006,686.3469502276310550,11.2753258009705135,12.9228049404432515,-2.1792522099561387,695.2178815067928781,-36.1533399170046650,5.9594208143318266,697.3971337167484990,3.2690815148679722,6.8746319931114908,7.1720597941505257,3.7738277396945561,2.5937368792746742,687.6263179704658342,36.1977241902637061,54.2065398319656069,680.4542581763156477,9.9777405012390314,13.5279945073460652,1.0172345935496900,743.0269657018692442,55.7214883694705634,15.1464601803876704,742.0097311083185332,7.9508818085287141,5.4186118740039042,-0.2293950922847558,-2.9171948727493295,837.6443341903560622,15.2151590843088851,11.0452018786152664,837.8737292826406247,3.2690815148690398,6.8746319931094169,-1.0811238619865600,-0.4324495447946241,687.1516032263932630,11.6437099075261674,1.0973261250202420,688.2327270883798747,3.8974435972036519,3.8058859036927783,496.6306417271453029,21.5920931919554846,10.3410683584866270,11.3416442197547731,492.2179075070139902,17.8955831213159513,8.7935913191718100,10.0690183623318568,515.2797087827891573,37.8786945612576602,17.9413376667766364,15.0401863052132203,503.6955429943170088,25.9602783367317400,10.3450327437250582,17.2979040550998135,-0.7022634496822358,-4.4127342201311075,-3.6965100706415499,-1.2726258574237252,0.3558684902686107,-4.7686027104000468,-0.3329021086308824,-0.3179749135886685,-1.9737307287260499,18.6490670556438438,16.2866013693032556,3.6985420854586439,-3.7714883369006058,22.4205553925438643,1.6311980281610992,1.5581273609219257,27.6758666209206972,7.0649012671720834,4.3681851447766258,5.9562598353458167,4.7200057887302105,2.3448954784416753,0.0097534691636652,0.0091491233754619,50.8389887862061585,5.3613434113928342,7.2536562208749933,-3.4322479077792440,-6.2301686975212167,-2.2845913579252595,-1.0399152784369936,2.7979207897421938,9.7446760794886522,1.2446760794886567,4.7886375397635748,0.9041371631755304,4.4706626261748985,6.3467649006854909,4.7977866631390347,-1.0399152784369077,-1.0399152784369097,692.9738548517482286,2.6317829726360973,3.7579747413331690,695.0088625517201990,6.4905127824138962,1.8867683692028907,245.7077452673902656,-17.6773340414796820,-4.9857028562826873,-0.7514263352396884,248.3014821466652506,2.1919798085679560,2.0649166040372280,2.0823808181395407,-2.5937368792736861,820.6801255306052099,324.0494838034596228,-0.5495904529974319,8.6911780014883906,-1.9154708155533238,-0.8069978474416335,44.9517979226562119,-2.4135338927945780,1.3253407647144044,-1.5347745683119509,1.0906968838674391,-1.1712283976002560,508.4456892282588569,28.2013223477287340,20.3423775864220353,463.4938913056013803,30.6148562405308482,19.0170368217072863,22.2491059928502501,441.2447853127508779,2.9293590276687915,3.8094327737264719,469.5226283777714684,55.0557720348886335,48.5310168671762270,424.5708304551158676,57.4693059276847507,47.2056761024621068,40.8886042746506959,383.6822261804654204,4.9992419905454222,6.1807767482574452,-0.9962232351085293,9.6305383026818916,8.3381461762667595,28.8825843361476906,0.8567470646089497,-0.0749999999999562,0.0000000000000000,-2.4428554236580062,-0.0517518799667229,0.0000000000000000,1.3195472573021521,-0.0324620400531717,0.0000000000000000,0.1727865267706319,-0.8721467703403576,28.8825843361477084,7.5318150075056849,-0.4023345845662043,2.3621139777714806,0.1259523138402880,8.3381461762667648,8.5060455211956807,9.6305383026818774,-0.4225506328188584,-0.2272318031241631,-1.2018603064184465,-0.1103749260996544,-11.7279049627085090,0.0408454251621704,-0.9962232351085291,-0.8844192892767229,-2.1746696234823388,1.6837449782950822,-0.0200658240363944,0.0454732388255830,0.0020422311763224,0.1877320810244466,-0.0088363637590597,-0.5950077911109334,0.5435603389545287,-4.8691285721212658,0.7039532516856315,12.7459123452766363,20.6157098226836979,0.0273089178955399,-0.3079382937650625,-0.3770571410640522,9.0000000000000000,,,,,,,,,,,,,,,,,,,,,,,,,,,,,,,,,,,,,,,,,,,,,,,,,,,,,,,,,,,,,,,,,,,,,,,,,,,,,,,,,,,,,,,,,,,,,,,,,,,,,,,,,,,,,,,,,,,,,,,,,,,,,,,,,,,,,,,,,,,,,,,,,,,,,,,,,,,,,,,,,,,,8.2350377960020182,7.3817199049446742,2305.0000000000000000,1008.9370045492572672,763.0000000000000000,1419.0000000000000000,3549.0000000000000000,-16.5133687020570541,891.0629954507427328,339.0629954507427328,617.8107823726734296,17.4436703080441013,1073.6335258316585168,29.6274799732578984,119.9366364502174349,22.3024218340997891,313.5836851746678917,3665.7977410185499139,21.0425027389596835,14.0153159083623251,650.0440315728678797,1498.3821259120200011,-608.1717005394450553,1677.3638901740600886,184.0766671529509040,303.5095589739299839,1.0345607942519019,0.5738116744376330,,,,0.7323827777114290,4.6041960435262110,,,167.0642262956953914,0.4800000000000000,857.8681819818453960,862.9110159434975458,6.0084580478996941,21.8174913909161567,139.7235541036972393,306.7653101767381827,68.8779549536033358,51.0586814966140992,16.4336725840594795,11.6782763173989963,18.4214211462580693,-2.4619572768787066,272.5528980966458903,31.5226058407553467,-30.3392670419699471,6.1405749334555821,43.6166257176921306,71.9554762526995830,74.5803457343134255,16.3537113965735301,24.1004251297364078,12.0098292030248217,19.5967918549207809,10.5933952230820978,46.0511834139028338,16.2301234810284569,29.6415026765873506,18.8841187366664371,2.6667201980033326,3.8294795104502555,-16.2030303136641436,-4.8634567138960136,5.5076666666664664,,,,,,,,,,,,,,,
"2022Q3",17.1426899729642983,4.0851051726661298,16.8725884643998008,836.4585411434618436,687.3660547084001564,791.6219716683434626,708.2468539449835134,702.6833944354110599,689.6536046118849299,748.3970844424952702,501.1212178593998487,525.3269740188994774,506.6400419345939099,5.8712206079331697,9.1172243457960320,694.2232377876515557,822.9563066126856938,-0.2798816518045584,43.5461961858410760,2.7096225661701165,-0.9844293693708239,494.1862546072064220,455.8857600063423661,8.8500033532341149,27.7022083004205797,27.6888761755269606,6.3264022618369973,17.1426899729642592,16.8725884643998079,24.5000000000000000,4.6080236371072480,17.3793987631524338,0.0411496179857877,0.0214693659055096,-0.1530624921923165,-0.3537478065603161,1.6969092588242674,3.1477265575412479,838.2476549689268950,803.4259161725417471,688.9350568344926842,697.7710594030356788,682.4946033443695796,744.3358980479390539,4.7850540690553647,22.8361093637650967,2.3468629287890068,13.9774068731495635,40.1890609444378555,11.7779957611031634,17.9623045290160590,3.0601831660586378,248.8702640006243882,1.8832414903846575,10.3545497053621158,11.7286248739547965,5.1983836229259559,4.0851051726661298,-1.7891138254661905,-11.8039445041994551,13.7483376009173988,10.4757945419474119,7.1590012675164409,4.0611863945546860,-1.8664506884735947,-6.8130892524312063,836.4585411434611615,10.5791382740977777,4.9975317436123099,694.2232377876516694,495.7122592253012385,-0.7504749880862756,1.6371784208353859,4.4241856100217865,-4.3898493248892541,5.1847566221031549,17.1426899729642592,11.7286248739547965,0.2156814760835321,5.1983836229259559,27.6888761755269606,24.5000000000000142,0.0411496179857877,3.1477265575412479,6.3264022618369973,0.0214693659055096,4.6080236371072480,1.6969092588242674,16.8725884643998079,17.3793987631524338,-0.1530624921923165,-0.3537478065603161,4.0851051726661298,-11.8039445041994551,-7.8345655308256203,791.6219716683432353,-10.7777186058347425,-0.1314306948808088,803.4259161725417471,1.7289992980752471,2.6937034354825742,13.7483376009173988,8.5432376978957034,702.6833944354107189,-43.2045373602122353,20.8346538180570064,688.9350568344926842,10.3524264274458790,11.8793144879158508,10.4757945419474119,708.2468539449828313,52.1158897527582852,16.4780580550011777,697.7710594030356788,1.4957027451442517,4.6332473412140454,7.1590012675164409,3.2465216989479506,6.8130892524321727,689.6536046118852710,8.1091465656792892,48.4900647836857814,682.4946033443695796,8.1613806722142659,11.3151439908559972,4.0611863945546860,748.3970844424954976,21.4804749625008498,23.2830498387431604,744.3358980479390539,9.3046677584839976,7.0113695670094129,-1.7891138254661905,-3.7208768110170647,836.4585411434611615,-4.7431721875804662,10.5791382740977777,838.2476549689268950,1.4957027451454010,4.6332473412121118,-1.8664506884735947,-0.7465802753894363,687.3660547083998154,0.8578059280283590,-0.2216252285243474,689.2325053968735347,3.9991132339762001,3.8663277047206464,501.1212178593996214,17.9623045290160590,8.5879891006514750,15.2358332266379790,495.7122592253012385,13.9774068731495635,6.6559151396885001,12.8346843175356504,525.3269740188990227,40.1890609444378555,19.3705425329837908,26.0751822500883037,506.6400419345936257,11.7779957611031634,5.5756965160563796,17.4666722633839804,-2.7939089108591380,-5.4089586340982798,-3.9848976558684073,-2.4011489091030898,-0.5555929691289812,-4.8533656649696200,-0.3390518182780698,-0.3225740123470978,-2.9000026194771964,24.2057561594998383,22.2267564154231749,10.8393490234504988,1.3696467957343756,22.8361093637650967,1.6622158848847104,1.5810448137968396,-54.4951454747866251,5.5188240751942645,-6.1843087679121940,2.2308390367467692,3.1719611464049526,2.3468629287890068,0.0078698013897425,0.0083923110938791,-55.2986648967176748,5.8712206079329974,7.5061854168360176,-0.7846945317559473,-3.8448776978144243,-1.4059257607279945,-0.7887014149323004,3.0601831660586378,9.1172243457960320,0.6172243457960376,4.7850540690553647,0.0891493500626308,4.4624800567082392,6.3660988828521710,4.7934463801492209,-0.7887014149322331,-0.7887014149322373,694.2232377876516694,4.9975317436123099,4.0910367395219911,696.4854463319218212,10.3545497053621158,1.8832414903846575,242.0571747481921250,-14.6022820767955075,-9.8083304551731079,2.8556780722127377,248.8702640006243882,2.2751274158366304,2.1513064291876800,2.1613710450447954,-6.8130892524312063,822.9563066126854665,321.8350887532853335,-8.8575802007002942,3.0133156027656063,-1.9196600179798002,-0.2798816518045577,43.5461961858410120,-5.6224069472530802,-1.0646828771608585,-4.1018730118789053,2.7096225661701148,-0.9844293693708234,494.1862546072064220,-57.0377384842100099,7.5857471936845444,450.6400584213639036,-51.4153315369494237,8.6504300708452035,8.8500033532339479,441.7900550681296750,2.1810790215156124,3.2132771884331528,455.8857600063430482,-54.5474734857015378,28.6264016220263002,412.3395638205023488,-48.9250665384459609,29.6910844991870171,27.7022083004214821,384.6373555200806891,3.8205173584574985,5.3669464555661692,-0.7504749880862756,1.6371784208353859,4.4241856100217865,-4.3898493248892541,-1.9903125019371997,-0.0750000000000288,0.0000000000000000,3.5062938139436142,-0.0769363270329511,0.0000000000000000,1.6969092588242698,-0.0303617381850615,0.0000000000000000,-0.3537478065603175,-7.1809587677793800,-4.3898493248892407,3.9437447473456473,1.3669427692343556,3.1392712269579026,-1.4340011436789704,4.4241856100217909,18.9163905360303701,1.6371784208353830,0.1310775044551504,-0.5029841257437573,-1.6409369484321901,-0.1506982911825491,-7.3805685113871515,0.0062907891933831,-0.7504749880862756,-0.7207363913742305,-1.6790761118609678,1.3897267324836124,-0.0126213584261943,-0.0038886134220518,-0.0009083208575896,0.1927465976970717,-0.0148500418979521,-0.5652548753792385,0.4786963247905769,-4.0876323789409454,1.5744473900151514,-4.9444423623332341,-2.1464728200722334,0.0696761884694100,-0.4553441033861753,-0.6788004330351134,10.0000000000000000,,,,,,,,,,,,,,,,,,,,,,,,,,,,,,,,,,,,,,,,,,,,,,,,,,,,,,,,,,,,,,,,,,,,,,,,,,,,,,,,,,,,,,,,,,,,,,,,,,,,,,,,,,,,,,,,,,,,,,,,,,,,,,,,,,,,,,,,,,,,,,,,,,,,,,,,,,,,,,,,,,,,6.3963464249666799,4.9924039510385967,1871.0000000000000000,1132.1887061173827078,851.0000000000000000,1588.0000000000000000,3304.0000000000000000,-18.4153654574149144,1037.8112938826172922,324.8112938826172922,616.1841617343861799,16.8725884643998008,1209.8960307186857790,34.0556926968591966,372.5492359132997535,93.3842729288531217,127.7783601421467097,3750.1948069187901638,9.1047243283219359,32.1679498016339593,649.6401823995757923,1438.3737483255599727,-473.5415344541059994,1620.7234014085599938,-93.5272091504707532,492.9671359576150280,1.5302718421004844,0.6800632131406729,,,,4.7300931873955703,8.3274916129025982,,,42.9259512526340217,0.8159999999999999,858.6722606619123326,864.4464876725586464,6.1418869162444025,90.2195232898397279,92.3160579557357295,123.4480108611529801,131.2684379993994526,241.2807979139003010,-4.6324413910185172,11.1589955466340029,-10.2172377343179903,-0.1313443625695498,-35.0820079614530158,23.1639905856478379,68.3978077338040293,17.9134365310765560,8.4470083799065492,62.4013651559509697,23.9619837097650503,26.2167521764426965,19.6766151446605875,16.4577467357249247,15.0013945394340737,13.6947276721151212,49.4647823377161728,29.7905514515356060,12.4996537204308424,19.0849267361612078,5.1245148630265618,4.1758725812460824,-13.5862017332758711,-9.3426621080758849,6.0469999999998247,,,,,,,,,,,,,,,
"2022Q4",7.9115606507728398,3.7866547434132900,16.5077189683661985,836.3554043278244308,686.5989162387871829,793.5701540006219830,679.6836683194078432,707.2732805763409942,689.3714972724078507,735.6793707818380881,505.9234110626289294,535.7728949221518633,509.7281662511088598,6.6199640714203687,8.6864735012633076,696.5136406038175210,825.4793202301925703,0.1487480260122567,42.4821571165008294,4.0981981721620357,-0.7792421266797790,492.4267707870997128,444.4968830278218661,7.8026136598819562,16.7424420621854892,20.2892634849434508,4.1300161341958974,7.9115606507732519,16.5077189683661736,24.5000000000000000,4.5793516887108634,17.3861553591910081,0.0460000000000437,0.0239999999999153,-0.2301695035824081,-0.6482668872424819,-0.4733355545148526,-4.2567365150566792,838.3554043278240897,803.8074451872826103,691.3646657172391770,697.8788087619323051,684.2415456710854187,746.8997056722666912,4.8152054124336114,23.2129995464785175,2.3468710066539842,15.2116394629701137,41.7836836130110711,12.3524972660584282,19.2087728129190936,3.3631335975744379,249.4635976692746056,1.8877077833835929,13.8447850834348465,11.6931963295197683,-4.0818051823288517,3.7866547434132900,-2.0000000000000000,-10.2372911866599967,15.9086148591023964,-18.1951404425227352,5.1299516013231345,-11.2203348904282123,-3.6652554032877420,-9.9829690399979505,836.3554043278260224,6.6859120779829260,9.1616112646610102,696.5136406038178620,499.5151690910431057,-0.4780365821073468,5.9734916372361164,8.0297126767067351,8.0648883108799190,-4.1172337267640229,7.9115606507732519,11.6931963295197683,0.3001695035822858,-4.0818051823288517,20.2892634849434508,24.5000000000000178,0.0460000000000437,-4.2567365150566792,4.1300161341958974,0.0239999999999153,4.5793516887108634,-0.4733355545148526,16.5077189683661736,17.3861553591910081,-0.2301695035824081,-0.6482668872424819,3.7866547434132900,-10.2372911866599967,-9.1094912274388111,793.5701540006224377,7.7927293291174067,-0.9360399937755814,803.8074451872826103,1.5261160589622638,2.1247864122384668,15.9086148591023964,8.1723298614461459,707.2732805763423585,18.3595445637277450,38.3860245349337532,691.3646657172391770,9.7184355309868824,10.9413210931004325,-18.1951404425227352,679.6836683194093212,-114.2527425022954333,-26.2957434967450290,697.8788087619323051,0.4309974355870052,2.7264157635098805,5.1299516013231345,1.7201695536507298,9.9829690399986717,689.3714972724080781,-1.1284293579063300,27.3454046868181813,684.2415456710854187,6.9877693068662321,9.3845665192434851,-11.2203348904282123,735.6793707818387702,-50.8708546426294816,1.0102738076067421,746.8997056722666912,10.2552304973058916,8.4317827851155620,-1.9999999999995115,-8.1726578134336805,836.3554043278260224,-0.4125472625441429,6.6859120779829260,838.3554043278240897,0.4309974355888153,2.7264157635079034,-3.6652554032877420,-1.4661021613150980,686.5989162387866145,-3.0685538784526898,0.6231194880850852,690.2641716420746434,4.1266649808036400,3.9576923769715315,505.9234110626296115,19.2087728129190936,7.2897877994802585,19.0598743911040494,499.5151690910431057,15.2116394629701137,4.8042452110427272,15.0000297785861925,535.7728949221523180,41.7836836130110711,20.2163755776148122,39.0609799755275660,509.7281662511090303,12.3524972660584282,5.6185888446398051,18.9265499925044800,-3.5965938079989392,-6.4082419715860786,-3.9971333499509192,-4.0598446125187300,-1.4781548300741569,-4.9300871415122796,-0.3068859061702129,-0.3233645398709358,2.5321203127072258,29.8494838595233105,22.5749108000935941,20.0011055844236019,6.6364843130445053,23.2129995464785175,1.5075607308534886,1.5857154710785570,0.1570081763138331,3.8047551884795774,-6.8562755468598837,-0.1333243985989357,1.4578841818254222,2.3468710066539842,0.0000323114599316,0.0065559060552902,-41.0000264225966902,6.6199640714203838,7.8714531038379194,1.8157188603772281,-1.5474147371970604,0.5646048323339278,0.7510783335968685,3.3631335975744379,8.6864735012633094,0.1864735012633117,4.8152054124336114,-2.0162997337310551,4.4918408725626344,6.4009208835121365,4.8217613184888695,0.7510783335969347,0.7510783335969637,696.5136406038178620,9.1616112646610102,5.1208546024865491,698.7031299556718977,13.8447850834348465,1.8877077833835929,239.4806286292754862,-10.3061844756675427,-12.3085925387660033,9.0616254899929487,249.4635976692746056,2.3733346746006538,2.2375440872629762,2.2546679408706249,-9.9829690399979505,825.4793202301929114,319.5559091675635273,-9.1167183428890208,-2.3727677987266405,-1.9473332186245473,0.1487480260122592,42.4821571165007157,-4.2561562773532380,-2.4294173626681284,-3.0088724759590426,4.0981981721620366,-0.7792421266797795,492.4267707870988602,-7.0379352804292399,4.0269457135462536,449.9446136705971071,-2.7817790030685714,6.4563630762145410,7.8026136598814535,442.1420000107153783,1.4077797703415196,2.5288037108347639,444.4968830278223777,-45.5555079140743047,8.4508411584438647,402.0147259113218183,-41.2993516367184839,10.8802585211122977,16.7424420621876031,385.2722838491342259,2.5397133162132164,4.3332845917533627,-0.4780365821073468,5.9734916372361164,8.0297126767067351,8.0648883108799190,-0.7558978429197745,-0.0750000000000247,0.0000000000000000,-6.4601451053354602,-0.0982707665410444,0.0000000000000000,-0.4733355545148452,-0.0294494163298781,0.0000000000000000,-0.6482668872424795,-1.0603109938786659,8.0648883108798941,2.4285701776324515,-7.7395236252189861,3.0974424477645135,-2.9186751278983101,8.0297126767067795,12.1144212445296517,5.9734916372361369,0.9126089004018225,-0.3690284099531254,-1.6008841387897370,-0.1470199719296706,-3.1891246343611863,-0.0176121292675315,-0.4780365821073469,-0.4779728829848121,-1.1271456396354524,1.0541928188479777,0.0207551085894582,-0.1864598385045582,-0.0070505097908390,0.2119636295558582,-0.0072095579626006,-0.5190388379698353,0.4118367787085367,-0.1542832654742945,1.4250435978195253,2.3156115808763502,-3.4801699971204698,0.1067443057539603,-0.5551913490225645,-0.8987523063992153,11.0000000000000000,,,,,,,,,,,,,,,,,,,,,,,,,,,,,,,,,,,,,,,,,,,,,,,,,,,,,,,,,,,,,,,,,,,,,,,,,,,,,,,,,,,,,,,,,,,,,,,,,,,,,,,,,,,,,,,,,,,,,,,,,,,,,,,,,,,,,,,,,,,,,,,,,,,,,,,,,,,,,,,,,,,,4.5576550539314269,2.6030879971324339,2771.0000000000000000,1157.2896760979390365,832.0000000000000000,1392.0000000000000000,4210.0000000000000000,-13.5438350321765490,842.7103239020610772,246.7103239020610488,641.0262746800674449,16.5077189683661985,928.3226609131812666,24.4120888932256008,61.2239585224205598,81.2022030582886032,144.8702246524047155,3846.0164461203698920,10.0920544700275059,18.8580816006558578,656.6655729654148672,1352.2215573253899947,-375.2105790667250176,1526.0447788047299582,-139.4419407419652543,659.3904878275179726,1.0312875238004751,0.5979996073571943,173.0907835415012528,49.8250137378147357,222.9157972793159672,1.0843958376086000,3.0405100697509493,,,390.2153464181852769,0.8159999999999999,865.6995709688048919,866.0289734558157306,6.3299431330283369,76.6738913644157236,70.4661773185968769,136.7914101907259976,86.9321918486090226,-25.7082333261884628,-0.4116974553454043,6.9144847272134058,8.1044056657215435,-0.9316727763487478,20.1529640701241703,46.7940275865437911,-68.0988276159954893,-23.1225380468551975,-1.1220864745651227,31.4496952572395685,-39.8728408041863815,1.0153943025844825,21.1776819215330221,20.9973845288569976,16.4295746317903166,16.1834588706146150,51.8672861644543843,47.7881731077021072,13.1478260211818281,20.8361729846535724,9.5944022265949940,5.2542373924585206,-9.7928816616468595,-11.5812314872936355,6.8440000000000278,,,,,,,,,,,,,,,
"2023Q1",8.5617660958674406,3.0878889271697498,18.0660790888757994,841.1663167013965676,688.1954120575466050,805.2910901372071066,698.6600862735854207,704.4454244037501667,702.4378396532653142,760.7526100072103645,509.7454373007583968,545.8792711792656291,509.7968074185225760,7.0989146411406949,7.7200947221774907,699.6513032390611215,828.4345794954818984,0.5009815464534597,42.5562007465529746,4.6692727991982350,-0.5642243437469027,495.8667469323911519,437.6523791198218873,11.0106496044885489,9.5173731779902369,23.9722949358999742,2.6555502488428568,8.5617660958672523,18.0660790888758100,24.5000000000000000,4.5626937062439996,17.3916216403492321,-0.0653234574315618,-0.0340818038774545,0.1367596639576249,0.5376977845689982,-1.8730616535236770,-0.4623816066682780,838.3261663782813002,804.1913349694900717,693.6847933334940990,697.8495708123891745,685.8160358585018912,749.6260107600961646,4.8798920240848425,23.5079196559368953,2.3432569327207209,11.4811439755545717,40.4255050284511270,0.2745646696522052,15.2881049525162940,3.7007702932007582,250.0852754787076719,1.9026189611045243,13.0807138250515269,11.6710720658948581,-2.8731410447610068,3.0878889271697498,2.8401503231140595,1.0997551677159121,10.7606310702552825,0.8105154611930775,16.6218037947626343,11.1265992471125639,-3.1396960072024069,-10.2632265780224241,841.1663167013956581,7.3257722821171383,12.5506505409748605,699.6513032390615763,502.3854550849312091,-0.2758544350836579,-5.4192833747636975,-0.0922277664297921,-0.1542594688081030,-2.8952653083860449,8.5617660958672523,11.6710720658948581,-0.2361649252667193,-2.8731410447610068,23.9722949358999742,24.5000000000000639,-0.0653234574315618,-0.4623816066682780,2.6555502488428568,-0.0340818038774545,4.5626937062439996,-1.8730616535236770,18.0660790888758100,17.3916216403492321,0.1367596639576249,0.5376977845689982,3.0878889271697498,1.0997551677159121,1.3936861348871350,805.2910901372058561,46.8837445463312434,15.2016748659247352,804.1913349694900717,1.5355591288285799,1.7550030894280491,10.7606310702552825,7.6945440308963962,704.4454244037500530,-11.3114246903668239,23.8411168798463997,693.6847933334940990,9.2805104650189403,10.1566745561053953,0.8105154611930775,698.6600862735830333,75.9056718166989555,-5.5961302124604906,697.8495708123891745,-0.1169517981711063,1.2697074743593966,16.6218037947626343,9.1115292239603960,10.2632265780230174,702.4378396532636089,52.2653695234244111,23.8609527303639020,685.8160358585018912,6.2979607496649512,7.8562128074956323,11.1265992471125639,760.7526100072086592,100.2929569014773534,31.6560163977059617,749.6260107600961646,10.9052203513144637,9.6040001039085841,2.8401503231140595,2.0997275573877072,841.1663167013956581,19.2436494942876521,7.3257722821171383,838.3261663782813002,-0.1169517981711676,1.2697074743573182,-3.1396960072024069,-1.2558784028809575,688.1954120575467186,6.3859832750401466,3.9547363080355158,691.3351080647493063,4.2837456906984706,4.0767418756705025,509.7454373007586241,15.2881049525162940,10.3440481753850726,18.5128188716021995,502.3854550849312091,11.4811439755545717,9.4789954169915269,14.6414433582467787,545.8792711792658565,40.4255050284511270,17.2631502927434575,40.0692360367916720,509.7968074185226328,0.2745646696522052,4.1164441520540098,12.5913340083876513,0.2194749428866265,-7.3599822158269976,-3.8069609769635027,-3.8713755133563139,-2.3701757121572573,-4.9898065036701427,-0.2388774486314120,-0.3044293204273061,10.3601138234603614,36.1338338785074384,25.1374000759364264,21.5564171651898526,12.6259142225703958,23.5079196559368953,1.1796804378336563,1.4951637704332090,24.6108154883440662,0.0513701177642521,-15.0135402828624791,-5.9214848632137222,-2.2918868149567291,2.3432569327207209,-0.0144562957319572,0.0007998215702410,-18.3157405604161845,7.0989146411403086,8.3417848686543277,-2.3800807758512157,-6.0808510690517297,-3.6256008449971890,-4.4055061228201104,3.7007702932007582,7.7200947221774996,-0.7799052778225031,4.8798920240848425,2.3798725604420827,4.5754627036575668,6.3750557945180635,4.8806918456551207,-4.4055061228200687,-4.4055061228200287,699.6513032390615763,12.5506505409748605,7.3353941304712942,701.3171982508504243,13.0807138250515269,1.9026189611045243,239.8220489006836544,1.3656810856302375,-10.3050298770765920,6.7368812132486777,250.0852754787076719,2.4867112377296188,2.3317882841840567,2.3623756758431207,-10.2632265780224241,828.4345794954817848,318.6891421947231038,-3.4670678913599406,-5.4977392219861470,-1.9848264179046393,0.5009815464534633,42.5562007465530314,0.2961745202149828,-2.9989806493027795,0.6329921620956784,4.6692727991982332,-0.5642243437469012,495.8667469323908108,13.7599045811659781,-5.5286117089344931,453.3105461858365857,13.4637300609585946,-2.5296310596320595,11.0106496044881705,442.2998965813480936,0.6315862825324121,1.7874510255140845,437.6523791198225126,-27.3780156319904791,-18.1063062492265239,395.0961783732697086,-27.6741901522037566,-15.1073255999252503,9.5173731779926580,385.5788051952769706,1.2260853845682584,3.1463895124500998,-0.2758544350836579,-5.4192833747636975,-0.0922277664297921,-0.1542594688081030,-1.3054384445368954,-0.0749999999999478,0.0000000000000000,2.5173339538714004,-0.0876903980312951,0.0000000000000000,-1.8730616535236777,-0.0306721652499956,0.0000000000000000,0.5376977845689899,7.4692300892381454,-0.1542594688081067,15.1896861055708143,3.6224848206580704,0.8007716366772346,-1.6735938458873036,-0.0922277664298257,10.5607242340755079,-5.4192833747637223,-0.5501890171572832,-0.9477314289594807,-0.8333275562993556,-0.0765300817009625,-3.2674772908684702,-0.0301994479673501,-0.2758544350836580,-0.3136065973167149,-0.7020233997560995,0.8011480709757428,0.0583055112002819,-0.3751504928962789,-0.0144853760458846,0.2320432968589941,0.0036819560592925,-0.4639995255369583,0.3611584020019221,3.3050469961739992,0.6769713991634079,6.1730291353616096,-2.7046095274043296,0.1370935702648938,-0.6354155107750714,-1.0596566000259502,12.0000000000000000,,,,,,,,,,,,,,,,,,,,,,,,,,,,,,,,,,,,,,,,,,,,,,,,,,,,,,,,,,,,,,,,,,,,,,,,,,,,,,,,,,,,,,,,,,,,,,,,,,,,,,,,,,,,,,,,,,,,,,,,,,,,,,,,,,,,,,,,,,,,,,,,,,,,,,,,,,,,,,,,,,,,0.0950036799003726,-4.9924745396811829,2653.0000000000000000,1114.9798551724609297,896.0000000000000000,1652.0000000000000000,4031.0000000000000000,-19.7721379788742659,1019.0201448275390703,353.0201448275390703,704.3535197016533402,18.0660790888757994,1070.8622158291864253,26.5386973633329006,-242.5195788092238445,500.5083716407350494,108.5199032960219228,3961.3723409348799578,11.8210370611573126,10.1224575054765893,660.1065581147441890,1330.3705396450900480,-352.8470041958980232,1475.5447531433298991,-67.8537155991689360,692.7216600801480126,1.4367092292483254,0.7051274321582831,,,,15.8714708145445993,-10.3975936458469089,1.5602146823192051,11.0436376368022753,-192.2458247092162082,0.5676000000000000,862.2991359747560409,867.6685212384970782,6.5581911307253904,457.9988035441837724,434.3731149036145212,99.3030060763592104,-202.1103385364731935,-40.4092402727506510,21.2199520463264975,7.6007812952144036,59.8135193513006698,16.4179734718506296,-10.6951373752774259,26.9230953717873831,113.6260174383389199,-5.4424273045948155,68.6497166201182267,26.9482741443868008,172.6256898732750074,37.2398808722872730,16.5186371227043338,20.3372689040903083,12.1661916785135418,15.7675868403586179,49.8186011001652957,49.2857935583022595,0.2749419436493241,13.4183875744534333,13.3722544266228596,7.6111349773183150,1.3750491069557000,-9.7918401255168135,7.3569573722640280,,,,,,,,,,,,,,,
"2023Q2",12.8906840468757995,5.9983666835127503,16.9641438518400989,840.6696088289010049,689.0935959472949435,796.7909756862502491,711.1623946783145129,713.2505223645654269,709.5951358795199440,764.4544349263456979,510.7074642115405254,549.0370855980315810,508.9484080011404217,7.4585252914809139,7.8479122812027615,703.6338120156123068,833.8121063280151475,0.7526335288299322,43.7576052359187955,5.1326627165340630,-0.3478224657022175,494.3594290903241131,433.6989117478532876,8.3339259999984847,4.3821288994869860,27.3520391679796937,2.5027887307367780,12.8906840468764958,16.9641438518400101,24.5000000000000000,4.5510808285419815,17.3984536382303290,-0.0505938141114823,-0.0263967725800266,0.0220501448701241,-0.4563599312604683,-2.0218953252251359,2.9026329820909988,838.4698777805722330,804.6931040712264576,696.0340897191498470,697.9932822146803346,687.4942376582296220,752.3075908391482471,4.9654139240488142,23.6957119799389524,2.3354947595117936,2.6920943723161019,12.6312576750617964,-3.3935976695324253,3.8481076431287882,4.0135175725625718,250.7270299401691886,1.9226730847113418,10.3452301440275978,11.6526271903116125,1.3370975881263882,5.9983666835127503,2.1997310483282830,-7.9021283849754864,17.2164326454146881,13.1691124636356758,22.1008982212920877,12.1468440871971666,-3.3541425655562107,-6.3940913666458004,840.6696088289014597,3.0252746385454676,15.9300351061994920,703.6338120156120794,503.0584786780094078,0.1866919266610337,-6.4079026246813333,-6.1609794752068208,9.2068899944380220,1.3186527125432856,12.8906840468764958,11.6526271903116125,-0.0990407315617425,1.3370975881263882,27.3520391679796937,24.5000000000000639,-0.0505938141114823,2.9026329820909988,2.5027887307367780,-0.0263967725800266,4.5510808285419815,-2.0218953252251359,16.9641438518400101,17.3984536382303290,0.0220501448701241,-0.4563599312604683,5.9983666835127503,-7.9021283849754864,-3.9605682218960436,796.7909756862507038,-34.0004578038245810,2.4745743664493567,804.6931040712264576,2.0070764069462945,1.6994377232004692,17.2164326454146881,12.1521690896164625,713.2505223645656542,35.2203918432652969,-0.2340064108977682,696.0340897191498470,9.3971855426272182,9.6871394915196198,13.1691124636356758,711.1623946783172414,50.0092336189306295,15.9445131715257080,697.9932822146803346,0.5748456091625003,0.5961484979333187,22.1008982212920877,13.6582313041624150,6.3940913666465100,709.5951358795203987,28.6291849050254825,21.9688179090549554,687.4942376582296220,6.7128071989090268,7.0399794819130825,12.1468440871971666,764.4544349263464937,14.8072996765404206,21.4274692244756295,752.3075908391482471,10.7263203162096818,10.2978597308289803,2.1997310483282830,1.4665738240365205,840.6696088289014597,-1.9868314899784281,3.0252746385454676,838.4698777805722330,0.5748456091647769,0.5961484979313301,-3.3541425655562107,-1.3416570262224812,689.0935959472948298,3.5927355589929810,1.9419927209022099,692.4477385128511742,4.4505217924079457,4.2150114244715784,510.7074642115403549,3.8481076431287882,6.2087472737095410,14.0768224843958443,503.0584786780094078,2.6920943723161019,6.3834139702014108,10.8405711709968795,549.0370855980319220,12.6312576750617964,6.2433115938658545,33.7573768152430347,508.9484080011398532,-3.3935976695324253,4.1264235598204975,5.2528650068219589,0.4809665653340741,-7.6489855335307633,-1.1560132708146893,-3.2362513133995545,-2.6216288470983953,-5.0273566864327632,-0.1502007310500463,-0.2587539760320544,18.1686352178264237,38.3296213864912332,8.7831500319346212,19.6805543308474959,14.6339094065523057,23.6957119799389524,0.7511692960073727,1.2751565873949178,8.3631108269160883,-1.7590562104005916,-7.2417053126603568,-8.8239574775725966,-4.0945509699125893,2.3354947595117936,-0.0310486928358029,-0.0094007189297136,-2.2531898579653253,7.4585252914808011,8.8287307655614438,1.0751113212789409,-2.9384062512834443,-3.1217956688353277,-3.7738833876330991,4.0135175725625718,7.8479122812027580,-0.6520877187972375,4.9654139240488142,1.7411463494705604,4.7066599480167248,6.2405705114436980,4.9560132051190733,-3.7738833876330218,-3.7738833876329965,703.6338120156120794,15.9300351061994920,10.6599571638621526,704.4637991524326708,10.3452301440275978,1.9226730847113418,244.3329385735225117,18.0435586913506576,-1.3748066938691412,9.6231285240042741,250.7270299401691886,2.5670178458457276,2.4255477935034642,2.4386669535534464,-6.3940913666458004,833.8121063280151475,323.1046421164744515,17.6619996870042861,-0.9448416869855061,-2.0328173824448776,0.7526335288299350,43.7576052359187031,4.8056179574725446,-1.1941926867360275,4.2405469119016335,5.1326627165340604,-0.3478224657022169,494.3594290903238289,-6.0292713682672119,-14.0862601379337331,450.6018238544039036,-10.8348893257319467,-12.8920674511975939,8.3339259999981472,442.2678978544055326,-0.1279949077717637,1.0231125416540716,433.6989117478548224,-15.8138694878573922,-35.8237166299130152,389.9413065119368298,-20.6194874453264703,-34.6295239431766149,4.3821288994893397,385.5591776124471721,-0.0785103313260615,1.8769514319819047,0.1866919266610337,-6.4079026246813333,-6.1609794752068208,9.2068899944380220,1.9544222199278749,-0.0750000000000021,0.0000000000000000,3.2263001067586998,-0.0834781923898337,0.0000000000000000,-2.0218953252251364,-0.0292517857153840,0.0000000000000000,-0.4563599312604651,-9.7639669705548471,9.2068899944379012,12.3497539693755130,4.7276455279406804,2.7065658821167737,-2.0982641626752430,-6.1609794752068296,-9.2874450305191658,-6.4079026246812987,-0.4922169403497603,0.0498270312430178,0.3335057381403217,0.0306280779924802,20.2806822643276021,-0.0444465331555059,0.1866919266610338,0.2190972929611492,0.3681411788292657,0.0047576745627598,0.0856094606781287,-0.5085693710046983,-0.0180380266770487,0.2046421700025864,0.0103160197172722,-0.4228879917433476,0.2817108751636795,4.1726257953769093,0.5978404208148296,1.5073232452154883,-2.5655535204436433,0.1599794436699995,-0.6964225620509228,-1.1819871774403361,13.0000000000000000,,,,,,,,,,,,,,,,,,,,,,,,,,,,,,,,,,,,,,,,,,,,,,,,,,,,,,,,,,,,,,,,,,,,,,,,,,,,,,,,,,,,,,,,,,,,,,,,,,,,,,,,,,,,,,,,,,,,,,,,,,,,,,,,,,,,,,,,,,,,,,,,,,,,,,,,,,,,,,,,,,,,-0.0080773441126780,-3.9752605582032743,2747.0000000000000000,1118.7191706280718790,1003.0000000000000000,1842.0000000000000000,4255.0000000000000000,-19.7042024538988478,1228.2808293719281210,391.2808293719280073,726.6959815952789086,16.9641438518400989,1297.3767991854915635,29.8363903734016986,39.0139598191164794,201.5281001067176021,330.1387576643785451,4180.2279740589801804,21.5101073301329961,2.8069225493720502,664.2636961220101739,1640.5637978653699065,-529.6579153758630127,1925.3711533239600158,360.2715619678504027,535.7676240723260435,1.1930119537250294,0.7527462592783476,,,,5.6493402435551596,1.2429771198078896,,,170.7691629945106797,-60.5649999999999977,865.3253797406691774,869.3749730892769776,6.8258074031195974,177.2118633953665210,119.4189762649677959,290.3044508123446121,94.1306197917505472,-55.1166599726340678,-1.9672240633550189,3.0715010528218727,-28.8232935741691279,2.5054460797742593,42.2198506641536824,-0.2337328293371286,64.8873514368184772,17.2859907643855450,33.1480990015151349,24.5688238381148523,15.9597540143176388,23.8962941565832523,3.9231062211494248,15.1157807282004768,2.7286586100444481,11.4499819301874908,13.4636773935324925,40.1542993815855880,-3.3366610279538520,5.3932756891377380,17.2690112512063507,11.2488693253111904,19.7738968931894021,-1.3653993867497576,7.7437194268261456,,,,,,,,,,,,,,,
"2023Q3",10.3879647220467994,4.7340094399870596,16.8502558084446008,845.8867956411593241,694.1332812442765317,802.0522124640381207,698.4502635943742916,732.4113333476875596,702.1997218937887055,762.2156776353102714,513.1500950889617343,552.8750177732907787,509.7963618773102326,7.6897619716663801,7.0947507547317787,708.6284902977521369,839.8286771996431526,0.9076362853733997,45.7750220526281453,5.3888257888864146,-0.1376826337733671,489.0501447103839041,444.1785782412596291,1.2180840974866669,13.1819486758155904,22.6904165149669552,4.5478040155242345,10.3879647220468438,16.8502558084446008,24.5000000000000000,4.5589212959726977,17.4056260266026115,-0.1585352741519836,-0.0827140560794124,0.1422313754849985,-0.6976015936429980,0.0715967756309730,-1.6510482108809614,838.9939576345478827,805.3932007779228570,698.4994142886848749,698.5173620686560980,689.4510306375674418,754.8045984487564510,5.0832504504738720,23.7436711744716824,2.3225131035504853,9.1910018915895986,15.3517287010357055,3.3918155046789038,9.7705235096827892,4.3340293998458446,251.3839897323038883,1.9752648235073482,6.8940065418423568,11.6532952693701084,-0.8818498416069112,4.7340094399870596,6.8928380066106163,-3.3409883138843726,33.9119190590022725,-0.0670984742834722,12.7486912562225143,7.4110791865530636,0.5292377711556550,-2.3367065328286682,845.8867956411592104,9.4282544976988536,19.9787131285550537,708.6284902977527054,505.3562291509064153,0.5320609322892109,-3.2366136728788910,-0.0077085328881709,20.8624879711360194,-0.8811817625485601,10.3879647220468438,11.6532952693701084,-0.3834807057164685,-0.8818498416069112,22.6904165149669552,24.5000000000000675,-0.1585352741519836,-1.6510482108809614,4.5478040155242345,-0.0827140560794124,4.5589212959726977,0.0715967756309730,16.8502558084446008,17.4056260266026115,0.1422313754849985,-0.6976015936429980,4.7340094399870596,-3.3409883138843726,-1.6498626348477337,802.0522124640384618,21.0449471111501509,10.4302407956947771,805.3932007779228570,2.8003868267863297,1.9672846053782411,33.9119190590022725,22.6689895127446448,732.4113333476874459,76.6432439324881898,29.7279389122767945,698.4994142886848749,9.8612982781349849,9.5643574541918106,-0.0670984742834722,698.4502635943733821,-50.8485243357694472,-9.7965903506084153,698.5173620686560980,2.0963194159016805,0.7463026656226717,12.7486912562225143,8.2611467645760310,2.3367065328294423,702.1997218937889329,-29.5816559429225769,12.5461172819038023,689.4510306375674418,7.8271719173536782,6.9564272931981126,7.4110791865530636,762.2156776353098167,-8.9550291641521191,13.8185931928111660,754.8045984487564510,9.9880304384262732,10.4687004008143294,6.8928380066106163,1.5030116131997531,845.8867956411592104,20.8687472490371633,9.4282544976988536,838.9939576345478827,2.0963194159036096,0.7463026656210612,0.5292377711556550,0.2116951084622634,694.1332812442763043,20.1587411879267719,6.7672265358768122,693.6040434731214646,4.6252198410790593,4.3715380762472904,513.1500950889613932,9.7705235096827892,9.0951526031411589,12.0288772295625233,505.3562291509064153,9.1910018915895986,9.9601075217992250,9.6439699256068430,552.8750177732907787,15.3517287010357055,5.3893684245995761,27.5480437543921255,509.7963618773102326,3.3918155046789038,7.8277204947686423,3.1563199427157094,5.0469290987226971,-7.7938659380546307,-0.5795216180952297,-2.3849073039562350,-2.7578793238633135,-5.0359866141916845,-0.0345197110354504,-0.1826209492214159,25.4205412268628521,39.7249226843300463,5.5812051913543543,15.5191665248300321,15.9812515098579482,23.7436711744716824,0.1918367781308913,0.9075618107064143,-2.8164698940252584,-3.3537332116511940,-6.3787080050029168,-8.8725572868457174,-5.6762463152016442,2.3225131035504853,-0.0519266238451395,-0.0243498252384876,60.6024134193598414,7.6897619716662700,9.3827601392843665,-2.2703455501332495,-6.6043749499788742,-4.7183460688002725,-6.1235953140688970,4.3340293998458446,7.0947507547317770,-1.4052492452682259,5.0832504504738720,3.1274006880388487,4.9006295012524426,5.9908122611802765,5.0589006252353856,-6.1235953140687887,-6.1235953140687833,708.6284902977527054,19.9787131285550537,14.4052525100978190,708.7205373031439422,6.8940065418423568,1.9752648235073482,249.0472831994739238,18.8573785038066646,6.9901084512811922,6.2141536525714987,251.3839897323038883,2.6278391685387996,2.5137257316791599,2.4964472101118589,-2.3367065328286682,839.8286771996432662,326.6785821106813614,14.2957599768254067,4.8434933573955279,-2.0133454800006105,0.9076362853734007,45.7750220526282874,8.0696672668465474,2.2288258667888758,6.8517863594007862,5.3888257888864164,-0.1376826337733671,489.0501447103836199,-21.2371375197616175,-5.1361098968217878,443.2751226577537409,-29.3068047866003631,-7.3649357636105801,1.2180840974864284,442.0570385602670740,-0.8434371765533678,0.2669834921367209,444.1785782412574122,41.9186659736207687,-11.7071817650839662,398.4035561886295795,33.8489987067763920,-13.9360076318727995,13.1819486758148265,385.2216075128146144,-1.3502803985345850,0.5842519927334464,0.5320609322892109,-3.2366136728788910,-0.0077085328881709,20.8624879711360194,-0.7651739017693151,-0.0749999999999786,0.0000000000000000,-3.6828912983445576,-0.0646054911421572,0.0000000000000000,0.0715967756309732,-0.0288430752453600,0.0000000000000000,-0.6976015936430076,0.0247634442593849,20.8624879711360194,-1.4218421666642733,1.3684704358298105,5.0223446143421162,1.8708947973781369,-0.0077085328881488,11.0279148542759060,-3.2366136728788959,-1.1798999747688954,-0.8183702983507072,1.6302737405515684,0.1497190169894295,-4.6783178976456785,0.0182172373749743,0.5320609322892109,0.5723687047409879,1.0884017704919713,-0.5635771698710317,0.1264762771356343,-0.6822418612375538,-0.0239828002929271,0.1891722149853599,0.0448590472671442,-0.3816108244398136,0.2001607682732629,3.8291203549449975,0.4137830716981464,-3.9489500225124843,9.9829945791881300,0.1753575853586249,-0.7282417595587933,-1.2796211003424425,14.0000000000000000,,,,,,,,,,,,,,,,,,,,,,,,,,,,,,,,,,,,,,,,,,,,,,,,,,,,,,,,,,,,,,,,,,,,,,,,,,,,,,,,,,,,,,,,,,,,,,,,,,,,,,,,,,,,,,,,,,,,,,,,,,,,,,,,,,,,,,,,,,,,,,,,,,,,,,,,,,,,,,,,,,,,-0.1111583681258139,-2.9580465767254793,2205.0000000000000000,1568.9801459246689319,1089.0000000000000000,1996.0000000000000000,3875.0000000000000000,-19.5462349850592290,1009.0198540753310681,318.0198540753310681,726.1411322097083030,16.8502558084446008,1146.5872315804413120,27.3601732995165996,160.2266721783113326,88.5772553242969423,171.6421718681246489,4439.4544310928904451,24.0662834865120203,-8.5995027596796199,668.0655063024917126,1488.4114680529899033,-368.5814530245179981,1928.1527034507300868,-109.2886597778956457,730.4514582632159545,1.4388533981419356,0.9300964741237167,,,,3.8611920714701200,1.7927632105896198,,,-23.1442694419117601,0.0000000000000000,864.9205598337841820,871.1548152110399315,7.1193684870518155,74.0948099541250258,74.9929004609707164,143.5785525089920043,-69.9697505174490857,230.1964226957604183,23.2059885746414523,9.8870182309360928,23.4232687240720594,10.9936057664095017,115.2074884501411418,34.6191358134925053,-39.8594127258219828,-9.3320182170220676,-25.6076118674336186,13.3671150851057092,-8.5657719806197719,14.8189015426044790,10.2637718301449468,12.7822488448706650,9.6266174423830648,10.1243173358991783,16.5927942356314873,31.7163337596846588,3.4499934664425211,3.2066599552445609,22.1142787396018150,15.4944770522456849,20.7526177064610806,7.2402098831638284,7.9931507038960570,,,,,,,,,,,,,,,
"2023Q4",9.1406405250549199,3.5917325218794098,16.2541653056738014,848.9710148742884712,693.5547903210848517,808.0572751796385091,692.0378091707700605,731.7362503609147097,706.3011619558031953,763.0042253443226627,514.3515936257606427,552.7984053154938238,511.8595975622036462,7.9271901586886084,6.7278540895802728,712.8468740017262917,846.4984134327968377,0.9694517323600564,47.4231567218687431,5.3730322420967713,0.0604468029146427,489.7941170338984307,439.9562632915635163,0.6873981789629511,7.9560664305751629,20.2212813642166545,5.1735244665120446,9.1406405250549341,16.2541653056737943,24.5000000000000000,4.5648843590834716,17.4137566966675656,-0.2071206828733607,-0.1080629649775234,0.2366755155680173,-1.3962669065617976,0.7167030724061128,-4.0715979529099737,839.9657677928352086,806.3136199903833585,701.1052377631403942,699.4891722269429692,691.7466862755417196,757.0631067330201631,5.1455344639864347,23.7184001659614054,2.3071024182798365,5.5459175892378809,-0.3064498311923031,8.2529427395714521,4.8059941471972838,4.5406844218004139,252.0366162974420945,2.0002566713614836,3.8592259746765212,11.6511276624159130,-1.9586279739419274,3.5917325218794098,9.0052470814529801,1.7436551892558780,30.6310125977742089,-7.4513630561734043,14.5544756802623620,5.9411186113023886,-1.2444288359441391,1.4907058779385176,848.9710148742886986,12.6156105464646533,16.8735348158927749,712.8468740017257232,506.7427085482155462,0.6597060564969863,0.4252419015036376,-5.5245796842914627,6.4715293392889732,-1.9607955808962365,9.1406405250549341,11.6511276624159130,-0.5518591634190065,-1.9586279739419274,20.2212813642166545,24.5000000000000142,-0.2071206828733607,-4.0715979529099737,5.1735244665120446,-0.1080629649775234,4.5648843590834716,0.7167030724061128,16.2541653056737943,17.4137566966675656,0.2366755155680173,-1.3962669065617976,3.5917325218794098,1.7436551892558780,1.6284645774778410,808.0572751796388502,24.0202508624013689,14.4871211790162544,806.3136199903833585,3.6816768498421304,2.5061748030982685,30.6310125977742089,20.6791694148182721,731.7362503609149371,-2.7003319470880172,24.4629697845732039,701.1052377631403942,10.4232938978229388,9.7405720459009029,-7.4513630561734043,692.0378091707701742,-25.6498176944150593,12.3541408513629207,699.4891722269429692,3.8872406331444611,1.6103634650124254,14.5544756802623620,10.0848766171678186,-1.4907058779375777,706.3011619558030816,16.4057602480589217,16.9296646833952948,691.7466862755417196,9.1826225518970883,7.5051406044558968,5.9411186113023886,763.0042253443232312,3.1541908360485120,27.3248545624816295,757.0631067330201631,9.0340331370556690,10.1634010607516618,9.0052470814529801,3.3965710749494242,848.9710148742886986,12.3368769325167591,12.6156105464646533,839.9657677928352086,3.8872406331461402,1.6103634650103849,-1.2444288359441391,-0.4977715343776564,693.5547903210847380,-2.3139636927671692,6.9558740822982079,694.7992191570289151,4.7807027356317615,4.5350475149543197,514.3515936257606427,4.8059941471972838,7.5774521508698269,8.4281825631317702,506.7427085482155462,5.5459175892378809,8.8506674695128034,7.2275394571737994,552.7984053154941648,-0.3064498311923031,0.7448271317815298,17.0255103933417935,511.8595975622039305,8.2529427395714521,8.9257518277891013,2.1314313110940279,7.5023388407502836,-7.6088850775450210,0.7399234420386763,-1.2006431059588698,-2.5793874272963482,-5.0294976502490352,0.0259558557709928,-0.0994105087360958,20.8555672323102783,38.4468116897330958,-5.1124439783880193,8.5973278302097462,14.7284115237713067,23.7184001659614054,-0.1010840340416710,0.5054006194826962,18.6057836683953894,-2.4919960635571869,3.4469485923750218,-6.2967512520369384,-4.7990984818370919,2.3071024182798365,-0.0616427410823524,-0.0397685883738565,-0.1355603454983534,7.9271901586886493,9.7121747415579556,-0.9234773108245082,-5.4641617326247713,-4.3259119993544424,-6.0980579097745888,4.5406844218004139,6.7278540895802728,-1.7721459104197299,5.1455344639864347,2.7428220700200319,5.0461239552503123,5.6509350834691059,5.1057658756125610,-6.0980579097745089,-6.0980579097744911,712.8468740017257232,16.8735348158927749,16.3332333979057793,713.0280383808185434,3.8592259746765212,2.0002566713614836,253.5273221753796804,17.9201559036186246,14.0466935461027500,3.5387981652298262,252.0366162974420945,2.6105062605518756,2.5730186281670218,2.4799809475242824,1.4907058779385176,846.4984134327966103,332.1468198070355129,21.8729507854155933,12.5909106394716588,-2.0093910233068142,0.9694517323600571,47.4231567218687573,6.5925386769691245,4.9409996053690515,5.6700834874988111,5.3730322420967687,0.0604468029146444,489.7941170338984307,2.9758892940598676,-2.6326537531998975,442.3709603120285010,-3.6166493829013548,-7.5736533585689134,0.6873981789627687,441.6835621330654362,-1.4939057088068339,-0.4584378776502459,439.9562632915647669,-16.8892597987692952,-4.5406197362542491,392.5331065696963719,-23.4817984757347133,-9.4816193416231762,7.9560664305768132,384.5770401391194468,-2.5782694947859048,-0.6952437100142987,0.6597060564969863,0.4252419015036376,-5.5245796842914627,6.4715293392889732,-1.2752721981141195,-0.0750000000000083,0.0000000000000000,-2.9158642052933601,-0.0660908720905954,0.0000000000000000,0.7167030724061121,-0.0278130696690487,0.0000000000000000,-1.3962669065617961,1.9946412812380387,6.4715293392889777,5.6788496684214209,1.1094921311088317,4.3999295201434414,-1.4561239444064018,-5.5245796842914645,-8.3034619303741888,0.4252419015036395,-1.1855415470188291,-0.5074215896783274,1.6054440712592479,0.1474387412380952,7.8297861023201234,0.0046469818689304,0.6597060564969863,0.6934572256965689,1.3852059225129618,-0.8161990873474190,0.0827074168656260,-0.4717634073212656,-0.0149087796217181,0.1140590504400192,0.0225183302048728,-0.3658863688240043,0.1162736241090589,-0.2592476824315080,0.1546346061737771,-0.0678139614788726,-1.6667561027681472,0.1843611733106744,-0.7348122499089398,-1.3630171361076280,15.0000000000000000,,,,,,,,,,,,,,,,,,,,,,,,,,,,,,,,,,,,,,,,,,,,,,,,,,,,,,,,,,,,,,,,,,,,,,,,,,,,,,,,,,,,,,,,,,,,,,,,,,,,,,,,,,,,,,,,,,,,,,,,,,,,,,,,,,,,,,,,,,,,,,,,,,,,,,,,,,,,,,,,,,,,-0.2142393921389782,-1.9408325952476275,3497.0000000000000000,1384.9676895103673360,1084.0000000000000000,1929.0000000000000000,5016.0000000000000000,-18.3202340471237086,979.0323104896326640,339.0323104896326072,743.0511527226110502,16.2541653056738014,1123.8734058086779442,25.2989202117923995,-266.8829325655143521,484.9810845852026091,162.7241010663786085,4745.6521182893902733,26.6789449326147405,14.3180120637319206,681.0869907005079540,1717.8025547107199600,-451.2061317571580048,2149.2097191096700044,91.3337679289577409,687.8181550667389956,1.1601972550438597,0.8230541230738928,195.9391716796679930,46.2956835797846935,242.2348552594526438,5.4372501041180801,0.1116578990574304,,,349.4535568815996385,0.0000000000000000,870.8650546409181743,873.0120028108273118,7.4287503991495214,388.9288524430808138,335.3671603275413418,130.4960129459645373,35.6093827865198165,-302.4923153520341543,13.1301533336644809,13.4459249749277774,27.1506615306174979,15.5890695588122981,-2.6641989514597668,27.7148294865528442,-22.6243594840672984,13.1496857175054771,17.8282185114659200,18.4471456520251138,3.2044625987585675,31.4226849568444209,4.9233546042763692,8.7935458705356950,5.7025864053954649,7.4951339067895901,-0.3059807529825775,18.5607265822161196,8.6030632021991948,2.1543085567483189,18.3806800813735265,17.7427923981672109,19.6261837252765616,15.0811027899688810,8.2498615150385710,,,,,,,,,,,,,,,
"2024Q1",12.7661098366777992,3.9204161352516400,15.7474425339162991,849.1554658942668539,693.7165608222509263,802.7872954789053210,709.2251601643854428,723.7767464233004375,716.4064261027119755,764.5650049194247231,514.3895348714362399,548.5943618598158764,512.5974151295208685,7.9579477403966123,6.7316378282698253,715.6395990436077454,850.9450505089804437,0.8081085428575960,47.9950374758851908,5.3098330995015415,0.2428535777921865,490.6851815590824799,439.2615844459879781,1.5256707737063948,7.6218875180857140,24.6420353573626976,3.8715170132314700,12.7661098366779857,15.7474425339162831,24.5000000000000000,4.5476116586312640,17.4297515798537326,-0.1781114930642148,-0.0929277355118872,0.1318704205094093,-1.8141794664468995,-0.5831669098879059,0.3201468504269001,841.4114879349494913,807.4602091204850467,703.8659203042858508,700.9348923690579340,694.3981187988395050,759.0540340824311443,5.1802588608849511,23.6579747399457787,2.2905609687654112,3.3615202327885063,-16.8161738227156192,2.9512702692683130,0.1517649827001912,4.6814838238207521,252.6729036223017033,2.0207384115616933,2.4075198088790173,11.6178600787775252,1.5511594069859540,3.9204161352516400,7.7439779593166378,-4.6729136415793979,19.9108261190134854,8.2902677953289601,22.0083073038729999,5.5109708369925672,-2.3215664060450085,3.3786442907803278,849.1554658942669676,7.9891491928704914,11.1709001675216584,715.6395990436071770,507.5830886064122183,0.7271602051615902,-4.8385458311551206,-4.9571932376635557,-2.3216107105724850,1.5178918233476724,12.7661098366779857,11.6178600787775252,-0.4029096490856053,1.5511594069859540,24.6420353573626976,24.5000000000000284,-0.1781114930642148,0.3201468504269001,3.8715170132314700,-0.0929277355118872,4.5476116586312640,-0.5831669098879059,15.7474425339162831,17.4297515798537326,0.1318704205094093,-1.8141794664468995,3.9204161352516400,-4.6729136415793979,-1.8357797816972790,802.7872954789053210,-21.0799188029329265,-2.5037946583011803,807.4602091204850467,4.5863565204097325,3.2688741509935904,19.9108261190134854,14.1100490898725930,723.7767464232996417,-31.8380157504554937,19.3313220195504947,703.8659203042858508,11.0427301645849845,10.1811269707923753,8.2902677953289601,709.2251601643864660,68.7494039744657215,10.5650738908032125,700.9348923690579340,5.7828805684530833,3.0853215566685366,22.0083073038729999,15.1219540369071002,-3.3786442907794529,716.4064261027112934,40.4210565876372172,13.9685864494475602,694.3981187988395050,10.6057300931919656,8.5820829403375463,5.5109708369925672,764.5650049194247231,6.2431183004031130,3.8123949122119236,759.0540340824311443,7.9637093976450357,9.4280233223344769,7.7439779593166378,3.2682056277193494,849.1554658942669676,0.7378040799113350,7.9891491928704914,841.4114879349494913,5.7828805684542548,3.0853215566665324,-2.3215664060450085,-0.9286265624180037,693.7165608222510400,0.6470820046650765,5.5211487647044324,696.0381272282961618,4.9556322850683241,4.7030191635467782,514.3895348714361262,0.1517649827001912,5.4925274751229658,4.6440975706778538,507.5830886064122183,3.3615202327885063,7.4296606248152042,5.1976335214822553,548.5943618598159901,-16.8161738227156192,-4.6086160064468995,2.7150906805499169,512.5974151295216643,2.9512702692683130,6.8572209067683598,2.8006077109977077,6.8709112256094507,-6.8064462650235322,3.2097552500862534,0.5535359508035468,-1.7906923758047582,-5.0157538892191456,0.0549750441197437,-0.0259473855483992,10.9132738841591141,34.2048269883797857,-16.9679388054141853,-1.9290068901276873,10.5468522484335310,23.6579747399457787,-0.2417017040624745,0.1500550840086080,13.9696875149434057,-1.7921197419147541,2.7995052865690093,-1.8434898596791864,-4.0826807106801066,2.2905609687654112,-0.0661657980580905,-0.0526959639553755,9.4554173920210047,7.9579477403965413,9.9167177288255743,0.5282871155808944,-4.1531967082396584,-3.6896305849423894,-5.4579927566729918,4.6814838238207521,6.7316378282698235,-1.7683621717301792,5.1802588608849511,1.9744642081348494,5.1543114753365469,5.3303139448935557,5.1275628969295761,-5.4579927566729172,-5.4579927566729065,715.6395990436071770,11.1709001675216584,15.9882958045424708,716.4282988843087878,2.4075198088790173,2.0207384115616933,256.0515479130807535,10.0969029508038179,16.2294990123962855,0.6766682774443908,252.6729036223017033,2.5451492994388096,2.5876281435941775,2.4178918344668698,3.3786442907803278,850.9450505089805574,336.5555156375442039,17.6347833220310619,17.8663734428195298,-1.9792163939558947,0.8081085428575971,47.9950374758852334,2.2875230160760438,5.4388367293345299,2.2260709587843981,5.3098330995015441,0.2428535777921868,490.6851815590825936,3.5642581007385803,-5.1815653733066371,442.6901440831960031,1.2767350846702716,-10.6204021026410729,1.5256707737062689,441.1644733094892104,-2.0763552943035997,-1.1354232718593527,439.2615844459876939,-2.7787153822960495,1.6092053261677757,391.2665469701028655,-5.0662383983685260,-3.8296314031661067,7.6218875180857006,383.6446594520170947,-3.7295227484127551,-1.9341457432617006,0.7271602051615902,-4.8385458311551206,-4.9571932376635557,-2.3216107105724850,-0.3754501256880647,-0.0749999999999831,0.0000000000000000,3.1702654174639733,-0.0890284824980343,0.0000000000000000,-0.5831669098879078,-0.0198675498471052,0.0000000000000000,-1.8141794664468978,-8.2803573379618651,-2.3216107105724575,11.6297366906886239,0.5218441252372370,4.2007768704852468,-1.8237948716673535,-4.9571932376635521,-18.3101729828396849,-4.8385458311551304,-1.1507784606444154,-0.1734308523524205,0.7794946531459646,0.0715862436562624,1.8024271283438942,0.0312626001954342,0.7271602051615903,0.7789976537550815,1.5206353609916232,-0.9802253904560004,0.0613762016028383,-0.3487523463867667,-0.0106873310839691,0.0651683519145265,0.0205074073363627,-0.3153431350296048,-0.1031760855608594,-3.3825604714228028,0.1064393330287139,1.0994839027492931,1.8139590237654204,0.1884514551690086,-0.7318401563773835,-1.4090802031061824,16.0000000000000000,,,,,,,,,,,,,,,,,,,,,,,,,,,,,,,,,,,,,,,,,,,,,,,,,,,,,,,,,,,,,,,,,,,,,,,,,,,,,,,,,,,,,,,,,,,,,,,,,,,,,,,,,,,,,,,,,,,,,,,,,,,,,,,,,,,,,,,,,,,,,,,,,,,,,,,,,,,,,,,,,,,,-1.9433851360496703,0.4162541117460705,2757.0000000000000000,1365.7638444541159970,1103.0000000000000000,1870.0000000000000000,4514.0000000000000000,-16.4027124605757244,1158.2361555458840030,443.2361555458840598,685.2216960238964703,15.7474425339162991,1311.9049583231010274,28.6660816959964997,376.1802643623027507,100.5072634826397433,149.9957344542619921,4961.4360552877897135,17.7865483047344242,5.3789147856920607,680.1430403267689826,1774.7213903015799588,-498.5666240442819799,2208.5188514729097733,38.8945318999176379,691.4579741409639837,1.4220702990917145,1.0373546324106857,,,,2.7225421160626500,6.1231515853635088,1.9057678717574984,11.0571851843758431,-104.4745135846624748,0.0000000000000000,869.1245893310698420,874.9465946860699432,7.7383675009705257,78.3816063456804102,292.2028537329883306,116.9756911504799177,136.1480032249035048,240.0322611373992459,0.7405325603652813,8.3169528661667442,-19.0063304464211456,-2.4727096948019778,-27.2673762675938605,21.3262752407122491,98.8725616234487745,11.1433628187831033,49.8119366566001531,14.9912513765140289,6.4421206127518644,3.8859990682474432,0.1518802040312295,4.7536247157146931,3.4186577565101999,5.3350814897661536,-15.4782880289566123,2.7522851255319125,2.9952518559117891,2.8401934114089329,11.8187422629603986,17.3373529023296982,10.6242380362131286,17.6207159645574052,8.2831616755422601,,,,,,,,,,,,,,,
"2024Q2",11.3193726903939993,4.1968632688087499,17.8628683334093985,850.8539131330298915,693.0100911756063624,804.3692335178096755,709.5650711573844092,723.8257665156197618,720.4579203743542166,765.4779666140786958,515.6797279361226174,550.3659724275437384,513.4266697755673476,7.9682118277899434,6.9427304309941675,717.2476427149246092,855.8154266137364630,0.6481555695210943,48.1046258510279046,5.3256366300431468,0.4066236255871186,490.7593031936065699,443.5845476338274125,2.1374708924839183,13.0312998291138342,24.2888159334636846,4.8934250903397505,11.3193726903940277,17.8628683334093949,24.5000000000000000,4.5275893704161971,17.4528792490295324,-0.1729670195355772,-0.0902436623665086,0.1250977269850337,0.2848913573948714,0.4560793822900577,-0.0382170470006709,843.3336079358271036,808.8333190768236136,706.7863015982386514,702.8570123699348642,697.3942880872374417,760.7678583225643933,5.2050729370926581,23.5829030335537375,2.2736485431748155,4.9296629099444269,7.0864422709093917,3.3170185841814117,5.1607722587456735,4.7802840992939686,253.2871312380697191,2.0395955337882210,2.2736440434161027,11.5747101213867314,0.1329709778944593,4.1968632688087499,7.5203051972017843,-4.4640855590131681,17.0394649173800978,6.7080587874484099,23.0636322871179118,4.7101082915135661,-4.3153728201497961,3.2496329939863826,850.8539131330300052,10.1843043041285704,6.4321746852647115,717.2476427149246092,508.8155043338979340,0.7737978230675925,-3.8323588678663882,-2.4368051885711752,2.0558576066431806,0.0898210205036305,11.3193726903940277,11.5747101213867314,-0.3883084088871992,0.1329709778944593,24.2888159334636846,24.4999999999999680,-0.1729670195355772,-0.0382170470006709,4.8934250903397505,-0.0902436623665086,4.5275893704161971,0.4560793822900577,17.8628683334093949,17.4528792490295324,0.1250977269850337,0.2848913573948714,4.1968632688087499,-4.4640855590131681,-1.8448944213378982,804.3692335178100166,6.3277521556192848,7.5782578315597746,808.8333190768236136,5.4924398253549667,4.1402150055958309,17.0394649173800978,12.1237736492118557,723.8257665156201028,0.1960803692792830,10.5752441510540969,706.7863015982386514,11.6815251758118155,10.7522118790885344,6.7080587874484099,709.5650711573844092,1.3596439719908098,-1.5973235209313534,702.8570123699348642,7.6884800035083298,4.8637301552550944,23.0636322871179118,15.6777926780629482,-3.2496329939856099,720.4579203743542166,16.2059770865727870,10.8627844948340098,697.3942880872374417,11.9846771535912815,9.9000504290081484,4.7101082915135661,765.4779666140782410,3.6518467786069073,1.0235316877287783,760.7678583225643933,6.8552969605251004,8.4602674834133751,7.5203051972017843,2.9996976879170041,850.8539131330300052,6.7937889550525163,10.1843043041285704,843.3336079358271036,7.6884800035099925,4.8637301552530321,-4.3153728201497961,-1.7261491280599188,693.0100911756061350,-2.8258785865800036,3.9164952283111818,697.3254639957563086,5.1493470698388846,4.8777254829045082,515.6797279361230721,5.1607722587456735,7.4985191560180313,4.9722637245819907,508.8155043338979340,4.9296629099444269,7.7267016326490552,5.7570256558892847,550.3659724275438521,7.0864422709093917,6.5762783766516932,1.3288868295118710,513.4266697755675750,3.3170185841814117,7.0349748699577752,4.4782617744262172,6.6661707565587491,-6.8642236022244481,-0.2311093488033384,0.7847619313064388,-1.8652272811842376,-4.9989963210405781,0.0670302727144974,0.0283603653928644,4.4136177227722673,34.6862444914212276,1.9256700121652166,-3.6433768950700820,11.1033414578670744,23.5829030335537375,-0.3002868255681395,-0.1128089463854276,6.4935010995924776,-2.2530581605553048,-1.8437536745633527,-0.4940019501549736,-4.5267067037302056,2.2736485431748155,-0.0676497023622778,-0.0618462163369521,25.9165869918045999,7.9682118277899701,10.0523873091012437,0.2415101951404113,-4.5387739041533326,-3.6830918396138923,-5.2403614086201253,4.7802840992939686,6.9427304309941649,-1.5572695690058369,5.2050729370926581,2.3394540481822235,5.2334333024855013,5.0922639907072123,5.1432267207556936,-5.2403614086200569,-5.2403614086200427,717.2476427149246092,6.4321746852647115,13.6138306993088865,718.6793755734428260,2.2736440434161027,2.0395955337882210,256.5367642320547361,1.9408652758945786,12.2038256585324483,-0.5914306193753966,253.2871312380697191,2.4569104630722398,2.5601012979007294,2.3340649399186306,3.2496329939863826,855.8154266137362356,340.1356986776129361,14.3207321602725273,17.0310565611366052,-1.9425775148683131,0.6481555695210961,48.1046258510280396,0.4383535005796594,4.3470206151112798,0.7467353463872386,5.3256366300431477,0.4066236255871182,490.7593031936067405,0.2964865380956729,-3.6001258967158623,442.6546773425773722,-0.1418669624763806,-7.9471465118272846,2.1374708924838162,440.5172064500928286,-2.5890674375865945,-1.7506914043130040,443.5845476338271283,17.2918527513633364,9.8856358859748976,395.4799217827991811,16.8534992507871593,5.5386152708641152,13.0312998291131841,382.4486219536861995,-4.7841499933260732,-3.1105556587616823,0.7737978230675925,-3.8323588678663882,-2.4368051885711752,2.0558576066431806,-0.2633447988170703,-0.0749999999999983,0.0000000000000000,-0.2623198422995259,-0.0926417052834893,0.0000000000000000,0.4560793822900598,-0.0125748150257356,0.0000000000000000,0.2848913573948681,-3.4772441274133108,2.0558576066432011,7.9138592699461192,0.3447713953120780,4.0494830945944749,-3.3867462577317968,-2.4368051885711841,2.9908871467750231,-3.8323588678663887,-1.2709050057992466,0.0342563855513232,-0.1206776410338841,-0.0110826405031120,-0.3318997839289701,0.0407443128671844,0.7737978230675926,0.8293282115579497,1.5476302571607761,-1.0718302751358073,0.0549383206018711,-0.2807815648737039,-0.0081004841099877,0.0390186286053687,0.0209309633826976,-0.2615719898082941,-0.1114664607650463,-1.7877174582046518,0.1822820490357825,1.1915550127858694,7.4673219409105798,0.1880554055741491,-0.7203476727133935,-1.4275795197553178,17.0000000000000000,,,,,,,,,,,,,,,,,,,,,,,,,,,,,,,,,,,,,,,,,,,,,,,,,,,,,,,,,,,,,,,,,,,,,,,,,,,,,,,,,,,,,,,,,,,,,,,,,,,,,,,,,,,,,,,,,,,,,,,,,,,,,,,,,,,,,,,,,,,,,,,,,,,,,,,,,,,,,,,,,,,,-0.9678332997428072,0.5493774389150587,3179.0000000000000000,1295.1019606080265021,1276.0000000000000000,2068.0000000000000000,4965.0000000000000000,-15.4356376220373228,1282.8980393919734979,401.8980393919734411,898.9229711831957275,17.8628683334093985,1489.9142797621871068,29.4158093311386999,-315.5866435571322768,633.1485499932566654,273.4294021428668771,5209.0577597550600331,19.4815044190240769,12.4676057056460259,679.4081549846856660,1883.4131141430200387,-415.6286954708900225,2357.8406316840300860,98.3934540288944390,740.8748177709479705,1.1344509824169184,1.0364396204863173,,,,15.8836231687664000,-8.7611137471811507,,,277.8681959402823054,0.0000000000000000,873.6884329880770110,876.9573077915928252,8.0428524220915278,485.8908074263711683,314.1739832628844624,209.8351689863658862,-196.1851173630811900,-119.4015261940510868,7.0298829672898080,10.7209673825832397,6.5322448154143018,7.8728009797616778,0.1962727325436759,11.1546669628540371,1.3689291647748689,-1.5846339630489865,17.5930525606053720,11.4747414254416640,3.7193458507782680,1.0287876902859523,5.2962608039614878,5.0979553362798811,5.0531922865281160,5.9259687981200386,7.3435682500597323,1.3377557730702989,3.3726449878209053,4.5800496726221525,6.6435465822851825,14.5840360370880404,1.9598225121754069,12.9797323141254566,8.2942765242981267,,,,,,,,,,,,,,,
"2024Q3",10.3344868331325994,3.5983418556355700,17.3728972251083000,851.7798904201935102,696.2097844010304470,813.1851115752443775,705.5883530575903251,712.1976126671688689,730.7014449303567289,770.8928161225220492,517.2273718652542129,553.2529579371205273,514.5266864690430566,7.0067053561232679,7.9559120394579743,719.5047420920896002,860.6855314957218752,0.4913764807764380,48.8193373114151896,5.0851530157433604,0.5501638386955471,486.1684196425864570,435.9903652588239424,-2.4110671284939258,6.1531801214071606,23.0141151328544460,4.6932689253860742,10.3344868331321926,17.3728972251083285,24.5619135282249133,4.5021835076022310,17.4735346745404918,-0.1376313194965334,-0.0718076449548309,0.2049084857628657,-0.3055459351950228,0.2628930627386783,-1.4101670758738700,845.7959200072950807,810.4276422003846392,709.8653428101004010,705.5574533961146244,700.7258635449823032,762.2029086214224662,5.2412831058413145,23.4786886108191695,2.2559859956308133,5.2562549931193718,11.5479420383037734,4.4000667738976738,6.1905757165243784,4.8678234761796872,253.8801099511729831,2.0643405276927163,0.9115253157497463,11.5905623612867004,-0.8417280779402090,3.5983418556355700,5.9839704128954727,2.7574693748582506,2.3322698570662785,0.0308996614720271,29.9755813853743511,8.6899075010970517,-2.4569531073411732,4.3144013701561512,851.7798904201916912,5.8930947790314576,9.0283975086556651,719.5047420920898276,510.1295680821774567,0.7978713522643310,-2.3681719610304732,-4.0084498818265368,-10.4654483511023493,-0.8258758380402469,10.3344868331321926,11.5905623612867004,-0.4143474502143189,-0.8417280779402090,23.0141151328544460,24.5619135282249133,-0.1376313194965334,-1.4101670758738700,4.6932689253860742,-0.0718076449548309,4.5021835076022310,0.2628930627386783,17.3728972251083285,17.4735346745404918,0.2049084857628657,-0.3055459351950228,3.5983418556355700,2.7574693748582506,3.3422173295153774,813.1851115752423311,35.2635122297340473,11.1328991112056883,810.4276422003846392,6.3772924942496712,5.0344414224616916,2.3322698570662785,3.1533962887673459,712.1976126671673910,-46.5126153938084528,-20.2137206805201401,709.8653428101004010,12.3161648474445329,11.3659285214159009,0.0308996614720271,705.5883530575880513,-15.9068723991869660,7.1380894632137846,705.5574533961146244,10.8017641047162307,7.0400913274586028,29.9755813853743511,20.2822050881997882,-4.3144013701553376,730.7014449303561605,40.9740982240081451,28.5017230365666627,700.7258635449823032,13.3263018309794550,11.2748329074145559,8.6899075010970517,770.8928161225204576,21.6593980337642691,8.6771384872078823,762.2029086214224662,5.7402011954333831,7.3983101726651004,5.9839704128954727,6.3231612330550000,851.7798904201916912,3.7039091486476750,5.8930947790314576,845.7959200072950807,9.8492482858712567,6.8019623727448995,-2.4569531073411732,-0.9827812429364685,696.2097844010302197,12.7987729016959868,2.0765031567534940,698.6667375083717388,5.3650940504612263,5.0626940352500522,517.2273718652545540,6.1905757165243784,9.3945376683115160,4.0772767762923126,510.1295680821774567,5.2562549931193718,9.8892418511767666,4.7733389312716437,553.2529579371201862,11.5479420383037734,7.6031661164309643,0.3779401638287557,514.5266864690422608,4.4000667738976738,7.9041820953549928,4.7303245917309305,5.6500566043474922,-7.0978037830762206,-0.9343207234068424,0.6960621549785172,-2.1215628546773049,-4.9762409283992781,0.0910215705653755,0.0597456857930798,9.5153284978017858,36.0255860718665986,5.3573663217809671,-3.6993366124634242,12.5468974610469353,23.4786886108191695,-0.4168576909382770,-0.2649825636527489,-9.1867028476208610,-2.7006853962114432,-1.7905089426258134,0.6530478154392767,-4.9566713918424785,2.2559859956308133,-0.0706501901752427,-0.0665271079194524,-18.1588220937612590,7.0067053561230335,10.2001281525865028,-2.8825364950542198,-7.7503599712336957,-5.9474450894430548,-6.4915330499854571,4.8678234761796872,7.9559120394579894,-0.5440879605420086,5.2412831058413145,3.9729766735282972,5.3010287916343826,4.9763005421885573,5.1747559979218609,-6.4915330499854136,-6.4915330499853781,719.5047420920898276,9.0283975086556651,10.8762517943340420,720.4811824362767538,0.9115253157497463,2.0643405276927163,258.1945113213281502,6.6309883570889507,9.1472281218531872,-1.8141059682594496,253.8801099511729831,2.3719148524120222,2.4961202188690645,2.2533191097914234,4.3144013701561512,860.6855314957206247,343.4581596304663549,13.2898438114075486,16.7795775197822294,-1.9061817104284580,0.4913764807764365,48.8193373114152038,2.8588458415579527,3.0443152587890903,2.6831292191699578,5.0851530157433542,0.5501638386955481,486.1684196425863433,-18.3635342040802563,-2.8817250677955570,437.3490823311692566,-21.2223800456305369,-5.9260403265850066,-2.4110671284941358,439.7601494596634097,-3.0282279617189443,-2.2968891006046341,435.9903652588237151,-30.3767295000074888,-8.1882129824322742,387.1710279474087315,-33.2355753415623099,-11.2325282412208605,6.1531801214077788,381.0178478260010024,-5.7230965107422591,-4.2037596868153013,0.7978713522643310,-2.3681719610304732,-4.0084498818265368,-10.4654483511023493,-1.0000897787688050,-0.0130864717750085,0.0000000000000000,-1.3834151429734334,-0.0990263942931765,0.0000000000000000,0.2628930627386801,-0.0148157819987105,0.0000000000000000,-0.3055459351950294,4.0196465601507043,-10.4654483511023884,13.9739271804830878,4.7172366342411030,0.2694378314039909,-0.7308039792812558,-4.0084498818265288,3.3956991106045962,-2.3681719610304768,-2.6007629547887294,0.8574546515632397,0.5085403286050212,0.0467026832392368,2.0613174609632239,0.0441651261282194,0.7978713522643309,0.8571126225251965,1.5792552271696114,-1.1339342249636091,0.0688158207636047,-0.3446258208887356,-0.0097654580491838,0.0378499124933887,0.0287045472833186,-0.2007968370024006,-0.1178897545733933,2.1121104951706684,-0.0732149192785334,-3.7362990818340993,-3.3596687538446872,0.1842025756671417,-0.6980672678909218,-1.4173615167484015,18.0000000000000000,,,,,,,,,,,,,,,,,,,,,,,,,,,,,,,,,,,,,,,,,,,,,,,,,,,,,,,,,,,,,,,,,,,,,,,,,,,,,,,,,,,,,,,,,,,,,,,,,,,,,,,,,,,,,,,,,,,,,,,,,,,,,,,,,,,,,,,,,,,,,,,,,,,,,,,,,,,,,,,,,,,,0.0077185365640275,0.6825007660841607,2886.0000000000000000,1410.1222516404618545,1646.0000000000000000,2399.0000000000000000,4659.0000000000000000,-14.7397260231528815,1115.8777483595381455,343.8777483595382023,903.7274181878419768,17.3728972251083000,1399.5031878685422271,27.7344828092955993,257.4882141040947658,80.2208404653550531,158.0667151112505167,5469.0232521069601717,19.4804195279416490,15.2355792626871285,686.8298224847654865,2079.5402471959500872,,2663.4196009723700627,144.1481199492834548,813.6831457837270136,1.4313634003508511,1.1661061339612548,,,,2.9863890099937498,3.7497559675032797,,,-38.5085097387872821,0.0000000000000000,873.0682468148431781,879.0392203288735118,8.3276501491227464,60.1890953386850001,364.7060156656457934,118.5962716236135606,-1.1897960461541430,258.6780101502488947,3.7733586593730877,6.0701994394746492,42.2811896372460296,11.7762580324806549,-37.1944131529410882,-18.3017175351529318,-14.7062260331407941,7.3990225082312406,50.6427543087537515,32.9784940604862413,24.1839788392458814,9.0647312739912991,6.3862078625347607,4.1615390056546744,5.3968485673016886,4.8890972499848573,12.2411415513590214,0.3786552582584903,4.4983052664125012,4.8439895996269939,9.4485046064429099,11.4897550736801293,6.8557794370672127,9.5786402407749875,7.2580099158367162,,,,,,,,,,,,,,,
"2024Q4",10.2112874759456993,3.9130454172200499,16.7794364224049986,853.0888360344167722,694.8920273746377916,803.6739938540423509,724.1077216278263222,714.6381569419927473,732.3802758134989972,769.0929604040117056,519.2804976246501383,558.1058516037453501,513.0145888313509204,6.5616340020671640,8.1509724869622282,722.4563756807350501,865.0225911428365180,0.3391498478186179,49.2454156225805164,4.4750268738072201,0.6734203842738609,488.8697748902588387,429.2628250412676039,0.7113331053815273,0.6280076054527512,27.4888251014191773,-0.4981012030675839,10.2112874759464329,16.7794364224050057,24.7746731090412595,4.4544612109089563,17.4996283982919358,-0.0967210731718672,-0.0504631686115335,0.0157896573979005,-0.7359816332849094,-4.9020992453649255,2.8108730655493197,848.8835719834619340,812.2321103322709632,713.1029360881204866,709.4634114523441895,704.3774063446969649,763.3626647177658242,5.2762736384470772,23.3442753191124552,2.2376087140706722,7.1771897688276942,19.4115746664997744,-6.0483905507668503,8.2125030375842698,4.9326041394500804,254.4499316061989873,2.0938614660770818,0.2728080495671975,11.7295059216578768,-1.3552445465304026,3.9130454172200499,4.2052640509537786,-8.5581164782266654,1.5352208538723926,14.6443101754854972,28.0028694688043807,5.7302956862478345,-5.1684697144087526,5.3279941727343143,853.0888360344169996,4.1178211601277708,11.8065343545790373,722.4563756807344816,511.9238655243839275,0.7978413501125805,-11.4905819110588663,-1.6525451406738461,-1.2557743290682066,-1.2163009861587897,10.2112874759464329,11.7295059216578768,-0.1629738991813949,-1.3552445465304026,27.4888251014191773,24.7746731090412595,-0.0967210731718672,2.8108730655493197,-0.4981012030675839,-0.0504631686115335,4.4544612109089563,-4.9020992453649255,16.7794364224050057,17.4996283982919358,0.0157896573979005,-0.7359816332849094,3.9130454172200499,-8.5581164782266654,-4.0316333749922784,803.6739938540442836,-38.0444708847981090,-4.3832813255930470,812.2321103322709632,7.2178725275478675,5.9184903418879662,1.5352208538723926,2.3219208194869116,714.6381569419934294,9.7621770993066637,-17.0980934189199054,713.1029360881204866,12.9503731120829997,11.9976983249808740,14.6443101754854972,724.1077216278293918,74.0774742809590947,32.0699124570608660,709.4634114523441895,15.6238322249160149,9.9742392254007495,28.0028694688043807,19.1284531388720751,-5.3279941727332911,732.3802758135000204,6.7153235325777736,26.0791138576976671,704.3774063446969649,14.6061711988580498,12.6307200691547692,5.7302956862478345,769.0929604040140930,-7.1994228740310451,6.0887350596894407,763.3626647177658242,4.6390243853733528,6.2995579847444958,4.2052640509537786,2.6222590855448118,853.0888360344169996,5.2357824568990576,4.1178211601277708,848.8835719834619340,12.3506079046681503,8.9178041906253220,-5.1684697144087526,-2.0673878857634929,694.8920273746377916,-5.2710281055710588,1.3372370535525118,700.0604970890467484,5.5750383226989255,5.2612779320168395,519.2804976246501383,8.2125030375842698,9.3487079603005103,4.9289039988895063,511.9238655243839275,7.1771897688276942,9.2375093298169872,5.1811569761694320,558.1058516037451227,19.4115746664997744,11.5058109747855788,5.3074462882522653,513.0145888313514888,-6.0483905507668503,5.5908741385997711,1.1549912691465765,4.4298100753105620,-7.3566321002660189,-1.0353132687590523,0.2522529772790636,-2.4093562942831350,-4.9472758059833533,0.1158604896643218,0.0822218442664116,11.2315609791438007,38.8253539790957944,11.1990716289171779,0.3785422893630717,15.4810786599834671,23.3442753191124552,-0.5376531668291211,-0.3741248468494632,23.0676482581447146,-6.2659087932987880,-14.2608935883511094,-3.7739127297421957,-8.5035175073696845,2.2376087140706722,-0.0735091262409454,-0.0694937042092030,-11.0584987005775606,6.5616340020676303,10.3247382675616102,-2.6758753277501595,-7.6084794672001967,-5.8150936227623315,-6.1641211358004693,4.9326041394500804,8.1509724869622229,-0.3490275130377821,5.2762736384470772,3.3196509807369847,5.3584954827134776,4.9021487915975932,5.2067799342378791,-6.1641211358004231,-6.1641211358004542,722.4563756807344816,11.8065343545790373,9.6095016790056178,723.0221366820173898,0.2728080495671975,2.0938614660770818,259.7779257789319445,6.3336578304147304,6.2506036035520989,-2.5276998605285961,254.4499316061989873,2.2792866201043580,2.4133153087572286,2.1653222890991461,5.3279941727343143,865.0225911428370864,345.7420935181870618,9.1357355508835330,13.5952737111496251,-1.8616471919929101,0.3391498478186222,49.2454156225807154,1.7043132446687044,1.8222589007141290,1.7595031416586226,4.4750268738072165,0.6734203842738593,488.8697748902584408,10.8054209906889689,-0.9243421436382637,439.6243592676760272,9.1011077460276812,-2.7466010443524960,0.7113331053813365,438.9130261622948410,-3.3884931894740022,-2.7705359707713564,429.2628250412708439,-26.9101608702036756,-10.6934382502898089,380.0174094186903062,-28.6144741148696937,-12.5156971510031241,0.6280076054535588,379.3894018132367592,-6.5137840510598730,-5.1876383258824017,0.7978413501125805,-11.4905819110588663,-1.6525451406738461,-1.2557743290682066,-0.3861255105977355,0.1408552572274093,0.0000000000000000,3.7979900186613520,-0.1226131213132932,0.0000000000000000,-4.9020992453649459,-0.0091709295031182,0.0000000000000000,-0.7359816332848812,-11.5038612491152605,-1.2557743290681458,7.3513977794175958,3.4374937545400801,3.4378257543435708,-4.1856884714722717,-1.6525451406737339,0.1672402871486156,-11.4905819110589107,-2.0736047337585051,0.1406516514500389,1.1579284952582634,0.1063403720135151,-1.7319183719477245,0.0559434205678992,0.7978413501125807,0.8884131991125879,1.5845811515294359,-1.1757700581865302,0.0712172014955738,-0.3605075179464958,-0.0099239550832367,0.0259675103129330,0.0359549911536351,-0.1634501492625765,-0.1227440441112224,-0.9788159745013161,-0.4548816276298797,2.2061947250475882,-3.8638138831736342,0.1782729294478675,-0.6630880239268682,-1.3629971913932621,19.0000000000000000,,,,,,,,,,,,,,,,,,,,,,,,,,,,,,,,,,,,,,,,,,,,,,,,,,,,,,,,,,,,,,,,,,,,,,,,,,,,,,,,,,,,,,,,,,,,,,,,,,,,,,,,,,,,,,,,,,,,,,,,,,,,,,,,,,,,,,,,,,,,,,,,,,,,,,,,,,,,,,,,,,,,0.9832703728709475,0.8156240932533194,3804.0000000000000000,1224.1822828832500818,1635.0000000000000000,2282.0000000000000000,5780.0000000000000000,-13.2660716579112119,1397.8177171167499182,431.8177171167499182,879.5388356487196688,16.7794364224049986,1362.5883795795411970,26.8457496826311015,-695.7307517738538536,973.8773487699837688,204.9029469346916130,5711.4368668807201175,17.3482385884585710,6.9683691397292513,691.2009000245492416,2309.3325162216001445,,3053.5614017479001632,213.8833726806637969,682.7913588157030063,1.0182023400439180,0.9809380698752368,218.4460354652704552,43.0208452934570929,261.4668807587275978,9.3870470589250097,-3.0888050001993603,,,359.2727462269826333,0.0000000000000000,878.7101827059871084,881.1853674526375926,8.5845884950563232,709.4406854418410830,382.5746879876458024,149.2657030230757869,2.8071744338731435,-698.5379262077269686,5.3752733678742857,4.2037792222771913,-31.6442642394882796,-4.2886039135728709,10.2545691473039824,-15.7162357298535369,109.7559954643995468,37.8090884824241584,6.9459344570290398,29.7956544070461575,-6.9463733837848594,6.2779186002731393,8.5591533262011836,5.0523950292635362,7.4410240650917530,5.3177273370558709,21.4236818685085666,5.4508163913480416,-5.8691081214333707,1.1616870470248131,12.5317641209782948,10.0863659555953404,6.5385364491252744,6.4500884263617166,6.7816959934523968,,,,,,,,,,,,,,,
"2025Q1",9.6782366288140498,2.7157650799060900,16.0889906848696000,855.6266388959631968,697.1655804767482323,808.1408679682061802,706.9938254848962060,734.9916818502665592,715.1316071608607672,762.7712639799111685,520.9773656022705381,559.3657432251717410,512.4303892351675813,6.5566742205271460,8.1602481011349166,724.7633030250144657,861.3428594721136733,0.1123876915234234,49.1605319159316352,4.2452664255386745,0.7774154156441863,488.4011535436491727,431.1034816757174326,1.2465681625885168,4.3387553625565261,22.3793833602536161,3.3878439534299569,9.6782366288140675,16.0889906848696320,25.0752968663746785,4.4542071466612665,17.5276208254900325,-0.0747486257036335,-0.0389992829759213,-0.0169790436923064,-1.4216510969279910,-1.0273639102553922,-2.6211648804170911,852.3766986479762409,814.1895477307062947,716.4332294510313659,714.1127833373714111,708.2107725464817349,764.3368792302652537,5.2829592647136998,23.2143148453867170,2.2202227970596251,7.9394602381513879,5.0395664857049312,-2.3367983847376670,6.7874719104824228,4.9540338801110204,254.9928725634841840,2.1134428267827410,1.3035834147192780,12.0018831875462322,-2.2268776937449166,2.7157650799060900,3.2499402479866890,-6.0486797624999422,18.5584523992344153,-7.1189578524771129,6.9208346143797348,-1.5656152503545084,-4.3452877467885695,5.0222317935420842,855.6266388959634241,6.4711730016973901,9.2277093771142855,724.7633030250144657,513.9087305839209421,0.6111673846687751,-6.9517563130998745,0.4843911266796488,16.8312329766612052,-1.9545004278570008,9.6782366288140675,12.0018831875462322,-0.0967688649872822,-2.2268776937449166,22.3793833602536161,25.0752968663746785,-0.0747486257036335,-2.6211648804170911,3.3878439534299569,-0.0389992829759213,4.4542071466612665,-1.0273639102553922,16.0889906848696320,17.5276208254900325,-0.0169790436923064,-1.4216510969279910,2.7157650799060900,-6.0486797624999422,-4.3997833310630394,808.1408679682060665,17.8674964566494872,5.3535724893010492,814.1895477307062947,7.8297495937373931,6.7293386102199539,18.5584523992344153,11.7694540149340483,734.9916818502661044,81.4140996330894353,11.2149354269654467,716.4332294510313659,13.3211734516401688,12.5673091467445381,-7.1189578524771129,706.9938254848955239,-68.4555845717272575,-2.2313346794931075,714.1127833373714111,18.5974875401072879,13.1778909683147418,6.9208346143797348,5.4068400127117187,-5.0222317935414900,715.1316071608608809,-68.9946746105507316,-1.2748189418520788,708.2107725464817349,15.3334648071402135,13.8126537476416917,-1.5656152503545084,762.7712639799104863,-25.2867856964059428,-1.7937409395164581,764.3368792302652537,3.8968580499977192,5.2828451478322318,3.2499402479866890,-1.6338881037259769,855.6266388959634241,10.1512114461868315,6.4711730016973901,852.3766986479762409,13.9725066580533852,10.9652107130251295,-4.3452877467885695,-1.7381150987154239,697.1655804767484597,9.0942124084421625,3.4490196544967771,701.5108682235370452,5.8014845379612163,5.4727409952400645,520.9773656022704245,6.7874719104824228,6.1503511580445753,6.5878307308344377,513.9087305839209421,7.9394602381513879,6.4772540748225733,6.3256419775094974,559.3657432251727641,5.0395664857049312,4.2563672410018079,10.7713813653569446,512.4303892351679224,-2.3367983847376670,6.8223862777602138,-0.1670258943552658,3.6043985570968018,-7.0686350183492772,1.1519883276671667,-0.2621887533257612,-2.1493314012091123,-4.9193036171405851,0.1118887553709083,0.0964502720791524,6.7164107213859321,38.3883776229021336,-1.7479054247750807,4.1835506345228319,15.1740627775158181,23.2143148453867170,-0.5198418949016897,-0.4436598945591317,8.2256202999343184,-8.5469763671030456,-9.1242702952185510,-6.7548566251887987,-10.7671991641629816,2.2202227970596251,-0.0695436680431152,-0.0703381717055741,21.3779693263765473,6.5566742205269737,10.3488819001957886,0.0794201457039572,-4.8746137344064167,-3.3853769225070884,-3.7251288213724960,4.9540338801110204,8.1602481011349113,-0.3397518988650847,5.2829592647136998,0.2077091283120227,5.3794095367928803,4.8392993701545919,5.2126210930081713,-3.7251288213723450,-3.7251288213724951,724.7633030250144657,9.2277093771142855,9.1237039814038674,725.7388218253794321,1.3035834147192780,2.1134428267827410,260.0151043570252227,0.9487143123702850,3.9635564439436246,-0.4936678493530056,254.9928725634841840,2.1717638291411583,2.3199689411826472,2.0631756376840822,5.0222317935420842,861.3428594721136733,340.3654938698427941,-21.5063985933751560,3.8099782322974223,-1.8211232510220794,0.1123876915234174,49.1605319159317276,-0.3395348265871211,1.1654944400476595,0.1244246846533610,4.2452664255386754,0.7774154156441849,488.4011535436490021,-1.8744853864345083,-2.2840280154313524,439.2406216277165072,-1.5349505598386779,-3.4495224554791140,1.2465681625884439,437.9940534651275925,-3.6758907886686174,-3.1704198443614842,431.1034816757184558,7.3626265377950979,-8.1581027702719311,381.9429497597871546,7.7021613643845521,-9.3235972103189866,4.3387553625548687,377.6041943972319928,-7.1408296640165050,-6.0404650547878660,0.6111673846687751,-6.9517563130998745,0.4843911266796488,16.8312329766612052,-1.7407576287039355,0.2393574127856682,0.0000000000000000,-4.5887760263015878,-0.0775310037021675,0.0000000000000000,-1.0273639102553744,-0.0070112888190645,0.0000000000000000,-1.4216510969280307,-1.0197798764203583,16.8312329766611271,-12.3191932065087286,0.8604318562954449,5.1913313502618692,-2.2778998610250660,0.4843911266796894,-10.3305208580388808,-6.9517563130998212,-0.9422571618803386,-0.0256271371310925,0.5275019661420290,0.0484440581150818,-30.9242827362062656,0.0563862949467284,0.6111673846687748,0.6567156872631903,1.0959988603269213,-0.8718184240050508,0.0464113484170677,-0.2339803177173525,-0.0033854544263063,0.0064415400420273,0.0289675073133511,-0.1049593517904454,-0.2064131654260759,-2.0990379682452271,-0.1050222410590851,0.8055416372520483,3.8803098105730669,0.1713370697977163,-0.6262469181433078,-1.2784240180583684,20.0000000000000000,,,,,,,,,,,,,,,,,,,,,,,,,,,,,,,,,,,,,,,,,,,,,,,,,,,,,,,,,,,,,,,,,,,,,,,,,,,,,,,,,,,,,,,,,,,,,,,,,,,,,,,,,,,,,,,,,,,,,,,,,,,,,,,,,,,,,,,,,,,,,,,,,,,,,,,,,,,,,,,,,,,,3.9056953362970432,1.1385040392296162,3246.0000000000000000,1650.1733722292431139,1231.0000000000000000,2071.0000000000000000,5276.0000000000000000,-14.9745499596798322,1218.8266277707568861,381.8266277707568861,812.9967208471714457,16.0889906848696000,1374.4132396878840154,25.5605270070313004,351.2114969853829507,92.2172345057016543,117.9877873496279364,5505.0910840853002810,-14.7189266828913787,2.3281663609338104,698.6438756850926666,2706.7134411082702172,,3460.7704922573698241,302.6431439813031830,506.7119864569460219,1.4708681096751619,1.1110108778411278,,,,2.0599872592542798,4.9024842896536800,1.8569964936118066,12.4833668233190718,164.2177092780574981,0.0000000000000000,881.1867000113911672,883.3850524591640578,8.7987400261058610,65.6455153589041913,92.3753239976510372,83.9904725850810223,-71.4569558082155254,422.6684527935984761,10.6843327121996339,6.6851438806321966,19.5632058218596825,5.4994680666464717,125.7235865427910255,11.8679927792231297,-49.5685826861762848,-2.2066245371279081,-49.8397219343640572,-1.2667275452280791,-22.3429506573492631,-1.7777491664748908,7.0231220554266116,6.8096729690906272,8.2631446739751766,6.5299968190227702,5.1687129703547754,11.3728965749831730,-2.3097066876925538,-0.1668864837364197,9.6668660037774146,9.5528658392643848,0.9532288720664752,4.0431534842804382,6.7763999859420165,,,,,,,,,,,,,,,
"2025Q2",4.1835881142591900,1.7345681618426700,16.3088993147476984,858.6515219778523260,700.4377310909541166,816.4948275511035263,701.5193697213481983,725.2968457735157699,705.1521332460446274,752.6670956143624380,522.1789864581860456,561.8832448424786890,513.3803224263344873,6.1181324821265086,8.6951282680430158,725.7840000798588562,863.4330565902130274,-0.0518110738712494,50.7899170787947867,4.2740153676159025,0.8634737674168561,484.2217718303929246,419.4139329196043491,-3.5900381068941556,-7.0795127237755651,20.1695552604407773,0.3229321685662456,4.1835881142593161,16.3088993147477339,25.4066418775360674,4.4662989786454936,17.5581888916937849,-0.0618900188056678,-0.0322904445943737,-0.0182919651500409,-1.2309976117960362,-4.1110763654848856,-5.1751965982897010,855.9606515949939194,816.1988193083722081,719.7414930284711545,718.9711401734712126,712.0126123742826394,765.2773409010369505,5.2277493817796499,23.1706749477745788,2.2069791062473980,3.8228752660108865,10.0700064692206670,3.7997327646691450,4.8064834236646714,4.8729317074329241,255.5011786860991378,2.0778946740798552,-0.1070929258163157,12.3147519644876802,-8.0552753519785298,1.7345681618426703,2.6908703828576965,0.2960082427314691,5.5553527450443987,-17.4517704521229291,-6.8604791282360837,-12.6102452866750259,-2.5768206745411439,6.2082890721328674,858.6515219778518713,7.7976088448231433,4.0827882193733434,725.7840000798585152,514.8644494004236094,0.2372208887173652,-1.8611067142341462,-3.1389821593215048,-6.2095534499583618,-7.7424065750369637,4.1835881142593161,12.3147519644876802,-0.0758884982500985,-8.0552753519785298,20.1695552604407773,25.4066418775360674,-0.0618900188056678,-5.1751965982897010,0.3229321685662456,-0.0322904445943737,4.4662989786454936,-4.1110763654848856,16.3088993147477339,17.5581888916937849,-0.0182919651500409,-1.2309976117960362,1.7345681618426703,0.2960082427314691,-0.8576566744357548,816.4948275511046631,33.4158383315869614,12.1255940332936838,816.1988193083722081,8.0370863106660000,7.3655002315479523,5.5553527450443987,2.9159875293384356,725.2968457735171341,-38.7793443069980697,1.4710792578964593,719.7414930284711545,13.2330543097610889,12.9551914302318725,-17.4517704521229291,701.5193697213485393,-21.8978230541870964,-8.0457014360347685,718.9711401734712126,19.4334273443987833,16.1141278035373787,-6.8604791282360837,-3.1372186697053692,-6.2082890721321986,705.1521332460449685,-39.9178956592592016,-15.3057871283101878,712.0126123742826394,15.2073593112008076,14.6183242870439507,-12.6102452866750259,752.6670956143623243,-40.4166734622011248,-12.8108709997165509,765.2773409010369505,3.7618466830866155,4.5094825784730617,2.6908703828576965,-2.2731966650423443,858.6515219778518713,12.0995323275557709,7.7976088448231433,855.9606515949939194,14.3358117880717408,12.6270436591652278,-2.5768206745411439,-1.0307282698164564,700.4377310909542302,13.0886024568239918,7.4276399153477755,703.0145517654952982,6.0147341678340114,5.6890877697388458,522.1789864581866141,4.8064834236646714,5.6030126113482952,6.4992585220644994,514.8644494004236094,3.8228752660108865,5.1263671646965365,6.0489450665264357,561.8832448424790300,10.0700064692206670,6.4238622594396491,11.5172724149347232,513.3803224263350558,3.7997327646691450,9.1504865465468566,-0.0463473492329235,3.3943541207130989,-7.3145370577633795,-0.9836081576561662,-0.4503134555388533,-2.4052725336299563,-4.9092645241338104,0.0401563720274434,0.0897317969074106,8.5671043803772591,39.7042583842915491,5.2635230455573039,5.0180138928702576,16.5335834365166114,23.1706749477745788,-0.1745595904486647,-0.4122280857793660,-10.9940366600369899,-8.7986640318515494,-1.0067506589948498,-6.5456058712965524,-11.0056431380989235,2.2069791062473980,-0.0529747632494739,-0.0666694369272940,-37.1990991002241103,6.1181324821264260,10.1408374612401602,0.9917653174293077,-3.8811663900034659,-3.4461187198857695,-3.2509904518431583,4.8729317074329241,8.6951282680430158,0.1951282680430132,5.2277493817796499,0.4648699177751699,5.3174811786870775,4.8155212960003153,5.1610799448523732,-3.2509904518430286,-3.2509904518430517,725.7840000798585152,4.0827882193733434,8.5363573649309128,727.0224632816788244,-0.1070929258163157,2.0778946740798552,261.7094677582311419,6.7774536048202583,5.1727035261751970,3.8324767070261139,255.5011786860991378,2.0332244904591659,2.2140474480293340,1.9315632659362170,6.2082890721328674,863.4330565902133685,341.2540701320258449,3.5543050487272474,1.1183714544112702,-1.8814675027193895,-0.0518110738712510,50.7899170787949004,6.5175406514629799,2.6852912277687260,5.6100850670939755,4.2740153676159016,0.8634737674168576,484.2217718303928109,-16.7175268530234042,-6.5375313632116265,433.4318547515964042,-23.2350675044785291,-9.2228225909804635,-3.5900381068943465,437.0218928584905598,-3.8886424265476927,-3.4953135916026321,419.4139329196057133,-46.7581950244485967,-24.1706147142221965,368.6240158408107277,-53.2757356759065317,-26.8559059419898816,-7.0795127237745978,375.7035285645857243,-7.6026633305822022,-6.7450933891030616,0.2372208887173652,-1.8611067142341462,-3.1389821593215048,-6.2095534499583618,-2.1233143781103747,0.2851098544800497,0.0000000000000000,-3.3403811819975644,-0.0651978106826433,0.0000000000000000,-4.1110763654848874,-0.0041557255412152,0.0000000000000000,-1.2309976117960311,5.2999786103607534,-6.2095534499583636,-12.5851361198488263,-6.0907014604122285,2.7788100672529374,-0.8387055758257129,-3.1389821593214471,3.6392671112147355,-1.8611067142341824,-1.3745779821235236,0.5009049770215908,-0.1247186527077158,-0.0114537538200954,15.0178898618733836,-0.0404295036243224,0.2372208887173653,0.2163362228048521,0.2789644365195673,-0.3017717723093956,-0.0148155981570059,0.0952718420010913,0.0096145379893423,-0.0299511472249438,-0.0242038700245985,-0.0728666941274797,-0.1574555039032650,6.3931159668092405,0.1419991268732606,-4.3629103676991576,-10.2468041384406092,0.1637998933370907,-0.5803407167455658,-1.1759166329631006,21.0000000000000000,,,,,,,,,,,,,,,,,,,,,,,,,,,,,,,,,,,,,,,,,,,,,,,,,,,,,,,,,,,,,,,,,,,,,,,,,,,,,,,,,,,,,,,,,,,,,,,,,,,,,,,,,,,,,,,,,,,,,,,,,,,,,,,,,,,,,,,,,,,,,,,,,,,,,,,,,,,,,,,,,,,,3.5813901437329321,1.1257356073962796,3924.0000000000000000,1407.3822790213796452,1118.0000000000000000,1900.0000000000000000,5799.0000000000000000,-13.1052762114405592,1250.6177209786203548,338.6177209786202980,963.1156266546799998,16.3088993147476984,1220.9414012175329844,20.6303001828210988,-84.6736884026794030,208.8644406520238022,133.6350223135085855,5621.3693281340501926,8.3607884723974166,7.3931164477124227,711.1038001662075203,2519.0120015085699379,,3450.4332211349301360,-34.0826365482953406,373.6071906793130211,1.0073815996033799,1.0315792316781212,,,,4.5761138169356199,-2.1270938645191002,,,514.3985686012649694,0.0000000000000000,888.5695534503970521,885.6260316542652617,8.9639167804048157,147.1718145015884147,0.0000000000000000,94.1630305926790356,-21.7201220115448095,-62.9535663911345864,12.8619634111972516,8.1096807658732359,39.6764350225598719,12.8913809971873690,-32.1447511491496698,1.4819528832651656,-19.6660793777513732,-7.7305434652597569,-32.9129366112376545,-14.1919937819728119,-33.2467188841386445,-12.0242264514903781,4.9238679708151238,6.7151111664825862,3.8968872590478725,6.2356390358040414,10.5944880094377822,12.2067228942861306,3.8728457025359830,-0.0463366105081207,4.1672799677927799,8.9112967500591935,7.0124006889884924,5.3088247319343083,6.3091661617250772,,,,,,,,,,,,,,,
"2025Q3",8.0800706649145706,2.6876641052530901,16.4313141022058993,862.6038454984094415,705.7190662313123539,815.9300769446277855,709.8563547306548571,734.6954115416341438,709.5139668093246428,753.4580823731986357,524.2453310965257742,558.7926952059519863,517.6119716303062432,7.1333811911088025,7.6782370374615274,727.5744959018373947,865.8632363086489931,-0.1526571984331468,52.3667756787897574,4.1717593351868469,0.9334493535596158,483.2347449606708096,421.9490568618278417,-5.1480156559372858,-4.1491378409647837,21.3095672475153428,3.2018175196051399,8.0800706649146079,16.4313141022059064,25.5412141101264005,4.5150390844515984,17.5932782389161666,-0.0806729785480746,-0.0420902496773738,-0.0338005441635373,-1.1281635925467062,-1.2711313151690842,-4.1509738840629531,859.0963246919675385,818.1458047095433130,722.9109918085002846,722.6243987804078870,715.5402136120686691,766.3517868921059062,5.2098121094953358,23.1636132306327909,2.1959021624092738,11.7086089058018725,-12.3621985461085426,16.9265968158779607,8.2653785533554558,4.8662255240501953,255.9904040116033173,2.0737199335753171,-0.2694007759805766,12.4629749556618687,-4.2939416066853182,2.6876641052530901,3.5075208064406715,-2.2157277649154512,11.7844197331330935,-12.7680440497542147,-6.0262468027418450,-12.8937045189077359,1.1543054196009863,6.1592659421515448,862.6038454984092141,10.8239550782188338,7.1619832879094432,727.5744959018371674,517.7916016268734438,-0.2088936983449353,5.9414626418976546,3.9433523008261928,7.6490218911374690,-4.1457186155111883,8.0800706649146079,12.4629749556618687,-0.0889626840619855,-4.2939416066853182,21.3095672475153428,25.5412141101264005,-0.0806729785480746,-4.1509738840629531,3.2018175196051399,-0.0420902496773738,4.5150390844515984,-1.2711313151690842,16.4313141022059064,17.5932782389161666,-0.0338005441635373,-1.1281635925467062,2.6876641052530901,-2.2157277649154512,-2.3572066608122122,815.9300769446275581,-2.2590024259037813,2.7449653693837690,818.1458047095433130,7.7879416046858747,7.7181625091566186,11.7844197331330935,7.0271453725388398,734.6954115416341438,37.5942630724725646,22.4977988744660280,722.9109918085002846,12.6779951201173251,13.0456489984001767,-12.7680440497542147,709.8563547306544024,33.3479400372198072,4.2680016730663732,722.6243987804078870,14.6130344277449016,17.0669453842941437,-6.0262468027418450,-2.8160301639176941,-6.1592659421507543,709.5139668093247565,17.4473342531218485,-21.1874781210322851,715.5402136120686691,14.1104049511432041,14.8143500670850941,-12.8937045189077359,753.4580823731988630,3.1639470353406161,-17.4347337493235024,766.3517868921059062,4.2977839642748208,4.1488782706836442,3.5075208064406715,-2.6207705769864695,862.6038454984092141,15.8092940822274457,10.8239550782188338,859.0963246919675385,12.5426923878953982,13.3004046846712924,1.1543054196009863,0.4617221678403948,705.7190662313121265,21.1253405614333865,9.5092818302821325,704.5647608117117215,6.2008361848646167,5.8980233033396976,524.2453310965263427,8.2653785533554558,6.7103659993642566,7.0179592312723384,517.7916016268734438,11.7086089058018725,8.4067507931022849,7.6620335446969046,558.7926952059525547,-12.3621985461085426,-4.1488879481427743,5.5397372688318933,517.6119716303060159,16.9265968158779607,12.6026004345023157,3.0852851612618308,4.0378698335829650,-6.4537294696523562,3.4432303524443828,0.6440743134239142,-1.5468690170262600,-4.9068604526264874,0.0096162860296375,0.0693804757735815,11.5125163858802892,34.5473641094261481,-20.6275770994621723,-1.4782219624400916,11.3837508787929895,23.1636132306327909,-0.0282468685674488,-0.3150753801868535,5.2427430351028024,-6.6333594662204138,8.6612182625232563,-3.9326740700093539,-8.8292616286298458,2.1959021624092738,-0.0443077753524628,-0.0600838332215068,23.1800918557419457,7.1333811911088683,10.0856539195753019,-1.2733696019939715,-6.1395951260439325,-3.6259589250102890,-4.4477218875491751,4.8662255240501953,7.6782370374615256,-0.8217629625384755,5.2098121094953358,0.9648055954416223,5.2791925852689019,4.8947367293084714,5.1497282762738230,-4.4477218875491058,-4.4477218875490916,727.5744959018371674,7.1619832879094432,8.0697538097441992,728.3618066018261743,-0.2694007759805766,2.0737199335753171,262.1496699537537438,1.7608087820887746,3.9551586324250834,0.1035842247861636,255.9904040116033173,1.9569013020160646,2.1102940604304465,1.8590562369152670,6.1592659421515448,865.8632363086488795,341.6179052121222526,1.4553403203817341,-1.8402544183450051,-1.8902098634434257,-0.1526571984331464,52.3667756787897645,6.3074343999867022,3.5474383673760057,5.4420000659128860,4.1717593351868478,0.9334493535596156,483.2347449606704686,-3.9481074788901935,-2.9336746819137844,430.8679692818793683,-10.2555418788690424,-6.4811130492899371,-5.1480156559375212,436.0159849378167110,-4.0236316826962026,-3.7441645218467414,421.9490568618280690,10.1404957688961801,-14.0413083969951593,369.5822811830383898,3.8330613689130972,-17.5887467643713009,-4.1491378409639967,373.7314190240026051,-7.8884381623333280,-7.2864288020003478,-0.2088936983449353,5.9414626418976546,3.9433523008261928,7.6490218911374690,-0.6796199756682451,0.1049043264671078,0.0000000000000000,-0.5283362652601333,-0.0279449452616265,0.0000000000000000,-1.2711313151690775,0.0006712361393148,0.0000000000000000,-1.1281635925467088,-2.5179798188547906,7.6490218911375027,-2.7529913982896517,-7.6358086440871258,3.3931792761688864,2.1850336894174496,3.9433523008261933,-11.2056916520062799,5.9414626418976511,-0.1501097536710223,-0.9973784037771867,0.6462553982843280,0.0593499855567238,-5.8996834881590736,0.0051379621792197,-0.2088936983449353,-0.2550097820538095,-0.6981897023956637,0.3624263074443704,0.0169360241993332,-0.0691695101254567,0.0033695115720720,0.0253380360798576,0.0036147269034513,-0.0573643809951138,-0.1039547889941736,0.6973493328927862,0.0124315994708410,-2.9221920296631119,1.0189064473915721,0.1563229628844450,-0.5238534988033081,-1.0460411648081944,22.0000000000000000,,,,,,,,,,,,,,,,,,,,,,,,,,,,,,,,,,,,,,,,,,,,,,,,,,,,,,,,,,,,,,,,,,,,,,,,,,,,,,,,,,,,,,,,,,,,,,,,,,,,,,,,,,,,,,,,,,,,,,,,,,,,,,,,,,,,,,,,,,,,,,,,,,,,,,,,,,,,,,,,,,,,3.2570849511687925,1.1129671755627157,3238.0000000000000000,1740.3376906369662720,1409.0000000000000000,2083.0000000000000000,5525.0000000000000000,-11.9385635710955373,1220.6623093630337280,356.6623093630336143,1016.6696722139878375,16.4313141022058993,1472.8955685932996857,24.5616665965184993,158.9032449638809226,156.9132507688767078,140.4094006465541327,5759.6521606273599900,9.7207188737438628,7.2340640143270463,707.5228603219205752,2479.2354557114099407,,3490.1945371022397921,-77.6323350993829990,140.2039739283239896,1.3034603746912636,1.0868327975487686,,,,5.4982038859273796,-0.1057973262658987,,,115.4177261773785403,0.0000000000000000,890.1537873921322443,887.8946873734741985,9.0746228768357469,108.6034776699427766,0.0000000000000000,97.1807615548595578,213.4511443034353420,-54.5478993395544194,17.1275048915247083,11.4314648362401954,-2.2336780175406687,2.7829866367449654,45.6363580851254369,25.2295151300160541,39.5816292949249657,4.3603905628365709,19.0619003073066295,-19.0933998510734426,3.2145319229917249,-15.9994918277332800,8.6165697167078292,7.2700812775955228,12.4216208239066788,7.9632100531987788,-11.6286165570780327,5.6960538487467431,18.4435119062579957,3.1333733624666564,7.4246873084233016,8.4042965278166832,1.7764024101262237,4.0344165032156383,7.3939659890517984,,,,,,,,,,,,,,,
"2025Q4",9.8048005805370497,2.9261621666594899,17.2044459257513012,863.7627834090469605,703.0718045829131597,820.3878348901232584,715.1478872030924094,739.4601543034726774,704.6156902625111798,763.8422543139117806,526.3683370584986960,559.2827033638085368,524.8421057873437121,6.6410948595213641,7.9592345524629335,728.0325225386031889,869.0498283288832226,-0.1893290503087570,54.4371347147830420,3.7238943051167213,0.9895299785165013,481.9025863899954061,412.9294823922355704,-7.5280748495101761,-13.2351081112780662,22.3840418335834315,4.6252046727049594,9.8048005805370586,17.2044459257513189,25.4282361066172840,4.5760579052105799,17.6309478602634009,-0.0489103451812441,-0.0255184409642450,0.0246145606155803,-0.4511164951276521,0.0746652084586376,-2.9952839278525989,861.6362466620330451,819.9942019990481867,725.9010693926323938,724.7297899677458872,718.7189698766239871,767.6155491501905317,5.1622018211803073,23.2325013100430056,2.1879477513945433,8.0391098823441958,1.9600326314212333,28.9205366281477545,8.4920238478886105,4.8141731358314095,256.4570418733182464,2.0514192827966831,-0.9336181203739559,12.3733461515644692,-2.4695022242663072,2.9261621666594899,2.1265367470133145,0.3936328910759899,13.5590849108398412,-9.5819027646537851,-14.1032796141108374,-3.7732948362793426,-3.0798963931333865,6.2112362826101766,863.7627834090471879,10.6739473746322933,1.8321065470622784,728.0325225386022794,519.8013790974591757,-0.3665586743348981,14.9214857703268216,-1.6477457909132243,5.3953476885386857,-2.5591310283636890,9.8048005805370586,12.3733461515644692,-0.0990433467611574,-2.4695022242663072,22.3840418335834315,25.4282361066172840,-0.0489103451812441,-2.9952839278525989,4.6252046727049594,-0.0255184409642450,4.5760579052105799,0.0746652084586376,17.2044459257513189,17.6309478602634009,0.0246145606155803,-0.4511164951276521,2.9261621666594899,0.3936328910759899,-0.1723963357145371,820.3878348901235995,17.8310317819801583,16.7138410360791632,819.9942019990481867,7.3935891580148194,7.7620916667735802,13.5590849108398412,8.5882078742815207,739.4601543034730184,19.0589710473586926,24.8219973614790383,725.9010693926323938,11.9603103365283321,12.7981333045115271,-9.5819027646537851,715.1478872030925231,21.1661298897492820,-8.9598344247331951,724.7297899677458872,8.4215647493485761,15.2663785154026819,-14.1032796141108374,-8.0054390860533946,-6.2112362826093754,704.6156902625115208,-19.5931061872525518,-27.7645855509885564,718.7189698766239871,12.7150250582206059,14.3415635319257380,-3.7732948362793426,763.8422543139116669,41.5366877628476630,-5.2507060901017404,767.6155491501905317,5.0550490323360737,4.2528844324241648,2.1265367470133145,-1.4075383665826307,863.7627834090471879,4.6357516425523553,10.6739473746322933,861.6362466620330451,10.1596878802589501,12.7526746785691056,-3.0798963931333865,-1.2319585572533513,703.0718045829132734,-10.5890465935959774,8.1797772082759117,706.1517009760468682,6.3477606573412331,6.0912038870002787,526.3683370584985823,8.4920238478886105,8.0305436871287270,7.0878394338480630,519.8013790974591757,8.0391098823441958,7.6463294386524669,7.8775135730761381,559.2827033638081957,1.9600326314212333,7.1787424092320764,1.1768517600620023,524.8421057873433710,28.9205366281477545,14.4207780040098328,11.8275169559904647,2.9434766541328083,-6.5669579610390363,-0.4529139655464094,0.7896741392271570,-1.6467685656758682,-4.9201893953635363,-0.0533157709478941,0.0270864106202957,8.2469912441812117,32.9143663053098692,-6.5319912164658671,-5.9109876737860398,9.6818649952664533,23.2325013100430056,0.2755523176406810,-0.1117740090692466,-0.9443774415293333,-1.5262312711551833,20.4285127802598723,4.7396775221431335,-3.7141790225498155,2.1879477513945433,-0.0318176440587791,-0.0496609626759045,-28.0753917101890238,6.6410948595212353,9.9230591860639414,-1.0052345791316415,-5.8194077149629004,-4.0835015586297398,-4.6242670061672104,4.8141731358314095,7.9592345524629335,-0.5407654475370658,5.1622018211803073,2.1115194903248078,5.1892882318005951,5.0504278121110531,5.1125408585044028,-4.6242670061671198,-4.6242670061671127,728.0325225386022794,1.8321065470622784,5.5761468578650764,729.2841873905608736,-0.9336181203739559,2.0514192827966831,262.6682781559275668,2.0744328086926114,2.8903523769945569,1.2299478502158263,256.4570418733182464,1.8665514468612872,2.0071102671196495,1.7732238745182238,6.2112362826101766,869.0498283288833363,342.6814912703845835,4.2543442330473740,-3.0606022478039021,-1.9171727150356752,-0.1893290503087571,54.4371347147830775,8.2814361439800077,5.1917190922040737,7.0212014611075677,3.7238943051167186,0.9895299785165025,481.9025863899955766,-5.3286342827020921,-6.9671885002618250,427.4654516752104314,-13.6100704266744277,-12.1589075924659209,-7.5280748495104124,434.9935265247211760,-4.0898336523825911,-3.9194996375743485,412.9294823922339219,-36.0782978783709325,-16.3333426490356359,358.4923476774512210,-44.3597340223481140,-21.5250617412390071,-13.2351081112790734,371.7274557887304240,-8.0158529410921293,-7.6619460245052675,-0.3665586743348981,14.9214857703268216,-1.6477457909132243,5.3953476885386857,-0.9176698859670549,-0.1359172980027875,0.0000000000000000,-0.0896022090085751,-0.0132292250184071,0.0000000000000000,0.0746652084586401,0.0036024037363440,0.0000000000000000,-0.4511164951276521,1.5859046453442751,5.3953476885386920,-11.3716677337585921,0.1686457839601063,3.9016952157006140,-3.5416185609737796,-1.6477457909132287,-0.9223658352817878,14.9214857703268233,-1.6420480781369169,0.1988212187475634,-0.1718941835983622,-0.0157862005345435,1.7620233504844034,-0.0139567647613973,-0.3665586743348981,-0.4453883354812481,-1.0514629532635755,0.6105509583768562,-0.0145307190598093,0.1029482263895833,0.0080593537584525,0.0074952099460250,-0.0149286574211009,-0.0593215221429808,-0.0458312837815981,2.8394360780671306,-0.3382901997916855,-4.3363051428292181,-10.2062374873753186,0.1494255603128469,-0.4685651379559631,-0.9162585949926685,23.0000000000000000,,,,,,,,,,,,,,,,,,,,,,,,,,,,,,,,,,,,,,,,,,,,,,,,,,,,,,,,,,,,,,,,,,,,,,,,,,,,,,,,,,,,,,,,,,,,,,,,,,,,,,,,,,,,,,,,,,,,,,,,,,,,,,,,,,,,,,,,,,,,,,,,,,,,,,,,,,,,,,,,,,,,2.9327797586047666,1.1001987437288960,4648.0000000000000000,1633.4907710973536723,1283.0000000000000000,2159.0000000000000000,6788.0000000000000000,-16.4546042854421160,1381.5092289026463277,472.5092289026463845,1057.5140246613432282,17.2044459257513012,1592.5891780325287073,26.9394737924956011,-3.0892421200052524,358.4806001430141578,179.6837953481765453,5946.1443690318901645,12.7463680809369180,4.1530982628648303,701.8341289104535008,2503.8670820198299225,,3630.8948914171801334,86.7935694392263031,76.1639767040910982,0.9711553037237657,0.8696506424424760,206.5426099131814794,38.3617531021105691,244.9043630152920912,2.8389494505964601,4.0396889632811002,,,592.4534448963679552,0.0000000000000000,897.9128270992188163,890.1792416534461836,9.1382171198879405,246.9793174755171492,0.0000000000000000,123.7952098908523340,-54.1204880655912746,51.0312459455860221,4.7448824183050817,11.2644343653747683,19.5196154358617662,18.1917843662798333,20.9962915114886783,28.1741850573680495,23.5729271323437501,-8.5701655279748508,-17.7931095384256395,-24.2434938493889973,51.4926431367033217,-5.1152378686986566,8.8630232432158778,7.3450680250894891,8.3710822832246521,8.1961000344471699,1.9793673869086490,1.1838039057704890,33.5365939508108681,12.5553786898938426,1.8489925848261350,5.7345443542695875,2.0960987216755314,2.9325284261745139,6.8665793647533446,,,,,,,,,,,,,,,
"2026Q1",6.6812948271761003,3.4726343061922100,18.4515722093564989,865.3512159594454261,704.8216687277858910,829.5554232295991142,711.7315083003546761,731.5742637035663165,706.7137096499213840,769.5006453124321979,529.7445100531996331,564.5871796631734014,531.6397792982854753,6.8899245196686829,7.6181858656071908,728.4666579672240232,874.4862911937685794,0.0033328582415493,56.8080027448247122,3.4827422924584064,1.0341059592389563,484.4033379118963580,418.1552853720943403,-6.3731617639635942,-8.3813530335963833,21.0827908557680601,4.0500761807644716,6.6812948271760559,18.4515722093565060,25.3166043746005265,4.6415468547064052,17.6668402913664622,-0.0308792736293778,-0.0161109253719628,0.1230762374693855,0.6616556805206494,-0.5753597485699606,-4.2029342452030578,864.0086388451206858,821.7953527431716338,728.7737562627361285,726.6728293353847903,721.6993128922655387,768.9833370881450492,5.1286614389143317,23.3559666634553267,2.1815918590136518,10.7403348545350532,21.2179051974546269,27.1906940437663955,13.5046919788040540,4.7629359819888739,256.9016925686033801,2.0391573806673189,-1.2768853928097919,12.2913109379404517,-5.4399496742936453,3.4726343061922100,1.3425771143231398,7.7600704864275558,2.8005074408289086,-14.9413210350306613,-14.9856032423421706,0.5173082242860108,-2.9569155359927515,5.8865053323539582,865.3512159594447439,9.7245770634812310,1.7365417144797692,728.4666579672241369,522.4864628110930198,-0.1809100315164752,10.0374994611658082,0.9233771771393114,-6.0688704570199761,-5.5219848879176867,6.6812948271760559,12.2913109379404517,-0.1700664364708064,-5.4399496742936453,21.0827908557680601,25.3166043746005265,-0.0308792736293778,-4.2029342452030578,4.0500761807644716,-0.0161109253719628,4.6415468547064052,-0.5753597485699606,18.4515722093565060,17.6668402913664622,0.1230762374693855,0.6616556805206494,3.4726343061922100,7.7600704864275558,4.9784807064829995,829.5554232295994552,36.6703533578993017,21.4145552613914845,821.7953527431716338,7.2046029764957282,7.6058050124631826,2.8005074408289086,2.0420940398643364,731.5742637035662028,-31.5435623996267971,-3.4174181467001103,728.7737562627361285,11.4907474804153757,12.3405268117055193,-14.9413210350306613,711.7315083003547898,-13.6655156109534062,4.7376828154600243,726.6728293353847903,7.7721574705532896,12.5600459980142496,-14.9856032423421706,-8.6832397720548578,-5.8865053323532068,706.7137096499219524,8.3920775496451370,-8.4178975109387366,721.6993128922655387,11.9213720625684605,13.4885403457829316,0.5173082242860108,769.5006453124326526,22.6335639940758995,6.7293813325181766,768.9833370881450492,5.4711517518180885,4.6464578578792635,1.3425771143231398,0.9720516973970592,865.3512159594447439,6.3537302015916923,9.7245770634812310,864.0086388451206858,9.4895687323507474,11.6319401971436562,-2.9569155359927515,-1.1827662143971014,704.8216687277857773,6.9994565794913974,7.6560882510382218,707.7785842637788392,6.5075331509286070,6.2677160402421190,529.7445100531997468,13.5046919788040540,11.0078635110663274,8.7671444509288090,522.4864628110930198,10.7403348545350532,10.1348768571897345,8.5777322271721630,564.5871796631728330,21.2179051974546269,14.4216947111375546,5.2214364379996576,531.6397792982857027,27.1906940437663955,13.0484194357594809,19.2093900631166647,2.2513627579293947,-7.2580472421069215,-2.7643571242712079,-0.1894122237575343,-2.3132795223495832,-4.9447677197577269,-0.0983132975764482,-0.0254641026164365,9.4414110535140203,34.8426696099730862,7.7132132186519575,-3.5457080129291225,11.4867029465173491,23.3559666634553267,0.4938614136491984,0.1416518180684214,14.6532381069190070,1.8952692450858919,13.6860020649631515,10.4422456121886267,-0.2863226139277466,2.1815918590136518,-0.0254235695238450,-0.0386309380461783,28.9293210922939714,6.8899245196688126,9.7932841233268793,-3.2449523375213847,-8.0078883195100872,-5.2757360268653226,-6.1575501612585732,4.7629359819888739,7.6181858656071926,-0.8818141343928072,5.1286614389143317,3.6623281731445276,5.1031973362978897,5.2703132569827469,5.0900305008681590,-6.1575501612584826,-6.1575501612584773,728.4666579672241369,1.7365417144797692,3.7033549422064809,729.6348807157157808,-1.2768853928097919,2.0391573806673189,262.7881979009562201,0.4796789801128609,2.7730935439302127,-0.7270992984410336,256.9016925686033801,1.7786027811395795,1.9088200051191211,1.6896726420826014,5.8865053323539582,874.4862911937690342,344.7417811405685484,8.2411594807351900,4.3762872707235188,-1.9371166219405742,0.0033328582415496,56.8080027448247193,9.4834721201737491,7.6474708288941784,7.9828302420625281,3.4827422924584055,1.0341059592389574,484.4033379118965286,10.0030060876008946,-3.9978156317523754,427.5953351670696634,0.5195339674351835,-11.6452864606468367,-6.3731617639636982,433.9684969310332008,-4.1001183747515393,-4.0255565340950676,418.1552853720941698,20.9032119194416737,-12.9481963036221792,361.3472826272700900,11.4197397992715022,-20.5956671325158176,-8.3813530335962962,369.7286356608661322,-7.9952805114610124,-7.8755587363649928,-0.1809100315164752,10.0374994611658082,0.9233771771393114,-6.0688704570199761,-0.4904467771375347,-0.1402199266858956,0.0000000000000000,-2.1062354957062155,-0.0057081552436560,0.0000000000000000,-0.5753597485699609,0.0022019097056927,0.0000000000000000,0.6616556805206508,8.0004348902183544,-6.0688704570199707,-6.9967724171140731,4.3439361914328032,1.6901945650509065,-1.7249569787394008,0.9233771771393136,8.1279284606975395,10.0374994611657939,-1.3142700387411472,-0.3951252316094477,-0.0364298800170228,-0.0033456012260530,3.2113684110903855,-0.0096341052332712,-0.1809100315164752,-0.2331506471846593,-0.5195050506392408,0.3072518632006873,-0.0052218418422673,0.0478380548107920,0.0032123101290571,0.0053789066213567,-0.0071199738496974,-0.0170886065368991,0.1813021655317814,2.4622706590661849,-0.1539704338833792,-1.7057553572672788,1.2802758876370177,0.1435289785741051,-0.4192680876071521,-0.7810128644795520,24.0000000000000000,,,,,,,,,,,,,,,,,,,,,,,,,,,,,,,,,,,,,,,,,,,,,,,,,,,,,,,,,,,,,,,,,,,,,,,,,,,,,,,,,,,,,,,,,,,,,,,,,,,,,,,,,,,,,,,,,,,,,,,,,,,,,,,,,,,,,,,,,,,,,,,,,,,,,,,,,,,,,,,,,,,,2.3769628646017509,1.3638854052989871,4579.0000000000000000,1363.8680569408606971,1296.0000000000000000,2186.0000000000000000,6346.0000000000000000,-17.8799297394803745,1295.1319430591393029,423.1319430591394166,1114.2527073619548901,18.4515722093564989,1589.9710302728797160,24.4190546273031011,222.3977216725379549,73.0141572169912365,180.3064440213956914,6278.3526736412195532,21.7458514595414272,17.0196401013585543,710.8987451157992155,2579.5577191253801175,,3788.7971287168898016,169.4045758531419779,66.4027572776837047,1.2843794287460757,,222.0496477851083625,41.0336558552043087,263.0833036403126926,1.3535860973931999,1.8550744235906904,,12.5202534551468947,275.1560496771835460,0.0000000000000000,901.3213843557883820,892.4693284683477259,9.1603472596061692,50.0860264560657455,0.0000000000000000,123.6860585628068208,259.7986057173874315,-37.4008840448494766,6.5599234059707072,10.2131211825185346,44.2970063525550302,23.8802952679607614,-27.0528970041453505,-3.3596839543488812,-12.7729028410604286,4.8517045387860094,8.7542730362842178,-8.0733284489735269,25.3996485958381442,6.9609697593310216,14.4590487034490280,9.1629402267813305,11.3383245435777980,8.9563679724898151,23.6369239614549969,5.3601572955448660,31.2464858222617750,21.1784298933225301,1.7517072582591311,3.7727835423288241,0.4808312814450488,2.8119016810766340,7.1328262242008167,,,,,,,,,,,,,,,
"2026Q2",8.4000000000000004,2.9863171530961052,18.1999999999999993,866.3476260914646900,708.2589279874655404,829.7257388447485482,699.2162944762459347,746.8585447891950935,715.6460003056473624,765.0163021182419243,534.3773120180968590,568.7546665634952205,550.8775823553038435,7.8811180424289846,7.7063672790464741,729.0292882446597105,880.9384949353647016,0.1562824618898873,57.8279721648277700,3.4424936907954415,1.0692918311443971,489.7282428449435656,418.4065002033302108,-1.0498997416897851,-7.1851554614349311,18.8000000000000007,7.7999999999999998,8.4000000000000004,18.1999999999999993,25.3507741558705000,4.6844695119710851,17.8568350826254658,0.0036065794828988,0.0018816936432516,0.0382695427125231,0.3048953746620086,3.1136487943856630,-6.5543807353533978,866.5044338950690417,823.5968467770638881,731.5932096163093092,729.2683421226611244,724.6210395841001173,770.3731364561763257,5.1036969367172196,23.5165920497668459,2.1758715558707866,13.8123856670262093,16.6699476012895502,76.9512122280725634,18.5312078595884486,4.7097224837234544,257.3241107291240155,2.0352416426005870,2.6048225236304350,12.1784085852161166,-3.7456273156297439,2.9863171530961052,-0.1568078036042967,6.1288920676846512,15.2653351728858109,-30.0520476464151365,-8.9750392784526696,-5.3568343379344610,-1.1827662143971007,3.5935904525138782,866.3476260914646900,7.6961041136128392,2.2505211097422944,729.0292882446597105,525.9395592278495997,0.0000000000000000,56.6208661952209837,6.2582695692517945,14.0000000000000000,-3.8585296683540791,8.4000000000000004,12.1784085852161166,-0.0327812695863727,-3.7456273156297439,18.8000000000000007,25.3507741558705000,0.0036065794828988,-6.5543807353533978,7.7999999999999998,0.0018816936432516,4.6844695119710851,3.1136487943856630,18.1999999999999993,17.8568350826254658,0.0382695427125231,0.3048953746620086,2.9863171530961052,6.1288920676846512,1.9757948434310897,829.7257388447485482,0.6812624605963902,13.2309112936438904,823.5968467770638881,7.2059761355690721,7.3980274686916943,15.2653351728858109,22.4981027142235490,746.8585447891950935,61.1371243425156834,21.5616990156779877,731.5932096163093092,11.2778134142927371,11.8517165878381583,-30.0520476464151365,699.2162944762459347,-50.0608552964353350,-2.3030752451025842,729.2683421226611244,10.3820511491052052,10.2972019491898799,-8.9750392784526696,-5.0918082062290955,-3.5935904525138782,715.6460003056473624,35.7291626229018320,10.4938670596024419,724.6210395841001173,11.6869067673381668,12.6084272098174406,-5.3568343379344610,765.0163021182419243,-17.9373727767629418,12.3492065038795928,770.3731364561763257,5.5591974721253141,5.0957955551394276,-0.1568078036042967,-2.4929192239762101,866.3476260914646900,3.9856405280798661,7.6961041136128392,866.5044338950690417,9.9831801997932850,10.5437823000750885,-1.1827662143971007,-0.4731064857588403,708.2589279874655404,13.7490370387192513,7.8211968965113599,709.4416942018626742,6.6524397523354075,6.4271424363673928,534.3773120180968590,18.5312078595884486,6.8266954414102656,12.1983255599102449,525.9395592278495997,13.8123856670262093,5.7405137029661422,11.0751098274259636,568.7546665634952205,16.6699476012895502,6.7522373115658079,6.8714217210161905,550.8775823553038435,76.9512122280725634,19.4481013563399436,37.4972599289687878,0.5932718476193380,-8.4377527902472806,-4.7188221925614400,-1.1232157324839021,-3.4607868893499552,-4.9769659008973264,-0.1287927245583977,-0.0677013767635159,4.6407261476718968,34.3773545453983118,-1.8612602582990974,-5.3269038388932373,10.8607624956314659,23.5165920497668459,0.6425015452460758,0.3459171019922668,26.7050685065627960,16.5002703372070059,58.4200043684844559,25.2989343690585571,14.3243987813362192,2.1758715558707866,-0.0228812125714605,-0.0311075503766113,9.5314279483058364,7.8811180424289846,9.6846266958822760,2.1406043394628425,-2.5691181442606124,0.2421692477436256,-0.5514634732099009,4.7097224837234544,7.7063672790464741,-0.7936327209535265,5.1036969367172196,-3.2502009454792757,5.0359955599537036,5.4496140387094858,5.0725893863406082,-0.5514634732099009,-0.5514634732099009,729.0292882446597105,2.2505211097422944,3.2452881648011953,730.4093105515138404,2.6048225236304350,2.0352416426005870,260.9177011816378808,-7.4819868772732470,-0.7917665765932336,0.4468553900726476,257.3241107291240155,1.6896726420826005,1.8229320430248923,1.6051890099784705,3.5935904525138782,880.9384949353647016,346.5611829172678426,7.2776071067971122,5.3071127852419817,-1.9454320329217114,0.1562824618898873,57.8279721648277700,4.0798776800122027,7.0380550860328697,2.2652977777107139,3.4424936907954415,1.0692918311443971,489.7282428449435656,21.2996197321881482,5.5064710145507547,431.9002706801157956,17.2197420521845288,-1.5315840714806086,-1.0498997416897851,432.9501704218055806,-4.0733060369104805,-4.0717224366849791,418.4065002033302108,1.0048593249441637,-1.0074327162755026,360.5785280385024407,-3.0750183550705970,-8.0454878023082870,-7.1851554614349311,367.7636834999373718,-7.8598086437150414,-7.9398450646483525,0.0000000000000000,56.6208661952209837,6.2582695692517945,14.0000000000000000,0.0000000000000000,0.0000000000000000,0.0000000000000000,-3.6123267637112582,0.0000000000000000,0.0000000000000000,3.1136487943856630,0.0000000000000000,0.0000000000000000,0.3048953746620086,2.0256938819951280,14.0000000000000000,0.0000000000000000,0.0000000000000000,0.0000000000000000,0.0000000000000000,6.2582695692517945,2.2630799559830370,56.6208661952209837,1.2185736265766773,0.0000000000000000,-0.4338759915339501,0.0000000000000000,0.0000000000000000,0.0000000000000000,0.0000000000000000,0.0000000000000000,0.0000000000000000,0.0000000000000000,0.0000000000000000,0.0000000000000000,0.0000000000000000,0.0000000000000000,0.0000000000000000,0.0000000000000000,0.1531495751428306,-3.9029525620503911,0.0348753764790578,2.9014605519677077,-1.0667677469096351,0.1385964678293353,-0.3831994996340953,-0.6640561834001302,25.0000000000000000,,,,,,,,,,,,,,,,,,,,,,,,,,,,,,,,,,,,,,,,,,,,,,,,,,,,,,,,,,,,,,,,,,,,,,,,,,,,,,,,,,,,,,,,,,,,,,,,,,,,,,,,,,,,,,,,,,,,,,,,,,,,,,,,,,,,,,,,,,,,,,,,,,,,,,,,,,,,,,,,,,,,2.1976887449057756,1.1460947607434946,4747.9585845474512098,1644.9312619870918297,1432.9367778329456087,2107.9617755810727431,6775.9129232055311149,-14.1444130990108263,1182.9264402994469947,,,,,,,,,6696.7991294682997250,25.8088149663826698,22.2341248077522913,,,,3184.1730939866320114,-412.4311287382387832,99.3487344747882162,1.2028891084047006,,213.5758015089766388,39.4026278853419569,252.9784293943185958,4.4412389099614984,0.9724439369424047,,,-295.2822429312327586,,897.6588894586841434,894.7112082557081294,8.9675191494418147,205.2759080835700729,,138.0288198530303987,,,4.0661329991482233,8.0000000000000000,0.6835883320606086,14.1461105133127205,84.2956809317252862,24.0627115594162007,-39.3838334030800041,-2.2767568981294346,42.9452674968432291,11.0642493224795544,-16.4206518211043999,13.1441026565808414,20.3593997447685240,12.9735184883099208,14.8117743508986450,11.7116819943400543,18.1399173164299157,7.1130054868258128,115.8712808947880148,45.4951547366140687,2.2760363854455505,3.2985219436101261,-7.2089383046394886,-0.7886403612512822,8.2000000000000028,2.1636796302512522,1465.9999999999997726,4.4482098546480699,3.3966158704857889,26.6806035460283439,40.1773724775499019,-14.5407569062771529,26.2197653358321574,-36.2484696294091293,14.4936481276225990,74.9495100095418962,1.1771959130847276,0.8442451082502180,0.4862219684712024,990.1245133602335500
"2026Q3",6.5000000000000000,2.7431585765480526,17.3000000000000007,866.4828480619814854,710.6606789744690786,827.3744617796671719,695.0030052527888529,756.8601938434019303,722.3952725620882802,764.3856933988821538,536.0839858784494254,570.4427258913866581,555.7396076943888374,6.8270538211217335,7.7857305511418256,730.0098060734917453,884.0026050899118673,0.2705530508588510,58.3942966092554485,3.2410073307915432,1.0968749970112248,487.8068923400238077,416.4500222099882762,-2.5312423052124018,-7.8003602190940455,18.0000000000000000,5.7999999999999998,6.5000000000000000,17.3000000000000007,25.3832354480769737,4.7252460363725310,18.0411300301467037,0.0573371421514528,0.0299150306877145,-0.0705377660617426,-0.6705922640849603,1.0448389329397545,-7.4405725902284274,868.9757672859577724,825.3986669362360544,734.3620911291783386,731.8676421256493541,727.4870807683174689,771.7838466827806769,5.0812288847398177,23.7106614656876609,2.1707232830422081,5.7405137029661422,6.7522373115658079,19.4481013563399436,6.8266954414102656,4.6535220348313002,257.7254079816186731,2.0317174783405285,3.3588114483617924,12.0673514543028002,-5.7251413932037130,2.7431585765480526,-2.4929192239762101,1.9757948434310897,22.4981027142235490,-36.8646368728604941,-5.0918082062290955,-7.3981532838985737,-0.4731064857588403,3.3040070475374224,866.4828480619814854,3.8790025635722958,3.9220713153281328,730.0098060734917453,527.3746876535910815,0.0000000000000000,0.0000000000000000,0.0000000000000000,14.0000000000000000,-5.8361985241170284,6.5000000000000000,12.0673514543028002,0.1577899389009099,-5.7251413932037130,18.0000000000000000,25.3832354480769737,0.0573371421514528,-7.4405725902284274,5.7999999999999998,0.0299150306877145,4.7252460363725310,1.0448389329397545,17.3000000000000007,18.0411300301467037,-0.0705377660617426,-0.6705922640849603,2.7431585765480526,1.9757948434310897,-1.1018296918022794,827.3744617796671719,-9.4051082603254965,11.4443848350396209,825.3986669362360544,7.2072806366887487,7.2528622266927760,22.4981027142235490,25.2433906788455964,756.8601938434019303,40.0065962168271767,22.1647823017677759,734.3620911291783386,11.0755260514762313,11.4510993206780860,-36.8646368728604941,695.0030052527888529,-16.8531568938285687,-14.8533494778655886,731.8676421256493541,10.3972000119528527,9.2432433452414173,-5.0918082062290955,-2.3907672789189216,-3.3040070475374224,722.3952725620882802,26.9970890257636853,12.8813057527635753,727.4870807683174689,11.4641647368693889,11.9468671562487589,-7.3981532838985737,764.3856933988821538,-2.5224348774392715,10.9276110256832357,771.7838466827806769,5.6428409064171792,5.4320597906747663,-2.4929192239762101,-4.0463890289614382,866.4828480619814854,0.5408878820671975,3.8790025635722958,868.9757672859577724,9.8853335635548500,9.8794425939901807,-0.4731064857588403,-0.1892425943035361,710.6606789744690786,9.6070039480138902,4.9416127431569361,711.1337854602279549,6.7683650334608476,6.5690246485161810,536.0839858784494254,6.8266954414102656,1.7894589729931114,11.8386547819230827,527.3746876535910815,5.7405137029661422,1.5729608488144122,9.5830860267176643,570.4427258913866581,6.7522373115658079,2.9200431999894363,11.6500306854341176,555.7396076943888374,19.4481013563399436,1.6330679109190991,38.1276360640828145,-1.3335339696734838,-8.7092982248583137,-1.0861817384441306,-2.2555687552059580,-3.6932762717504874,-5.0160219531078267,-0.1562242088420014,-0.1091615004813393,4.5821800830603765,34.3587400129372185,-0.0744581298443727,-0.1886240964889295,10.6480785472495558,23.7106614656876609,0.7762776636832656,0.5470482350548712,-0.4106882985048234,19.6556218159393659,12.6214059149294382,26.2889812821597815,17.4848985328971587,2.1707232830422081,-0.0205930913143145,-0.0251788793670657,2.2569921699516060,6.8270538211217335,9.5785267107291165,5.2540929723073218,0.6005709374760215,1.2177846962525154,0.5035152473943414,4.6535220348313002,7.7857305511418256,-0.7142694488581739,5.0812288847398177,-5.3909549417009552,4.9720673842584784,5.6282771197946895,5.0560500053727520,0.5035152473943414,0.5035152473943414,730.0098060734917453,3.9220713153281328,2.4353101716545762,731.1472888125563259,3.3588114483617924,2.0317174783405285,261.0294150291560982,0.4468553900726476,-1.1202549245976736,4.6045810389361028,257.7254079816186731,1.6051890099784705,1.7350039700153306,1.5249295594795469,3.3040070475374224,884.0026050899118673,347.9186192114624419,5.4297451767784510,6.3007139993401866,-1.9529159028047351,0.2705530508588510,58.3942966092554485,2.2652977777107139,6.0275209304656840,2.2554705724223538,3.2410073307915432,1.0968749970112248,487.8068923400238077,-7.6854020196790316,4.5721473793533391,429.4125957307683734,-9.9506997973897455,-1.4553735511110091,-2.5312423052124018,431.9438380359807752,-4.0253295432992786,-4.0721469018359500,416.4500222099882762,-7.8259119733677380,-5.4990346518397928,358.0557256007328419,-10.0912097510784520,-11.5265555823055621,-7.8003602190940455,365.8560858198268875,-7.6303907204419943,-7.8753332041757318,0.0000000000000000,0.0000000000000000,0.0000000000000000,14.0000000000000000,0.0000000000000000,0.0000000000000000,0.0000000000000000,-2.8525060754810485,0.0000000000000000,0.0000000000000000,1.0448389329397545,0.0000000000000000,0.0000000000000000,-0.6705922640849603,0.0000000000000000,14.0000000000000000,0.0000000000000000,0.0000000000000000,0.0000000000000000,0.0000000000000000,0.0000000000000000,0.0000000000000000,0.0000000000000000,0.0000000000000000,0.0000000000000000,-0.3040427596628202,0.0000000000000000,0.0000000000000000,0.0000000000000000,0.0000000000000000,0.0000000000000000,0.0000000000000000,0.0000000000000000,0.0000000000000000,0.0000000000000000,0.0000000000000000,0.0000000000000000,0.0000000000000000,0.0000000000000000,0.1236475366823570,-1.3946569122226427,-0.1283748119450249,-1.8803044653647349,-2.5551967322465456,0.1345123489812674,-0.3593541100798459,-0.5565629410984565,26.0000000000000000,,,,,,,,,,,,,,,,,,,,,,,,,,,,,,,,,,,,,,,,,,,,,,,,,,,,,,,,,,,,,,,,,,,,,,,,,,,,,,,,,,,,,,,,,,,,,,,,,,,,,,,,,,,,,,,,,,,,,,,,,,,,,,,,,,,,,,,,,,,,,,,,,,,,,,,,,,,,,,,,,,,,2.0184146252099140,0.9283041161882579,4704.6588742870799251,1844.2383468396262742,1555.9245992860894603,2120.2655682348581649,6913.5157824209127284,-12.3524416659947871,1150.5151452237141712,,,,,,,,,6905.1725239650468211,12.2564406181886625,7.5007913916516449,,,,2732.3893563949836789,-305.1675063279365077,128.9659909270616254,,,214.2875167823462164,39.4751723111617707,253.7626890935079871,2.9000485156356319,0.8567929078163559,,,-187.5022469394916698,,895.2616099109645802,896.9097017182815534,8.7939738502938951,135.4290764573440811,,128.1024888359563647,,,0.5423533215087986,3.9552181423597119,-8.9763736184786040,12.1249679277165967,49.1923104878549680,24.8131737184421439,-15.5095409742950210,-13.8028864845409203,30.9926318560593188,13.7477461439602848,-2.4908873012088435,11.5470300616568693,7.0651085365578581,12.5679156102073364,5.9084797959463486,10.0572897644499335,6.9854195301791719,12.3557855235756620,21.4680420213316836,46.4152183538130600,4.0000000000000000,2.4652060422305766,0.4478552775664610,-1.1140034351001589,7.0654922368724726,5.3945698901332548,1480.4450940007891404,5.9404859405380463,4.8503754315163903,7.8908677544300438,32.9375749663017316,2.3279405540771188,8.0416792737188416,-11.1126431908624266,-3.6645945573593544,45.7471099197933171,0.9855367583691894,0.8444405974251963,0.4283964539081779,630.5398756361220194
"2026Q4",6.2999999999999998,2.6215792882740261,17.3000000000000007,867.3675005549763455,712.6598191805146598,826.0989672226219227,694.7703276859713242,762.3263200722241208,727.9094534413794690,764.2014657032816558,536.5313506216976975,571.1727366913839887,556.1478746721186326,5.6920686174135602,7.8571574960276429,730.9903239023237802,885.6706603072574353,0.3470802388322625,58.9581642523610370,3.2410073307915432,1.1183322765339754,486.5032014204301731,415.1251524800624679,-3.4090974570996195,-7.8578501845515802,17.8000000000000007,5.7999999999999998,6.2999999999999998,17.3000000000000007,25.4140736756731229,4.7639837345539044,18.2198961292423007,0.0930669476661131,0.0485566683475373,-0.1482274760113421,-0.7716686532309596,0.9874595970985585,-7.7071406233392361,871.4138895839378165,827.2007969144242452,737.0829293933785493,734.4271812148596155,730.3002207202983982,773.2144222250292387,5.0610076379601567,23.9348305082568444,2.1660898374964872,1.5729608488144122,2.9200431999894363,1.6330679109190991,1.7894589729931114,4.5955610885460203,258.1066403714885382,2.0285457305064756,2.8404926366915357,11.9581612809847257,-5.9480123730097185,2.6215792882740261,-4.0463890289614382,-1.1018296918022794,25.2433906788455964,-39.6568535288882629,-2.3907672789189216,-9.0129565217476699,-0.1892425943035361,4.0739199174015610,867.3675005549763455,3.6047171459291998,3.9220713153281328,730.9903239023237802,527.7679278657947179,0.0000000000000000,0.0000000000000000,0.0000000000000000,12.4000000000000004,-6.0572025463277939,6.2999999999999998,11.9581612809847257,0.2898510920249924,-5.9480123730097185,17.8000000000000007,25.4140736756731229,0.0930669476661131,-7.7071406233392361,5.7999999999999998,0.0485566683475373,4.7639837345539044,0.9874595970985585,17.3000000000000007,18.2198961292423007,-0.1482274760113421,-0.7716686532309596,2.6215792882740261,-1.1018296918022794,-2.7740272508710970,826.0989672226219227,-5.1019782281810349,5.7111323324983205,827.2007969144242452,7.2085199127524415,7.2065949153760132,25.2433906788455964,24.0646548529760196,762.3263200722241208,21.8645049152887481,22.8661657687510882,737.0829293933785493,10.8833530568005497,11.1818600007461146,-39.6568535288882629,694.7703276859713242,-0.9307102672699872,-20.3775595171212061,734.4271812148596155,10.2381563568410989,9.6973912471136927,-2.3907672789189216,-0.3070259764009259,-4.0739199174015610,727.9094534413794690,22.0567235171647482,23.2937631788679980,730.3002207202983982,11.2525598079240492,11.5812508436744537,-9.0129565217476699,764.2014657032816558,-0.7369107824019357,0.3592113893699482,773.2144222250292387,5.7223021689944504,5.5988730748387532,-4.0463890289614382,-3.6794915164799455,867.3675005549763455,3.5386099719795108,3.6047171459291998,871.4138895839378165,9.7524891919204233,9.7776429219047802,-0.1892425943035361,-0.0756970377214145,712.6598191805146598,7.9965608241824162,9.5880145976013935,712.8490617748182103,6.8611052583612002,6.6973607987713351,536.5313506216976975,1.7894589729931114,-0.0445014182866302,10.1630135631991205,527.7679278657947179,1.5729608488144122,-0.3073068594991942,7.9665487683355352,571.1727366913839887,2.9200431999894363,2.5916523321659612,11.8900333275758356,556.1478746721186326,1.6330679109190991,-3.1824610505167024,31.3057688847752331,-2.4223272396888382,-8.7634227559030258,-0.2164981241788485,-2.1964647948639899,-3.7021726666207746,-5.0612500892822512,-0.1809125446976996,-0.1410606939187153,4.6526123282709397,34.6413860696863054,1.1305842269963533,1.7270197643764378,10.7065555614294610,23.9348305082568444,0.8966761702767362,0.7023291982138405,2.2187804356965040,19.6165240504208676,-0.1563910620739839,21.1427553215760504,17.4504342129243817,2.1660898374964872,-0.0185337821828830,-0.0218579138980560,4.5850312289556188,5.6920686174135602,9.4756561818084784,5.9993754769127543,1.4038143883667340,1.2680214805548757,0.6251789765825191,4.5955610885460203,7.8571574960276429,-0.6428425039723565,5.0610076379601567,-6.2618754778627723,4.9199469440414418,5.7633368361739974,5.0391497240621010,0.6251789765825191,0.6251789765825191,730.9903239023237802,3.9220713153281328,2.9578013637214973,732.3292143698232621,2.8404926366915357,2.0285457305064756,262.1805602888900921,4.6045810389361028,-0.4877178670374708,8.1882557750371188,258.1066403714885382,1.5249295594795469,1.6495984981702883,1.4486830815055696,4.0739199174015610,885.6706603072574353,349.1393096855597946,4.8827618963893675,6.4578184151751978,-1.9596513856994562,0.3470802388322625,58.9581642523610370,2.2554705724223538,4.5210295375779594,2.0972777064617958,3.2410073307915432,1.1183322765339754,486.5032014204301731,-5.2147636783745384,4.6006150304345965,427.5450371680691433,-7.4702342507968922,0.0795854928587048,-3.4090974570996195,430.9541346251687628,-3.9588136432480212,-4.0393918995524203,415.1251524800624679,-5.2994789197032333,2.1956700878285460,356.1669882277014381,-7.5549494921255871,-2.3253594497497900,-7.8578501845515802,364.0248384122530183,-7.3249896302954483,-7.7026173764774128,0.0000000000000000,0.0000000000000000,0.0000000000000000,12.4000000000000004,0.0000000000000000,0.0000000000000000,0.0000000000000000,-2.4987398101793379,0.0000000000000000,0.0000000000000000,0.9874595970985585,0.0000000000000000,0.0000000000000000,-0.7716686532309596,0.0000000000000000,12.4000000000000004,0.0000000000000000,0.0000000000000000,0.0000000000000000,0.0000000000000000,0.0000000000000000,0.0000000000000000,0.0000000000000000,0.0000000000000000,0.0000000000000000,-0.4814334544057685,0.0000000000000000,0.0000000000000000,0.0000000000000000,0.0000000000000000,0.0000000000000000,0.0000000000000000,0.0000000000000000,0.0000000000000000,0.0000000000000000,0.0000000000000000,0.0000000000000000,0.0000000000000000,0.0000000000000000,0.0927603710249426,0.0471798043301880,0.0630372300586784,-1.8397272278679304,-2.1635872246129271,0.1311447792238730,-0.3360170542786705,-0.4576379818976530,27.0000000000000000,,,,,,,,,,,,,,,,,,,,,,,,,,,,,,,,,,,,,,,,,,,,,,,,,,,,,,,,,,,,,,,,,,,,,,,,,,,,,,,,,,,,,,,,,,,,,,,,,,,,,,,,,,,,,,,,,,,,,,,,,,,,,,,,,,,,,,,,,,,,,,,,,,,,,,,,,,,,,,,,,,,,1.8391405055137398,0.7105134716330213,4663.3343785865909013,1955.5276144254794417,1667.9824876734844565,2141.0161095391590607,6998.6867595150233683,-10.8477665117789908,1152.3639266054142354,,,,,,,,,7021.3206286953063682,6.6722208693822722,1.3590784226997070,,,,2430.3739587293976001,-202.0125939372322250,158.7648461615984274,,,216.5923623430574594,39.8463322357970355,256.4386945788544949,2.8268650911226132,0.8515556206033636,,,-140.6667267581606211,,893.4246383274967229,899.0691474885467187,8.6377830810607659,132.3338656596008889,,122.7238337053699695,,,3.6019638480405689,3.6704748213360006,-4.9740127962092657,5.8773670040468176,24.4389501180292399,25.6916698956096923,-0.9263925647448872,-18.4354614585047898,24.6783749639620851,26.2302749307542911,-0.7342022521300180,0.3598573266764333,1.8055657211849478,10.6973965775517712,1.5853969976641622,8.2924755410695354,2.9630944784253757,12.6257662282499723,1.6464753496894531,36.7600424044608474,4.0000000000000000,3.0019787927616903,4.7122378942100624,-0.4865304546401319,5.8571847682650002,6.1829915151684958,1495.0325213854052890,5.7612118208418721,4.6325847869611536,0.2585450731641656,27.8179353380066203,3.8956740045592180,4.8976883946792178,0.6422505815444250,-3.5290173793666226,23.4374657641031590,1.1437296243297475,0.8446165376826766,0.4257778103016818,388.3646471613090512
"2027Q1",7.0999999999999996,2.5607896441370133,17.6999999999999993,870.1409743382238275,714.5071890966671617,826.2291939698063743,704.5927892446730993,763.8227814243191460,732.7560785252539972,766.4860385074066471,536.5202252671260794,571.8206497744255330,555.3522594094894202,4.7017060160605419,7.9214417464248799,732.4362417045928169,887.3181857732397475,0.3173671224649439,59.4824836789764859,3.2410073307915432,1.1348400039161441,488.7626353806338670,414.3156551550188169,-0.7039613128796418,-7.4508903677549370,19.0999999999999979,5.7000000000000002,7.0999999999999996,17.6999999999999993,25.4433699918894654,4.8007845478262094,18.3932992453650321,0.0846283048790387,0.0441538981977593,-0.1559451451984519,-0.5373541001665808,0.8550615539760318,-6.4279982967685081,873.8204658547037980,829.0032212206774602,739.7581265713431549,736.9489670492375808,733.0631045016549479,774.6638698171400392,5.0428085158584617,24.1860892148095594,2.1619197365053386,-0.3073068594991942,2.5916523321659612,-3.1824610505167024,-0.0445014182866302,4.5367800888022636,258.4688111418649328,2.0256911574558281,1.3881813545502224,11.8508552943506444,-5.0355826426258954,2.5607896441370133,-3.6794915164799455,-2.7740272508710970,24.0646548529760196,-32.3561778045645099,-0.3070259764009259,-8.1778313097333104,-0.0756970377214145,5.7588130907844484,870.1409743382238275,4.7897583787791236,5.7836712090762425,732.4362417045928169,527.6911011509199625,0.0000000000000000,0.0000000000000000,0.0000000000000000,9.1999999999999993,-5.1428886292599758,7.0999999999999996,11.8508552943506444,0.2847273482752500,-5.0355826426258954,19.0999999999999979,25.4433699918894654,0.0846283048790387,-6.4279982967685081,5.7000000000000002,0.0441538981977593,4.8007845478262094,0.8550615539760318,17.6999999999999993,18.3932992453650321,-0.1559451451984519,-0.5373541001665808,2.5607896441370133,-2.7740272508710970,-3.9891772353230106,826.2291939698063743,0.5209069887376797,-3.3262292597931151,829.0032212206774602,7.2096972250129499,7.2078684775058033,24.0646548529760196,20.9947948725518394,763.8227814243191460,5.9858454083803387,32.2485177207529858,739.7581265713431549,10.7007887118586531,10.9843703086070423,-32.3561778045645099,704.5927892446730993,39.2898462348070368,-7.1387190556817144,736.9489670492375808,10.0871433375120336,10.2761377138527976,-0.3070259764009259,1.3823557624639762,-5.7588130907844484,732.7560785252539972,19.3865003354979599,26.0423688753320555,733.0631045016549479,11.0515351254259766,11.3637916093893949,-8.1778313097333104,766.4860385074066471,9.1382912165002956,-3.0146068050259633,774.6638698171400392,5.7977903684428584,5.6805327289949510,-3.6794915164799455,-4.2235805622575961,870.1409743382238275,11.0938951329899176,4.7897583787791236,873.8204658547037980,9.6263050830639489,9.8118270095831264,-0.0756970377214145,-0.0302788150885658,714.5071890966671617,7.3894796646099685,9.6855203688813809,714.5828861343885592,6.9352974382814816,6.8043018706097342,536.5202252671260794,-0.0445014182866302,-1.1576690311649716,6.7757152139262988,527.6911011509199625,-0.3073068594991942,-1.3684838821340808,5.2046383398268921,571.8206497744255330,2.5916523321659612,1.0684570548278218,7.2334701112526885,555.3522594094894202,-3.1824610505167024,-3.9349148701513248,23.7124801112037247,-1.7918305950270672,-8.8291241162061009,-0.2628054412123011,-1.5710768740991801,-3.7170910151822256,-5.1120331010238758,-0.2031320469664969,-0.1672653812661489,6.4322658340324690,35.3004245072995317,2.6361537504529040,0.4577548973264468,11.1143352924899723,24.1860892148095594,1.0050348262108599,0.8301225513542344,18.4609772840897364,18.8320341423633550,-3.1379596322300580,16.9367648972774631,16.6701144058580155,2.1619197365053386,-0.0166804039645947,-0.0196721225083132,8.2465567442209444,4.7017060160605419,9.3764565576942278,6.0701898981946227,1.5334098093923594,0.9407331594614466,0.3621749058863258,4.5367800888022636,7.9214417464248799,-0.5785582535751209,5.0428085158584617,-6.5835855364581422,4.8755431345923128,5.8729310672126962,5.0231363933501481,0.3621749058863258,0.3621749058863258,732.4362417045928169,5.7836712090762425,3.9695837373687008,733.3938660501776212,1.3881813545502224,2.0256911574558281,264.2276242326493616,8.1882557750371188,1.4394263316931557,8.2590006185609788,258.4688111418649328,1.4486830815055696,1.5671185732615469,1.3762489274302909,5.7588130907844484,887.3181857732397475,350.7979605061137818,6.6346032822158918,6.0561793655452059,-1.9657133203047050,0.3173671224649439,59.4824836789764859,2.0972777064617958,2.6744809341517666,2.0620444042310453,3.2410073307915432,1.1348400039161441,488.7626353806338670,9.0377358408147757,4.3592974687373385,429.2801517016573598,6.9404581343529799,1.6848165345877177,-0.7039613128796418,429.9841130145370016,-3.8800864425269310,-3.9843839164961778,414.3156551550188169,-3.2379893001746041,-3.8396302170753529,354.8331714760423097,-5.3352670066363999,-6.5141111512277590,-7.4508903677549370,362.2840618437972466,-6.9631062738229730,-7.4445738170688642,0.0000000000000000,0.0000000000000000,0.0000000000000000,9.1999999999999993,0.0000000000000000,0.0000000000000000,0.0000000000000000,-1.0329998604310431,0.0000000000000000,0.0000000000000000,0.8550615539760318,0.0000000000000000,0.0000000000000000,-0.5373541001665808,0.0000000000000000,9.1999999999999993,0.0000000000000000,0.0000000000000000,0.0000000000000000,0.0000000000000000,0.0000000000000000,0.0000000000000000,0.0000000000000000,0.0000000000000000,0.0000000000000000,0.0000000000000000,0.0000000000000000,0.0000000000000000,0.0000000000000000,0.0000000000000000,0.0000000000000000,0.0000000000000000,0.0000000000000000,0.0000000000000000,0.0000000000000000,0.0000000000000000,0.0000000000000000,0.0000000000000000,0.0000000000000000,-0.0088883020373828,-0.1031512973996819,0.0630372300586784,1.4096791105221222,-1.7146597330322839,0.1283409550355663,-0.3171541636037118,-0.3706156065570694,28.0000000000000000,,,,,,,,,,,,,,,,,,,,,,,,,,,,,,,,,,,,,,,,,,,,,,,,,,,,,,,,,,,,,,,,,,,,,,,,,,,,,,,,,,,,,,,,,,,,,,,,,,,,,,,,,,,,,,,,,,,,,,,,,,,,,,,,,,,,,,,,,,,,,,,,,,,,,,,,,,,,,,,,,,,,1.4341383636176488,0.1979521229706052,4665.8252656595213921,1983.4869524368771181,1782.6937795992491829,2223.4950844872969355,7174.1729925907338838,-10.1545641799189799,1270.3237247098704756,,,,,,,,,7137.9568415146759435,6.5901018639292488,-1.1879083433111006,,,,2429.9854307313830759,-0.2561486899815009,199.7532836805975194,,,217.7682136229909133,40.0143243875198209,257.7825380105107342,3.3965438056883670,1.1426665501746527,,,8.5860453863188013,,893.5377359991074400,901.1934503357344965,8.4972113887509497,160.6493170594797562,,121.1199180692517103,,,11.7326693463607086,4.9063208742221605,0.5222660680138205,-3.2715185334198793,6.1686258555104416,38.0554427036142613,48.1267977220861951,-6.8898691309318991,21.3932395093706873,29.7479697781137418,9.5688477389895183,-2.9696207186312051,-0.0444915178741496,7.0105404113290035,-0.3068351552865636,5.3424602793100746,2.6255276516073707,7.5015092603814679,-3.1323537143412779,26.7599305707033182,5.9541971191040801,4.0494246594188041,8.5328338942750435,1.4498359588506844,4.8139890361993025,6.2582110160935116,1516.8065003288438675,7.2178095726938913,5.9816233320468477,-3.2893378223123486,26.6043099081918513,15.1199145485471433,9.9059867896788170,38.9825393753078444,0.2136001292384855,5.6785385488811446,1.1789629265604979,0.8447748839144089,0.5713332750873263,76.0363032983851355
"2027Q2",6.7999999999999998,2.5303948220685064,18.1000000000000014,871.9734968941390889,716.3012701148544465,826.8167479032695155,706.9475061987033087,763.3847595899359249,737.1606006833820857,766.5870705826927178,536.2308080093348508,572.0877640381324909,554.3685306919516051,3.8778714749676917,7.9792975717823920,733.6433597876417707,888.6847922451790964,0.2867414813705125,59.9979947800342472,3.2410073307915432,1.1473810063248064,489.4868297964962949,414.0866565228755007,0.4541396731202099,-6.5543037818345624,19.2000000000000028,5.7000000000000002,6.7999999999999998,18.1000000000000014,25.4712014922949948,4.8357453204348984,18.5615002680040782,0.0971423529319247,0.0506829667470912,-0.1896067897125899,-0.2718934782914886,0.8135717128180102,-6.3683438452269154,876.1970774563966415,830.8059251385925563,742.3899647173841458,739.4349049297001102,735.7782449209181550,776.1312458566196710,5.0264293059669356,24.4617286189474541,2.1581666456133051,-1.3684838821340808,1.0684570548278218,-3.9349148701513248,-1.1576690311649716,4.4779395290938284,258.8128733737224820,2.0231220417102453,-0.1947925035124919,11.7454465447258123,-5.2828786541174164,2.5303948220685064,-4.2235805622575961,-3.9891772353230106,20.9947948725518394,-32.4873987309967873,1.3823557624639762,-9.5441752739269674,-0.0302788150885658,7.4795010135671207,871.9734968941390889,5.6258708026743776,4.8284723321955978,733.6433597876417707,527.3489801803864339,0.0000000000000000,0.0000000000000000,0.0000000000000000,7.0000000000000000,-5.3882874037422495,6.7999999999999998,11.7454465447258123,0.3374321093916057,-5.2828786541174164,19.2000000000000028,25.4712014922949948,0.0971423529319247,-6.3683438452269154,5.7000000000000002,0.0506829667470912,4.8357453204348984,0.8135717128180102,18.1000000000000014,18.5615002680040782,-0.1896067897125899,-0.2718934782914886,2.5303948220685064,-3.9891772353230106,-5.0922339207438680,826.8167479032695155,2.3502157338527794,-2.9089909414790180,830.8059251385925563,7.2108156716604324,7.2090783615286433,20.9947948725518394,19.3442265383509415,763.3847595899359249,-1.7520873375328589,16.5262148007408527,742.3899647173841458,10.5273525841638502,10.7967551010748206,-32.4873987309967873,706.9475061987033087,9.4188678161211321,7.7312117224574024,739.4349049297001102,9.9437515218502401,10.1665628070390568,1.3823557624639762,2.7922298292309287,-7.4795010135671207,737.1606006833820857,17.6180886325124142,21.5146003777347019,735.7782449209181550,10.8605616770528073,11.1572053368180555,-9.5441752739269674,766.5870705826927178,0.4041283011442187,1.5707684644508269,776.1312458566196710,5.8695041579188461,5.7581094004433337,-4.2235805622575961,-5.2825659017696136,871.9734968941390889,7.3300902236608847,5.6258708026743776,876.1970774563966415,9.5064464067714880,9.6926435613276780,-0.0302788150885658,-0.0121115260354263,716.3012701148544465,7.1763240727491020,8.0423421273888440,716.3315489299429828,6.9946511822177078,6.8898547280803095,536.2308080093348508,-1.1576690311649716,-1.8261927513860574,1.8534959912379438,527.3489801803864339,-1.3684838821340808,-1.9334117039010827,1.4094209525368200,572.0877640381324909,1.0684570548278218,-0.5703917741552580,3.3330974746372566,554.3685306919516051,-3.9349148701513248,-3.5270402602011455,3.4909483366477541,-1.8829642470926538,-8.8818278289484240,-0.2108148509692869,-0.4440750387011417,-3.7140123281719610,-5.1678155007764621,-0.2231295990103458,-0.1908495998791359,5.5142678089963519,35.8569560287977112,2.2261260859927083,1.4796014833993982,11.3952274098502553,24.4617286189474541,1.1025576165515711,0.9451365691806082,11.4723589685576766,18.1377226826167508,-2.7772458389864099,1.6374523454097465,15.9795560370034480,2.1581666456133051,-0.0150123635681352,-0.0177049102574818,9.3087313881200604,3.8778714749676917,9.2812392360504177,5.8112831788687744,1.3333436497749460,0.4634180169147638,-0.0572844113028450,4.4779395290938284,7.9792975717823920,-0.5207024282176088,5.0264293059669356,-6.5449915108355086,4.8355797060877999,5.9715658751475447,5.0087243957094545,-0.0572844113028450,-0.0572844113028450,733.6433597876417707,4.8284723321955978,4.6140715429820265,734.5526115221853161,-0.1947925035124919,2.0231220417102453,266.2923743872896125,8.2590006185609788,5.3746732056517121,7.7300767755254531,258.8128733737224820,1.3762489274302909,1.4887626445984694,1.3074364810587764,7.4795010135671207,888.6847922451790964,352.4539842358441888,6.6240949189218101,5.8928013185763799,-1.9711690614494293,0.2867414813705125,59.9979947800342472,2.0620444042310453,2.1700226152064772,2.0927506726184504,3.2410073307915432,1.1473810063248064,489.4868297964962949,2.8967776634497113,-0.2414130484472707,429.4888350164620761,0.8347332592186660,-2.4114356636537480,0.4541396731202099,429.0346953433418093,-3.7976706847807407,-3.9154750784637429,414.0866565228755007,-0.9159945285732647,-4.3198436804547100,354.0886617428412819,-2.9780389328043100,-6.4898662956611872,-6.5543037818345624,360.6429655246757875,-6.5643852764858082,-7.1207179752615559,0.0000000000000000,0.0000000000000000,0.0000000000000000,7.0000000000000000,0.0000000000000000,0.0000000000000000,0.0000000000000000,-1.8687450374889600,0.0000000000000000,0.0000000000000000,0.8135717128180102,0.0000000000000000,0.0000000000000000,-0.2718934782914886,0.0000000000000000,7.0000000000000000,0.0000000000000000,0.0000000000000000,0.0000000000000000,0.0000000000000000,0.0000000000000000,0.0000000000000000,0.0000000000000000,0.0000000000000000,0.0000000000000000,0.0000000000000000,0.0000000000000000,0.0000000000000000,0.0000000000000000,0.0000000000000000,0.0000000000000000,0.0000000000000000,0.0000000000000000,0.0000000000000000,0.0000000000000000,0.0000000000000000,0.0000000000000000,0.0000000000000000,0.0000000000000000,-0.0115836137465348,-0.0118303068619859,0.0630372300586784,0.8905956871055878,-1.1151538133734586,0.1260250028002767,-0.3055928865065027,-0.2975896300451319,29.0000000000000000,,,,,,,,,,,,,,,,,,,,,,,,,,,,,,,,,,,,,,,,,,,,,,,,,,,,,,,,,,,,,,,,,,,,,,,,,,,,,,,,,,,,,,,,,,,,,,,,,,,,,,,,,,,,,,,,,,,,,,,,,,,,,,,,,,,,,,,,,,,,,,,,,,,,,,,,,,,,,,,,,,,,1.4041025183232136,0.1795645540328792,4677.2908032029590686,1968.0731248012539254,1892.2228296718394631,2253.7843422047058084,7264.3126150071821030,-8.8862343888733388,1296.1492186766247414,,,,,,,,,7236.1742155744677802,5.4664258877573957,-2.3356166500130850,,,,2644.7244137020852577,139.8744086618120832,237.1975543370922992,,,220.9165528445544453,40.5487146657877418,261.4652675103421871,3.2386949558373033,1.0309102220942279,,,102.4055521506370496,,894.8768799477404627,903.2861245521525007,8.3706968656721159,153.2469860798314016,,119.7319862974739095,,,7.6054275343615529,5.7871328141935408,2.3780509385383795,-2.8670871093029575,-1.7368275389791137,17.9702334795831575,9.8767039705304711,8.0379228740697641,19.2653773898418024,24.0042934702182578,0.4049460007105523,1.5831698797182696,-1.1509938269912681,1.8707798482427478,-1.3591627094827459,1.4194001173409134,1.0741854408210258,3.3892674984916198,-3.8585026250711536,3.5525972232396441,4.9469421209542617,4.7221760849687371,8.6096424436261145,5.5217315589502647,3.9540423233831916,5.9834571994628902,1535.2271014056432250,6.2325748505188114,5.0080368862284770,-4.4776645251460589,23.8506634830312265,5.4121651873726959,4.9944735736477996,8.0503839339870513,0.9817318517186986,-3.1205712196669397,1.1482566581730929,0.8449173955229681,0.5154551110471139,-153.9658795674051248
"2027Q3",6.2000000000000002,2.5151974110342534,17.6999999999999993,873.2626603696198799,718.0799709482492972,827.5166607668425058,704.5227149792386854,764.3248383214485102,741.2402589754236715,765.6670850228488234,535.7742598214882719,571.9451660945936737,553.4867706269012615,3.2259991587165464,8.0313678146041525,734.5693383873932589,889.6987578278111641,0.2555545539752870,60.5211824481888598,3.1199203620019555,1.1567727126304586,487.3318400610345407,414.1008442760467005,-1.2957061621734169,-5.5264402307669229,18.4999999999999964,5.4000000000000004,6.2000000000000002,17.6999999999999993,25.4976414176802457,4.8689580544131532,18.7246552599639564,0.1214990157407011,0.0633907908212354,-0.2384495384738253,-0.7862057214901319,0.4676511547656115,-7.1191404334209496,878.5452262713895379,832.6088946875864849,744.9806117830976291,741.8868031188100076,738.4480291461927663,777.6156539210999199,5.0116880170645626,24.7593106509120062,2.1547888638104746,-1.9334117039010827,-0.5703917741552580,-3.5270402602011455,-1.8261927513860574,4.4196472071755171,259.1397324939871964,2.0208098375392205,-1.7458563628676389,11.6419442121294416,-5.8652835571652053,2.5151974110342534,-5.2825659017696136,-5.0922339207438680,19.3442265383509415,-37.3640881395712938,2.7922298292309287,-11.9485688982510965,-0.0121115260354263,9.0851610871837902,873.2626603696198799,6.7798123076383661,3.7039143990061758,734.5693383873932589,526.8656272544111516,0.0000000000000000,0.0000000000000000,0.0000000000000000,7.5999999999999996,-5.9687858897615760,6.2000000000000002,11.6419442121294416,0.4233393450357617,-5.8652835571652053,18.4999999999999964,25.4976414176802457,0.1214990157407011,-7.1191404334209496,5.4000000000000004,0.0633907908212354,4.8689580544131532,0.4676511547656115,17.6999999999999993,18.7246552599639564,-0.2384495384738253,-0.7862057214901319,2.5151974110342534,-5.0922339207438680,-5.8695927380011934,827.5166607668425058,2.7996514542921092,0.1421989871753833,832.6088946875864849,7.2118781959755411,7.2102277513503417,19.3442265383509415,18.2241967243242833,764.3248383214485102,3.7603149260501931,7.4646444780466048,744.9806117830976291,10.3625882628537873,10.6185206539192105,-37.3640881395712938,704.5227149792386854,-9.6991648778587809,9.5197097264498485,741.8868031188100076,9.8075927564392309,10.0191609931606518,2.7922298292309287,3.9732732381667155,-9.0851610871837902,741.2402589754236715,16.3186331681661088,18.8449864133353060,738.4480291461927663,10.6791369010982979,10.9609483778752832,-11.9485688982510965,765.6670850228488234,-3.6799422393754799,1.2813916239667749,777.6156539210999199,5.9376322579210346,5.8318072383192980,-5.2825659017696136,-5.6444269094885211,873.2626603696198799,5.1566539019231517,6.7798123076383661,878.5452262713895379,9.3925952599712197,9.5694589854317691,-0.0121115260354263,-0.0048446104141705,718.0799709482492972,7.1148033335792453,7.4192919737801830,718.0920824742846662,7.0421341773666875,6.9582970140567690,535.7742598214882719,-1.8261927513860574,-1.7751081587728046,-0.3097260569611369,526.8656272544111516,-1.9334117039010827,-1.9951661231444340,-0.5090603991799864,571.9451660945936737,-0.5703917741552580,-0.2261482150104642,1.5024402032069903,553.4867706269012615,-3.5270402602011455,-2.8667069477148086,-2.2528370674875182,-2.4090205039789332,-8.9086325670771433,-0.1072189525148831,-0.1993343422188299,-3.6805352173386154,-5.2280973497385288,-0.2411273958482655,-0.2120753966307020,4.4892285905658502,36.1709062731053805,1.2558009772306857,1.8121662601681627,11.4115956221933743,24.7593106509120062,1.1903281278582114,1.0486491852243447,-1.0786992269021805,17.7125108054129932,-1.7008475088150310,-1.9431110105263707,15.5577219416025212,2.1547888638104746,-0.0135111272113217,-0.0159344192317337,8.8282990634733522,3.2259991587165464,9.1902078283918147,5.2211652818609808,0.8015180746854635,-0.0257771647082046,-0.4944093501040525,4.4196472071755171,8.0313678146041525,-0.4686321853958479,5.0116880170645626,-6.2626539619382715,4.7996126204338605,6.0603372022889070,4.9957535978328291,-0.4944093501040525,-0.4944093501040525,734.5693383873932589,3.7039143990061758,4.5595323139015376,735.4530983176556447,-1.7458563628676389,2.0208098375392205,268.2248935811709885,7.7300767755254531,7.1954785520149134,6.7240270999244167,259.1397324939871964,1.3074364810587764,1.4143245123685459,1.2420646570058376,9.0851610871837902,889.6987578278111641,353.9244980063228923,5.8820550819148263,6.0058787948604735,-1.9760792284796809,0.2555545539752870,60.5211824481888598,2.0927506726184504,2.1268858389334113,2.1503358809890187,3.1199203620019555,1.1567727126304586,487.3318400610345407,-8.6199589418470168,-0.4750522789892671,426.8106576128456595,-10.7127096144654672,-2.6019381179226784,-1.2957061621734169,428.1063637750190765,-3.7133262732909600,-3.8374742609616632,414.1008442760467005,0.0567510126847992,-2.3491779339415757,353.5796618278578194,-2.0359996599336512,-4.4760637728749870,-5.5264402307669229,359.1061020586247423,-6.1474538642042091,-6.7499837612021096,0.0000000000000000,0.0000000000000000,0.0000000000000000,7.5999999999999996,0.0000000000000000,0.0000000000000000,0.0000000000000000,-2.6612997417621083,0.0000000000000000,0.0000000000000000,0.4676511547656115,0.0000000000000000,0.0000000000000000,-0.7862057214901319,0.0000000000000000,7.5999999999999996,0.0000000000000000,0.0000000000000000,0.0000000000000000,0.0000000000000000,0.0000000000000000,0.0000000000000000,0.0000000000000000,0.0000000000000000,0.0000000000000000,0.0000000000000000,0.0000000000000000,0.0000000000000000,0.0000000000000000,0.0000000000000000,0.0000000000000000,0.0000000000000000,0.0000000000000000,0.0000000000000000,0.0000000000000000,0.0000000000000000,0.0000000000000000,0.0000000000000000,0.0000000000000000,-0.0139824385129947,0.0470626033100195,-0.0580497387309093,-1.5772727595079470,-0.7417984700276925,0.1241298069381327,-0.2954226569882934,-0.2395071153669814,30.0000000000000000,,,,,,,,,,,,,,,,,,,,,,,,,,,,,,,,,,,,,,,,,,,,,,,,,,,,,,,,,,,,,,,,,,,,,,,,,,,,,,,,,,,,,,,,,,,,,,,,,,,,,,,,,,,,,,,,,,,,,,,,,,,,,,,,,,,,,,,,,,,,,,,,,,,,,,,,,,,,,,,,,,,,1.3740666730287785,0.1611769850950964,4687.4309169967527851,1977.0823807715469229,1996.1968074657993384,2254.8277992884477499,7305.4660442253371002,-7.3896247983873673,1258.9981526119649970,,,,,,,,,7309.9197770958389810,4.0558623305282708,-2.8969880758348578,,,,3036.3014529543934259,252.7104004579606453,268.4024303334066985,,,224.5461547663624629,41.1745825450849452,265.7207373114474080,2.8305141477517566,0.8542884412139742,,,167.5878544476163370,,897.0304392947605265,905.3503330008777539,8.2568337949011656,133.4501769816931471,,118.5839469882258328,,,5.2919244175153324,7.0149248232675774,2.8392099998653606,0.1423001378745568,3.8319093404926718,7.7503126677550966,-9.2436414633928337,9.9875616239139475,17.7256029348562834,20.7376548599522437,-3.6130553412217949,1.2896366257196092,-1.8096188950976000,-0.3092469006276559,-1.9148411739959528,-0.5077668825876316,-0.5687681287884772,1.5137835739508034,-3.4655650661328110,-2.2276501875632846,3.7733641078465894,4.6650769895742599,8.0366967079369402,7.4606755179881645,3.2785986069956579,5.3598716053979700,1549.5089974243001052,5.0779810720349543,3.8650913841012722,-4.8907303628023113,21.3966142402010640,0.1851491447257922,2.2596658260882938,-11.6325765817598636,0.8662397503910264,1.8269032221491104,0.9695844810129368,0.8450456559706712,0.4271442206069871,-349.0363537272511394
"2027Q4",6.0000000000000000,2.5075987055171267,17.8000000000000007,875.2219118121577139,719.8572680072419416,828.5425238481039969,705.9399596748426120,765.7563240468241474,745.0479982253448270,766.1031033874694458,535.3304827817951264,571.8886290408410105,552.7700938899725998,2.7771577549357320,8.0782310331437372,735.2139696613410251,890.7834163505499419,0.2239783652797485,61.0587664184361145,2.9986865949006987,1.1636890482787545,486.7560450073573861,414.2892744735380575,-1.5026057213790978,-4.4434195544145041,18.4000000000000021,5.4000000000000004,6.0000000000000000,17.8000000000000007,25.5227593467962315,4.9005101516924956,18.8829156021650348,0.1298218189182360,0.0677331229138623,-0.2614024851769529,-0.8215131169880830,0.4317567253936424,-7.2525811657144645,880.8663387216462297,834.4121165861051850,747.5321273224998322,744.3063778734348261,741.0747249871781150,779.1162424093307663,4.9984208570524276,25.0766410479205533,2.1517488601879271,-1.9951661231444340,-0.2261482150104642,-2.8667069477148086,-1.7751081587728046,4.3623793262195987,259.4502486582386496,2.0187288537852988,-3.1362072596491166,11.5403538963236905,-5.9993113233327398,2.5075987055171267,-5.6444269094885211,-5.8695927380011934,18.2241967243242833,-38.3664181985923136,3.9732732381667155,-13.0131390218613507,-0.0048446104141705,10.4556516979134351,875.2219118121577139,7.8544112571813747,2.5785250957908503,735.2139696613410251,526.3668357236250586,0.0000000000000000,0.0000000000000000,0.0000000000000000,7.5999999999999996,-6.1009016391384909,6.0000000000000000,11.5403538963236905,0.4589574270090511,-5.9993113233327398,18.4000000000000021,25.5227593467962315,0.1298218189182360,-7.2525811657144645,5.4000000000000004,0.0677331229138623,4.9005101516924956,0.4317567253936424,17.8000000000000007,18.8829156021650348,-0.2614024851769529,-0.8215131169880830,2.5075987055171267,-5.8695927380011934,-6.1324120549084462,828.5425238481039969,4.1034523250455965,2.4435566254820413,834.4121165861051850,7.2128875940748944,7.2113196716809549,18.2241967243242833,17.7331712157766006,765.7563240468241474,5.7259429015025933,3.4300039746000666,747.5321273224998322,10.2060621576092281,10.4491979291213806,-38.3664181985923136,705.9399596748426120,5.6689787824156150,11.1696319888712505,744.3063778734348261,9.6782990184996915,9.8791966585752995,3.9732732381667155,4.9404244969313966,-10.4556516979134351,745.0479982253448270,15.2309569996846612,17.1385447839652869,741.0747249871781150,10.5067833639415138,10.7745042668796494,-13.0131390218613507,766.1031033874694458,1.7440734584820945,1.9016376841877825,779.1162424093307663,6.0023539529231131,5.9018201843014637,-5.6444269094885211,-4.7618270270212619,875.2219118121577139,7.8370057701515448,7.8544112571813747,880.8663387216462297,9.2844498010271757,9.4524491377084576,-0.0048446104141705,-0.0019378441656682,719.8572680072419416,7.1091882359708949,7.1974488267273031,719.8621126176561802,7.0801205734858721,7.0130508428379370,535.3304827817951264,-1.7751081587728046,-1.4041381410748857,-1.2008678399026160,526.3668357236250586,-1.9951661231444340,-1.6798826752768845,-1.4010921421696980,571.8886290408410105,-0.2261482150104642,0.3047368016381379,0.7158923494570152,552.7700938899725998,-2.8667069477148086,-2.2306216887008046,-3.3777807821459951,-2.4244111880081305,-8.9636470581700216,-0.2200579643715086,-0.2002243022669949,-3.6712183551808022,-5.2924287029892190,-0.2573254130027618,-0.2311786137069675,3.4867963197740317,36.5581462590459054,1.5489599437620847,1.9167601893595956,11.4815052111253486,25.0766410479205533,1.2693215880341875,1.1418105396637075,4.1858450839882577,17.4396111081775729,-1.0915987889416914,-2.1769129422432978,15.2878622479896435,2.1517488601879271,-0.0121600144901895,-0.0143409773085603,8.0640444236962789,2.7771577549357320,9.1034747702692638,4.4570404302126168,0.0946611039930180,-0.5229320547902230,-0.9447010216464862,4.3623793262195987,8.0782310331437372,-0.4217689668562631,4.9984208570524276,-5.8273310404659053,4.7672422433454598,6.1402313967161346,4.9840798797438675,-0.9447010216464862,-0.9447010216464862,735.2139696613410251,2.5785250957908503,4.2236457590172165,736.0825883267633571,-3.1362072596491166,2.0187288537852988,269.9059003561520740,6.7240270999244167,7.7253400672619925,5.3954764527663315,259.4502486582386496,1.2420646570058376,1.3436082867501187,1.1799614241555456,10.4556516979134351,890.7834163505499419,355.4529335687548723,6.1137422497278848,6.3136238831951026,-1.9804983788069075,0.2239783652797485,61.0587664184361145,2.1503358809890187,2.1006021660750775,2.1939141011945367,2.9986865949006987,1.1636890482787545,486.7560450073573861,-2.3031802147086182,0.2528435869272130,425.6972785889212787,-4.4535160956976370,-1.8477585791478646,-1.5026057213790978,427.1998843103003765,-3.6259178588749137,-3.7542503148683863,414.2892744735380575,0.7537207899654277,-0.8358780065244105,353.2305080551019500,-1.3966150910235910,-2.9364801725994880,-4.4434195544145041,357.6739276095164541,-5.7286977964332664,-6.3509108027365642,0.0000000000000000,0.0000000000000000,0.0000000000000000,7.5999999999999996,0.0000000000000000,0.0000000000000000,0.0000000000000000,-2.2691828623198007,0.0000000000000000,0.0000000000000000,0.4317567253936424,0.0000000000000000,0.0000000000000000,-0.8215131169880830,0.0000000000000000,7.5999999999999996,0.0000000000000000,0.0000000000000000,0.0000000000000000,0.0000000000000000,0.0000000000000000,0.0000000000000000,0.0000000000000000,0.0000000000000000,0.0000000000000000,0.0000000000000000,0.0000000000000000,0.0000000000000000,0.0000000000000000,0.0000000000000000,0.0000000000000000,0.0000000000000000,0.0000000000000000,0.0000000000000000,0.0000000000000000,0.0000000000000000,0.0000000000000000,0.0000000000000000,0.0000000000000000,-0.0162429154570213,0.0800827969706638,-0.0642508854820577,-0.6992679008315793,-0.4091181859546502,0.1225936069113418,-0.2839242129130497,-0.1959893186494783,31.0000000000000000,,,,,,,,,,,,,,,,,,,,,,,,,,,,,,,,,,,,,,,,,,,,,,,,,,,,,,,,,,,,,,,,,,,,,,,,,,,,,,,,,,,,,,,,,,,,,,,,,,,,,,,,,,,,,,,,,,,,,,,,,,,,,,,,,,,,,,,,,,,,,,,,,,,,,,,,,,,,,,,,,,,,1.3440308277345139,0.1427894161573420,4712.2022558016496987,1995.6087763637483476,2094.1077261361951969,2280.1405276767441137,7402.2507981691260284,-6.3759042257616976,1270.6147257211544002,,,,,,,,,7389.6390040899123051,4.3386340909551109,-2.5724958773929849,,,,3574.1147982049583334,344.8560696001479187,295.5094674197006839,,,225.8033884710773975,41.3686229276736697,267.1720113987510672,2.7600014386714804,0.7323998558113871,,,214.1191246807838979,,899.7161349356770188,907.3889222586795995,8.1543570312073097,131.0024456651485707,,119.0222434549264818,,,8.1522810471268201,8.1711071167139551,4.1888074287532788,2.4736561365478451,5.8930492058298540,3.4895069804038883,5.8327453405888861,11.8173242105356024,16.4520681301413561,18.6948167467502913,1.7593712249793754,1.9198339730785818,-1.7594459246871139,-1.1936861981452154,-1.9753943951234589,-1.3913225265443856,-0.2258926925907900,0.7184609846328129,-2.8260067498770240,-3.3213706872885638,2.6120566402164371,4.3141108223568807,6.9552429735396402,8.0315794459922358,2.8160802586122600,4.5578587349932747,1559.5298811882476002,3.9225559235253642,2.7213145119481923,-4.1962588276225716,19.1535129232100267,4.4653879704302870,5.2645098927585599,3.6738126592711811,2.1082862019011626,3.7307767783581594,0.8047724937061620,0.8451610903736040,0.3661999279056936,-485.2011553427854551
"2028Q1",5.9000000000000004,2.5037993527585631,17.8999999999999986,878.3999425519724582,721.6378021960857723,830.0831661617639838,714.4102305600915770,767.7796391276832537,748.6009113600201772,768.9058899224434072,534.9794482465263172,571.9648132412505674,552.2124384677973694,2.5859073912724670,8.1204079298293639,735.5943895804147132,892.3632127538007808,0.1863026703660182,61.6072449437347487,2.9986865949006987,1.1686805702494114,486.8002228731667174,414.4927496060439012,-1.1222352041336308,-3.4579396537696994,19.3999999999999986,4.4000000000000004,5.9000000000000004,17.8999999999999986,25.5466213794564183,4.9304846441078709,19.0364281341000847,0.1095220216214890,0.0571419243242551,-0.2391833594654134,-0.8972447746346728,-0.5876265684321257,-6.2561434010779085,883.1617695789936988,836.2155782166724975,750.0464679119065750,746.6952582069942537,743.6604868630887495,780.6322023001245043,4.9864804130415044,25.4117449734686964,2.1490128569276346,-1.6798826752768845,0.3047368016381379,-2.2306216887008046,-1.4041381410748857,4.3064998916039485,259.7452390142775585,2.0168559684067686,-4.3068740741245479,11.4406778894642027,-5.9465251948753615,2.5037993527585631,-4.7618270270212619,-6.1324120549084462,17.7331712157766006,-32.2850276469026980,4.9404244969313966,-11.7263123776811309,-0.0019378441656682,11.5095304550661321,878.3999425519724582,8.2589682137486218,1.5216796762947962,735.5943895804147132,525.9468650548058122,0.0000000000000000,0.0000000000000000,0.0000000000000000,7.5999999999999996,-6.0462012017348483,5.9000000000000004,11.4406778894642027,0.4058473054111576,-5.9465251948753615,19.3999999999999986,25.5466213794564183,0.1095220216214890,-6.2561434010779085,4.4000000000000004,0.0571419243242551,4.9304846441078709,-0.5876265684321257,17.8999999999999986,19.0364281341000847,-0.2391833594654134,-0.8972447746346728,2.5037993527585631,-6.1324120549084462,-6.1901732143779746,830.0831661617639838,6.1625692546402684,3.8539721919576886,836.2155782166724975,7.2138465222692796,7.2123569959950373,17.7331712157766006,17.5258493698532014,767.7796391276832537,8.0932603234361604,3.9568577033640220,750.0464679119065750,10.0573623576268965,10.2883413405634414,-32.2850276469026980,714.4102305600915770,33.8810835409961655,9.8174413154185327,746.6952582069942537,9.5555213342377083,9.7462911577567173,4.9404244969313966,5.7045057783021633,-11.5095304550661321,748.6009113600201772,14.2116525387012942,15.8448328347661196,743.6604868630887495,10.3430475036425680,10.5973823614337963,-11.7263123776811309,768.9058899224434072,11.2111461398959680,2.4198514150367001,780.6322023001245043,6.0638395631750877,5.9683324829845210,-4.7618270270212619,-4.5204401825086968,878.3999425519724582,12.7121229592589060,8.2589682137486218,883.1617695789936988,9.1817234293898675,9.3413037242899382,-0.0019378441656682,-0.0007751376662673,721.6378021960857723,7.1221367553752284,7.1306130994186177,721.6397400402514677,7.1105096903812193,7.0568539058628712,534.9794482465263172,-1.4041381410748857,-1.0688097682405417,-1.5407770205996798,525.9468650548058122,-1.6798826752768845,-1.3447417395371091,-1.7442360961141206,571.9648132412505674,0.3047368016381379,0.5452524918956799,0.1441634668250594,552.2124384677973694,-2.2306216887008046,-1.6719624348105138,-3.1398209416920206,-1.5075555306037836,-9.0325831917205583,-0.2757445342021482,-0.2034590755144567,-3.6721785816207664,-5.3604046100997920,-0.2719036284422915,-0.2483715090759162,2.5356323533337872,36.9853649947242005,1.7088749427131942,1.6849404874246683,11.5736200212555058,25.4117449734686964,1.3404157021925660,1.2256557586591341,5.6694337529505132,17.2329902212710451,-0.8264835476261038,-1.5990439210923091,15.0839773643434114,2.1490128569276346,-0.0109440130411706,-0.0129068795777043,6.7385115713141275,2.5859073912724670,9.0210766762031618,3.9306491308095759,-0.3758507607943726,-1.0877972361323041,-1.4673893063029408,4.3064998916039485,8.1204079298293639,-0.3795920701706368,4.9864804130415044,-5.2065044451495872,4.7381089039655890,6.2121361717006387,4.9735735334638003,-1.4673893063029408,-1.4673893063029408,735.5943895804147132,1.5216796762947962,3.1581478758218551,736.4441192250106951,-4.3068740741245479,2.0168559684067686,271.2547694693436711,5.3954764527663315,7.0271452366942952,4.0296217155210128,259.7452390142775585,1.1799614241555456,1.2764278724126126,1.1209633529477683,11.5095304550661321,892.3632127538007808,357.3837645072744067,7.7233237540780095,6.5858040011606329,-1.9844756141014113,0.1863026703660182,61.6072449437347487,2.1939141011945367,2.1247612647582628,2.1939141011945367,2.9986865949006987,1.1686805702494114,486.8002228731667174,0.1767114632373250,-1.9624125074671497,425.1929779294319474,-2.0172026379572117,-4.0871737722254124,-1.1222352041336308,426.3152131335655781,-3.5386847069390797,-3.6688998809714235,414.4927496060439012,0.8139005300233748,0.1770944510250843,352.8855046623091312,-1.3800135711711619,-1.9476668137331785,-3.4579396537696994,356.3434443160788305,-5.3219331737503808,-5.9406175277184161,0.0000000000000000,0.0000000000000000,0.0000000000000000,7.5999999999999996,0.0000000000000000,0.0000000000000000,0.0000000000000000,-1.1793365850777837,0.0000000000000000,0.0000000000000000,-0.5876265684321257,0.0000000000000000,0.0000000000000000,-0.8972447746346728,0.0000000000000000,7.5999999999999996,0.0000000000000000,0.0000000000000000,0.0000000000000000,0.0000000000000000,0.0000000000000000,0.0000000000000000,0.0000000000000000,0.0000000000000000,0.0000000000000000,0.0000000000000000,0.0000000000000000,0.0000000000000000,0.0000000000000000,0.0000000000000000,0.0000000000000000,0.0000000000000000,0.0000000000000000,0.0000000000000000,0.0000000000000000,0.0000000000000000,0.0000000000000000,0.0000000000000000,0.0000000000000000,-0.0242369929969453,0.0775928504797271,0.0509211932641361,-0.1906196568785902,-0.2142433790471117,0.1213604267985322,-0.2753586339516572,-0.1661051569604410,32.0000000000000000,,,,,,,,,,,,,,,,,,,,,,,,,,,,,,,,,,,,,,,,,,,,,,,,,,,,,,,,,,,,,,,,,,,,,,,,,,,,,,,,,,,,,,,,,,,,,,,,,,,,,,,,,,,,,,,,,,,,,,,,,,,,,,,,,,,,,,,,,,,,,,,,,,,,,,,,,,,,,,,,,,,,1.2821877623746332,0.2973357536971832,4765.3075827077127542,2027.8631414763369776,2185.1104057420525351,2355.6400640306901551,7604.0955648211183870,-6.1479456194183149,1377.1330270784203549,,,,,,,,,7507.3072675354806051,6.3191856130033557,-1.9509724095855954,,,,4185.5157398150513473,390.5532535550434545,319.3911550404612854,,,223.4154799977478945,40.8986521748163057,264.3141321725642001,2.7680736749491359,0.6281269722922644,,,243.4102072630985276,,902.6841113159903216,909.4044542446503101,8.0621279438828406,134.4557464864827807,,121.6189489731378330,,,13.5554672267700766,8.6096072488810051,6.3564170216547637,3.9292010211727728,8.4297815938306115,4.0361841367695632,40.3277869621310288,10.3155173103818498,15.2710960802280340,17.1691379431382387,11.8637538601507657,2.4493674196691018,-1.3943261000360110,-1.5289677806107420,-1.6658513261978953,-1.7291123572186820,0.3052015962429948,0.1442674323049857,-2.2059272768796774,-3.0910404371619364,1.5333161699459481,3.2085465211921615,5.5436857890432805,7.2799355656786133,2.6196320450533364,4.0089213107220161,1565.4739425283621586,2.8038674386694291,1.8190154299919794,-3.1396823716493514,17.0155199773707224,13.0301615698879480,10.7611505496733102,32.2012008657192794,4.4826865793633841,6.4133776481592761,0.8047724937061620,0.8452649813362436,0.3140634861461322,-517.6143657852853721
"2028Q2",5.7999999999999998,2.5018996763792818,18.1000000000000014,880.9123653985124065,723.4226701485595186,831.8290943783080138,717.4367933566732063,770.0513416686707160,751.9118672504805545,770.4376975593097541,534.7122458044661926,572.1011263642244558,551.7944478590948165,2.6268808940798625,8.1583671368464277,735.7171310491120266,894.1135689416278183,0.1529694871828866,62.1557234690333829,2.9986865949006987,1.1721924255452956,486.8444007389759918,414.6962247385498017,-0.7626900306759694,-2.5683759103021089,19.5000000000000000,4.4000000000000004,5.7999999999999998,18.1000000000000014,25.5692903104835985,4.9589604119024777,19.1853352900770844,0.1039701241977000,0.0542452821901044,-0.2350412870069698,-0.8502940030701113,-0.6132056940925816,-6.1732604346812989,885.4328055810210572,838.0192675926859920,752.5254922988175394,749.0549903968185390,746.2073614721783770,782.1627650233531313,4.9757340134316745,25.7628450747024722,2.1465504539933709,-1.3447417395371091,0.5452524918956799,-1.6719624348105138,-1.0688097682405417,4.2522779824117674,260.0254798525144793,2.0151703715660920,-5.2577489165054692,11.3429154323089953,-5.9361721257037692,2.5018996763792818,-4.5204401825086968,-6.1901732143779746,17.5258493698532014,-31.6181970401453292,5.7045057783021633,-11.7250674640433648,-0.0007751376662673,12.2366950457094426,880.9123653985124065,8.9388685043732945,0.4909658747892535,735.7171310491120266,525.6106796199214841,0.0000000000000000,0.0000000000000000,0.0000000000000000,7.5999999999999996,-6.0339345828589765,5.7999999999999998,11.3429154323089953,0.3932566933947742,-5.9361721257037692,19.5000000000000000,25.5692903104835985,0.1039701241977000,-6.1732604346812989,4.4000000000000004,0.0542452821901044,4.9589604119024777,-0.6132056940925816,18.1000000000000014,19.1853352900770844,-0.2350412870069698,-0.8502940030701113,2.5018996763792818,-6.1901732143779746,-6.8088327589536775,831.8290943783080138,6.9837128661758303,5.0123464750384512,838.0192675926859920,7.2147575040539467,7.2133424540934152,17.5258493698532014,9.3508760786351530,770.0513416686707160,9.0868101639500907,6.6665820787347601,752.5254922988175394,9.9160975476436821,10.1355275814333989,-31.6181970401453292,717.4367933566732063,12.1062511863264941,10.4892871579698745,749.0549903968185390,9.4389287592970259,9.6200854671184146,5.7045057783021633,6.2765172236478222,-12.2366950457094426,751.9118672504805545,13.2438235618416353,14.7512665670984244,746.2073614721783770,10.1874984363585703,10.4291165512602380,-11.7250674640433648,770.4376975593097541,6.1272305474655298,3.8506269766170278,782.1627650233531313,6.1222508929144634,6.0315191667334247,-4.5204401825086968,-6.0099026365782731,880.9123653985124065,10.0496913861595711,8.9388685043732945,885.4328055810210572,9.0841440081093108,9.2357281246243943,-0.0007751376662673,-0.0003100550665069,723.4226701485595186,7.1394718098951007,7.1214000337051173,723.4234452862258422,7.1348209838974972,7.0918963562828186,534.7122458044661926,-1.0688097682405417,-0.7558077114066034,-1.5185622048685723,525.6106796199214841,-1.3447417395371091,-1.0019600116149778,-1.7383005604648776,572.1011263642244558,0.5452524918956799,0.6372242441768641,0.0133623260920239,551.7944478590948165,-1.6719624348105138,-1.1846087827697489,-2.5740828328568179,-1.1690131368650694,-9.1015661845446925,-0.2759319712965389,-0.2197383555962697,-3.6699055688605053,-5.4316606156841880,-0.2850240223375832,-0.2638451149077255,1.5639166230360217,37.3888805597582419,1.6140622601361647,1.5319245309605323,11.6260354850557697,25.7628450747024722,1.4044004049351069,1.3011164557550179,4.6915217441393571,17.0822020546285565,-0.6031526665699579,-1.0555206279881961,14.9356516006351860,2.1465504539933709,-0.0098496117370535,-0.0116161916199338,5.3973460075069131,2.6268808940798625,8.9429879735058595,3.6288409056948403,-0.6234370767169273,-1.7430301721364121,-2.0846630352899855,4.2522779824117674,8.1583671368464277,-0.3416328631535732,4.9757340134316745,-4.3734375264122285,4.7118888985239495,6.2768504691866926,4.9641178218117412,-2.0846630352899855,-2.0846630352899855,735.7171310491120266,0.4909658747892535,2.0737712614702692,736.5575657288389948,-5.2577489165054692,2.0151703715660920,272.2621748982239183,4.0296217155210128,5.9698005109343040,2.7474961965665723,260.0254798525144793,1.1209633529477683,1.2126064787919819,1.0649151853003798,12.2366950457094426,894.1135689416278183,359.4013231371615120,8.0702345195485190,6.9473389013173099,-1.9880551258664647,0.1529694871828866,62.1557234690333829,2.1939141011945367,2.1577286889991356,2.1939141011945651,2.9986865949006987,1.1721924255452956,486.8444007389759918,0.1767114632370976,-2.6424290575203031,424.6886772699426160,-2.0172026379574390,-4.8001577465194387,-0.7626900306759694,425.4513673006185854,-3.4553833317880844,-3.5833280427232594,414.6962247385498017,0.8139005300236022,0.6095682156743010,352.5405012695164260,-1.3800135711709345,-1.5481604733248346,-2.5683759103021089,355.1088771798185348,-4.9382685450412964,-5.5340883448572882,0.0000000000000000,0.0000000000000000,0.0000000000000000,7.5999999999999996,0.0000000000000000,0.0000000000000000,0.0000000000000000,-1.7939600539267626,0.0000000000000000,0.0000000000000000,-0.6132056940925816,0.0000000000000000,0.0000000000000000,-0.8502940030701113,0.0000000000000000,7.5999999999999996,0.0000000000000000,0.0000000000000000,0.0000000000000000,0.0000000000000000,0.0000000000000000,0.0000000000000000,0.0000000000000000,0.0000000000000000,0.0000000000000000,0.0000000000000000,0.0000000000000000,0.0000000000000000,0.0000000000000000,0.0000000000000000,0.0000000000000000,0.0000000000000000,0.0000000000000000,0.0000000000000000,0.0000000000000000,0.0000000000000000,0.0000000000000000,0.0000000000000000,0.0000000000000000,-0.0221550229611705,0.0427302743153127,0.0509211932641361,-0.0669042041131184,-0.0440799630502284,0.1203799123208253,-0.2705670955429125,-0.1485286886659534,33.0000000000000000,,,,,,,,,,,,,,,,,,,,,,,,,,,,,,,,,,,,,,,,,,,,,,,,,,,,,,,,,,,,,,,,,,,,,,,,,,,,,,,,,,,,,,,,,,,,,,,,,,,,,,,,,,,,,,,,,,,,,,,,,,,,,,,,,,,,,,,,,,,,,,,,,,,,,,,,,,,,,,,,,,,,1.2821877623746332,0.2973357536971832,4832.9619179822384467,2067.4950837347187189,2268.7041267499421338,2396.7204180621583873,7772.2539959389405340,-5.6025383906172266,1414.6859954762617235,,,,,,,,,7639.8686485627868024,7.0014247513081500,-1.3004035349805083,,,,4876.0423847081010535,440.5564241945056096,339.8849715694635165,,,221.6209188571230300,40.5411381408948444,262.1620569980178743,2.7707419398182651,0.5273583838024436,,,260.7762677459177212,,905.7690371577511996,911.3992346859730560,7.9791217652908175,137.3928589882151527,,124.0617700622044026,,,10.5720229293147838,9.3505603008898106,7.2333514635939338,5.1400899312403396,9.5124550599242212,6.8938201554145735,12.8695467018771694,11.0591628055912707,14.1608503168404951,15.8947963590387360,6.3188386791232460,3.9257244237469706,-1.0631182917035176,-1.5070901923116935,-1.3357404808749465,-1.7232792805393444,0.5467416987107470,0.0133632188905892,-1.6580627167281534,-2.5412357611692755,0.4921730870985215,2.0954233100044064,4.1119125866304671,6.1515925748947922,2.6616875180820898,3.6954870544540199,1567.3966079500009982,1.7731536371638867,0.7883016284864367,-2.0687928280166070,15.0169771990055221,6.9155321759519666,8.7492878511790622,10.7615094467893844,5.6389711266387215,7.7420684244129818,0.8047724937061336,0.8453584832026193,0.2636791919012218,-578.4590803947457971
"2028Q3",4.4000000000000004,2.5009498381896407,17.8999999999999986,881.6707662261576388,725.2117027358369796,833.0143405679195894,715.0699398339080517,764.3218423719926022,754.9938104014358942,769.0779491111620700,534.5232938766146162,572.2604324252687320,551.4982956634023594,2.8294006151049369,8.1925304231617844,735.6050365700513112,895.4872840881999991,0.1237346934873926,62.7042019943320241,2.9986865949006987,1.1745804117161585,486.8885786047853799,414.8996998710556454,-0.4222858598078005,-1.7667921132344304,18.8999999999999986,3.3999999999999999,4.4000000000000004,17.8999999999999986,25.5908257949594180,4.9860123913073542,19.3297752313747715,0.1382277606413003,0.0721188316389393,-0.2896795537964066,-1.1400956775783664,-1.6581312229462932,-6.8290535556007201,887.6806688627359563,839.8231733268733024,754.9709662933574918,751.3870422511450897,748.7172931777880649,783.7072004373948175,4.9660622537828276,26.1283417340533219,2.1443342913525338,-1.0019600116149778,0.6372242441768641,-1.1846087827697489,-0.7558077114066034,4.1999031721610018,260.2917086488395739,2.0136533344094829,-5.9979386654805280,11.2470629548919998,-7.3470891009686472,2.5009498381896407,-6.0099026365782731,-6.8088327589536775,9.3508760786351530,-36.3171024172369954,6.2765172236478222,-14.6292513262328310,-0.0003100550665069,12.6573402985259911,881.6707662261576388,8.4081058565377749,-0.4483779162428286,735.6050365700513112,525.3601896170177952,0.0000000000000000,0.0000000000000000,0.0000000000000000,0.0000000000000000,-7.4429415783856436,4.4000000000000004,11.2470629548919998,0.5000261460766461,-7.3470891009686472,18.8999999999999986,25.5908257949594180,0.1382277606413003,-6.8290535556007201,3.3999999999999999,0.0721188316389393,4.9860123913073542,-1.6581312229462932,17.8999999999999986,19.3297752313747715,-0.2896795537964066,-1.1400956775783664,2.5009498381896407,-6.8088327589536775,-7.2997226569044544,833.0143405679195894,4.7409847584465687,5.4976798010770658,839.8231733268733024,7.2156229367493800,7.2142786392868752,9.3508760786351530,3.9537697184110545,764.3218423719926022,-22.9179971867125687,-0.0029959494559304,754.9709662933574918,9.7818959781596284,9.9903545102598592,-36.3171024172369954,715.0699398339080517,-9.4674140910606681,10.5472248546694019,751.3870422511450897,9.3282074173059986,9.5002391323351070,6.2765172236478222,6.6478191251659817,-12.6573402985259911,754.9938104014358942,12.3277726038214084,13.7535514260122493,748.7172931777880649,10.0397268224387712,10.2692640315953554,-14.6292513262328310,769.0779491111620700,-5.4389937925909972,3.4108640883131485,783.7072004373948175,6.1777416561668712,6.0915465162948843,-6.0099026365782731,-6.6880619719380103,881.6707662261576388,3.0336033105810780,8.4081058565377749,887.6806688627359563,8.9914531268593851,9.1354425913464361,-0.0003100550665069,-0.0001240220266028,725.2117027358369796,7.1561303491095600,7.1317317875876958,725.2120127909034863,7.1542700187105188,7.1199303166187766,534.5232938766146162,-0.7558077114066034,-0.0868851129318804,-1.2509659448737089,525.3601896170177952,-1.0019600116149778,-0.1834010714134551,-1.5054376373933513,572.2604324252687320,0.6372242441768641,0.6707507495181136,0.3152663306750544,551.4982956634023594,-1.1846087827697489,-0.7482499424073247,-1.9884749634989689,-2.2764540495574219,-9.1631042595968530,-0.2461523002086372,-0.2544716925197082,-3.6572355497017832,-5.5058687098950685,-0.2968323768435245,-0.2777713601565402,0.6806209996513568,37.7371385486541442,1.3930319555836097,1.5662322755487632,11.6087968146008240,26.1283417340533219,1.4619866374033934,1.3690310831413135,3.8010566973709499,16.9750017867877716,-0.4288010713631455,-0.7375090186252247,14.8306674954352360,2.1443342913525338,-0.0088646505633482,-0.0104545724579405,4.1749239142022470,2.8294006151049369,8.8691330491003058,3.0128016865183920,-1.1871014856426103,-2.4674879462025032,-2.7749575230407193,4.1999031721610018,8.1925304231617844,-0.3074695768382159,4.9660622537828276,-3.3563941854828467,4.6882908936262870,6.3350933369241407,4.9556076813248868,-2.7749575230407193,-2.7749575230407193,735.6050365700513112,-0.4483779162428286,1.0356981826580178,736.4466919288094005,-5.9979386654805280,2.0136533344094829,272.9490489473655543,2.7474961965665723,4.7241553661945836,1.1544154611862960,260.2917086488395739,1.0649151853003798,1.1519761548523828,1.0116694260353607,12.6573402985259911,895.4872840881999991,360.9639902115853829,6.2506682976954844,7.0394922052624747,-1.9912766864550131,0.1237346934873926,62.7042019943320241,2.1939141011945651,2.1830195461431643,2.1939141011945367,2.9986865949006987,1.1745804117161585,486.8885786047853799,0.1767114632375524,-0.4432614562491608,424.1843766104533415,-2.0172026379570127,-2.6262810023923251,-0.4222858598078005,424.6066624702611421,-3.3788193214296882,-3.4997013047579415,414.8996998710556454,0.8139005300233748,0.7988555950089449,352.1954978767236071,-1.3800135711711903,-1.3841639511342194,-1.7667921132344304,353.9622899899580375,-4.5863487594419041,-5.1438120686667119,0.0000000000000000,0.0000000000000000,0.0000000000000000,0.0000000000000000,0.0000000000000000,0.0000000000000000,0.0000000000000000,-2.5077712513238120,0.0000000000000000,0.0000000000000000,-1.6581312229462932,0.0000000000000000,0.0000000000000000,-1.1400956775783664,0.0000000000000000,0.0000000000000000,0.0000000000000000,0.0000000000000000,0.0000000000000000,0.0000000000000000,0.0000000000000000,0.0000000000000000,0.0000000000000000,0.0000000000000000,0.0000000000000000,0.0000000000000000,0.0000000000000000,0.0000000000000000,0.0000000000000000,0.0000000000000000,0.0000000000000000,0.0000000000000000,0.0000000000000000,0.0000000000000000,0.0000000000000000,0.0000000000000000,0.0000000000000000,0.0000000000000000,0.0000000000000000,-0.0200566244645208,0.0427302743153412,0.0509211932641361,0.0505819592113005,0.1081223012861090,0.1196072287253924,-0.2689743228204122,-0.1419070689047368,34.0000000000000000,,,,,,,,,,,,,,,,,,,,,,,,,,,,,,,,,,,,,,,,,,,,,,,,,,,,,,,,,,,,,,,,,,,,,,,,,,,,,,,,,,,,,,,,,,,,,,,,,,,,,,,,,,,,,,,,,,,,,,,,,,,,,,,,,,,,,,,,,,,,,,,,,,,,,,,,,,,,,,,,,,,,1.2821877623746332,0.2973357536972117,4878.3501325941833784,1947.4832092631013438,2344.5951787607114056,2363.4589918310498433,7817.7612130735460596,-4.2610975206551149,1378.1391675220677371,,,,,,,,,7745.5428508237891947,5.4948605862887234,-0.6983985901775007,,,,5626.9177649302864666,479.5962541806518402,349.0094025987690429,,,221.7496442297502597,40.5385762603442856,262.2882204900945453,1.6656219262677610,0.2334282355425970,,,283.5941749645062373,,909.0192771991390828,913.3753387371125427,7.9044162045579967,83.1700089035886805,,124.8806929287642760,,,3.0800858976035528,8.7717059019846175,4.8551667394499276,5.6516101115914950,-20.4814590376536785,-0.0029959045778156,-9.0330689809684941,11.1235265701354820,13.1198540614983301,14.7442455818319189,-5.2937261188835691,3.4697011019207338,-0.7529586672073094,-1.2431738917183566,-0.9969571152397663,-1.4941625755773345,0.6392588372078620,0.3157638176369204,-1.1776199170557788,-1.9688351928297152,-0.4473742031669019,1.0410801003799293,2.7855879294270522,4.8375217369578394,2.8698083529778273,3.0586457956736552,1565.6406272500817067,0.8338098461318046,-0.1510421625456169,-1.0814506992548270,13.1615824499532135,-5.5900359551366146,2.3352047204035773,-10.4693741026756459,3.7390247468315909,-23.9199571983275447,0.8047724937061620,0.8454426348823574,0.1167141177712985,-654.3256089904884902
"2028Q4",4.2999999999999998,2.5004749190948203,18.1000000000000014,883.2184582416158491,727.0043460805170525,834.3275619444214044,717.1453375594509225,761.3383371335559104,757.8399482502577484,769.5459359750014983,534.5015725983815855,572.4281201126482301,551.3112331778005455,3.2041767445162326,8.2232773808456052,735.2993116421959030,896.9634798291710922,0.0982585611071727,63.2526805196306583,2.9986865949006987,1.1761248640520110,486.9327564705947111,415.1031750035614891,-0.0988616690610797,-1.0436468168455235,19.0000000000000036,3.3999999999999999,4.2999999999999998,18.1000000000000014,25.6112845052114473,5.0117117717419868,19.4698819744335303,0.1538254253545742,0.0802567436632561,-0.3156711849178591,-1.0542107895156680,-1.6919685154052426,-6.7651099305660196,889.9065202135539039,841.6272846013258686,757.3845674151448293,753.6928071493573498,751.1921291250918102,785.2648149077090238,4.9573576700988653,26.5067952957095336,2.1423397449757808,-0.1834010714134551,0.6707507495181136,-0.7482499424073247,-0.0868851129318804,4.1494988197541378,260.5446260053483911,2.0122880009685344,-6.4181425812469479,11.1531143025199064,-7.4028676564555944,2.5004749190948203,-6.6880619719380103,-7.2997226569044544,3.9537697184110545,-36.5474695899064415,6.6478191251659817,-15.7188789327075753,-0.0001240220266028,12.6930268073137249,883.2184582416158491,7.9965464294581334,-1.2228997114215820,735.2993116421959030,525.3143393491643565,0.0000000000000000,0.0000000000000000,0.0000000000000000,0.0000000000000000,-7.4968163088276896,4.2999999999999998,11.1531143025199064,0.5497533539356895,-7.4028676564555944,19.0000000000000036,25.6112845052114473,0.1538254253545742,-6.7651099305660196,3.3999999999999999,0.0802567436632561,5.0117117717419868,-1.6919685154052426,18.1000000000000014,19.4698819744335303,-0.3156711849178591,-1.0542107895156680,2.5004749190948203,-7.2997226569044544,-6.5563429485093971,834.3275619444214044,5.2528855060069333,5.7850380963174004,841.6272846013258686,7.2164450978100412,7.2151680152206614,3.9537697184110545,1.2411901260467717,761.3383371335559104,-11.9340209537466144,-4.4179869132682317,757.3845674151448293,9.6544044871497778,9.8524400926449971,-36.5474695899064415,717.1453375594509225,8.3015909021714211,11.2053778846083532,753.6928071493573498,9.2230595928491841,9.3864292759224792,6.6478191251659817,6.7825461263902014,-12.6930268073137249,757.8399482502577484,11.3845513952876001,12.7919500249129836,751.1921291250918102,9.8993437892149636,10.1174041379137183,-15.7188789327075753,769.5459359750014983,1.8719474553576825,3.4428325875320454,785.2648149077090238,6.2304578812566582,6.1485724983782699,-6.6880619719380103,-4.8850057258323556,883.2184582416158491,6.1907680618329781,7.9965464294581334,889.9065202135539039,8.9034054032719290,9.0401814919076227,-0.0001240220266028,-0.0000496088106411,727.0043460805170525,7.1705733787205537,7.1470780732751109,727.0044701025436780,7.1698292465609370,7.1423574848875431,534.5015725983815855,-0.0868851129318804,1.0314064641466962,-0.8289101834134778,525.3143393491643565,-0.1834010714134551,1.2194775461374006,-1.0524963744606066,572.4281201126482301,0.6707507495181136,0.6965696521032485,0.5394910718071989,551.3112331778005455,-0.7482499424073247,-0.3427784760762591,-1.4588607121720980,-2.8118442160876644,-9.1872332492172184,-0.0965159584814611,-0.2235861910471963,-3.6044995653476422,-5.5827336838695754,-0.3074598958980254,-0.2903049808803562,-0.0406550362624064,37.9265475142666872,0.7576358624501646,1.3684012552207832,11.4197522185571536,26.5067952957095336,1.5138142466248512,1.4301542477889793,3.0743158692473536,16.8096605794189138,-0.6613648294754301,-0.6299505287586593,14.6673208344431316,2.1423397449757808,-0.0079781855070134,-0.0094091152121464,3.1514078596842334,3.2041767445162326,8.7993965939549774,1.9846991983788320,-2.1647996213753062,-3.1016284609452103,-3.3783510800996046,4.1494988197541378,8.2232773808456052,-0.2767226191543943,4.9573576700988653,-2.2987524478382992,4.6670526892185089,6.3875119178878448,4.9479485548867190,-3.3783510800996046,-3.3783510800996046,735.2993116421959030,-1.2228997114215820,0.0853419808549098,736.1464228968139878,-6.4181425812469479,2.0122880009685344,273.2376528126621338,1.1544154611862960,3.3317524565100531,-0.9091801010279447,260.5446260053483911,1.0116694260353607,1.0943773471097635,0.9610859547335927,12.6930268073137249,896.9634798291710922,362.4619072307894498,5.9916680768163335,7.0089736620345864,-1.9941760909847064,0.0982585611071727,63.2526805196306583,2.1939141011945367,2.1939141011945438,2.1189160608229258,2.9986865949006987,1.1761248640520110,486.9327564705947111,0.1767114632373250,0.1767114632373250,423.6800759509640670,-2.0172026379572117,-2.0172026379572188,-0.0988616690610797,423.7789376200251468,-3.3108994009440949,-3.4209466902752368,415.1031750035614891,0.8139005300233748,0.8139005300234317,351.8504944839308450,-1.3800135711711619,-1.3800135711711121,-1.0436468168455235,352.8941413007763686,-4.2725947567267895,-4.7797863087400927,0.0000000000000000,0.0000000000000000,0.0000000000000000,0.0000000000000000,0.0000000000000000,0.0000000000000000,0.0000000000000000,-1.9847724416455155,0.0000000000000000,0.0000000000000000,-1.6919685154052426,0.0000000000000000,0.0000000000000000,-1.0542107895156680,0.0000000000000000,0.0000000000000000,0.0000000000000000,0.0000000000000000,0.0000000000000000,0.0000000000000000,0.0000000000000000,0.0000000000000000,0.0000000000000000,0.0000000000000000,0.0000000000000000,0.0000000000000000,0.0000000000000000,0.0000000000000000,0.0000000000000000,0.0000000000000000,0.0000000000000000,0.0000000000000000,0.0000000000000000,0.0000000000000000,0.0000000000000000,0.0000000000000000,0.0000000000000000,0.0000000000000000,0.0000000000000000,-0.0180520507709764,0.0427302743152901,0.0509211932641361,0.1629555640197566,0.2461114258156107,0.1190024935074683,-0.2699620116573755,-0.1448808732290754,35.0000000000000000,,,,,,,,,,,,,,,,,,,,,,,,,,,,,,,,,,,,,,,,,,,,,,,,,,,,,,,,,,,,,,,,,,,,,,,,,,,,,,,,,,,,,,,,,,,,,,,,,,,,,,,,,,,,,,,,,,,,,,,,,,,,,,,,,,,,,,,,,,,,,,,,,,,,,,,,,,,,,,,,,,,,1.2821877623746332,0.2973357536971832,4940.5703806460596752,1889.3716660559543925,2412.6418584992657088,2369.0574585581352949,7945.7262876129643701,-3.5445677303855954,1406.3949180059498758,,,,,,,,,7860.7303290740455850,5.9047829638843723,0.3036265606788061,,,,6492.6749184489399340,554.6662650299126653,355.1897007153052073,,,219.1563449817129481,40.0412696370681260,259.1976146187810741,1.6439622564930119,0.1555628244121863,,,315.7661050637125300,,912.5181257515437210,915.3346340370871985,7.8371811998984580,83.6875987824503511,,127.2892616410727697,,,6.3864124916113809,8.3249656237924370,5.3932972939024779,5.9556454034041479,-11.2494188546571792,-4.3218153526108836,8.6559094502964626,11.8573014593510635,12.0578997691785901,13.6461514145944705,1.8895782328702211,3.5027841002965658,-0.0868473787468957,-0.8254841956084249,-0.1832329944158460,-1.0469770120374022,0.6730053203894499,0.5409489454102356,-0.7454575216286941,-1.4482708987052320,-1.2154526803849137,0.0853784074850523,1.1611045516550860,3.3878769034540994,3.2560631824036363,2.0045252985170663,1560.8613829650594198,0.0592880509530511,-0.9255639577243988,0.3647111881102448,11.4438394462406521,0.9463834976332837,6.4943946225117841,8.1181898307579665,5.0694844345934778,-12.1174220251600691,0.8797705340777728,0.8455183713941217,0.0777814122060931,-756.7499733849334689
"2029Q1",6.7472660143930350,2.5002374595474102,19.3549786977206502,887.2264564428476206,728.7999896509433029,836.8752481905208924,731.1973821965309526,761.0090794338642581,760.4161702283951172,774.4298515512963377,534.7594242144182317,572.6022625256740639,551.2255385587814089,3.7856675392040047,8.2509496427610447,734.8471569882675567,899.4364830493425416,0.0545721211921517,63.7824095348363898,2.8064320363817190,1.1770427677936062,486.7959622213248849,415.4924735856143343,0.0477848877081897,-0.1837213707035517,21.0074984602488080,5.0947462518648754,6.7472660143930350,19.3549786977206502,25.6307202799508751,5.0361261831548871,19.6057855152005232,0.1123551316941442,0.0586200687099883,-0.2508068174798739,0.0000000000000000,0.0000000000000000,-4.7355769513962134,892.1114621686799637,843.4315911390302745,759.7678893078175406,755.9736078682180960,753.6336241020048874,786.8349494814819991,4.9495235447832986,26.8969100694405725,2.1405446532367027,1.2194775461374006,0.6965696521032485,-0.3427784760762591,1.0314064641466962,4.1011336256622002,260.7848974940318385,2.0110592008716810,-6.3670689814474448,11.0610609479052417,-4.7355769513962134,2.5002374595474102,-4.8850057258323556,-6.5563429485093971,1.2411901260467717,-24.7762256716871185,6.7825461263902014,-12.4050979301856810,-0.0000496088106411,12.2254602933733398,887.2264564428476206,8.8265138908751197,-1.8086186157135835,734.8471569882675567,525.6192087356987486,0.0000000000000000,0.0000000000000000,0.0000000000000000,0.0000000000000000,-4.8276303060108781,6.7472660143930350,11.0610609479052417,0.4217820178840064,-4.7355769513962134,21.0074984602488080,25.6307202799508751,0.1123551316941442,-4.7355769513962134,5.0947462518648754,0.0586200687099883,5.0361261831548871,0.0000000000000000,19.3549786977206502,19.6057855152005232,-0.2508068174798739,0.0000000000000000,2.5002374595474102,-6.5563429485093971,-5.3915219145930697,836.8752481905208924,10.1907449843979006,6.7920820287568082,843.4315911390302745,7.2172261508176696,7.2160129223577592,1.2411901260467717,0.0173818462361023,761.0090794338642581,-1.3170307987667118,-6.7705596938189503,759.7678893078175406,9.5332875706904190,9.7214213959108768,-24.7762256716871185,731.1973821965309526,56.2081785483202694,16.7871516364393791,755.9736078682180960,9.1232028754429848,9.2783496612237979,6.7825461263902014,6.6849996072836442,-12.2254602933733398,760.4161702283951172,10.3048879125492281,11.8152588683749684,753.6336241020048874,9.7659799076523459,9.9731372389161628,-12.4050979301856810,774.4298515512963377,19.5356623051795353,5.5239616288529376,786.8349494814819991,6.2805382950919562,6.2027471813574868,-4.8850057258323556,-3.2925297960826225,887.2264564428476206,16.0319928049268547,8.8265138908751197,892.1114621686799637,8.8197678205042322,8.9496925896862152,-0.0000496088106411,-0.0000198435242564,728.7999896509433029,7.1825742817051177,7.1621874548575830,728.8000392597540440,7.1822766288412705,7.1602992195025559,534.7594242144182317,1.0314064641466962,2.2204723082695748,-0.2200240321080823,525.6192087356987486,1.2194775461374006,2.6813164183526097,-0.3276563191070353,572.6022625256740639,0.6965696521032485,0.9009003599920157,0.6374492844234765,551.2255385587814089,-0.3427784760762591,0.0175220739817137,-0.9868999090159616,-1.4629125219912176,-9.1402154787194974,0.1880710819908819,-0.1076322869989388,-3.4782256290879201,-5.6619898496315768,-0.3170246630480061,-0.3015852395317848,-0.6507885096242505,37.8428383112557967,-0.3348368120435615,0.8574733165315943,10.9459282418152224,26.8969100694405725,1.5604590949241632,1.4851650959718787,1.8132814754249968,16.4661143443632092,-1.3741849402228132,-0.7668758769078367,14.3255696911265069,2.1405446532367027,-0.0071803669563120,-0.0084682036909318,3.0987575710353310,3.7856675392040047,8.7336325073974930,1.1043511208513952,-2.9967825048108052,-3.4748046442379379,-3.7238550014768927,4.1011336256622002,8.2509496427610447,-0.2490503572389549,4.9495235447832986,-1.3708338702299394,4.6479383052515146,6.4346886407551773,4.9410553410923672,-3.7238550014768927,-3.7238550014768927,734.8471569882675567,-1.8086186157135835,-0.7472325921471852,735.7288136551886737,-6.3670689814474448,2.0110592008716810,273.0103577874051552,-0.9091801010279447,1.7555883180614842,-2.5444098515762343,260.7848974940318385,0.9610859547335927,1.0396584797542754,0.9130316569969130,12.2254602933733398,899.4364830493425416,364.6770588349241962,8.8606064165388947,7.2932943276498081,-1.9967855550614304,0.0545721211921517,63.7824095348363898,2.1189160608229258,2.1751645911016411,2.1189160608229827,2.8064320363817190,1.1770427677936062,486.7959622213248849,-0.5471769970793048,-0.0042606518418324,423.0135526864884810,-2.6660930579022306,-2.1794252429434735,0.0477848877081897,422.9657677987802913,-3.2526792849793082,-3.3494453347852939,415.4924735856143343,1.5571943282113807,0.9997239795704331,351.7100640507779303,-0.5617217326115451,-1.1754406115312079,-0.1837213707035517,351.8937854214814820,-4.0014235171794326,-4.4496588945973556,0.0000000000000000,0.0000000000000000,0.0000000000000000,0.0000000000000000,0.0000000000000000,0.0000000000000000,0.0000000000000000,0.0000000000000000,0.0000000000000000,0.0000000000000000,0.0000000000000000,0.0000000000000000,0.0000000000000000,0.0000000000000000,0.0000000000000000,0.0000000000000000,0.0000000000000000,0.0000000000000000,0.0000000000000000,0.0000000000000000,0.0000000000000000,0.0000000000000000,0.0000000000000000,0.0000000000000000,0.0000000000000000,0.0000000000000000,0.0000000000000000,0.0000000000000000,0.0000000000000000,0.0000000000000000,0.0000000000000000,0.0000000000000000,0.0000000000000000,0.0000000000000000,0.0000000000000000,0.0000000000000000,0.0000000000000000,0.0000000000000000,0.0000000000000000,-0.0377909262485906,-0.0322677660562981,-0.1413333652548436,0.1090791225260591,0.5781408055936805,0.1185303901467962,-0.2728698241296228,-0.1560882361253220,36.0000000000000000,,,,,,,,,,,,,,,,,,,,,,,,,,,,,,,,,,,,,,,,,,,,,,,,,,,,,,,,,,,,,,,,,,,,,,,,,,,,,,,,,,,,,,,,,,,,,,,,,,,,,,,,,,,,,,,,,,,,,,,,,,,,,,,,,,,,,,,,,,,,,,,,,,,,,,,,,,,,,,,,,,,,1.3205484211996463,0.9736528488642477,5083.5322386280258797,1888.9109363617144481,2472.5855839362639017,2482.4448981538180306,8302.3857180090708425,-4.2326055131222375,1623.5234794550924562,,,,,,,,,8057.5500920525919355,9.8920128806857974,1.5314868626897831,,,,7503.4666397152095669,650.5205537495263570,375.6460002686970370,,,212.5497116911022886,38.8139312723481851,251.3636429634504736,3.7542473170618962,0.4927812377837171,,,322.6755009827829781,,915.9713905251193182,917.2788014610134724,7.7766696957048724,200.5973225913949420,,133.5929409734336559,,,17.3886370098707630,9.2277688953274151,10.7280987957367557,7.0280560616651826,-1.3083958978124315,-6.5464436787208200,75.4320821086088529,18.2784632414950039,10.8545592490906699,12.5415823985561019,21.5744471693427187,5.6793809349835840,1.0367437946928959,-0.2197821566617790,1.2269434912068249,-0.3271201115889255,0.6990013413619209,0.6394853162989875,-0.3421916613409763,-0.9820460326211844,-1.7923612679099108,-0.7444477501461506,-0.9050595559283607,1.7710893483345842,3.8582367800038924,1.1104715875730875,1553.8198069840852895,-0.4880701945139372,-0.8349657668493358,2.0363761269907132,9.8168177180352902,18.7006965383301988,17.5634796676166367,57.4276560944576673,11.4102225305353002,-0.0975532526293112,0.6875159755587363,0.8455865342547095,0.2463906188918585,-834.4282578411148279
"2029Q2",7.9595321346735606,2.5001187297737051,19.5493066821624559,891.0040121473688259,730.5980780498961167,839.8445612622308545,741.4377606399021943,762.1398277790671045,762.7284447643304475,778.7909100393272865,535.3145422914856226,572.8274876156721120,551.2299190772769180,4.4763415108740823,8.2758546784849401,734.3516546147559438,902.6680841080866458,0.0137488062800060,64.3121385500421354,2.8064320363817190,1.1774991581912007,486.6591679720550587,415.8817721676671226,0.1823631551595213,0.6197092356040912,22.4100085852858832,5.0988302315501333,7.9595321346735606,19.5493066821624559,25.6491842659533340,5.0593198739971417,19.7376119497445082,0.0757281853099003,0.0395103575529915,-0.1883052675820510,0.0000000000000000,0.0000000000000000,-3.3149038659773491,894.2965419434514160,845.2360831768239677,762.1224459328309422,758.2307002060546210,756.0434451570469037,788.4169781535408674,4.9424728319992894,27.2975199340389594,2.1389290706715323,2.6813164183526097,0.9009003599920157,0.0175220739817137,2.2204723082695748,4.0548325131227809,261.0131554082810226,2.0099532807845129,-5.9137938641830496,10.9708921902059693,-3.3149038659773491,2.5001187297737051,-3.2925297960826225,-5.3915219145930697,0.0173818462361023,-16.7929395661524019,6.6849996072836442,-9.6260681142136182,-0.0000198435242564,11.3610999162300530,891.0040121473688259,10.0916467488564248,-1.9820094940464368,734.3516546147559438,526.2895378402869255,0.0000000000000000,0.0000000000000000,0.0000000000000000,0.0000000000000000,-3.4050726236766207,7.9595321346735606,10.9708921902059693,0.3035438104449428,-3.3149038659773491,22.4100085852858832,25.6491842659533340,0.0757281853099003,-3.3149038659773491,5.0988302315501333,0.0395103575529915,5.0593198739971417,0.0000000000000000,19.5493066821624559,19.7376119497445082,-0.1883052675820510,0.0000000000000000,2.5001187297737051,-5.3915219145930697,-4.1360203139548783,839.8445612622308545,11.8772522868402231,8.0154668839229064,845.2360831768239677,7.2179681511749161,7.2168155841380015,0.0173818462361023,-0.3793599139469825,762.1398277790671045,4.5229933808113518,-7.9115138896036354,762.1224459328309422,9.4182265000540291,9.5969536340134649,-16.7929395661524019,741.4377606399021943,40.9615137734848176,24.0009672832289596,758.2307002060546210,9.0283693513459564,9.1757098092360305,6.6849996072836442,6.3806031803216428,-11.3610999162300530,762.7284447643304475,9.2490981437416284,10.8165775138499658,756.0434451570469037,9.6392842201678590,9.8360836848684858,-9.6260681142136182,778.7909100393272865,17.4442339521237386,8.3532124800174898,788.4169781535408674,6.3281146882354884,6.2542131301877433,-3.2925297960826225,-1.9713452363682440,891.0040121473688259,15.1102228180847913,10.0916467488564248,894.2965419434514160,8.7403190990858590,8.8637363624303518,-0.0000198435242564,-0.0000079374097026,730.5980780498961167,7.1923535958110767,7.1754079013365768,730.5980978934203449,7.1922345346655385,7.1746526071945667,535.3145422914856226,2.2204723082695748,3.2736786137155311,0.6022964870194468,526.2895378402869255,2.6813164183526097,3.9427771707325929,0.6788582203653943,572.8274876156721120,0.9009003599920157,1.2425491736705532,0.7263612514475605,551.2299190772769180,0.0175220739817137,0.3440700423224847,-0.5645287818179048,-0.3618038536200886,-9.0250044511988037,0.4608441100827720,0.0765617333458889,-3.2816063631965231,-5.7433980880022810,-0.3256329534828170,-0.3117374723180932,-0.7761250902203674,37.5129453241864326,-1.3195719482774455,0.1240647644281918,10.2154253901474750,27.2975199340389594,1.6024394583935444,1.5346748593364881,1.6902603914613203,15.9153767857912065,-2.2029502342880103,-1.1668252688373497,13.7764477151196747,2.1389290706715323,-0.0064623302606808,-0.0076213833218386,2.7567679582323406,4.4763415108740823,8.6716723916392535,0.5335643401414898,-3.5212681729812911,-3.5746058492221224,-3.7987511707371819,4.0548325131227809,8.2758546784849401,-0.2241453215150594,4.9424728319992894,-0.6451075290569462,4.6307353596811964,6.4771476913357775,4.9348514486774508,-3.7987511707371819,-3.7987511707371819,734.3516546147559438,-1.9820094940464368,-1.3654764343561077,735.2495897557170110,-5.9137938641830496,2.0099532807845129,272.3742553245110685,-2.5444098515762343,0.1120804262871723,-3.7216070880579966,261.0131554082810226,0.9130316569969130,0.9876755557665615,0.8673800741470673,11.3610999162300530,902.6680841080866458,367.3535418166009663,10.7059319267070325,7.9522186794394365,-1.9991340727304823,0.0137488062800060,64.3121385500421354,2.1189160608229827,2.1564150810087526,2.1189160608229258,2.8064320363817190,1.1774991581912007,486.6591679720550587,-0.5471769970793048,-0.1852327669209330,422.3470294220129517,-2.6660930579022875,-2.3416478479296856,0.1823631551595213,422.1646662668533736,-3.2044061277076139,-3.2867010337651763,415.8817721676671226,1.5571943282111533,1.1855474291173209,351.5696336176249588,-0.5617217326118293,-0.9708676518914316,0.6197092356040912,350.9499243820208676,-3.7754441578424007,-4.1589527977976317,0.0000000000000000,0.0000000000000000,0.0000000000000000,0.0000000000000000,0.0000000000000000,0.0000000000000000,0.0000000000000000,0.0000000000000000,0.0000000000000000,0.0000000000000000,0.0000000000000000,0.0000000000000000,0.0000000000000000,0.0000000000000000,0.0000000000000000,0.0000000000000000,0.0000000000000000,0.0000000000000000,0.0000000000000000,0.0000000000000000,0.0000000000000000,0.0000000000000000,0.0000000000000000,0.0000000000000000,0.0000000000000000,0.0000000000000000,0.0000000000000000,0.0000000000000000,0.0000000000000000,0.0000000000000000,0.0000000000000000,0.0000000000000000,0.0000000000000000,0.0000000000000000,0.0000000000000000,0.0000000000000000,0.0000000000000000,0.0000000000000000,0.0000000000000000,-0.0375489876406166,0.0277306662410474,0.0413084653381875,0.1527365247804437,0.7538258362176840,0.1181606671769551,-0.2769947712262364,-0.1741629923809112,37.0000000000000000,,,,,,,,,,,,,,,,,,,,,,,,,,,,,,,,,,,,,,,,,,,,,,,,,,,,,,,,,,,,,,,,,,,,,,,,,,,,,,,,,,,,,,,,,,,,,,,,,,,,,,,,,,,,,,,,,,,,,,,,,,,,,,,,,,,,,,,,,,,,,,,,,,,,,,,,,,,,,,,,,,,,1.3205484211996463,0.9736528488641909,5271.9629226446877510,1923.2399029339555909,2526.2436873875349193,2586.5724317708181843,8687.6795729265686532,-4.8313050793118739,1810.6861288897800932,,,,,,,,,8322.1910048909849138,12.9264042349764168,3.0349657966101633,,,,8555.5286185382792610,680.4443493091314394,404.8786287243976858,,,206.9057026821882630,37.7655220352407923,244.6712247174290553,4.7864459407959146,0.6729674641039551,,,310.0349551047329442,,919.1806875903114360,919.2093537964960888,7.7222093419306459,268.9479504187261796,,140.4803932799242716,,,16.3115555191722308,10.6184235556709297,12.6113724030494865,8.3454631386375979,4.6268404731572446,-7.6066462366959797,50.6237979386733343,27.1261446960705825,9.6903249025096017,11.4232442114394104,19.0582090872428012,8.7120138249135266,2.2453082792629431,0.6041139392957859,2.7175871591608001,0.6811676858231124,0.9049706812828333,0.7290056535455705,0.0175236091867674,-0.5629383123837499,-1.9624968129143383,-1.3561960932039909,-2.5123125493229992,0.1121432598694838,4.5780414793268278,0.5349903297294105,1546.1396363879719047,-0.6614610728467905,-1.0083566451822459,3.9590725139744012,8.5876370708948375,16.4358773069414923,18.1451886146949555,43.6428301918374260,14.5585687051928332,7.2043097991639620,0.6875159755587932,0.8456478808292385,0.3364837320519776,-816.6536944403783309
"2029Q3",8.7639732872641378,2.5000593648868525,19.7326700227775582,894.4914089823845416,732.3981401708418844,842.9047311257476167,749.2122310420971871,764.0703156396214126,764.8037791666329213,782.7179028890063819,536.1329619449145412,573.1381249090896972,551.3159365878575500,5.1927353103167340,8.2982692106364464,733.8772181202187994,906.4280820948748669,-0.0247239651616127,64.8418675652478669,2.8064320363817190,1.1776164373267692,486.5223737227853462,416.2710707497200247,0.3073300074109966,1.3780577979861732,23.3916332869079930,5.1050100231337039,8.7639732872641378,19.7326700227775582,25.6667250526556678,5.0813538802972849,19.8654835912521719,0.0453409404364696,0.0236561428364189,-0.1328135684746130,0.0000000000000000,0.0000000000000000,-2.3204327061841443,896.4627542187528206,847.0407514397024897,764.4496755535683405,760.4652764161215828,758.4231759863112075,790.0103062189713228,4.9361271904936812,27.7075753804179570,2.1374750463628791,3.9427771707325929,1.2425491736705532,0.3440700423224847,3.2736786137155311,4.0105854604725444,261.2300004268178100,2.0089579527060613,-5.1517228664951658,10.8825953417007799,-2.3204327061841443,2.5000593648868525,-1.9713452363682440,-4.1360203139548783,-0.3793599139469825,-11.2530453740243566,6.3806031803216428,-7.2924033299649329,-0.0000079374097026,10.2138531256787868,894.4914089823845416,12.8206427562269383,-1.8977459781484431,733.8772181202187994,527.2752321329700180,0.0000000000000000,0.0000000000000000,0.0000000000000000,0.0000000000000000,-2.4087295546893337,8.7639732872641378,10.8825953417007799,0.2018106517475015,-2.3204327061841443,23.3916332869079930,25.6667250526556678,0.0453409404364696,-2.3204327061841443,5.1050100231337039,0.0236561428364189,5.0813538802972849,0.0000000000000000,19.7326700227775582,19.8654835912521719,-0.1328135684746130,0.0000000000000000,2.5000593648868525,-4.1360203139548783,-2.9705017505755715,842.9047311257476167,12.2406794540670685,9.8903905578280309,847.0407514397024897,7.2186730515143003,7.2175781128292318,-0.3793599139469825,-0.3575982572465409,764.0703156396214126,7.7219514422171196,-0.2515267323712135,764.4496755535683405,9.3089184829494585,9.4787092602109215,-11.2530453740243566,749.2122310420971871,31.0978816087799217,34.1422912081891070,760.4652764161215828,8.9383048402677368,9.0782341649764646,6.3806031803216428,5.9104655718756636,-10.2138531256787868,764.8037791666329213,8.3013376092095932,9.8099687651970129,758.4231759863112075,9.5189233170575971,9.7058828085231923,-7.2924033299649329,782.7179028890063819,15.7079713987165857,13.6399537778443865,790.0103062189713228,6.3733122617218445,6.3031057815764866,-1.9713452363682440,-0.9422585841299483,894.4914089823845416,13.9495873400631289,12.8206427562269383,896.4627542187528206,8.6648491012056148,8.7820853560169088,-0.0000079374097026,-0.0000031749638810,732.3981401708418844,7.2002484837831684,7.1864374350049793,732.3981481082515756,7.2002008593249522,7.1861353173481746,536.1329619449145412,3.2736786137155311,4.1088635029104630,1.6096680682999804,527.2752321329700180,3.9427771707325929,4.9058133944576268,1.9150425159522870,573.1381249090896972,1.2425491736705532,1.6822459761010866,0.8776924838209827,551.3159365878575500,0.3440700423224847,0.6366815945735748,-0.1823590755448463,0.4656944360411621,-8.8577298119444681,0.6690985570173460,0.3053744476523847,-3.0309866202237306,-5.8267431917207375,-0.3333804148738246,-0.3208744818256682,-0.6462099914725848,37.0051629641751774,-2.0311294400450346,-0.7319755844789693,9.2975875837572186,27.7075753804179570,1.6402217855159873,1.5792336463646366,1.8272596179231282,15.1829746429429182,-2.9296085713931528,-1.7920271438448516,13.0454995965800382,2.1374750463628791,-0.0058160972346127,-0.0068592449896547,2.7147485756949554,5.1927353103167340,8.6133322360924005,0.2869219158591067,-3.7236635446134376,-3.4474728754024455,-3.6492036647659987,4.0105854604725444,8.2982692106364464,-0.2017307893635534,4.9361271904936812,-0.1339605672761786,4.6152527086680131,6.5153608368583180,4.9292679455040265,-3.6492036647659987,-3.6492036647659987,733.8772181202187994,-1.8977459781484431,-1.7278184498325113,734.7850486726126746,-5.1517228664951658,2.0089579527060613,271.4438535524965914,-3.7216070880579966,-1.5051953948689698,-4.4017271329294951,261.2300004268178100,0.8673800741470673,0.9382917779782334,0.8240110704397139,10.2138531256787868,906.4280820948748669,370.2951201499602689,11.7663133334373011,9.3311299383748896,-2.0012477386326286,-0.0247239651616127,64.8418675652478669,2.1189160608229258,2.1376655709158427,2.1189160608229258,2.8064320363817190,1.1776164373267692,486.5223737227853462,-0.5471769970788500,-0.3662048820000336,421.6805061575374793,-2.6660930579017759,-2.5038704529158764,0.3073300074109966,421.3731761501264828,-3.1659604669076771,-3.2334863201346735,416.2710707497200247,1.5571943282116081,1.3713708786643792,351.4292031844721578,-0.5617217326113177,-0.7662946922514635,1.3780577979861732,350.0511453864859845,-3.5951159821396459,-3.9111446034720672,0.0000000000000000,0.0000000000000000,0.0000000000000000,0.0000000000000000,0.0000000000000000,0.0000000000000000,0.0000000000000000,0.0000000000000000,0.0000000000000000,0.0000000000000000,0.0000000000000000,0.0000000000000000,0.0000000000000000,0.0000000000000000,0.0000000000000000,0.0000000000000000,0.0000000000000000,0.0000000000000000,0.0000000000000000,0.0000000000000000,0.0000000000000000,0.0000000000000000,0.0000000000000000,0.0000000000000000,0.0000000000000000,0.0000000000000000,0.0000000000000000,0.0000000000000000,0.0000000000000000,0.0000000000000000,0.0000000000000000,0.0000000000000000,0.0000000000000000,0.0000000000000000,0.0000000000000000,0.0000000000000000,0.0000000000000000,0.0000000000000000,0.0000000000000000,-0.0376478430648183,0.0277306662409450,0.0413084653381875,0.1942648512120934,0.9256700559951867,0.1178671949546886,-0.2819949519708245,-0.1972162400814850,38.0000000000000000,,,,,,,,,,,,,,,,,,,,,,,,,,,,,,,,,,,,,,,,,,,,,,,,,,,,,,,,,,,,,,,,,,,,,,,,,,,,,,,,,,,,,,,,,,,,,,,,,,,,,,,,,,,,,,,,,,,,,,,,,,,,,,,,,,,,,,,,,,,,,,,,,,,,,,,,,,,,,,,,,,,,1.3205484211996463,0.9736528488642193,5489.6330075991836566,1980.1508622781193480,2575.5003889834961228,2683.9599829617145588,9093.4946568254035810,-5.3635203908091729,1976.4602596555359924,,,,,,,,,8641.0624323781503335,15.0399919471528847,4.3117742842594833,,,,9610.7358418333787995,685.7242264124809026,441.6725124227526749,,,202.1911998692989414,36.8893966231514128,239.0805964924503542,5.4546786374422993,0.8092352849349993,,,286.1300840398816945,,922.0538396362594540,921.1276525523795726,7.6731950235338422,322.3381603053053936,,147.7382243566136708,,,14.9694061381485710,13.6787642780054028,13.0213773070770031,10.3960210043672561,8.0279187228592122,-0.2512106689359399,36.4760309917355130,40.6948130423261318,8.6556342328737657,10.3072742359364753,17.0088882633625929,14.6139728248461722,3.3278530211270834,1.6226930170524412,4.0215363191832552,1.9334970710945072,1.2503008889346034,0.8815554978252038,0.3446626427511887,-0.1821929024086302,-1.8798521510714465,-1.7129772660228326,-3.6532064508331956,-1.4939239522610848,5.3299220814037938,0.2873339307475362,1538.8215592376704990,-0.5771975569487968,-0.9240931292842238,5.5340172445615528,7.7241400522607968,14.7838782694323623,18.2613616243226105,35.0406587795125120,16.1834566247996605,11.6647286129497125,0.6875159755587932,0.8457030927463145,0.4046176424674996,-773.1296795062888805
"2029Q4",9.2915289045689562,2.5000296824434263,19.9028222378519928,897.6687852010504685,734.1997884130508965,845.8750853658361848,755.2930758273809033,766.3933462629968290,766.6847866729626730,786.2467598792535455,537.1601778206421614,573.5586864031149616,551.4751069865009185,5.8713548209481816,8.3184422895728023,733.4735106703950578,910.5170870382170278,-0.0613673676690070,65.3715965804535983,2.8064320363817190,1.1774827417843214,486.3855794735155200,416.6603693317728698,0.4250283416089928,2.1023497940793163,24.0807578531289685,5.1135932892919804,9.2915289045689562,19.9028222378519928,25.6833888000228825,5.1022861862824209,19.9895190835146082,0.0216719474349888,0.0113071030095594,-0.0866968456626131,0.0000000000000000,0.0000000000000000,-1.6243028943289008,898.6110437851804136,848.8455871164117070,766.7509445202433653,762.6784684596885882,760.7743211010870255,791.6143687081048483,4.9304161131386337,28.1261318503995028,2.1361664244850913,4.9058133944576268,1.6822459761010866,0.6366815945735748,4.1088635029104630,3.9683554161375048,261.4360031944277125,2.0080621574354551,-4.1914610100637200,10.7961559027906944,-1.6243028943289008,2.5000296824434263,-0.9422585841299483,-2.9705017505755715,-0.3575982572465409,-7.3853926323076831,5.9104655718756636,-5.3676088288512167,-0.0000031749638810,8.9074185748364858,897.6687852010504685,14.4503269594345234,-1.6148297992949077,733.4735106703950578,528.5016854815844454,0.0000000000000000,0.0000000000000000,0.0000000000000000,0.0000000000000000,-1.7107423332389851,9.2915289045689562,10.7961559027906944,0.1196758961071613,-1.6243028943289008,24.0807578531289685,25.6833888000228825,0.0216719474349888,-1.6243028943289008,5.1135932892919804,0.0113071030095594,5.1022861862824209,0.0000000000000000,19.9028222378519928,19.9895190835146082,-0.0866968456626131,0.0000000000000000,2.5000296824434263,-2.9705017505755715,-1.9807917432832978,845.8750853658361848,11.8814169603539419,11.5475234214147839,848.8455871164117070,7.2193427068367155,7.2183025150859006,-0.3575982572465409,-0.1602434523354225,766.3933462629968290,9.2921224935018820,5.0550091294409105,766.7509445202433653,9.2050758667001151,9.3663771050985059,-7.3853926323076831,755.2930758273809033,24.3233791411351419,38.1477382679300376,762.6784684596885882,8.8527681742684514,8.9856613103312810,5.9104655718756636,5.3209532664917534,-8.9074185748364858,766.6847866729626730,7.5240300253189298,8.8448384227048447,760.7743211010870255,9.4045804591028475,9.5821919759951637,-5.3676088288512167,786.2467598792535455,14.1154279609887450,16.7008239042521502,791.6143687081048483,6.4162499565338829,6.3495538003957925,-0.9422585841299483,-0.1909402816809060,897.6687852010504685,12.7095048746633204,14.4503269594345234,898.6110437851804136,8.5931582657101373,8.7045235716264617,-0.0000031749638810,-0.0000012699855524,734.1997884130508965,7.2065929688357695,7.1954423325337826,734.1997915880147048,7.2065739190524836,7.1953214854710614,537.1601778206421614,4.1088635029104630,4.7117442733178700,2.6586052222605665,528.5016854815844454,4.9058133944576268,5.5605037593568944,3.1873461324200574,573.5586864031149616,1.6822459761010866,2.1808423947648916,1.1305662904667260,551.4751069865009185,0.6366815945735748,0.8891000782492856,0.1638738087003785,1.0276768476633380,-8.6584923390576662,0.7969498915472064,0.5287409101595516,-2.7466608648055035,-5.9118314742521623,-0.3403531301257015,-0.3290977903825873,-0.3199248089116957,36.3985085824728429,-2.4266175268093195,-1.5280389317938403,8.2723767320733419,28.1261318503995028,1.6742258799261858,1.6193365546899701,2.1654475379321765,14.3149291658587288,-3.4721819083367604,-2.4947314135601841,12.1787627413736370,2.1361664244850913,-0.0052344875111515,-0.0061733204906893,2.9123618180754267,5.8713548209481816,8.5584183991504368,0.3108510615912873,-3.6575043545462176,-3.1589298258811525,-3.3404875363083506,3.9683554161375048,8.3184422895728023,-0.1815577104271981,4.9304161131386337,0.1798884842912703,4.6013183227560459,6.5497526678286038,4.9242427926479442,-3.3404875363083506,-3.3404875363083506,733.4735106703950578,-1.6148297992949077,-1.8258009718008428,734.3818836298700035,-4.1914610100637200,2.0080621574354551,270.3434217692642392,-4.4017271329294951,-2.8942310433979177,-4.5902486668684128,261.4360031944277125,0.8240110704397139,0.8913771890793217,0.7828105169177282,8.9074185748364858,910.5170870382170278,373.3569092175748096,12.2471562704581380,10.8950019867853420,-2.0031500379445606,-0.0613673676690070,65.3715965804535983,2.1189160608229258,2.1189160608229400,2.1857238636530383,2.8064320363817190,1.1774827417843214,486.3855794735155200,-0.5471769970793048,-0.5471769970791911,421.0139828930618933,-2.6660930579022306,-2.6660930579021311,0.4250283416089928,420.5889545514529573,-3.1368863946942156,-3.1899830685722037,416.6603693317728698,1.5571943282113807,1.5571943282113807,351.2887727513192431,-0.5617217326115451,-0.5617217326115593,2.1023497940793163,349.1864229572399836,-3.4588897169841175,-3.7077183435363992,0.0000000000000000,0.0000000000000000,0.0000000000000000,0.0000000000000000,0.0000000000000000,0.0000000000000000,0.0000000000000000,0.0000000000000000,0.0000000000000000,0.0000000000000000,0.0000000000000000,0.0000000000000000,0.0000000000000000,0.0000000000000000,0.0000000000000000,0.0000000000000000,0.0000000000000000,0.0000000000000000,0.0000000000000000,0.0000000000000000,0.0000000000000000,0.0000000000000000,0.0000000000000000,0.0000000000000000,0.0000000000000000,0.0000000000000000,0.0000000000000000,0.0000000000000000,0.0000000000000000,0.0000000000000000,0.0000000000000000,0.0000000000000000,0.0000000000000000,0.0000000000000000,0.0000000000000000,0.0000000000000000,0.0000000000000000,0.0000000000000000,0.0000000000000000,-0.0381268404170911,0.0277306662409905,0.0413084653381875,0.2344837370141749,1.0963676015494099,0.1176279481902291,-0.2875219744773063,-0.2232853330584361,39.0000000000000000,,,,,,,,,,,,,,,,,,,,,,,,,,,,,,,,,,,,,,,,,,,,,,,,,,,,,,,,,,,,,,,,,,,,,,,,,,,,,,,,,,,,,,,,,,,,,,,,,,,,,,,,,,,,,,,,,,,,,,,,,,,,,,,,,,,,,,,,,,,,,,,,,,,,,,,,,,,,,,,,,,,,1.3205484211996463,0.9736528488642762,5724.9251879173780253,2051.6982700145372291,2622.4741721355558184,2775.9108762916821433,9511.6661565218455507,-5.8307834476337126,2126.2938304181620879,,,,,,,,,9001.7192907734624896,16.3560197733686437,5.2744057989177895,,,,10645.2587347703702108,675.0020977795106774,485.2399414936399467,,,198.3986664817149972,36.1836728956612603,234.5823393773762575,5.8754151553815746,0.9160840667439629,,,255.3240852072613052,,924.5497657863043059,923.0349230866237349,7.6290821369767183,364.6365300079077656,,155.1553591047880900,,,13.5524942874923653,15.5465472860952758,12.6160623967101770,12.2406716919675489,9.7375286053637922,5.1849550540917733,27.5366759060998731,46.4446539979773831,7.8143197842275924,9.2477862065888132,15.1602303034173502,18.1764001872113425,4.1944454229780916,2.6942614153980315,5.0281405966364332,3.2386860173262590,1.6964754131162891,1.1369813438356005,0.6387127201507923,0.1640081552024952,-1.6018613230011312,-1.8092342044762120,-4.3062570251144621,-2.8527493322624764,6.0471423289715460,0.3113347045102728,1532.6217449399955512,-0.2942813780952613,-0.6411769504306315,6.6665775931710520,7.2297486472236683,13.4742510105581133,17.9839106735811107,29.2291925355927695,16.7872303548115696,14.1979358879595097,0.6207081727286807,0.8457527834716831,0.4580420333719815,-717.4334636125663565
"2030Q1",9.6317557876996513,2.5000148412217134,20.0593063331189860,900.5513677715417771,736.0027084097378065,848.6697900929766547,760.1731246231856858,768.8673074132237844,768.4192630535901571,789.4054836768954146,538.3381138889716340,574.1038970018062173,551.6973820060632079,6.4688991692972690,8.3365980606155219,733.1696434776039268,914.7769961455599059,-0.1122670366847274,65.9180275463668579,2.7557772389823390,1.1771586672285219,486.2870307200363982,416.9527271758263396,0.5591525187280695,2.6891067266893174,24.5665989604701664,5.1244631603484709,9.6317557876996513,20.0593063331189860,25.6992193600217362,5.1221718769682996,20.1098335110091675,0.0043916264786608,0.0022912833801709,-0.0505271778901824,0.0000000000000000,0.0000000000000000,-1.1370120260302305,900.7423080532227004,850.6505818362600166,769.0275508655591921,764.8713510887546363,763.0983097870984011,793.2286288997561314,4.9252761435190910,28.5523392416233435,2.1349886647950824,5.5605037593568944,2.1808423947648916,0.8891000782492856,4.7117442733178700,3.9280845999922738,261.6317058236571711,2.0072559416919096,-3.1459684674338764,10.7115577259808692,-1.1370120260302305,2.5000148412217134,-0.1909402816809060,-1.9807917432832978,-0.1602434523354225,-4.6982264655689949,5.3209532664917534,-3.8231452228607767,-0.0000012699855524,7.5641537788899500,900.5513677715417771,13.3249113286941654,-1.2154687711643293,733.1696434776039268,529.8918114214236539,0.0000000000000000,0.0000000000000000,0.0000000000000000,0.0000000000000000,-1.2216102028400557,9.6317557876996513,10.7115577259808692,0.0572100877490141,-1.1370120260302305,24.5665989604701664,25.6992193600217362,0.0043916264786608,-1.1370120260302305,5.1244631603484709,0.0022912833801709,5.1221718769682996,0.0000000000000000,20.0593063331189860,20.1098335110091675,-0.0505271778901824,0.0000000000000000,2.5000148412217134,-1.9807917432832978,-1.1976339000054077,848.6697900929766547,11.1788189085621052,11.7945419024558351,850.6505818362600166,7.2199788793930102,7.2189906972297351,-0.1602434523354225,0.0735907865847504,768.8673074132237844,9.8958446009077132,7.8582279793595164,769.0275508655591921,9.1064253812632394,9.2596615577417118,-4.6982264655689949,760.1731246231856858,19.5201951832187497,28.9757424266546586,764.8713510887546363,8.7715305162639989,8.8977432205365350,5.3209532664917534,4.6627634442752628,-7.5641537788899500,768.4192630535901571,6.9379055225101949,8.0030928251950861,763.0983097870984011,9.2959547440458348,9.4646856850935350,-3.8231452228607767,789.4054836768954146,12.6348951905670788,14.9756321255990379,793.2286288997561314,6.4570407666053189,6.3936794182741332,-0.1909402816809060,0.3141983234570649,900.5513677715417771,11.5303302819654228,13.3249113286941654,900.7423080532227004,8.5250570721692540,8.6308458845427172,-0.0000012699855524,-0.0000005079942210,736.0027084097378065,7.2116799867478223,7.2027187587944592,736.0027096797233526,7.2116723668345077,7.2026704199693707,538.3381138889716340,4.7117442733178700,5.0951748218255108,3.5786896745533596,529.8918114214236539,5.5605037593568944,5.9368018940525387,4.2726026857249311,574.1038970018062173,2.1808423947648916,2.6696538149348275,1.5016344761321367,551.6973820060632079,0.8891000782492856,1.1084317734873903,0.4718434472817647,1.3600785304332648,-8.4463024675480067,0.8487594860386334,0.6939130111714894,-2.4478138498325137,-5.9984886177154939,-0.3466285738533254,-0.3364987680839171,0.1874445755709808,35.7657831128345478,-2.5309018785531774,-2.0770551984212444,7.2134438712112070,28.5523392416233435,1.7048295648953644,1.6554291721827705,2.7753994227959771,13.3592681170915508,-3.8226441950687127,-3.1068462272716593,11.2242794522964680,2.1349886647950824,-0.0047110387600363,-0.0055559884416203,2.8763898411042739,6.4688991692972690,8.5067321696580382,0.5320972752447303,-3.3959873247475434,-2.7728480769857082,-2.9362500163701868,3.9280845999922738,8.3365980606155219,-0.1634019393844783,4.9252761435190910,0.3254437078098010,4.5887773754351739,6.5807053157018611,4.9197201550774707,-2.9362500163701868,-2.9362500163701868,733.1696434776039268,-1.2154687711643293,-1.6775135106635293,734.0787348988271788,-3.1459684674338764,2.0072559416919096,269.1958596025471024,-4.5902486668684128,-3.8144981848580346,-4.4562061457095608,261.6317058236571711,0.7828105169177282,0.8468083296253556,0.7436699910718417,7.5641537788899500,914.7769961455599059,376.4388822565882720,12.3278921560537977,11.7618234216640669,-2.0048621073252990,-0.1122670366847274,65.9180275463668579,2.1857238636530383,2.1356180115304682,2.1857238636530383,2.7557772389823390,1.1771586672285219,486.2870307200363982,-0.3941950139164874,-0.5089315012884867,420.3690031736695119,-2.5799188775695256,-2.6445495128189549,0.5591525187280695,419.8098506549414424,-3.1164155860458322,-3.1559171438388347,416.9527271758263396,1.1694313762138790,1.4602535902120053,351.0346996294595101,-1.0162924874391592,-0.6753644213184629,2.6891067266893174,348.3455929027701359,-3.3633202178791635,-3.5481925187113319,0.0000000000000000,0.0000000000000000,0.0000000000000000,0.0000000000000000,0.0000000000000000,0.0000000000000000,0.0000000000000000,0.0000000000000000,0.0000000000000000,0.0000000000000000,0.0000000000000000,0.0000000000000000,0.0000000000000000,0.0000000000000000,0.0000000000000000,0.0000000000000000,0.0000000000000000,0.0000000000000000,0.0000000000000000,0.0000000000000000,0.0000000000000000,0.0000000000000000,0.0000000000000000,0.0000000000000000,0.0000000000000000,0.0000000000000000,0.0000000000000000,0.0000000000000000,0.0000000000000000,0.0000000000000000,0.0000000000000000,0.0000000000000000,0.0000000000000000,0.0000000000000000,0.0000000000000000,0.0000000000000000,0.0000000000000000,0.0000000000000000,0.0000000000000000,-0.0545817110758608,0.0945384690711030,-0.0093463320611925,0.2956349469304939,1.1543913770114165,0.1174241996226326,-0.2932178308210380,-0.2503194725934574,40.0000000000000000,,,,,,,,,,,,,,,,,,,,,,,,,,,,,,,,,,,,,,,,,,,,,,,,,,,,,,,,,,,,,,,,,,,,,,,,,,,,,,,,,,,,,,,,,,,,,,,,,,,,,,,,,,,,,,,,,,,,,,,,,,,,,,,,,,,,,,,,,,,,,,,,,,,,,,,,,,,,,,,,,,,,1.2465215289897174,1.3312632984731749,5969.5872544834783184,2132.5293116496295625,2668.5642891629863698,2865.8232647770632866,9931.7171308689994476,-6.2295900860800089,2263.8846871930745692,,,,,,,,,9393.4692057926258713,17.0396364293715123,5.7553997069617235,,,,11651.3722440590936458,658.4634540088773065,534.9376656766841052,,,195.5620729776678957,35.6541126847360772,231.2161856624039729,6.1309527941739077,1.0007881523040467,,,226.5547185777231789,,926.7134685714811440,924.9322682213925191,7.5893805390753073,398.5079680269154210,,162.4993484469710552,,,12.2213756556093927,14.2534583427980266,11.8275972501919995,12.5182696122201094,10.4020422151093044,8.1752357861390550,21.5556445554749558,33.6103342463870263,7.1842419625025400,8.3320572368440935,13.4678047274562829,16.1551162910935631,4.8245110621655982,3.6434955293427294,5.7180054889683021,4.3651923080804806,2.2047965799351772,1.5129656532069333,0.8930643129563549,0.4729583813668938,-1.2081117869448832,-1.6635216007472593,-4.4864903945182846,-3.7426624893125933,6.6827180668440889,0.5335154269962175,1527.9716788582145455,0.0310527578253881,0.1157945273088457,7.1864864442458067,6.9689582803355830,12.7506897178759253,17.2857299889271445,25.0806989425756441,16.7393226679189979,15.4563483602646077,0.5700533753293007,0.8457975051245148,0.5003940761520234,-664.0613184526037003
"2030Q2",9.8456881572101143,2.5000074206108565,20.2027281583882612,903.1715977598000791,737.8066469529941287,851.2580937470848994,764.1860218717336011,771.3543185071685002,770.0592633100591229,792.2321257488480342,539.6119075944279757,574.7713104555399468,551.9744899494351102,6.9651977073390015,8.3529382545539690,732.9933614487764544,919.0887373340143540,-0.1623104262776565,66.4644585122801175,2.7557772389823390,1.1766835312120236,486.1884819665572763,417.2450850198798094,0.6900441668630037,3.2608215074145050,24.9111234123599772,5.1372929032384000,9.8456881572101143,20.2027281583882612,25.7142583920206498,5.1410632831198848,20.2265385056788958,-0.0072265614395125,-0.0037703798814848,-0.0238103472906320,0.0000000000000000,0.0000000000000000,-0.7959084182211613,902.8573994363430302,852.4557276470903844,771.2807277205837408,767.0449447677141279,765.3964998657838805,794.8525769087993922,4.9206501708615020,28.9854324619652495,2.1339286810740741,5.9368018940525387,2.6696538149348275,1.1084317734873903,5.0951748218255108,3.8897003702529922,261.8176233214251170,2.0065303475227187,-2.1001456056084788,10.6287831694616397,-0.7959084182211613,2.5000074206108565,0.3141983234570649,-1.1976339000054077,0.0735907865847504,-2.8589228959805668,4.6627634442752628,-2.6204511599514029,-0.0000005079942210,6.2641847446945995,903.1715977598000791,12.1675856124313011,-0.7051281153100605,732.9933614487764544,531.3760118949368234,0.0000000000000000,0.0000000000000000,0.0000000000000000,0.0000000000000000,-0.8786829747403918,9.8456881572101143,10.6287831694616397,0.0128134059696347,-0.7959084182211613,24.9111234123599772,25.7142583920206498,-0.0072265614395125,-0.7959084182211613,5.1372929032384000,-0.0037703798814848,5.1410632831198848,0.0000000000000000,20.2027281583882612,20.2265385056788958,-0.0238103472906320,0.0000000000000000,2.5000074206108565,-1.1976339000054077,-0.6165457379066094,851.2580937470848994,10.3532146164330499,11.4135324848540414,852.4557276470903844,7.2205832433214896,7.2196444702663793,0.0735907865847504,0.2735608905111409,771.3543185071685002,9.9480443757789008,9.2144907281014046,771.2807277205837408,9.0127074200982076,9.1582817877527560,-2.8589228959805668,764.1860218717336011,16.0515889941918743,22.7482612318314246,767.0449447677141279,8.6943747158381619,8.8142445616595868,4.6627634442752628,3.9809712139210731,-6.2641847446945995,770.0592633100591229,6.5600010258757102,7.3308185457286070,765.3964998657838805,9.1927603147416725,9.3530547087369893,-2.6204511599514029,792.2321257488480342,11.3065682878106788,13.4412157095207725,794.8525769087993922,6.4957920361731833,6.4355987552585567,0.3141983234570649,0.6164054075436451,903.1715977598000791,10.4809199530333288,12.1675856124313011,902.8573994363430302,8.4603655324814451,8.5608574928916124,-0.0000005079942210,-0.0000002031976884,737.8066469529941287,7.2157541730254540,7.2085689030980538,737.8066474609884153,7.2157511250601285,7.2085495675680180,539.6119075944279757,5.0951748218255108,5.2928838948161676,4.2973653029423442,531.3760118949368234,5.9368018940525387,6.0882336147885914,5.0864740546499130,574.7713104555399468,2.6696538149348275,3.1068217989882929,1.9438228398678399,551.9744899494351102,1.1084317734873903,1.2778626588590296,0.7445708721581838,1.5041956077045715,-8.2358956994911630,0.8416270722273755,0.7891087517076403,-2.1493379634739829,-6.0865577360171805,-0.3522764732067478,-0.3431596480148998,0.7369257572711362,35.1594028611118858,-2.4255210068906550,-2.3535424630745467,6.1739703991466373,28.9854324619652495,1.7323728813676254,1.6879125279262908,3.3451417043852465,12.3625823550070635,-3.9867430483379431,-3.5527944307841421,10.2286536739329890,2.1339286810740741,-0.0042399348840327,-0.0050003895974583,3.3718214184946018,6.9651977073390015,8.4580740679077469,0.8769640925504103,-3.0127362777025821,-2.3200563757781780,-2.4671181212242086,3.8897003702529922,8.3529382545539690,-0.1470617454460305,4.9206501708615020,0.3578984390889773,4.5774905228466025,6.6085626987877930,4.9156497812640438,-2.4671181212242086,-2.4671181212242086,732.9933614487764544,-0.7051281153100605,-1.3582931659794353,733.8928383515595897,-2.1001456056084788,2.0065303475227187,268.0818080661197200,-4.4562061457095608,-4.2924472583913662,-4.0753845623977822,261.8176233214251170,0.7436699910718417,0.8044679131440877,0.7064864915182496,6.2641847446945995,919.0887373340143540,379.4768297395864352,12.1517899319927327,12.1232879229854920,-2.0064029697679637,-0.1623104262776565,66.4644585122801175,2.1857238636530383,2.1523199622379821,2.1857238636530383,2.7557772389823390,1.1766835312120236,486.1884819665572763,-0.3941950139164874,-0.4706860054977824,419.7240234542771304,-2.5799188775695256,-2.6230059677357644,0.6900441668630037,419.0339792874141267,-3.1034854701092627,-3.1306869794392469,417.2450850198798094,1.1694313762138790,1.3633128522126867,350.7806265075996635,-1.0162924874391592,-0.7890071100252953,3.2608215074145050,347.5198050001852152,-3.3031516103399099,-3.4301193818357092,0.0000000000000000,0.0000000000000000,0.0000000000000000,0.0000000000000000,0.0000000000000000,0.0000000000000000,0.0000000000000000,0.0000000000000000,0.0000000000000000,0.0000000000000000,0.0000000000000000,0.0000000000000000,0.0000000000000000,0.0000000000000000,0.0000000000000000,0.0000000000000000,0.0000000000000000,0.0000000000000000,0.0000000000000000,0.0000000000000000,0.0000000000000000,0.0000000000000000,0.0000000000000000,0.0000000000000000,0.0000000000000000,0.0000000000000000,0.0000000000000000,0.0000000000000000,0.0000000000000000,0.0000000000000000,0.0000000000000000,0.0000000000000000,0.0000000000000000,0.0000000000000000,0.0000000000000000,0.0000000000000000,0.0000000000000000,0.0000000000000000,0.0000000000000000,-0.0567794117940127,0.0410922268070130,0.0387757254682183,0.3433696052516007,1.2977735969313033,0.1172407307063539,-0.2987114426680137,-0.2761634142486629,41.0000000000000000,,,,,,,,,,,,,,,,,,,,,,,,,,,,,,,,,,,,,,,,,,,,,,,,,,,,,,,,,,,,,,,,,,,,,,,,,,,,,,,,,,,,,,,,,,,,,,,,,,,,,,,,,,,,,,,,,,,,,,,,,,,,,,,,,,,,,,,,,,,,,,,,,,,,,,,,,,,,,,,,,,,,1.2465215289895468,1.3312632984730897,6217.7171996765855511,2218.9205994280905543,2716.3636553978953998,2952.6037849439244383,10352.3085672049346613,-6.5578167834973424,2391.8167007856154669,,,,,,,,,9807.3498998761133407,17.2469647538177924,6.1095433076201449,,,,12629.5448751008134423,641.3067126217177929,590.4548450963382038,,,193.5594986491192060,35.2781213243397644,228.8376199734589704,6.2731242327189989,1.0725565038802429,,,200.7441243749126443,,928.5923143614685387,926.8206804966334857,7.5536491009640372,425.7663900002708033,,169.6792690467753175,,,11.0498706465909322,12.9387958251991506,10.9081445506428167,12.0903800758230204,10.4596868764815980,9.6523704837540265,17.4116429634263170,25.5435610449576984,6.7799522880166876,7.6062112512903468,11.9705476011595806,14.3864174237270390,5.2272118053639645,4.3910390611941637,6.1165697963811709,5.2180566289504782,2.7056083128663460,1.9628380837467319,1.1145976388815342,0.7473496935600252,-0.7026479199571583,-1.3491099895285146,-4.3583758333843150,-4.2016258628618743,7.2134988761701777,0.8808206880574829,1525.2805121014007455,0.5413934136794863,0.6261351831630292,7.5015807811053090,7.1013944395551967,11.9327034709737081,16.5904632606534719,21.9883908882444139,16.2900165104855894,15.8848462698314385,0.5700533753293007,0.8458377546120635,0.5362782519401215,-619.8091163778861983
"2030Q3",9.9744670534423090,2.5000037103054282,20.3343784559223550,905.5735330210238772,739.6114007907008272,853.6444712564471047,767.5710564251771757,773.7852074503427957,771.6511524814305858,794.7701526973377213,540.9351285681320860,575.5480159052870022,552.2939556141498088,7.3563980686587573,8.3676444290985721,732.9501427459608749,923.3700919891160765,-0.2118947370032203,67.0108894781933770,2.7557772389823390,1.1760811365226267,486.0899332130781545,417.5374428639333360,0.8192389888672551,3.8246636674418255,25.1572322552913015,5.1516132540733670,9.9744670534423090,20.3343784559223550,25.7285454724196150,5.1590101189638906,20.3397423505085264,-0.0141773243735038,-0.0073968648905237,-0.0053638945861704,0.0000000000000000,0.0000000000000000,-0.5571358927548129,904.9571276134802247,854.2610169943537812,773.5116465598316609,769.2002184427365137,767.6701812675095198,796.4857283443651568,4.9164867954696723,29.4247229285134146,2.1329746957251667,6.0882336147885914,3.1068217989882929,1.2778626588590296,5.2928838948161676,3.8531206162354108,261.9942449443046826,2.0058773127704468,-1.1194761101271080,10.5478132408749801,-0.5571358927548129,2.5000037103054282,0.6164054075436451,-0.6165457379066094,0.2735608905111409,-1.6291620175593069,3.9809712139210731,-1.7155756470273353,-0.0000002031976884,5.0687169812155917,905.5735330210238772,11.0821240386393072,-0.1728748112622294,732.9501427459608749,532.8980702986340248,0.0000000000000000,0.0000000000000000,0.0000000000000000,0.0000000000000000,-0.6381058213414732,9.9744670534423090,10.5478132408749801,-0.0162102946778572,-0.5571358927548129,25.1572322552913015,25.7285454724196150,-0.0141773243735038,-0.5571358927548129,5.1516132540733670,-0.0073968648905237,5.1590101189638906,0.0000000000000000,20.3343784559223550,20.3397423505085264,-0.0053638945861704,0.0000000000000000,2.5000037103054282,-0.6165457379066094,-0.2144054545486632,853.6444712564471047,9.5455100374487394,10.7397401306994595,854.2610169943537812,7.2211573890535456,7.2202655546511902,0.2735608905111409,0.4110819173211034,773.7852074503427957,9.7235557726969901,9.7148918107213706,773.5116465598316609,8.9236753569914278,9.0619710062632475,-1.6291620175593069,767.5710564251771757,13.5401382137743376,18.3588253830800276,769.2002184427365137,8.6210947000892997,8.7349420266149771,3.9809712139210731,3.3120252560992403,-5.0687169812155917,771.6511524814305858,6.3675566854859618,6.8473733147976992,767.6701812675095198,9.0947256069027187,9.2470052811982697,-1.7155756470273353,794.7701526973377213,10.1521077939589244,12.0522498083313572,796.4857283443651568,6.5326057422626542,6.4754221253937594,0.6164054075436451,0.7611103532865664,905.5735330210238772,9.6077410448951550,11.0821240386393072,904.9571276134802247,8.3989127085488331,8.4943733947274183,-0.0000002031976884,-0.0000000812790754,739.6114007907008272,7.2190153508267549,7.2132606198589508,739.6114009938985419,7.2190141316406251,7.2132528856469360,540.9351285681320860,5.2928838948161676,5.3414153997600682,4.8021666232175031,532.8980702986340248,6.0882336147885914,6.0727687989516133,5.6228381656639126,575.5480159052870022,3.1068217989882929,3.4451149760582300,2.4098909961972748,552.2939556141498088,1.2778626588590296,1.3838280989333096,0.9780190262923201,1.5068677222780342,-8.0370582694981216,0.7953497199721679,0.8206715424463458,-1.8611606378243783,-6.1758976316737435,-0.3573595826262501,-0.3491544399530062,1.3063625608725593,34.6128873371549162,-2.1860620958278747,-2.3922756270202568,5.1881644086415033,29.4247229285134146,1.7571618661926600,1.7171475480954588,3.9376632977084749,11.3588270460177867,-4.0150212359571089,-3.8241475969251315,9.2258523502926195,2.1329746957251667,-0.0038159413956294,-0.0045003506377125,3.9152748422124617,7.3563980686587573,8.4122478290788330,1.2836292697071439,-2.5694913465282672,-1.8492611383340229,-1.9816167092354504,3.8531206162354108,8.3676444290985721,-0.1323555709014274,4.9164867954696723,0.3213921694585154,4.5673323555166663,6.6336343435651308,4.9119864448319595,-1.9816167092354504,-1.9816167092354504,732.9501427459608749,-0.1728748112622294,-0.9270753742578818,733.8354789499035178,-1.1194761101271080,2.0058773127704468,267.0629619255203124,-4.0753845623977822,-4.3808916269763127,-3.5479320645067332,261.9942449443046826,0.7064864915182496,0.7642445174868833,0.6711621669423371,5.0687169812155917,923.3700919891160765,382.4349634209840474,11.8325347255903566,12.1398432710237554,-2.0077897459663618,-0.2118947370032203,67.0108894781933770,2.1857238636530383,2.1690219129455102,2.1857238636530383,2.7557772389823390,1.1760811365226267,486.0899332130781545,-0.3941950139164874,-0.4324405097071917,419.0790437348847490,-2.5799188775695256,-2.6014624226527019,0.8192389888672551,418.2598047460174939,-3.0966981655865311,-3.1133714041089604,417.5374428639333360,1.1694313762141064,1.2663721142133113,350.5265533857399305,-1.0162924874389319,-0.9026497987321989,3.8246636674418255,346.7018897182981618,-3.2716611275482137,-3.3492556681878511,0.0000000000000000,0.0000000000000000,0.0000000000000000,0.0000000000000000,0.0000000000000000,0.0000000000000000,0.0000000000000000,0.0000000000000000,0.0000000000000000,0.0000000000000000,0.0000000000000000,0.0000000000000000,0.0000000000000000,0.0000000000000000,0.0000000000000000,0.0000000000000000,0.0000000000000000,0.0000000000000000,0.0000000000000000,0.0000000000000000,0.0000000000000000,0.0000000000000000,0.0000000000000000,0.0000000000000000,0.0000000000000000,0.0000000000000000,0.0000000000000000,0.0000000000000000,0.0000000000000000,0.0000000000000000,0.0000000000000000,0.0000000000000000,0.0000000000000000,0.0000000000000000,0.0000000000000000,0.0000000000000000,0.0000000000000000,0.0000000000000000,0.0000000000000000,-0.0593229363022232,0.0410922268070130,0.0387757254682183,0.3914116054121928,1.4442639670292370,0.1170659584318055,-0.3035612424881946,-0.2988246782422945,42.0000000000000000,,,,,,,,,,,,,,,,,,,,,,,,,,,,,,,,,,,,,,,,,,,,,,,,,,,,,,,,,,,,,,,,,,,,,,,,,,,,,,,,,,,,,,,,,,,,,,,,,,,,,,,,,,,,,,,,,,,,,,,,,,,,,,,,,,,,,,,,,,,,,,,,,,,,,,,,,,,,,,,,,,,,1.2465215289897742,1.3312632984731465,6465.5442245919675770,2308.3900526245311084,2767.3691484451187534,3037.2838958057891432,10770.4257564154468128,-6.8158585607395326,2512.1127511666163628,,,,,,,,,10236.3554268217667413,17.1254186204068901,6.2300498657514733,,,,13588.4113328380663006,628.9210078640189749,651.3966886897950417,,,192.3077752765059927,35.0402458430902755,227.3480211195962681,6.3428118193861849,1.1316515237507048,,,181.2727507171366597,,930.2591121348382330,928.7010531982994053,7.5214908066638939,448.0770218316610567,,176.6084583587983730,,,10.0844277545477183,11.7195179624775676,10.0159424178821297,11.3376623899925875,10.2119955918166738,10.2024472800630264,14.4996273181678959,20.1520999563662002,6.5746579152269788,7.0872496132161871,10.6853248331964039,12.8086120455791246,5.4354613466417021,4.9193387145735556,6.2773856764057427,5.7839247230966322,3.1555872154354745,2.4391635417586883,1.2860622128555832,0.9828172621672877,-0.1727254688312598,-0.9227912796603590,-3.9934574830272567,-4.2863166723355590,7.6337399274735560,1.2919031543173531,1524.6214480794910742,1.0736467177275448,1.1583884872109171,7.5191506527574559,7.4412034032135068,11.3104962811698417,15.8377909106466284,19.6283718285629298,15.6337436522373316,15.8117893874855824,0.5700533753293007,0.8458739791508572,0.5658257618753524,-590.8027743850570914
"2030Q4",10.0457100683854232,2.5000018551527141,20.4558337561355081,907.8033720304324561,741.4168070468457472,855.8520372466798563,770.5035276850095443,776.1325022014127626,773.2326046822226999,797.0666787903088562,542.2704824180721062,576.4092946493015006,552.6399126388831746,7.6498599094271755,8.3808799861887149,733.0349209636588057,927.5687988491137048,-0.2613157254004079,67.5573204441066366,2.7557772389823390,1.1753637750688151,485.9913844595990327,417.8298007079868057,0.9478414099903034,4.3857647245163207,25.3346175357446732,5.1669262887762573,10.0457100683854232,20.4558337561355081,25.7421181987986358,5.1760596130156964,20.4495500799932728,-0.0175055381255910,-0.0091333242394388,0.0062836761422381,0.0000000000000000,0.0000000000000000,-0.3899951249283690,907.0422616771458024,856.0664427012284250,775.7214202840915505,771.3380921671157466,769.9205794261234814,798.1276230351270442,4.9127397576170262,29.8695909166472120,2.1321161089111502,6.0727687989516133,3.4451149760582300,1.3838280989333096,5.3414153997600682,3.8182574151574378,262.1620354860402813,2.0052895814934022,-0.2457526985542695,10.4686277318210585,-0.3899951249283690,2.5000018551527141,0.7611103532865664,-0.2144054545486632,0.4110819173211034,-0.8345644821062298,3.3120252560992403,-1.0609442448182080,-0.0000000812790754,4.0139434233533233,907.8033720304324561,10.1345868293819841,0.3391128707916146,733.0349209636588057,534.4162624983719070,0.0000000000000000,0.0000000000000000,0.0000000000000000,0.0000000000000000,-0.4691806339822889,10.0457100683854232,10.4686277318210585,-0.0329225385072679,-0.3899951249283690,25.3346175357446732,25.7421181987986358,-0.0175055381255910,-0.3899951249283690,5.1669262887762573,-0.0091333242394388,5.1760596130156964,0.0000000000000000,20.4558337561355081,20.4495500799932728,0.0062836761422381,0.0000000000000000,2.5000018551527141,-0.2144054545486632,0.0410105632011800,855.8520372466798563,8.8302639609307843,9.9769518808436697,856.0664427012284250,7.2217028274989987,7.2208555848167615,0.4110819173211034,0.4826192524821641,776.1325022014127626,9.3891790042798373,9.7391559384158608,775.7214202840915505,8.8390948970399865,8.9704757638482153,-0.8345644821062298,770.5035276850095443,11.7298850393292895,15.2104518576285628,771.3380921671157466,8.5514948975169816,8.6596237074271105,3.3120252560992403,2.7001774808091921,-4.0139434233533233,773.2326046822226999,6.3258088031683828,6.5478180092600624,769.9205794261234814,9.0015926344557133,9.1462583250364862,-1.0609442448182080,797.0666787903088562,9.1861043718841611,10.8199189110552112,798.1276230351270442,6.5675787630476519,6.5132543270222021,0.7611103532865664,0.7962582515787104,907.8033720304324561,8.9193560376340315,10.1345868293819841,907.0422616771458024,8.3405362546623465,8.4312178919654706,-0.0000000812790754,-0.0000000325116302,741.4168070468457472,7.2216250245794731,7.2170186337948765,741.4168071281247876,7.2216245369050212,7.2170155401100704,542.2704824180721062,5.3414153997600682,5.2734052889127794,5.1103045974299040,534.4162624983719070,6.0727687989516133,5.9447798532341789,5.9145770167874092,576.4092946493015006,3.4451149760582300,3.6296466969626286,2.8506082461865607,552.6399126388831746,1.3838280989333096,1.4140392382148825,1.1648056523822539,1.4116769672999177,-7.8542199197001787,0.7313533991917724,0.8042724193574873,-1.5878386927508219,-6.2663812269493571,-0.3619343811024535,-0.3545497526971942,1.8536745675023156,34.1388122312294868,-1.8963004237017242,-2.2596963512433579,4.2692213145822739,29.8695909166472120,1.7794719525351912,1.7434590662477103,4.5094905856321539,10.3694302208111093,-3.9575873008267086,-3.9454989450476186,8.2373141118999591,2.1321161089111502,-0.0034343472560665,-0.0040503155739412,4.4565788296466833,7.6498599094271755,8.3690627916720111,1.7050800561929971,-2.1131773589644411,-1.3951036154776337,-1.5142236292889184,3.8182574151574378,8.3808799861887149,-0.1191200138112847,4.9127397576170262,0.2520186751429382,4.5581900049198323,6.6561988238647363,4.9086894420430847,-1.5142236292889184,-1.5142236292889184,733.0349209636588057,0.3391128707916146,-0.4385897067362511,733.9033356282330942,-0.2457526985542695,2.0052895814934022,266.1759789093936206,-3.5479320645067332,-4.1674428598706221,-2.9971276566857377,262.1620354860402813,0.6711621669423371,0.7260322916125391,0.6376040585952204,4.0139434233533233,927.5687988491137048,385.2983164310415987,11.4534120402302104,11.9414072134667748,-2.0090378445449204,-0.2613157254004079,67.5573204441066366,2.1857238636530383,2.1857238636530383,2.1446316368460252,2.7557772389823390,1.1753637750688151,485.9913844595990327,-0.3941950139164874,-0.3941950139164874,418.4340640154923676,-2.5799188775695256,-2.5799188775695256,0.9478414099903034,417.4862226055021210,-3.0943285620617189,-3.1027319459508362,417.8298007079868057,1.1694313762138790,1.1694313762139359,350.2724802638801975,-1.0162924874391592,-1.0162924874391024,4.3857647245163207,345.8867155393638768,-3.2606967157371400,-3.2997074178761068,0.0000000000000000,0.0000000000000000,0.0000000000000000,0.0000000000000000,0.0000000000000000,0.0000000000000000,0.0000000000000000,0.0000000000000000,0.0000000000000000,0.0000000000000000,0.0000000000000000,0.0000000000000000,0.0000000000000000,0.0000000000000000,0.0000000000000000,0.0000000000000000,0.0000000000000000,0.0000000000000000,0.0000000000000000,0.0000000000000000,0.0000000000000000,0.0000000000000000,0.0000000000000000,0.0000000000000000,0.0000000000000000,0.0000000000000000,0.0000000000000000,0.0000000000000000,0.0000000000000000,0.0000000000000000,0.0000000000000000,0.0000000000000000,0.0000000000000000,0.0000000000000000,0.0000000000000000,0.0000000000000000,0.0000000000000000,0.0000000000000000,0.0000000000000000,-0.0621346726173809,0.0410922268070130,0.0387757254682183,0.4399132368926053,1.5937602472837882,0.1168907521984510,-0.3073002130338409,-0.3162017009437474,43.0000000000000000,,,,,,,,,,,,,,,,,,,,,,,,,,,,,,,,,,,,,,,,,,,,,,,,,,,,,,,,,,,,,,,,,,,,,,,,,,,,,,,,,,,,,,,,,,,,,,,,,,,,,,,,,,,,,,,,,,,,,,,,,,,,,,,,,,,,,,,,,,,,,,,,,,,,,,,,,,,,,,,,,,,,1.2465215289896605,1.3312632984731181,6710.9785217637108872,2399.3676036324363849,2822.6487325846792373,3120.8483192977246290,11184.5290330828229344,-7.0072459482707199,2626.4438087374928728,,,,,,,,,10675.3005096889955894,16.7948274399905131,6.1716299452084549,,,,14541.8868881736816547,624.8551465052462390,717.3747355356379103,,,191.7106115871376915,34.9227021140877412,226.6333137012254326,6.3658990920674796,1.1798091211652419,,,170.4327924204062583,,931.8012956467063077,930.5741902837478392,7.4925483417937651,466.6026911036156548,,183.2431800296470499,,,9.3292253907332139,10.6659333954735729,9.2318650899858312,10.4916226317525911,9.8440877245587615,10.2291901869288466,12.4455423427637584,16.4281919161534518,6.5301745385401233,6.7669440611005598,9.6212485886628514,11.4269673668098335,5.4866431814305230,5.2431336508242481,6.2609513452368049,6.0929881395801715,3.5051464629242162,2.8916269159460910,1.3934473199157082,1.1716159299006250,0.3396885089911166,-0.4376293066669490,-3.4857307448062897,-4.0817988025346637,7.9500678057422789,1.7196995191673494,1525.9145430237874734,1.5856343997812750,1.6703761692647325,7.3181288315652484,7.9114432029496573,10.8564805411488940,15.0909859828424864,17.8026538382809036,14.9030327598823966,15.4619478032314497,0.6111456021363137,0.8459065812357713,0.5899045605826210,-580.5085193142285789