"Variables ->","obs_def_y","obs_grants_y","obs_grev_y","obs_l_y","obs_l_y_agr","obs_l_cons","obs_l_gdem","obs_l_inv","obs_l_exp","obs_l_imp","obs_l_cpi","obs_l_cpi_food","obs_l_cpi_ener","obs_i","obs_prem_d","obs_l_s","obs_l_md","obs_l_ystar_gap","obs_l_cpistar","obs_istar","obs_rstar_tnd","obs_l_foodstar","obs_l_enerstar","obs_l_rp_foodstar_gap","obs_l_rp_enerstar_gap","tune_gdem_y","tune_oexp_y","tune_def_y","tune_grev_y","tune_gdem_y_str","tune_oexp_y_str","tune_grev_y_str","tune_gdem_y_cyc","tune_oexp_y_cyc","tune_grev_y_cyc","tune_grev_y_discr","tune_oexp_y_discr","tune_gdem_y_discr","tune_l_y_tnd","tune_l_cons_tnd","tune_l_inv_tnd","tune_l_gdem_tnd","tune_l_exp_tnd","tune_l_imp_tnd","tune_d4l_cpi_tar","tune_l_rp_cpi_food_tnd","tune_l_rp_cpi_ener_tnd","tune_dl_cpi_core","tune_dl_cpi_food","tune_dl_cpi_ener","tune_dl_cpi","tune_r_tnd","tune_l_z_tnd","tune_prem","tune_dl_s_tar","tune_def_y_str","tune_def_y_discr","tune_grants_y","tune_l_y_gap","tune_l_cons_gap","tune_l_inv_gap","tune_l_gdem_gap","tune_l_exp_gap","tune_l_imp_gap","tune_l_y_agr_gap","tune_l_z_gap","tune_l_y","tune_d4l_y","tune_dl_s","tune_l_cpi_core","tune_shock_dl_cons_tnd","tune_shock_dl_cpi_ener","tune_shock_dl_cpi_core","fisc_imp","def_y","def_y_str","def_y_cyc","def_y_discr","gdem_y","gdem_y_str","gdem_y_cyc","gdem_y_discr","oexp_y","oexp_y_cyc","oexp_y_str","oexp_y_discr","grev_y","grev_y_str","grev_y_cyc","grev_y_discr","grants_y","l_cons_gap","e_l_cons_gap","l_cons","dl_cons","d4l_cons","l_cons_tnd","dl_cons_tnd","d4l_cons_tnd","l_inv_gap","e_l_inv_gap","l_inv","dl_inv","d4l_inv","l_inv_tnd","dl_inv_tnd","d4l_inv_tnd","l_gdem_gap","l_gdem","dl_gdem","d4l_gdem","l_gdem_tnd","dl_gdem_tnd","d4l_gdem_tnd","l_exp_gap","e_l_exp_gap","rmci_exp","l_exp","dl_exp","d4l_exp","l_exp_tnd","dl_exp_tnd","d4l_exp_tnd","l_imp_gap","l_imp","dl_imp","d4l_imp","l_imp_tnd","dl_imp_tnd","d4l_imp_tnd","l_y_gap","e_l_y_gap","l_y","dl_y","d4l_y","l_y_tnd","dl_y_tnd","d4l_y_tnd","l_y_agr_gap","e_l_y_agr_gap","l_y_agr","dl_y_agr","d4l_y_agr","l_y_agr_tnd","dl_y_agr_tnd","d4l_y_agr_tnd","l_cpi","dl_cpi","e_dl_cpi","d4l_cpi","l_cpi_core","dl_cpi_core","e_dl_cpi_core","d4l_cpi_core","l_cpi_food","dl_cpi_food","e_dl_cpi_food","d4l_cpi_food","l_cpi_ener","dl_cpi_ener","e_dl_cpi_ener","d4l_cpi_ener","rmc","l_rp_cpi_core","dl_rp_cpi_core","d4l_rp_cpi_core","l_rp_cpi_core_gap","l_rp_cpi_core_tnd","dl_rp_cpi_core_tnd","d4l_rp_cpi_core_tnd","dl_cpi_core_direct","l_rp_cpi_food","dl_rp_cpi_food","d4l_rp_cpi_food","l_rp_cpi_food_gap","l_rp_cpi_food_tnd","dl_rp_cpi_food_tnd","d4l_rp_cpi_food_tnd","dl_cpi_food_direct","l_rp_cpi_ener","dl_rp_cpi_ener","d4l_rp_cpi_ener","l_rp_cpi_ener_gap","l_rp_cpi_ener_tnd","dl_rp_cpi_ener_tnd","d4l_rp_cpi_ener_tnd","dl_cpi_ener_direct","i","i_tnd","r","r_gap","e4_r_gap","r4_gap","r_tnd","prem_d","prem_d_gap","d4l_cpi_tar","d4l_cpi_dev","d4l_cpi_core_tar","d4l_cpi_food_tar","d4l_cpi_ener_tar","rmci_cons","rmci_inv","l_s","dl_s","d4l_s","e_l_s","dl_s_tar","prem","l_z","dl_z","d4l_z","e_dl_z","l_z_tnd","dl_z_tnd","d4l_z_tnd","e_dl_z_tnd","l_z_gap","l_md","l_rmd","dl_rmd","d4l_rmd","dl_v","l_ystar_gap","l_cpistar","dl_cpistar","d4l_cpistar","e_dl_cpistar","istar","rstar_tnd","l_foodstar","dl_foodstar","d4l_foodstar","l_rp_foodstar","dl_rp_foodstar","d4l_rp_foodstar","l_rp_foodstar_gap","l_rp_foodstar_tnd","dl_rp_foodstar_tnd","d4l_rp_foodstar_tnd","l_enerstar","dl_enerstar","d4l_enerstar","l_rp_enerstar","dl_rp_enerstar","d4l_rp_enerstar","l_rp_enerstar_gap","l_rp_enerstar_tnd","dl_rp_enerstar_tnd","d4l_rp_enerstar_tnd","aux_shock_dl_cons_tnd","aux_shock_dl_cpi_ener","aux_shock_dl_cpi_core","shock_grants_y","shock_gdem_y_str","shock_gdem_y_cyc","shock_gdem_y_discr","shock_oexp_y_str","shock_oexp_y_cyc","shock_oexp_y_discr","shock_grev_y_str","shock_grev_y_cyc","shock_grev_y_discr","shock_l_cons_gap","shock_l_inv_gap","shock_l_exp_gap","shock_l_imp_gap","shock_l_y_gap","shock_l_y_agr_gap","shock_dl_cpi_core","shock_dl_cpi_food","shock_dl_cpi_ener","shock_i","shock_prem_d_gap","shock_l_s","shock_dl_s_tar","shock_dl_rmd","shock_dl_v","shock_dl_cons_tnd","shock_dl_inv_tnd","shock_dl_exp_tnd","shock_dl_imp_tnd","shock_d4l_cpi_tar","shock_dl_rp_cpi_food_tnd","shock_dl_rp_cpi_ener_tnd","shock_dl_z_tnd","shock_prem","shock_dl_y_agr_tnd","shock_l_ystar_gap","shock_dl_cpistar","shock_istar","shock_l_rp_foodstar_gap","shock_l_rp_enerstar_gap","shock_rstar_tnd","shock_dl_rp_foodstar_tnd","shock_dl_rp_enerstar_tnd","ttrend","ss_grev_y_str","ss_oexp_y_str","ss_gdem_y_str","ss_bor_str","ss_debt_fcy_rat","ss_grants_y","ss_prem_debt_fcy","ss_prem_debt_lcy","ss_dl_y_tnd","ss_dl_y_agr_tnd","ss_d4l_cpi_tar","ss_dl_rp_cpi_food_tnd","ss_dl_rp_cpi_ener_tnd","ss_dl_z_tnd","ss_prem","ss_prem_d","ss_dl_v","d7","v1","v2","v3","v4","u1","u2","u3","t1","t2","t3","t4","s1","a1_cons","a2_cons","a3_cons","a4_cons","a5_cons","a6_cons","a1_inv","a2_inv","a3_inv","a4_inv","a5_inv","a6_inv","a1_exp","a2_exp","a3_exp","a5_exp","a6_exp","a1_imp","r1_y_agr","b1","b2","b3","b4","bf1","bf2","bf3","bf4","be1","be2","be3","c1","c2","c3","c4","c5","c6","e1","e2","e3","e4","e5","e6","m1","m2","m3","w_imp_cons","w_imp_inv","w_imp_gdem","w_imp_exp","w_y_cons","w_y_inv","w_y_gdem","w_y_exp","w_y_imp","w_core","w_food","w_ener","r_cons","r_inv","r_gdem","r_exp","r_imp","r2_y_agr","r_z","r_rp_food","r_rp_ener","ss_dl_cpistar","ss_rstar_tnd","ss_dl_rp_foodstar_tnd","ss_dl_rp_enerstar_tnd","r_ystar","r_cpistar","r_istar","r_rstar_tnd","r_rp_foodstar_gap","r_rp_enerstar_gap","r_rp_foodstar_tnd","r_rp_enerstar_tnd","mu_pimp","mu_pexp","r_debt_fcy_rat","r_debt_fcy_intrate_pers","r_debt_lcy_intrate_pers","gamma_r","gamma_k","gamma_BP_tnd","lam_imp_cons","lam_imp_inv","lam_imp_gdem","lam_imp_exp","std_shock_grants_y","std_shock_gdem_y_str","std_shock_gdem_y_cyc","std_shock_gdem_y_discr","std_shock_oexp_y_str","std_shock_oexp_y_cyc","std_shock_oexp_y_discr","std_shock_grev_y_str","std_shock_grev_y_cyc","std_shock_grev_y_discr","std_shock_l_cons_gap","std_shock_l_inv_gap","std_shock_l_exp_gap","std_shock_l_imp_gap","std_shock_l_y_gap","std_shock_l_y_agr_gap","std_shock_dl_cpi_core","std_shock_dl_cpi_food","std_shock_dl_cpi_ener","std_shock_i","std_shock_prem_d_gap","std_shock_l_s","std_shock_dl_s_tar","std_shock_dl_rmd","std_shock_dl_v","std_shock_dl_cons_tnd","std_shock_dl_inv_tnd","std_shock_dl_exp_tnd","std_shock_dl_imp_tnd","std_shock_d4l_cpi_tar","std_shock_dl_rp_cpi_food_tnd","std_shock_dl_rp_cpi_ener_tnd","std_shock_dl_z_tnd","std_shock_prem","std_shock_dl_y_agr_tnd","std_shock_l_ystar_gap","std_shock_dl_cpistar","std_shock_istar","std_shock_l_rp_foodstar_gap","std_shock_l_rp_enerstar_gap","std_shock_rstar_tnd","std_shock_dl_rp_foodstar_tnd","std_shock_dl_rp_enerstar_tnd","dl_pexpstar","dl_pimpstar","ncons","ninv","nexp","nimp","ny","tb_rat","ngdem","nginv","ngrev","ngrev_ny","ngexp","ngexp_ny","ndef_lcy","ndef_fcy","NFG","md","dl_md","dl_py","l_rm","nfa_nbr","ncg_nbr","NFA","dNFA_usd","NCG","intp_lcy_y","intp_fcy_y","debt_fcy_y","debt_lcy_y","debt_y","def_fcy_y","def_lcy_y","i_debt_fcy","i_debt_lcy","dBP_usd","dBPG_eurobond","l_BP","l_BP_tnd","dl_BP_tnd","dBG_usd","dBG_bop_usd","NFG_usd","dBnbf","dBbf","pct_y","pct4_y","pct_cons","pct4_cons","pct_inv","pct4_inv","pct_gdem","pct4_gdem","pct_exp","pct4_exp","pct_imp","pct4_imp","pct_cpi","pct4_cpi","pct_cpi_core","pct4_cpi_core","pct_cpi_food","pct4_cpi_food","pct_cpi_ener","pct4_cpi_ener","pct_s","pct4_s","pct_z","pct4_z","pct_i","pct_r","s","dl_pexp","dl_pimp","dl_pdom","dl_nexp","dl_nimp","dl_ny","dl_ngdem","dl_ncons","dl_ninv","rstar","debt_fcy_rat","def_lcy_bank_y","dNCP"
"Comments ->","obs_def_y","obs_grants_y","obs_grev_y","obs_l_y","obs_l_y_agr","obs_l_cons","obs_l_gdem","obs_l_inv","obs_l_exp","obs_l_imp","obs_l_cpi","obs_l_cpi_food","obs_l_cpi_ener","obs_i","obs_prem_d","obs_l_s","obs_l_md","obs_l_ystar_gap","obs_l_cpistar","obs_istar","obs_rstar_tnd","obs_l_foodstar","obs_l_enerstar","obs_l_rp_foodstar_gap","obs_l_rp_enerstar_gap","tune_gdem_y","tune_oexp_y","tune_def_y","tune_grev_y","tune_gdem_y_str","tune_oexp_y_str","tune_grev_y_str","tune_gdem_y_cyc","tune_oexp_y_cyc","tune_grev_y_cyc","tune_grev_y_discr","tune_oexp_y_discr","tune_gdem_y_discr","tune_l_y_tnd","tune_l_cons_tnd","tune_l_inv_tnd","tune_l_gdem_tnd","tune_l_exp_tnd","tune_l_imp_tnd","tune_d4l_cpi_tar","tune_l_rp_cpi_food_tnd","tune_l_rp_cpi_ener_tnd","tune_dl_cpi_core","tune_dl_cpi_food","tune_dl_cpi_ener","tune_dl_cpi","tune_r_tnd","tune_l_z_tnd","tune_prem","tune_dl_s_tar","tune_def_y_str","tune_def_y_discr","tune_grants_y","tune_l_y_gap","tune_l_cons_gap","tune_l_inv_gap","tune_l_gdem_gap","tune_l_exp_gap","tune_l_imp_gap","tune_l_y_agr_gap","tune_l_z_gap","tune_l_y","tune_d4l_y","tune_dl_s","tune_l_cpi_core","tune_shock_dl_cons_tnd","tune_shock_dl_cpi_ener","tune_shock_dl_cpi_core","Fiscal impulse, % of GDP","Budget deficit, % of GDP","Struct. deficit, % of GDP","Cyc. deficit, % of GDP","Discr. deficit, % of GDP","Govt. demand (G&S), % GDP","Struct. govt. demand (G&S), % GDP","Cyc. govt. demand (G&S), % GDP","Discr. govt. demand (G&S), % GDP","Other govt. exp., % to GDP","Cyc. other govt. exp., % to GDP","Struct. other govt. exp., % to GDP","Discr. other govt. exp., % to GDP","Govt. rev., % of GDP","Struct. govt. rev., % of GDP","Cyc. govt. rev., % of GDP","Discr. govt. rev., % of GDP","Fiscal grants, % of GDP","Consumption gap, %","Exptd. cons. gap, %","Consumption, 100*log","Consumption, ann. QQ %","Consumption, YY %","Consumption tnd., 100*log","Consumption tnd., ann. QQ %","Consumption tnd., YY %","Investment gap, %","Exptd. investment gap, %","Investment, 100*log","Investment, ann. QQ %","Investment, YY %","Investment tnd., 100*log","Investment tnd., ann. QQ %","Investment tnd., YY %","Gov. demand gap, %","Gov. demand, 100*log","Gov. demand, ann. QQ %","Gov. demand, YY %","Gov. demand, tnd., 100*log","Gov. demand, tnd., ann. QQ %","Gov. demand, tnd., YY %","Export gap, %","Exptd. export gap, %","Export RMCI, %","Export, 100*log","Export, ann. QQ %","Export, YY %","Export tnd., 100*log","Export tnd., ann. QQ %","Export tnd., YY %","Import gap, %","Import, 100*log","Import, ann. QQ %","Import, YY %","Import tnd., 100*log","Import tnd., ann. QQ %","Import tnd., YY %","Output gap, %","Exptd. output gap, %","GDP, 100*log","GDP, ann. QQ %","GDP, YY %","GDP tnd., 100*log","GDP tnd., ann. QQ %","GDP tnd., YY %","Agric. output gap, %","Exptd. agric. output gap, %","Agric. GDP, 100*log","Agric. GDP, ann.QQ %","Agric. GDP, YY %","Agric. GDP tnd., 100*log","Agric. GDP tnd., ann.QQ %","Agric. GDP tnd., YY %","Headline CPI, 100*log","Headline CPI, ann. QQ %","Exptd. Headline CPI, ann. QQ %","Headline CPI, YY %","Core CPI, 100*log","Core CPI, ann. QQ %","Exptd. Core CPI, ann. QQ %","Core CPI, YY %","Food CPI, 100*log","Food CPI, ann. QQ %","Exptd. Food CPI, ann. QQ %","Food CPI, YY %","Energy CPI, 100*log","Energy CPI, ann. QQ %","Exptd. energy CPI, ann. QQ %","Energy CPI, YY %","RMC, %","Core rel. price, 100*log","Core rel. price, ann. QQ %","Core rel. price, YY %","Core rel. price gap, %","Core rel. price tnd., 100*log","Core rel. price tnd., ann. QQ %","Core rel. price tnd., YY %","Dir. ext. eff. in core, ann. QQ %","Food rel. price, 100*log","Food rel. price, ann QQ. %","Food rel. price, YY %","Food rel. price gap, %","Food rel. price tnd., 100*log","Food rel. price tnd., ann. QQ %","Food rel. price tnd., YY %","Dir. ext. eff. in food, ann. QQ %","Energy rel. price, 100*log","Energy rel. price, ann. QQ %","Energy rel. price, YY %","Energy rel. price gap, %","Energy rel. price tnd., 100*log","Energy rel. price tnd., ann. QQ %","Energy rel. price tnd., YY %","Dir. ext. eff. in energy, ann. QQ %","Policy rate (IB rate used), %","Policy rate tnd (IB rate used), %","Real interest (policy) rate, %","RIR (policy) gap, %","Exptd. RIR (policy) gap, %","Exptd. RIR (lending) gap, 4-Q ahead av., %","RIR (policy) trend, %","Lending premium, %","Lending premium gap, %","Inflation target, YY %","Headline CPI dev, 4-Q ahead YY %","Impl. core infl. target, YY %","Impl. food infl. target, YY %","Impl. ener. infl. target, YY %","RMCI cons., %","RMCI invest., %","Exchng. rate, 100*log","Exchng. rate, ann. QQ %","Exchng. rate, YY %","Exptd. exchng. rate, 100*log","Exchng rate target, ann. QQ %","Risk premium, %","Real exchng. rate, 100*log","Real exchng. rate, ann. QQ %","Real exchng. rate, YY %","Exptd. RER, ann. QQ %","Real exchng. rate trend, 100*log","Real exchng. rate trend, ann. QQ %","Real exchng. rate trend, YY %","Exp. RER trend., ann. QQ %","Real exchng. rate gap, %","Money, 100*log","Real money, 100*log","Real money, ann. QQ %","Real money, YY %","Change of velocity, ann. QQ %","Foreign output gap, %","Foreign CPI, 100*log","Foreign CPI, ann. QQ %","Foreign CPI, YY %","Exptd. foreign CPI, 100*log","Foreign interest rate, %","Foreign real interest rate trend, %","Foreign food price, 100*log","Foreign food price, ann. QQ %","Foreign food price, YY %","Foreign rel. food price, 100*log","Foreign rel. food price, ann. QQ %","Foreign rel. food price, YY %","Foreign rel. food price gap, %","Foreign rel. food price tnd., 100*log","Foreign rel. food price tnd., ann. QQ %","Foreign rel. food price tnd., YY %","Foreign ener. price, 100*log","Foreign ener. price, ann. QQ %","Foreign ener. price, YY %","Foreign rel. ener. price, 100*log","Foreign rel. ener. price, ann. QQ %","Foreign rel. ener. price, YY %","Foreign rel. ener. price gap, %","Foreign rel. ener. price tnd., 100*log","Foreign rel. ener. price tnd., ann. QQ %","Foreign rel. ener. price tnd., YY %","aux_shock_dl_cons_tnd","aux_shock_dl_cpi_ener","aux_shock_dl_cpi_core","Fiscal grants, % of GDP","Gdem. cyc. shock, % of GDP","Gdem. str. shock, % of GDP","Gdem. discr. shock, % of GDP","Gov exp. cyc. shock, % of GDP","Gov exp. str. shock, % of GDP","Gov exp. discr. shock, % of GDP","Gov rev. str. shock, % of GDP","Gov rev. cyc. shock, % of GDP","Gov rev. discr. shock, % of GDP","Cons. gap shock, %","Inv. gap shock, %","Export gap shock, %","Import gap shock, %","Output gap shock, %","Agric. output gap shock, %","Core infl. shock, ann. QQ %","Food infl. shock, ann. QQ %","Energy infl. shock, ann. QQ %","Policy rate shock, %","Lending premium shock, %","Exchng. rate shock, 100*log","Exchng. rate target shock, ann. QQ %","Real money dem. shock, ann. QQ %","Chng. of vel. shock, ann. QQ %","Cons. tnd. shock, ann. QQ %","Inv. tnd. shock, ann. QQ %","Export shock, ann. QQ %","Import tnd. shock, ann. QQ %","CPI target shocck, YY %","Food rel. price. tnd. shock, ann. QQ %","Energy rel. price. tnd. shock, ann. QQ %","RER tnd. shock, ann. QQ %","Premium shock, %","Agric. output tnd. shock, %","Foreign output gap shock, %","Foreign CPI shock, ann. QQ %","Foreign intr. rate shock, %","Foreign rel. food price gap shock, %","Foreign rel. ener. price gap shock, %","Foreign rel intr. rate rtnd. shock, %","Foreign rel. food price tnd. shock, ann. QQ %","Foreign rel. ener. price tnd. shock, ann. QQ %","Time trend","","","","","","","","","","","","","","","","","","","","","","","","","","","","","","","","","","","","","","","","","","","","","","","","","","","","","","","","","","","","","","","","","","","","","","","","","","","","","","","","","","","","","","","","","","","","","","","","","","","","","","","","","","","","","","","","","","","","","","","","","","","","","","","","","","","","","","","","","","","","","","","","","","","","","","","","","","","","","","","","","","","","","","","","","","","","","","","","","","","","","","","","","","","","","","","","","","","","","","","","","","","","","","","","","","","","","","","","","","","","","","","","","","","","","","","","","","","","","","","","","","","","","","","",""
"1995Q1",,,,,,,,,,,,,,,,,,,,,,,,,,,,,,,,,,,,,,,,,,,,,,,,,,,,,,,,,,,,,,,,,,,,,,,,,,,,,,,,,,,,,,,,,,,,,,,,,,,,,,,,,,,,,,,,,,,,,,,,,,,,,,,,,,,,,,,,,,,,,,,,,,,,,,,,,,,,,,,,,,,,,,,,,,,,,,,,,,,,,,,,,,,,,,,,,,,,,,,,,,,,,,,,,,,,,,,,,,,,,,,,,,,,,,,,,,,,,,,,,,,,,,,,,,,,,,,,,,,,,,,,,,,,,,,,,,,,,,,,,,,,,,,,,,,,,,,,,,24.0000000000000000,5.5000000000000000,26.0000000000000000,5.0000000000000000,0.8461538461538461,2.5000000000000000,,,7.2320661579626080,7.2320661579626080,4.8790164169432053,1.9802627296179729,0.0000000000000000,0.0000000000000000,2.0000000000000000,8.5000000000000000,-2.0202707317519466,0.5000000000000000,0.0120000000000000,0.0060000000000000,0.0200000000000000,0.9700000000000000,0.0000000000000000,0.0120000000000000,0.9500000000000000,0.0000000000000000,0.0230000000000000,0.9500000000000000,0.7000000000000000,1.0000000000000000,0.6500000000000000,0.0000000000000000,0.1000000000000000,0.2000000000000000,0.2500000000000000,1.0000000000000000,0.6500000000000000,0.0000000000000000,0.1000000000000000,0.2000000000000000,0.1500000000000000,1.0000000000000000,0.6500000000000000,0.0000000000000000,0.2000000000000000,0.3000000000000000,0.0000000000000000,0.3000000000000000,0.4000000000000000,0.3500000000000000,0.2000000000000000,0.0500000000000000,0.8000000000000000,0.3500000000000000,0.1000000000000000,0.1000000000000000,1.5000000000000000,0.2500000000000000,0.0400000000000000,0.0200000000000000,0.8000000000000000,1.2000000000000000,0.2000000000000000,0.0000000000000000,0.9000000000000000,0.9000000000000000,0.5000000000000000,0.5000000000000000,0.9000000000000000,0.0000000000000000,0.3000000000000000,0.8500000000000000,0.7000000000000000,0.5000000000000000,0.9000000000000000,0.4457142857142858,0.1560000000000001,0.2760000000000000,0.1222857142857140,0.7800000000000000,0.1300000000000001,0.2300000000000000,0.2100000000000000,0.3500000000000000,0.7747000000000001,0.1577000000000000,0.0676000000000000,0.9500000000000000,0.9500000000000000,0.9500000000000000,0.9500000000000000,0.9500000000000000,0.8000000000000000,0.9500000000000000,0.9000000000000000,0.9000000000000000,1.9802627296179729,0.0000000000000000,0.0000000000000000,0.0000000000000000,0.9399999999999999,0.8000000000000000,0.9500000000000000,0.9000000000000000,0.6200000000000000,0.7300000000000000,0.9000000000000000,0.9000000000000000,0.3500000000000000,0.2000000000000000,0.9000000000000000,0.9000000000000000,0.9000000000000000,0.5000000000000000,0.5000000000000000,0.9000000000000000,0.2000000000000000,0.4200000000000000,0.4200000000000000,0.2038095238095233,2.5000000000000000,0.0750000000000000,0.0000000000000000,1.7321000000000000,0.1732000000000000,0.0000000000000000,1.7321000000000000,0.1000000000000000,0.0000000000000000,1.7321000000000000,2.5000000000000000,6.0000000000000000,6.0000000000000000,0.5000000000000000,1.0000000000000000,0.3000000000000000,2.0000000000000000,9.0000000000000000,7.0999999999999996,1.0000000000000000,0.8000000000000000,0.3500000000000000,0.3000000000000000,1.0000000000000000,0.1000000000000000,0.2500000000000000,0.5000000000000000,0.7500000000000000,0.2500000000000000,0.1000000000000000,0.5000000000000000,0.1500000000000000,0.1000000000000000,0.1000000000000000,0.0600000000000000,0.4500000000000000,3.7999999999999998,0.4500000000000000,5.2999999999999998,13.9000000000000004,0.5000000000000000,0.5000000000000000,2.5000000000000000,,,,,,,,,,0.0000000000000000,0.0000000000000000,,0.0000000000000000,,0.0000000000000000,0.0000000000000000,0.0000000000000000,38.0953515456007992,,,,,,2.0526368029090301,,25.9609284459552008,,,,,,,,,,,,,,,0.0000000000000000,,0.0000000000000000,0.0000000000000000,0.0000000000000000,,,,,,,,,,,,,,,,,,,,,,,,,,,,,,,,,,,,,,,,
"1995Q2",,,,,,,,,,,,,,,,,,,,,,,,,,,,,,,,,,,,,,,,,,,,,,,,,,,,,,,,,,,,,,,,,,,,,,,,,,,,,,,,,,,,,,,,,,,,,,,,,,,,,,,,,,,,,,,,,,,,,,,,,,,,,,,,,,,,,,,,,,,,,,,,,,,,,,,,,,,,,,,,,,,,,,,,,,,,,,,,,,,,,,,,,,,,,,,,,,,,,,,,,,,,,,,,,,,,,,,,,,,,,,,,,,,,,,,,,,,,,,,,,,,,,,,,,,,,,,,,,,,,,,,,,,,,,,,,,,,,,,,,,,,,,,,,,,,,,,,,,,,,,,,,,,,,,,,,,,,,,,,,,,,,,,,,,,,,,,,,,,,,,,,,,,,,,,,,,,,,,,,,,,,,,,,,,,,,,,,,,,,,,,,,,,,,,,,,,,,,,,,,,,,,,,,,,,,,,,,,,,,,,,,,,,,,,,,,,,,,,,,,,,,,,,,,,,,,,,,,,,,,,,,,,,,,,,0.0000000000000000,0.0000000000000000,,0.0000000000000000,,0.0000000000000000,0.0000000000000000,0.0000000000000000,45.8781584064512984,74.3587536359011665,,,,,4.4469895446857901,2.9008384624200509,23.8880678899168011,,,,,,,,,,,,,,,0.0000000000000000,,0.0000000000000000,0.0000000000000000,0.0000000000000000,,,,,,,,,,,,,,,,,,,,,,,,,,,,,,,,,,,,,,,,
"1995Q3",,,,,,,,,,,,,,,,,,,,,,,,,,,,,,,,,,,,,,,,,,,,,,,,,,,,,,,,,,,,,,,,,,,,,,,,,,,,,,,,,,,,,,,,,,,,,,,,,,,,,,,,,,,,,,,,,,,,,,,,,,,,,,,,,,,,,,,,,,,,,,,,,,,,,,,,,,,,,,,,,,,,,,,,,,,,,,,,,,,,,,,,,,,,,,,,,,,,,,,,,,,,,,,,,,,,,,,,,,,,,,,,,,,,,,,,,,,,,,,,,,,,,,,,,,,,,,,,,,,,,,,,,,,,,,,,,,,,,,,,,,,,,,,,,,,,,,,,,,,,,,,,,,,,,,,,,,,,,,,,,,,,,,,,,,,,,,,,,,,,,,,,,,,,,,,,,,,,,,,,,,,,,,,,,,,,,,,,,,,,,,,,,,,,,,,,,,,,,,,,,,,,,,,,,,,,,,,,,,,,,,,,,,,,,,,,,,,,,,,,,,,,,,,,,,,,,,,,,,,,,6.2928056510248513,6.6900484193630394,,,,,,,,0.0000000000000000,0.0000000000000000,,0.0000000000000000,,0.0000000000000000,0.0000000000000000,0.0000000000000000,55.5425975830412995,76.4644393093501549,,,,,13.7458873873385006,26.7150428485987135,20.9448375921317016,,,,,,,,,,,,,,,0.0000000000000000,,0.0000000000000000,0.0000000000000000,0.0000000000000000,,,,,,,,,,,,,,,,,,,,,,,,,,,,,,,,,,,,,,,,
"1995Q4",,,,,,,,,,,,,,,,,,,,,,,,,,,,,,,,,,,,,,,,,,,,,,,,,,,,,,,,,,,,,,,,,,,,,,,,,,,,,,,,,,,,,,,,,,,,,,,,,,,,,,,,,,,,,,,,,,,,,,,,,,,,,,,,,,,,,,,,,,,,,,,,,,,,,,,,,,,,,,,,,,,,,,,,,,,,,,,,,,,,,,,,,,,,,,,,,,,,,,,,,,,,,,,,,,,,,,,,,,,,,,,,,,,,,,,,,,,,,,,,,,,,,,,,,,,,,,,,,,,,,,,,,,,,,,,,,,,,,,,,,,,,,,,,,,,,,,,,,,,,,,,,,,,,,,,,,,,,,,,,,,,,,,,,,,,,,,,,,,,,,,,,,,,,,,,,,,,,,,,,,,,,,,,,,,,,,,,,,,,,,,,,,,,,,,,,,,,,,,,,,,,,,,,,,,,,,,,,,,,,,,,,,,,,,,,,,,,,,,,,,,,,,,,,,,,,,,,,,,,,,4.0353190603823172,4.1798484714041866,,,,,,,,0.0000000000000000,0.0000000000000000,,0.0000000000000000,,0.0000000000000000,0.0000000000000000,0.0000000000000000,60.8200520319782996,36.3077149525331606,,,,,23.5084650630345990,38.6096836230170695,15.6271494469123002,,,,,,,,,,,,,,,0.0000000000000000,,0.0000000000000000,0.0000000000000000,0.0000000000000000,,,,,,,,,,,,,,,,,,,,,,,,,,,,,,,,,,,,,,,,
"1996Q1",,,,,,,,,,,,,,,,,,,,,,,,,,,,,,,,,,,,,,,,,,,,,,,,,,,,,,,,,,,,,,,,,,,,,,,,,,,,,,,,,,,,,,,,,,,,,,,,,,,,,,,,,,,,,,,,,,,,,,,,,,,,,,,,,,,,,,,,,,,,,,,,,,,,,,,,,,,,,,,,,,,,,,,,,,,,,,,,,,,,,,,,,,,,,,,,,,,,,,,,,,,,,,,,,,,,,,,,,,,,,,,,,,,,,,,,,,,,,,,,,,,,,,,,,,,,,,,,,,,,,,,,,,,,,,,,,,,,,,,,,,,,,,,,,,,,,,,,,,,,,,,,,,,,,,,,,,,,,,,,,,,,,,,,,,,,,,,,,,,,,,,,,,,,,,,,,,,,,,,,,,,,,,,,,,,,,,,,,,,,,,,,,,,,,,,,,,,,,,,,,,,,,,,,,,,,,,,,,,,,,,,,,,,,,,,,,,,,,,,,,,,,,,,,,,,,,,,,,,,,,-0.0600250132449816,-1.1010912799704613,,,,,,,,0.0000000000000000,0.0000000000000000,,0.0000000000000000,,0.0000000000000000,0.0000000000000000,0.0000000000000000,61.0019151710932022,1.1942888685346134,,,,,31.4070833366054991,26.9363312887715267,13.0167324256078007,,,,,,,,,,,,,,,0.0000000000000000,,0.0000000000000000,0.0000000000000000,0.0000000000000000,,,,,,,,,,,,,,,,,,,,,,,,,,,,,,,,,,,,,,,,
"1996Q2",,,,,,,,,,,,,,,,,,,,,,,,,,,,,,,,,,,,,,,,,,,,,,,,,,,,,,,,,,,,,,,,,,,,,,,,,,,,,,,,,,,,,,,,,,,,,,,,,,,,,,,,,,,,,,,,,,,,,,,,,,,,,,,,,,,,,,,,,,,,,,,,,,,,,,,,,,,,,,,,,,,,,,,,,,,,,,,,,,,,,,,,,,,,,,,,,,,,,,,,,,,,,,,,,,,,,,,,,,,,,,,,,,,,,,,,,,,,,,,,,,,,,,,,,,,,,,,,,,,,,,,,,,,,,,,,,,,,,,,,,,,,,,,,,,,,,,,,,,,,,,,,,,,,,,,,,,,,,,,,,,,,,,,,,,,,,,,,,,,,,,,,,,,,,,,,,,,,,,,,,,,,,,,,,,,,,,,,,,,,,,,,,,,,,,,,,,,,,,,,,,,,,,,,,,,,,,,,,,,,,,,,,,,,,,,,,,,,,,,,,,,,,,,,,,,,,,,,,,,,,-1.1458466006631056,-1.6920868770537503,,,,,,,,0.0000000000000000,0.0000000000000000,,0.0000000000000000,,0.0000000000000000,0.0000000000000000,0.0000000000000000,62.3084719653950003,8.4768572894518002,,,,,35.6420096096167001,2.1922566055780948,12.0896543802977003,,,,,,,,,,,,,,,0.0000000000000000,,0.0000000000000000,0.0000000000000000,0.0000000000000000,,,,,,,,,,,,,,,,,,,,,,,,,,,,,,,,,,,,,,,,
"1996Q3",,,,,,,,,,,,,,,,,,,,,,,,,,,,,,,,,,,,,,,,,,,,,,,,,,,,,,,,,,,,,,,,,,,,,,,,,,,,,,,,,,,,,,,,,,,,,,,,,,,,,,,,,,,,,,,,,,,,,,,,,,,,,,,,,,,,,,,,,,,,,,,,,,,,,,,,,,,,,,,,,,,,,,,,,,,,,,,,,,,,,,,,,,,,,,,,,,,,,,,,,,,,,,,,,,,,,,,,,,,,,,,,,,,,,,,,,,,,,,,,,,,,,,,,,,,,,,,,,,,,,,,,,,,,,,,,,,,,,,,,,,,,,,,,,,,,,,,,,,,,,,,,,,,,,,,,,,,,,,,,,,,,,,,,,,,,,,,,,,,,,,,,,,,,,,,,,,,,,,,,,,,,,,,,,,,,,,,,,,,,,,,,,,,,,,,,,,,,,,,,,,,,,,,,,,,,,,,,,,,,,,,,,,,,,,,,,,,,,,,,,,,,,,,,,,,,,,,,,,,,,-2.2316681880812723,-2.2830824741369753,,,,,,,,0.0000000000000000,0.0000000000000000,,0.0000000000000000,,0.0000000000000000,0.0000000000000000,0.0000000000000000,64.3366749607016999,12.8129752522502258,,,,,37.3244587687008007,7.9535805626038467,11.3979466385113994,,,,,,,,,,,,,,,0.0000000000000000,,0.0000000000000000,0.0000000000000000,0.0000000000000000,,,,,,,,,,,,,,,,,,,,,,,,,,,,,,,,,,,,,,,,
"1996Q4",,,,,,,,,,,,,,,,,,,,,,,,,,,,,,,,,,,,,,,,,,,,,,,,,,,,,,,,,,,,,,,,,,,,,,,,,,,,,,,,,,,,,,,,,,,,,,,,,,,,,,,,,,,,,,,,,,,,,,,,,,,,,,,,,,,,,,,,,,,,,,,,,,,,,,,,,,,,,,,,,,,,,,,,,,,,,,,,,,,,,,,,,,,,,,,,,,,,,,,,,,,,,,,,,,,,,,,,,,,,,,,,,,,,,,,,,,,,,,,,,,,,,,,,,,,,,,,,,,,,,,,,,,,,,,,,,,,,,,,,,,,,,,,,,,,,,,,,,,,,,,,,,,,,,,,,,,,,,,,,,,,,,,,,,,,,,,,,,,,,,,,,,,,,,,,,,,,,,,,,,,,,,,,,,,,,,,,,,,,,,,,,,,,,,,,,,,,,,,,,,,,,,,,,,,,,,,,,,,,,,,,,,,,,,,,,,,,,,,,,,,,,,,,,,,,,,,,,,,,,,-3.3174897754994213,-2.8740780712200973,,,,,,,,0.0000000000000000,0.0000000000000000,,0.0000000000000000,,0.0000000000000000,0.0000000000000000,0.0000000000000000,66.3199929053354964,12.1446250274582326,,,,,37.3468905765451993,8.8493826300671969,10.8880351784672005,,,,,,,,,,,,,,,0.0000000000000000,,0.0000000000000000,0.0000000000000000,0.0000000000000000,,,,,,,,,,,,,,,,,,,,,,,,,,,,,,,,,,,,,,,,
"1997Q1",,,,,,,,,,,,,,,,,,,,,,,,,,,,,,,,,,,,,,,,,,,,,,,,,,,,,,,,,,,,,,,,,,,,,,,,,,,,,,,,,,,,,,,,,,,,,,,,,,,,,,,,,,,,,,,,,,,,,,,,,,,,,,,,,,,,,,,,,,,,,,,,,,,,,,,,,,,,,,,,,,,,,,,,,,,,,,,,,,,,,,,,,,,,,,,,,,,,,,,,,,,,,,,,,,,,,,,,,,,,,,,,,,,,,,,,,,,,,,,,,,,,,,,,,,,,,,,,,,,,,,,,,,,,,,,,,,,,,,,,,,,,,,,,,,,,,,,,,,,,,,,,,,,,,,,,,,,,,,,,,,,,,,,,,,,,,,,,,,,,,,,,,,,,,,,,,,,,,,,,,,,,,,,,,,,,,,,,,,,,,,,,,,,,,,,,,,,,,,,,,,,,,,,,,,,,,,,,,,,,,,,,,,,,,,,,,,,,,,,,,,,,,,,,,,,,,,,,,,,,,-6.3089847375083847,-4.2666122096847161,,,,,,,,0.0000000000000000,0.0000000000000000,,0.0000000000000000,,0.0000000000000000,0.0000000000000000,0.0000000000000000,70.7310926513427063,25.7575421120009196,,,,,42.4699617590487009,16.1924032490665724,12.2552402606009991,,,,,,,,,,,,,,,0.0000000000000000,,0.0000000000000000,0.0000000000000000,0.0000000000000000,,,,,,,,,,,,,,,,,,,,,,,,,,,,,,,,,,,,,,,,
"1997Q2",,,,,,,,,,,,,,,,,,,,,,,,,,,,,,,,,,,,,,,,,,,,,,,,,,,,,,,,,,,,,,,,,,,,,,,,,,,,,,,,,,,,,,,,,,,,,,,,,,,,,,,,,,,,,,,,,,,,,,,,,,,,,,,,,,,,,,,,,,,,,,,,,,,,,,,,,,,,,,,,,,,,,,,,,,,,,,,,,,,,,,,,,,,,,,,,,,,,,,,,,,,,,,,,,,,,,,,,,,,,,,,,,,,,,,,,,,,,,,,,,,,,,,,,,,,,,,,,,,,,,,,,,,,,,,,,,,,,,,,,,,,,,,,,,,,,,,,,,,,,,,,,,,,,,,,,,,,,,,,,,,,,,,,,,,,,,,,,,,,,,,,,,,,,,,,,,,,,,,,,,,,,,,,,,,,,,,,,,,,,,,,,,,,,,,,,,,,,,,,,,,,,,,,,,,,,,,,,,,,,,,,,,,,,,,,,,,,,,,,,,,,,,,,,,,,,,,,,,,,,,-6.0943786298479274,-4.8302929708776770,,,,,,,,0.0000000000000000,0.0000000000000000,,0.0000000000000000,,0.0000000000000000,0.0000000000000000,0.0000000000000000,84.4601248317756017,70.9577073490711427,,,,,51.8614883985012014,21.8334935445890892,14.3037376363988002,,,,,,,,,,,,,,,0.0000000000000000,,0.0000000000000000,0.0000000000000000,0.0000000000000000,,,,,,,,,,,,,,,,,,,,,,,,,,,,,,,,,,,,,,,,
"1997Q3",,,,,,,,,,,,,,,,,,,,,,,,,,,,,,,,,,,,,,,,,,,,,,,,,,,,,,,,,,,,,,,,,,,,,,,,,,,,,,,,,,,,,,,,,,,,,,,,,,,,,,,,,,,,,,,,,,,,,,,,,,,,,,,,,,,,,,,,,,,,,,,,,,,,,,,,,,,,,,,,,,,,,,,,,,,,,,,,,,,,,,,,,,,,,,,,,,,,,,,,,,,,,,,,,,,,,,,,,,,,,,,,,,,,,,,,,,,,,,,,,,,,,,,,,,,,,,,,,,,,,,,,,,,,,,,,,,,,,,,,,,,,,,,,,,,,,,,,,,,,,,,,,,,,,,,,,,,,,,,,,,,,,,,,,,,,,,,,,,,,,,,,,,,,,,,,,,,,,,,,,,,,,,,,,,,,,,,,,,,,,,,,,,,,,,,,,,,,,,,,,,,,,,,,,,,,,,,,,,,,,,,,,,,,,,,,,,,,,,,,,,,,,,,,,,,,,,,,,,,,,-5.8797725221874968,-5.3939737320706858,,,,,,,,0.0000000000000000,0.0000000000000000,,0.0000000000000000,,0.0000000000000000,0.0000000000000000,0.0000000000000000,80.7656451481505968,-17.8911344810810533,,,,,50.1242353142995967,-0.4038037010110713,16.5875909131081016,,,,,,,,,,,,,,,0.0000000000000000,,0.0000000000000000,0.0000000000000000,0.0000000000000000,,,,,,,,,,,,,,,,,,,,,,,,,,,,,,,,,,,,,,,,
"1997Q4",,,,,,,,,,,,,,,,,,,,,,,,,,,,,,,,,,,,,,,,,,,,,,,,,,,,,,,,,,,,,,,,,,,,,,,,,,,,,,,,,,,,,,,,,,,,,,,,,,,,,,,,,,,,,,,,,,,,,,,,,,,,,,,,,,,,,,,,,,,,,,,,,,,,,,,,,,,,,,,,,,,,,,,,,,,,,,,,,,,,,,,,,,,,,,,,,,,,,,,,,,,,,,,,,,,,,,,,,,,,,,,,,,,,,,,,,,,,,,,,,,,,,,,,,,,,,,,,,,,,,,,,,,,,,,,,,,,,,,,,,,,,,,,,,,,,,,,,,,,,,,,,,,,,,,,,,,,,,,,,,,,,,,,,,,,,,,,,,,,,,,,,,,,,,,,,,,,,,,,,,,,,,,,,,,,,,,,,,,,,,,,,,,,,,,,,,,,,,,,,,,,,,,,,,,,,,,,,,,,,,,,,,,,,,,,,,,,,,,,,,,,,,,,,,,,,,,,,,,,,,-5.6651664145269756,-5.9576544932637265,,,,,,,,0.0000000000000000,0.0000000000000000,,0.0000000000000000,,0.0000000000000000,0.0000000000000000,0.0000000000000000,85.7286696738944016,23.8542454572659608,,,,,52.5164665575436018,14.1750373496664963,19.1708683713751995,,,,,,,,,,,,,,,0.0000000000000000,,0.0000000000000000,0.0000000000000000,0.0000000000000000,,,,,,,,,,,,,,,,,,,,,,,,,,,,,,,,,,,,,,,,
"1998Q1",,,,,,,,,,,,,,,,,,,,,,,,,,,,,,,,,,,,,,,,,,,,,,,,,,,,,,,,,,,,,,,,,,,,,,,,,,,,,,,,,,,,,,,,,,,,,,,,,,,,,,,,,,,,,,,,,,,,,,,,,,,,,,,,,,,,,,,,,,,,,,,,,,,,,,,,,,,,,,,,,,,,,,,,,,,,,,,,,,,,,,,,,,,,,,,,,,,,,,,,,,,,,,,,,,,,,,,,,,,,,,,,,,,,,,,,,,,,,,,,,,,,,,,,,,,,,,,,,,,,,,,,,,,,,,,,,,,,,,,,,,,,,,,,,,,,,,,,,,,,,,,,,,,,,,,,,,,,,,,,,,,,,,,,,,,,,,,,,,,,,,,,,,,,,,,,,,,,,,,,,,,,,,,,,,,,,,,,,,,,,,,,,,,,,,,,,,,,,,,,,,,,,,,,,,,,,,,,,,,,,,,,,,,,,,,,,,,,,,,,,,,,,,,,,,,,,,,,,,,,,-5.7075524433865485,-8.7770192508091061,,,,,,,,0.0000000000000000,0.0000000000000000,,0.0000000000000000,,0.0000000000000000,0.0000000000000000,0.0000000000000000,86.0200201682850008,1.3571027488189884,,,,,46.4323034836067023,-24.6758516174157307,17.7159727594132015,,,,,,,,,,-40.1630080399999940,0.0000000000000000,738.3888205622848773,737.9407877735408192,,0.0000000000000000,16.6099999999999994,0.0000000000000000,0.0000000000000000,0.0000000000000000,,,,,,,,,,,,,,,,,,,,,,,,,,,,,,,,,,,,,,,,
"1998Q2",,,,,,,,,,,,,,,,,,,,,,,,,,,,,,,,,,,,,,,,,,,,,,,,,,,,,,,,,,,,,,,,,,,,,,,,,,,,,,,,,,,,,,,,,,,,,,,,,,,,,,,,,,,,,,,,,,,,,,,,,,,,,,,,,,,,,,,,,,,,,,,,,,,,,,,,,,,,,,,,,,,,,,,,,,,,,,,,,,,,,,,,,,,,,,,,,,,,,,,,,,,,,,,,,,,,,,,,,,,,,,,,,,,,,,,,,,,,,,,,,,,,,,,,,,,,,,,,,,,,,,,,,,,,,,,,,,,,,,,,,,,,,,,,,,,,,,,,,,,,,,,,,,,,,,,,,,,,,,,,,,,,,,,,,,,,,,,,,,,,,,,,,,,,,,,,,,,,,,,,,,,,,,,,,,,,,,,,,,,,,,,,,,,,,,,,,,,,,,,,,,,,,,,,,,,,,,,,,,,,,,,,,,,,,,,,,,,,,,,,,,,,,,,,,,,,,,,,,,,,,-5.2413401494731673,-7.3456787592231834,,,,,,,,0.0000000000000000,0.0000000000000000,,0.0000000000000000,,0.0000000000000000,0.0000000000000000,0.0000000000000000,82.6382514278877949,-16.0429584543621786,,,,,46.2366795591470989,-9.2831694228679567,15.3524390328120006,,,,,,,,,,-40.1630080399999940,,735.8623223225229140,736.0651716898936456,-7.5024643345886943,0.0000000000000000,,0.0000000000000000,0.0000000000000000,0.0000000000000000,,,,,,,,,,,,,,,,,,,,,,,,,,,,,,,,,,,,,,,,
"1998Q3",,,,,,,,,,,,,,,,,,,,,,,,,,,,,,,,,,,,,,,,,,,,,,,,,,,,,,,,,,,,,,,,,,,,,,,,,,,,,,,,,,,,,,,,,,,,,,,,,,,,,,,,,,,,,,,,,,,,,,,,,,,,,,,,,,,,,,,,,,,,,,,,,,,,,,,,,,,,,,,,,,,,,,,,,,,,,,,,,,,,,,,,,,,,,,,,,,,,,,,,,,,,,,,,,,,,,,,,,,,,,,,,,,,,,,,,,,,,,,,,,,,,,,,,,,,,,,,,,,,,,,,,,,,,,,,,,,,,,,,,,,,,,,,,,,,,,,,,,,,,,,,,,,,,,,,,,,,,,,,,,,,,,,,,,,,,,,,,,,,,,,,,,,,,,,,,,,,,,,,,,,,,,,,,,,,,,,,,,,,,,,,,,,,,,,,,,,,,,,,,,,,,,,,,,,,,,,,,,,,,,,,,,,,,,,,,,,,,,,,,,,,,,,,,,,,,,,,,,,,,,-4.7751278555598056,-5.9143382676372802,,,,,,,,0.0000000000000000,0.0000000000000000,,0.0000000000000000,,0.0000000000000000,0.0000000000000000,0.0000000000000000,81.6620265342021980,-4.7534253464807534,,,,,44.0911798443900977,-5.9496224593504792,14.7956929024202992,,,,,,,,,,-40.1630080399999940,,733.2703339688125652,734.1898356267395229,-7.5013442526164908,0.0000000000000000,,0.0000000000000000,0.0000000000000000,0.0000000000000000,,,,,,,,,,,,,,,,,,,,,,,,,,,,,,,,,,,,,,,,
"1998Q4",,,,,,,,,,,,,,,,,,,,,,,,,,,,,,,,,,,,,,,,,,,,,,,,,,,,,,,,,,,,,,,,,,,,,,,,,,,,,,,,,,,,,,,,,,,,,,,,,,,,,,,,,,,,,,,,,,,,,,,,,,,,,,,,,,,,,,,,,,,,,,,,,,,,,,,,,,,,,,,,,,,,,,,,,,,,,,,,,,,,,,,,,,,,,,,,,,,,,,,,,,,,,,,,,,,,,,,,,,,,,,,,,,,,,,,,,,,,,,,,,,,,,,,,,,,,,,,,,,,,,,,,,,,,,,,,,,,,,,,,,,,,,,,,,,,,,,,,,,,,,,,,,,,,,,,,,,,,,,,,,,,,,,,,,,,,,,,,,,,,,,,,,,,,,,,,,,,,,,,,,,,,,,,,,,,,,,,,,,,,,,,,,,,,,,,,,,,,,,,,,,,,,,,,,,,,,,,,,,,,,,,,,,,,,,,,,,,,,,,,,,,,,,,,,,,,,,,,,,,,,-4.3089155616463835,-4.4829977760513486,,,,,,,,0.0000000000000000,0.0000000000000000,,0.0000000000000000,,0.0000000000000000,0.0000000000000000,0.0000000000000000,85.7524817189104027,19.5503698567144966,,,,,42.5709330027351029,-4.7466517959811938,17.8105101732824984,,,,,,,,,,-40.1630080399999940,,730.6093697685776078,732.3149328237169584,-7.4996112120902581,0.0000000000000000,,0.0000000000000000,0.0000000000000000,0.0000000000000000,,,,,,,,,,,,,,,,,,,,,,,,,,,,,,,,,,,,,,,,
"1999Q1",,,,,,,,,,,,,,,,,,,,,,,,,,,,,,,,,,,,,,,,,,,,,,,,,,,,,,,,,,,,,,,,,,,,,,,,,,,,,,,,,,,,,,,,,,,,,,,,,,,,,,,,,,,,,,,,,,,,,,,,,,,,,,,,,,,,,,,,,,,,,,,,,,,,,,,,,,,,,,,,,,,,,,,,,,,,,,,,,,,,,,,,,,,,,,,,,,,,,,,,,,,,,,,,,,,,,,,,,,,,,,,,,,,,,,,,,,,,,,,,,,,,,,,,,,,,,,,,,,,,,,,,,,,,,,,,,,,,,,,,,,,,,,,,,,,,,,,,,,,,,,,,,,,,,,,,,,,,,,,,,,,,,,,,,,,,,,,,,,,,,,,,,,,,,,,,,,,,,,,,,,,,,,,,,,,,,,,,,,,,,,,,,,,,,,,,,,,,,,,,,,,,,,,,,,,,,,,,,,,,,,,,,,,,,,,,,,,,,,,,,,,,,,,,,,,,,,,,,,,,,-4.9178676064145961,-0.9730329116100975,64.0000000000000000,,-49.0000000000000000,29.0000000000000000,,,404.4539864917999807,12.4539864918000021,16.4945437499999983,,34.2125961598124988,,0.7102810973125002,2.2204812500000006,14.7872900625000021,90.4964865023726048,21.5383999273519748,,,,,39.1073168836943026,-14.6111797648903519,24.4885707402367991,,,,,,,,,,-39.9787977598661541,,727.8883685633536516,730.4400418319280561,-7.4995639671556091,6.6735863403462616,,44.4427337415427388,0.8130310973125003,-0.1027500000000001,,,,,,,,,,,,,,,,,,,,,,,,,,,,,,,,,,,,,,,,
"1999Q2",,,,,,,,,,,,,,,,,,,,,,,,,,,,,,,,,,,,,,,,,,,,,,,,,,,,,,,,,,,,,,,,,,,,,,,,,,,,,,,,,,,,,,,,,,,,,,,,,,,,,,,,,,,,,,,,,,,,,,,,,,,,,,,,,,,,,,,,,,,,,,,,,,,,,,,,,,,,,,,,,,,,,,,,,,,,,,,,,,,,,,,,,,,,,,,,,,,,,,,,,,,,,,,,,,,,,,,,,,,,,,,,,,,,,,,,,,,,,,,,,,,,,,,,,,,,,,,,,,,,,,,,,,,,,,,,,,,,,,,,,,,,,,,,,,,,,,,,,,,,,,,,,,,,,,,,,,,,,,,,,,,,,,,,,,,,,,,,,,,,,,,,,,,,,,,,,,,,,,,,,,,,,,,,,,,,,,,,,,,,,,,,,,,,,,,,,,,,,,,,,,,,,,,,,,,,,,,,,,,,,,,,,,,,,,,,,,,,,,,,,,,,,,,,,,,,,,,,,,,,,-3.7906510314644919,-0.8992836379896900,80.0000000000000000,,-49.0000000000000000,29.0000000000000000,,,441.4539864917999807,12.4539864918000021,16.4945437499999983,,34.2125961598124988,,0.7102810973125002,2.2204812500000006,14.7872900625000021,91.9061577555088007,6.1828021197766247,,,,,37.3248441696988991,-10.6849374409660527,25.2513221979872995,,,,,,,,,,-39.9787977598661541,,725.0912529821107455,728.5636752255657029,-7.5054664254494128,6.6235049758488369,,44.1092170034260747,0.8130310973125003,-0.1027500000000001,,,,,,,,,,,,,,,,,,,,,,,,,,,,,,,,,,,,,,,,
"1999Q3",,,,,,,,,,,,,,,,,,,,,,,,,,,,,,,,,,,,,,,,,,,,,,,,,,,,,,,,,,,,,,,,,,,,,,,,,,,,,,,,,,,,,,,,,,,,,,,,,,,,,,,,,,,,,,,,,,,,,,,,,,,,,,,,,,,,,,,,,,,,,,,,,,,,,,,,,,,,,,,,,,,,,,,,,,,,,,,,,,,,,,,,,,,,,,,,,,,,,,,,,,,,,,,,,,,,,,,,,,,,,,,,,,,,,,,,,,,,,,,,,,,,,,,,,,,,,,,,,,,,,,,,,,,,,,,,,,,,,,,,,,,,,,,,,,,,,,,,,,,,,,,,,,,,,,,,,,,,,,,,,,,,,,,,,,,,,,,,,,,,,,,,,,,,,,,,,,,,,,,,,,,,,,,,,,,,,,,,,,,,,,,,,,,,,,,,,,,,,,,,,,,,,,,,,,,,,,,,,,,,,,,,,,,,,,,,,,,,,,,,,,,,,,,,,,,,,,,,,,,,,-2.6634344565142953,-0.8255343643691759,78.0000000000000000,,-57.0000000000000000,29.0000000000000000,,,481.4539864917999807,12.4539864918000021,16.4945437499999983,,34.2125961598124988,,0.7102810973125002,2.2204812500000006,14.7872900625000021,95.3480409035492045,14.7063013564486482,,,,,43.3642830211502002,20.5590870677772557,21.6723926796334005,,,,,,,,,,-39.9787977598661541,,722.2136418937207054,726.6827507830296327,-7.5236977701442811,6.6446474102763045,,44.2500149995840530,0.8130310973125003,-0.1027500000000001,,,,,,,,,,,,,,,,,,,,,,,,,,,,,,,,,,,,,,,,
"1999Q4",,,,,,,,,,,,,,,,,,,,,,,,,,,,,,,,,,,,,,,,,,,,,,,,,,,,,,,,,,,,,,,,,,,,,,,,,,,,,,,,,,,,,,,,,,,,,,,,,,,,,,,,,,,,,,,,,,,,,,,,,,,,,,,,,,,,,,,,,,,,,,,,,,,,,,,,,,,,,,,,,,,,,,,,,,,,,,,,,,,,,,,,,,,,,,,,,,,,,,,,,,,,,,,,,,,,,,,,,,,,,,,,,,,,,,,,,,,,,,,,,,,,,,,,,,,,,,,,,,,,,,,,,,,,,,,,,,,,,,,,,,,,,,,,,,,,,,,,,,,,,,,,,,,,,,,,,,,,,,,,,,,,,,,,,,,,,,,,,,,,,,,,,,,,,,,,,,,,,,,,,,,,,,,,,,,,,,,,,,,,,,,,,,,,,,,,,,,,,,,,,,,,,,,,,,,,,,,,,,,,,,,,,,,,,,,,,,,,,,,,,,,,,,,,,,,,,,,,,,,,,-1.5362178815641130,-0.7517850907487258,72.0000000000000000,,-54.0000000000000000,29.0000000000000000,,,488.4539864917999807,12.4539864918000021,16.4945437499999983,,34.2125961598124988,,0.7102810973125002,2.2204812500000006,14.7872900625000021,95.7285282989004997,1.5930279671408698,,,,,41.2865852906469968,-7.8415606592619866,25.4090033207380017,,,,,,,,,,-39.9787977598661541,,719.2507646637179732,724.7920160188173213,-7.5629390568492454,6.4798775802027215,,43.1527306740141299,0.8130310973125003,-0.1027500000000001,,,,,,,,,,,,,,,,,,,,,,,,,,,,,,,,,,,,,,,,
"2000Q1",,,,,,,,,,,,,,,,,,,,,,,,,,,,,,,,,,,,,,,,,,,,,,,,,,,,,,,,,,,,,,,,,,,,,,,,,,,,,,,,,,,,,,,,,,,,,,,,,,,,,,,,,,,,,,,,,,,,,,,,,,,,,,,,,,,,,,,,,,,,,,,,,,,,,,,,,,,,,,,,,,,,,,,,,,,,,,,,,,,,,,,,,,,,,,,,,,,,,,,,,,,,,,,,,,,,,,,,,,,,,,,,,,,,,,,,,,,,,,,,,,,,,,,,,,,,,,,,,,,,,,,,,,,,,,,,,,,,,,,,,,,,,,,,,,,,,,,,,,,,,,,,,,,,,,,,,,,,,,,,,,,,,,,,,,,,,,,,,,,,,,,,,,,,,,,,,,,,,,,,,,,,,,,,,,,,,,,,,,,,,,,,,,,,,,,,,,,,,,,,,,,,,,,,,,,,,,,,,,,,,,,,,,,,,,,,,,,,,,,,,,,,,,,,,,,,,,,,,,,,,2.3845152278700681,0.9470439036775176,75.0000000000000000,,-38.0000000000000000,50.0000000000000000,,,470.4474457458999836,12.4474457459000014,17.9147937500000012,,36.8653333767812512,,-0.1848978732187496,1.5701500000000004,17.5652875000000002,94.0081482754462030,-7.2539572351715833,,,,,41.3526078108989026,-3.8870566457723612,25.1635687543925002,,,,,,,,,,-40.3601746845588139,,716.1678325725393961,722.8834252543707635,-7.6343630577862314,4.3270885600595337,,48.4071933225530771,1.1018521267812504,-1.2867500000000001,,,,,,,,,,,,,,,,,,,,,,,,,,,,,,,,,,,,,,,,
"2000Q2",,,,,,,,,,,,,,,,,,,,,,,,,,,,,,,,,,,,,,,,,,,,,,,,,,,,,,,,,,,,,,,,,,,,,,,,,,,,,,,,,,,,,,,,,,,,,,,,,,,,,,,,,,,,,,,,,,,,,,,,,,,,,,,,,,,,,,,,,,,,,,,,,,,,,,,,,,,,,,,,,,,,,,,,,,,,,,,,,,,,,,,,,,,,,,,,,,,,,,,,,,,,,,,,,,,,,,,,,,,,,,,,,,,,,,,,,,,,,,,,,,,,,,,,,,,,,,,,,,,,,,,,,,,,,,,,,,,,,,,,,,,,,,,,,,,,,,,,,,,,,,,,,,,,,,,,,,,,,,,,,,,,,,,,,,,,,,,,,,,,,,,,,,,,,,,,,,,,,,,,,,,,,,,,,,,,,,,,,,,,,,,,,,,,,,,,,,,,,,,,,,,,,,,,,,,,,,,,,,,,,,,,,,,,,,,,,,,,,,,,,,,,,,,,,,,,,,,,,,,,,1.6360424658109238,-0.1549194667754463,71.0000000000000000,,-42.0000000000000000,50.0000000000000000,,,514.4474457459000405,12.4474457459000014,17.9147937500000012,,36.8653333767812512,,-0.1848978732187496,1.5701500000000004,17.5652875000000002,99.7803943027417972,23.8361007407054331,,,,,39.2984729709543998,-16.5371377086791540,28.1619375851554992,,,,,,,,,,-40.3601746845588139,,712.9868241367097426,720.9454695290348809,-7.7518229013435302,4.1386587071432759,,46.2992262238320791,1.1018521267812504,-1.2867500000000001,,,,,,,,,,,,,,,,,,,,,,,,,,,,,,,,,,,,,,,,
"2000Q3",,,,,,,,,,,,,,,,,,,,,,,,,,,,,,,,,,,,,,,,,,,,,,,,,,,,,,,,,,,,,,,,,,,,,,,,,,,,,,,,,,,,,,,,,,,,,,,,,,,,,,,,,,,,,,,,,,,,,,,,,,,,,,,,,,,,,,,,,,,,,,,,,,,,,,,,,,,,,,,,,,,,,,,,,,,,,,,,,,,,,,,,,,,,,,,,,,,,,,,,,,,,,,,,,,,,,,,,,,,,,,,,,,,,,,,,,,,,,,,,,,,,,,,,,,,,,,,,,,,,,,,,,,,,,,,,,,,,,,,,,,,,,,,,,,,,,,,,,,,,,,,,,,,,,,,,,,,,,,,,,,,,,,,,,,,,,,,,,,,,,,,,,,,,,,,,,,,,,,,,,,,,,,,,,,,,,,,,,,,,,,,,,,,,,,,,,,,,,,,,,,,,,,,,,,,,,,,,,,,,,,,,,,,,,,,,,,,,,,,,,,,,,,,,,,,,,,,,,,,,,0.8875697037517725,-1.2568828372283960,81.0000000000000000,,-51.0000000000000000,50.0000000000000000,,,542.4474457459000405,12.4474457459000014,17.9147937500000012,,36.8653333767812512,,-0.1848978732187496,1.5701500000000004,17.5652875000000002,101.7343823517429939,7.7574431979996916,,,,,42.7057165875562035,3.6510809945053353,27.5688760780637985,,,,,,,,,,-40.3601746845588139,,709.7012935943765797,718.9624426367283831,-7.9321075692259910,3.8726253250104792,,43.3231074824634490,1.1018521267812504,-1.2867500000000001,,,,,,,,,,,,,,,,,,,,,,,,,,,,,,,,,,,,,,,,
"2000Q4",,,,,,,,,,,,,,,,,,,,,,,,,,,,,,,,,,,,,,,,,,,,,,,,,,,,,,,,,,,,,,,,,,,,,,,,,,,,,,,,,,,,,,,,,,,,,,,,,,,,,,,,,,,,,,,,,,,,,,,,,,,,,,,,,,,,,,,,,,,,,,,,,,,,,,,,,,,,,,,,,,,,,,,,,,,,,,,,,,,,,,,,,,,,,,,,,,,,,,,,,,,,,,,,,,,,,,,,,,,,,,,,,,,,,,,,,,,,,,,,,,,,,,,,,,,,,,,,,,,,,,,,,,,,,,,,,,,,,,,,,,,,,,,,,,,,,,,,,,,,,,,,,,,,,,,,,,,,,,,,,,,,,,,,,,,,,,,,,,,,,,,,,,,,,,,,,,,,,,,,,,,,,,,,,,,,,,,,,,,,,,,,,,,,,,,,,,,,,,,,,,,,,,,,,,,,,,,,,,,,,,,,,,,,,,,,,,,,,,,,,,,,,,,,,,,,,,,,,,,,,0.1390969416925856,-2.3588462076814523,88.0000000000000000,,-62.0000000000000000,50.0000000000000000,,,567.4474457459000405,12.4474457459000014,17.9147937500000012,,36.8653333767812512,,-0.1848978732187496,1.5701500000000004,17.5652875000000002,105.8940984487710040,16.0296805313785171,,,,,51.6922959260103028,16.7332531768990833,24.2449941897742001,,,,,,,,,,-40.3601746845588139,,706.3041380884263845,716.9136642179998944,-8.1951136749139550,3.6925417781770467,,41.3085106132796511,1.1018521267812504,-1.2867500000000001,,,,,,,,,,,,,,,,,,,,,,,,,,,,,,,,,,,,,,,,
"2001Q1",,,,,,,,,,,,,,,,,,,,,,,,,,,,,,,,,,,,,,,,,,,,,,,,,,,,,,,,,,,,,,,,,,,,,,,,,,,,,,,,,,,,,,,,,,,,,,,,,,,,,,,,,,,,,,,,,,,,,,,,,,,,,,,,,,,,,,,,,,,,,,,,,,,,,,,,,,,,,,,,,,,,,,,,,,,,,,,,,,,,,,,,,,,,,,,,,,,,,,,,,,,,,,,,,,,,,,,,,,,,,,,,,,,,,,,,,,,,,,,,,,,,,,,,,,,,,,,,,,,,,,,,,,,,,,,,,,,,,,,,,,,,,,,,,,,,,,,,,,,,,,,,,,,,,,,,,,,,,,,,,,,,,,,,,,,,,,,,,,,,,,,,,,,,,,,,,,,,,,,,,,,,,,,,,,,,,,,,,,,,,,,,,,,,,,,,,,,,,,,,,,,,,,,,,,,,,,,,,,,,,,,,,,,,,,,,,,,,,,,,,,,,,,,,,,,,,,,,,,,,,-2.1416315048699701,-6.9852586756584856,81.0000000000000000,,-81.0000000000000000,40.0000000000000000,,,590.5693649999999479,11.5693650000000030,21.2194624999999988,,39.8473687500000011,,-0.1349187500000020,1.5226062499999999,17.2402187500000004,123.1013807142980028,60.2274903433626605,,,,,70.0567713017095031,47.0690268500390090,22.8467074642309989,,,,,,,,,,-21.4153281893816434,,704.4536042816151848,714.7726656952464737,-8.5639940910136829,3.5111109394431543,,39.7557284764317700,2.2547749999999982,-2.3896937500000002,,,,,,,,,,,,,,,,,,,,,,,,,,,,,,,,,,,,,,,,
"2001Q2",,,,,,,,,,,,,,,,,,,,,,,,,,,,,,,,,,,,,,,,,,,,,,,,,,,,,,,,,,,,,,,,,,,,,,,,,,,,,,,,,,,,,,,,,,,,,,,,,,,,,,,,,,,,,,,,,,,,,,,,,,,,,,,,,,,,,,,,,,,,,,,,,,,,,,,,,,,,,,,,,,,,,,,,,,,,,,,,,,,,,,,,,,,,,,,,,,,,,,,,,,,,,,,,,,,,,,,,,,,,,,,,,,,,,,,,,,,,,,,,,,,,,,,,,,,,,,,,,,,,,,,,,,,,,,,,,,,,,,,,,,,,,,,,,,,,,,,,,,,,,,,,,,,,,,,,,,,,,,,,,,,,,,,,,,,,,,,,,,,,,,,,,,,,,,,,,,,,,,,,,,,,,,,,,,,,,,,,,,,,,,,,,,,,,,,,,,,,,,,,,,,,,,,,,,,,,,,,,,,,,,,,,,,,,,,,,,,,,,,,,,,,,,,,,,,,,,,,,,,,,-1.9079988966412742,-5.7702688666542983,81.0000000000000000,,-103.0000000000000000,40.0000000000000000,,,644.5693649999999479,11.5693650000000030,21.2194624999999988,,39.8473687500000011,,-0.1349187500000020,1.5226062499999999,17.2402187500000004,126.3981310419799939,10.5713784860070064,,,,,80.4750880048874961,10.3563967029408275,15.6824023639391008,,,,,,,,,,-21.4153281893816434,,702.5681790286319028,712.5063475370344577,-9.0652726328480639,3.4611392146190743,,39.1899069009049654,2.2547749999999982,-2.3896937500000002,,,,,,,,,,,,,,,,,,,,,,,,,,,,,,,,,,,,,,,,
"2001Q3",,,,,,,,,,,,,,,,,,,,,,,,,,,,,,,,,,,,,,,,,,,,,,,,,,,,,,,,,,,,,,,,,,,,,,,,,,,,,,,,,,,,,,,,,,,,,,,,,,,,,,,,,,,,,,,,,,,,,,,,,,,,,,,,,,,,,,,,,,,,,,,,,,,,,,,,,,,,,,,,,,,,,,,,,,,,,,,,,,,,,,,,,,,,,,,,,,,,,,,,,,,,,,,,,,,,,,,,,,,,,,,,,,,,,,,,,,,,,,,,,,,,,,,,,,,,,,,,,,,,,,,,,,,,,,,,,,,,,,,,,,,,,,,,,,,,,,,,,,,,,,,,,,,,,,,,,,,,,,,,,,,,,,,,,,,,,,,,,,,,,,,,,,,,,,,,,,,,,,,,,,,,,,,,,,,,,,,,,,,,,,,,,,,,,,,,,,,,,,,,,,,,,,,,,,,,,,,,,,,,,,,,,,,,,,,,,,,,,,,,,,,,,,,,,,,,,,,,,,,,,-1.6743662884125072,-4.5552790576501607,90.0000000000000000,,-122.0000000000000000,40.0000000000000000,,,726.5693649999999479,11.5693650000000030,21.2194624999999988,,39.8473687500000011,,-0.1349187500000020,1.5226062499999999,17.2402187500000004,124.7171549641779933,-5.3553129751585402,,,,,75.7389534973268042,-10.8914657295700579,15.3672088802108995,,,,,,,,,,-21.4153281893816434,,700.6465212608762840,710.0751607985464489,-9.7247469539520353,3.4226869533355662,,38.7545183058825700,2.2547749999999982,-2.3896937500000002,,,,,,,,,,,,,,,,,,,,,,,,,,,,,,,,,,,,,,,,
"2001Q4",,,,,,,,,,,,,,,,,,,,,,,,,,,,,,,,,,,,,,,,,,,,,,,,,,,,,,,,,,,,,,,,,,,,,,,,,,,,,,,,,,,,,,,,,,,,,,,,,,,,,,,,,,,,,,,,,,,,,,,,,,,,,,,,,,,,,,,,,,,,,,,,,,,,,,,,,,,,,,,,,,,,,,,,,,,,,,,,,,,,,,,,,,,,,,,,,,,,,,,,,,,,,,,,,,,,,,,,,,,,,,,,,,,,,,,,,,,,,,,,,,,,,,,,,,,,,,,,,,,,,,,,,,,,,,,,,,,,,,,,,,,,,,,,,,,,,,,,,,,,,,,,,,,,,,,,,,,,,,,,,,,,,,,,,,,,,,,,,,,,,,,,,,,,,,,,,,,,,,,,,,,,,,,,,,,,,,,,,,,,,,,,,,,,,,,,,,,,,,,,,,,,,,,,,,,,,,,,,,,,,,,,,,,,,,,,,,,,,,,,,,,,,,,,,,,,,,,,,,,,,-1.4407336801837829,-3.3402892486458242,96.0000000000000000,,-120.0000000000000000,41.0000000000000000,,,738.5693649999999479,11.5693650000000030,21.2194624999999988,,39.8473687500000011,,-0.1349187500000020,1.5226062499999999,17.2402187500000004,125.8838414970660011,3.7244703044791549,,,,,79.3707123696514003,4.0905338441024526,14.1245963645546997,,,,,,,,,,-21.4153281893816434,,698.6872110753855623,707.4333451796474037,-10.5672624755961806,3.3352473920075885,,37.7644546143021742,2.2547749999999982,-2.3896937500000002,,,,,,,,,,,,,,,,,,,,,,,,,,,,,,,,,,,,,,,,
"2002Q1",,,,,,,,,,,,,,,,,,,,,,,,,,,,,,,,,,,,,,,,,,,,,,,,,,,,,,,,,,,,,,,,,,,,,,,,,,,,,,,,,,,,,,,,,,,,,,,,,,,,,,,,,,,,,,,,,,,,,,,,,,,,,,,,,,,,,,,,,,,,,,,,,,,,,,,,,,,,,,,,,,,,,,,,,,,,,,,,,,,,,,,,,,,,,,,,,,,,,,,,,,,,,,,,,,,,,,,,,,,,,,,,,,,,,,,,,,,,,,,,,,,,,,,,,,,,,,,,,,,,,,,,,,,,,,,,,,,,,,,,,,,,,,,,,,,,,,,,,,,,,,,,,,,,,,,,,,,,,,,,,,,,,,,,,,,,,,,,,,,,,,,,,,,,,,,,,,,,,,,,,,,,,,,,,,,,,,,,,,,,,,,,,,,,,,,,,,,,,,,,,,,,,,,,,,,,,,,,,,,,,,,,,,,,,,,,,,,,,,,,,,,,,,,,,,,,,,,,,,,,,-3.7757979678490443,-3.3946499438100446,100.0000000000000000,,-135.0000000000000000,53.0000000000000000,,,741.2104150000000118,11.2104150000000011,25.5078812500000005,,45.5798571874999965,,0.8352634374999997,1.6131687500000003,17.6235437499999996,128.4778170608410051,8.1586682759357245,,,,,66.4732730242127019,-20.3056765499068774,27.7713738140244004,,,,,,,,,,-10.9095706393863185,,697.6741265466414461,704.5292474804908807,-11.6163907966260922,3.5009385136305298,,38.2470482775144234,2.4716509374999993,-1.6363874999999997,,,,,,,,,,,,,,,,,,,,,,,,,,,,,,,,,,,,,,,,
"2002Q2",,,,,,,,,,,,,,,,,,,,,,,,,,,,,,,,,,,,,,,,,,,,,,,,,,,,,,,,,,,,,,,,,,,,,,,,,,,,,,,,,,,,,,,,,,,,,,,,,,,,,,,,,,,,,,,,,,,,,,,,,,,,,,,,,,,,,,,,,,,,,,,,,,,,,,,,,,,,,,,,,,,,,,,,,,,,,,,,,,,,,,,,,,,,,,,,,,,,,,,,,,,,,,,,,,,,,,,,,,,,,,,,,,,,,,,,,,,,,,,,,,,,,,,,,,,,,,,,,,,,,,,,,,,,,,,,,,,,,,,,,,,,,,,,,,,,,,,,,,,,,,,,,,,,,,,,,,,,,,,,,,,,,,,,,,,,,,,,,,,,,,,,,,,,,,,,,,,,,,,,,,,,,,,,,,,,,,,,,,,,,,,,,,,,,,,,,,,,,,,,,,,,,,,,,,,,,,,,,,,,,,,,,,,,,,,,,,,,,,,,,,,,,,,,,,,,,,,,,,,,,-1.8553143639758289,-1.3393367830555150,105.0000000000000000,,-132.0000000000000000,53.0000000000000000,,,746.2104150000000118,11.2104150000000011,25.5078812500000005,,45.5798571874999965,,0.8352634374999997,1.6131687500000003,17.6235437499999996,133.2230892449460100,14.5075304830634195,,,,,67.1827648063966052,-9.7116952143040862,28.7540514568039995,,,,,,,,,,-10.9095706393863185,,696.6506734836699479,701.3057481674154587,-12.8939972523016877,3.4550781873296073,,37.7460334475695873,2.4716509374999993,-1.6363874999999997,,,,,,,,,,,,,,,,,,,,,,,,,,,,,,,,,,,,,,,,
"2002Q3",,,,,,,,,,,,,,,,,,,,,,,,,,,,,,,,,,,,,,,,,,,,,,,,,,,,,,,,,,,,,,,,,,,,,,,,,,,,,,,,,,,,,,,,,,,,,,,,,,,,,,,,,,,,,,,,,,,,,,,,,,,,,,,,,,,,,,,,,,,,,,,,,,,,,,,,,,,,,,,,,,,,,,,,,,,,,,,,,,,,,,,,,,,,,,,,,,,,,,,,,,,,,,,,,,,,,,,,,,,,,,,,,,,,,,,,,,,,,,,,,,,,,,,,,,,,,,,,,,,,,,,,,,,,,,,,,,,,,,,,,,,,,,,,,,,,,,,,,,,,,,,,,,,,,,,,,,,,,,,,,,,,,,,,,,,,,,,,,,,,,,,,,,,,,,,,,,,,,,,,,,,,,,,,,,,,,,,,,,,,,,,,,,,,,,,,,,,,,,,,,,,,,,,,,,,,,,,,,,,,,,,,,,,,,,,,,,,,,,,,,,,,,,,,,,,,,,,,,,,,,0.0651692398974717,0.7159763776990644,102.0000000000000000,,-124.0000000000000000,53.0000000000000000,,,792.2104150000000118,11.2104150000000011,25.5078812500000005,,45.5798571874999965,,0.8352634374999997,1.6131687500000003,17.6235437499999996,140.2765426204339860,20.6362771714077553,,,,,76.5333133861462045,12.9597418446729762,23.0670834203048010,,,,,,,,,,-10.9095706393863185,,695.6166374539486696,697.7014432561761623,-14.4172196449571857,3.3467284708198783,,36.5623346130804521,2.4716509374999993,-1.6363874999999997,,,,,,,,,,,,,,,,,,,,,,,,,,,,,,,,,,,,,,,,
"2002Q4",,,,,,,,,,,,,,,,,,,,,,,,,,,,,,,,,,,,,,,,,,,,,,,,,,,,,,,,,,,,,,,,,,,,,,,,,,,,,,,,,,,,,,,,,,,,,,,,,,,,,,,,,,,,,,,,,,,,,,,,,,,,,,,,,,,,,,,,,,,,,,,,,,,,,,,,,,,,,,,,,,,,,,,,,,,,,,,,,,,,,,,,,,,,,,,,,,,,,,,,,,,,,,,,,,,,,,,,,,,,,,,,,,,,,,,,,,,,,,,,,,,,,,,,,,,,,,,,,,,,,,,,,,,,,,,,,,,,,,,,,,,,,,,,,,,,,,,,,,,,,,,,,,,,,,,,,,,,,,,,,,,,,,,,,,,,,,,,,,,,,,,,,,,,,,,,,,,,,,,,,,,,,,,,,,,,,,,,,,,,,,,,,,,,,,,,,,,,,,,,,,,,,,,,,,,,,,,,,,,,,,,,,,,,,,,,,,,,,,,,,,,,,,,,,,,,,,,,,,,,,1.9856528437707581,2.7712895384536580,104.0000000000000000,,-127.0000000000000000,53.0000000000000000,,,830.2104150000000118,11.2104150000000011,25.5078812500000005,,45.5798571874999965,,0.8352634374999997,1.6131687500000003,17.6235437499999996,143.6768342755900107,9.5803169835241988,,,,,86.0513372487395998,14.1108191467038466,17.5708738853841986,,,,,,,,,,-10.9095706393863185,,694.5717973033445105,693.6520193408505293,-16.1976956613025322,3.2134349161247764,,35.1061293693561609,2.4716509374999993,-1.6363874999999997,,,,,,,,,,,,,,,,,,,,,,,,,,,,,,,,,,,,,,,,
"2003Q1",,,,,,,,,,,,,,,,,,,,,,,,,,,,,,,,,,,,,,,,,,,,,,,,,,,,,,,,,,,,,,,,,,,,,,,,,,,,,,,,,,,,,,,,,,,,,,,,,,,,,,,,,,,,,,,,,,,,,,,,,,,,,,,,,,,,,,,,,,,,,,,,,,,,,,,,,,,,,,,,,,,,,,,,,,,,,,,,,,,,,,,,,,,,,,,,,,,,,,,,,,,,,,,,,,,,,,,,,,,,,,,,,,,,,,,,,,,,,,,,,,,,,,,,,,,,,,,,,,,,,,,,,,,,,,,,,,,,,,,,,,,,,,,,,,,,,,,,,,,,,,,,,,,,,,,,,,,,,,,,,,,,,,,,,,,,,,,,,,,,,,,,,,,,,,,,,,,,,,,,,,,,,,,,,,,,,,,,,,,,,,,,,,,,,,,,,,,,,,,,,,,,,,,,,,,,,,,,,,,,,,,,,,,,,,,,,,,,,,,,,,,,,,,,,,,,,,,,,,,,,6.2197282286389211,7.4029544280668063,108.0000000000000000,,-146.0000000000000000,53.0000000000000000,,,824.0696799999999484,12.0696800000000000,30.6324062500000025,,53.6007050509687559,,0.2053161990312509,0.7685013519374999,21.9944812499999998,150.2328826623829912,17.8480280264282101,,,,,93.6670336357743025,23.0110150344624458,10.2464914311734994,,,,,,,,,,7.6352001904896341,,695.3041867972309547,689.0918600118895938,-18.2406373158437418,1.4957334243849858,,42.8078371946824561,2.4047599490312503,-2.1994437499999995,,,,,,,,,,,,,,,,,,,,,,,,,,,,,,,,,,,,,,,,
"2003Q2",,,,,,,,,,,,,,,,,,,,,,,,,,,,,,,,,,,,,,,,,,,,,,,,,,,,,,,,,,,,,,,,,,,,,,,,,,,,,,,,,,,,,,,,,,,,,,,,,,,,,,,,,,,,,,,,,,,,,,,,,,,,,,,,,,,,,,,,,,,,,,,,,,,,,,,,,,,,,,,,,,,,,,,,,,,,,,,,,,,,,,,,,,,,,,,,,,,,,,,,,,,,,,,,,,,,,,,,,,,,,,,,,,,,,,,,,,,,,,,,,,,,,,,,,,,,,,,,,,,,,,,,,,,,,,,,,,,,,,,,,,,,,,,,,,,,,,,,,,,,,,,,,,,,,,,,,,,,,,,,,,,,,,,,,,,,,,,,,,,,,,,,,,,,,,,,,,,,,,,,,,,,,,,,,,,,,,,,,,,,,,,,,,,,,,,,,,,,,,,,,,,,,,,,,,,,,,,,,,,,,,,,,,,,,,,,,,,,,,,,,,,,,,,,,,,,,,,,,,,,,6.6057532393270435,7.7440737358974729,119.0000000000000000,,-133.0000000000000000,53.0000000000000000,,,836.0696799999999484,12.0696800000000000,30.6324062500000025,,53.6007050509687559,,0.2053161990312509,0.7685013519374999,21.9944812499999998,155.3912191338600053,13.5037160758438404,,,,,96.5450753651511064,-10.5280765323199716,17.5394008904159016,,,,,,,,,,7.6352001904896341,,696.0312513232855736,683.9559237209706453,-20.5437451636757942,1.4523249005485184,,41.5654867925598026,2.4047599490312503,-2.1994437499999995,,,,,,,,,,,,,,,,,,,,,,,,,,,,,,,,,,,,,,,,
"2003Q3",,,,,,,,,,,,,,,,,,,,,,,,,,,,,,,,,,,,,,,,,,,,,,,,,,,,,,,,,,,,,,,,,,,,,,,,,,,,,,,,,,,,,,,,,,,,,,,,,,,,,,,,,,,,,,,,,,,,,,,,,,,,,,,,,,,,,,,,,,,,,,,,,,,,,,,,,,,,,,,,,,,,,,,,,,,,,,,,,,,,,,,,,,,,,,,,,,,,,,,,,,,,,,,,,,,,,,,,,,,,,,,,,,,,,,,,,,,,,,,,,,,,,,,,,,,,,,,,,,,,,,,,,,,,,,,,,,,,,,,,,,,,,,,,,,,,,,,,,,,,,,,,,,,,,,,,,,,,,,,,,,,,,,,,,,,,,,,,,,,,,,,,,,,,,,,,,,,,,,,,,,,,,,,,,,,,,,,,,,,,,,,,,,,,,,,,,,,,,,,,,,,,,,,,,,,,,,,,,,,,,,,,,,,,,,,,,,,,,,,,,,,,,,,,,,,,,,,,,,,,,6.9917782500152263,8.0851930437281965,115.0000000000000000,,-130.0000000000000000,54.0000000000000000,,,874.0696799999999484,12.0696800000000000,30.6324062500000025,,53.6007050509687559,,0.2053161990312509,0.7685013519374999,21.9944812499999998,165.1498931352780062,24.3630293411567891,,,,,94.0870977475155996,-16.0580267045382357,18.2345234557937985,,,,,,,,,,7.6352001904896341,,696.7530677551688996,678.1830516240116822,-23.0914883878358523,1.3947948174903151,,39.9189778697784803,2.4047599490312503,-2.1994437499999995,,,,,,,,,,,,,,,,,,,,,,,,,,,,,,,,,,,,,,,,
"2003Q4",,,,,,,,,,,,,,,,,,,,,,,,,,,,,,,,,,,,,,,,,,,,,,,,,,,,,,,,,,,,,,,,,,,,,,,,,,,,,,,,,,,,,,,,,,,,,,,,,,,,,,,,,,,,,,,,,,,,,,,,,,,,,,,,,,,,,,,,,,,,,,,,,,,,,,,,,,,,,,,,,,,,,,,,,,,,,,,,,,,,,,,,,,,,,,,,,,,,,,,,,,,,,,,,,,,,,,,,,,,,,,,,,,,,,,,,,,,,,,,,,,,,,,,,,,,,,,,,,,,,,,,,,,,,,,,,,,,,,,,,,,,,,,,,,,,,,,,,,,,,,,,,,,,,,,,,,,,,,,,,,,,,,,,,,,,,,,,,,,,,,,,,,,,,,,,,,,,,,,,,,,,,,,,,,,,,,,,,,,,,,,,,,,,,,,,,,,,,,,,,,,,,,,,,,,,,,,,,,,,,,,,,,,,,,,,,,,,,,,,,,,,,,,,,,,,,,,,,,,,,,7.3778032607033381,8.4263123515588063,126.0000000000000000,,-155.0000000000000000,55.0000000000000000,,,916.0696799999999484,12.0696800000000000,30.6324062500000025,,53.6007050509687559,,0.2053161990312509,0.7685013519374999,21.9944812499999998,170.9585217876569914,13.8269838697772229,,,,,94.8828124343478976,-1.3282359659392284,17.1290891358243016,,,,,,,,,,7.6352001904896341,,697.4697113137893894,671.7196319566819511,-25.8536786693189242,1.3476741603838152,,38.5703863460242431,2.4047599490312503,-2.1994437499999995,,,,,,,,,,,,,,,,,,,,,,,,,,,,,,,,,,,,,,,,
"2004Q1",,,,,,,,,,,,,,,,,,,,,,,,,,,,,,,,,,,,,,,,,,,,,,,,,,,,,,,,,,,,,,,,,,,,,,,,,,,,,,,,,,,,,,,,,,,,,,,,,,,,,,,,,,,,,,,,,,,,,,,,,,,,,,,,,,,,,,,,,,,,,,,,,,,,,,,,,,,,,,,,,,,,,,,,,,,,,,,,,,,,,,,,,,,,,,,,,,,,,,,,,,,,,,,,,,,,,,,,,,,,,,,,,,,,,,,,,,,,,,,,,,,,,,,,,,,,,,,,,,,,,,,,,,,,,,,,,,,,,,,,,,,,,,,,,,,,,,,,,,,,,,,,,,,,,,,,,,,,,,,,,,,,,,,,,,,,,,,,,,,,,,,,,,,,,,,,,,,,,,,,,,,,,,,,,,,,,,,,,,,,,,,,,,,,,,,,,,,,,,,,,,,,,,,,,,,,,,,,,,,,,,,,,,,,,,,,,,,,,,,,,,,,,,,,,,,,,,,,,,,,,10.0997715218858151,10.8487456626593399,95.0000000000000000,,-138.0000000000000000,56.0000000000000000,,,897.2223636280000392,16.2223636280000001,37.1224827396249992,,64.6528103837143817,,-3.8141555790274997,0.2143777038749998,31.1301055192418801,172.6775079634290080,4.0019098476036561,,,,,103.1027770209600050,21.4528278579367964,13.5681409301603004,,,,,,,,,,-68.7358684637989796,,690.8252570357669811,664.5236592147322199,-28.7838909677989250,0.3679690963210645,,53.4333402645920543,3.1830944209724996,-6.9972499999999993,,,,,,,,,,,,,,,,,,,,,,,,,,,,,,,,,,,,,,,,
"2004Q2",,,,,,,,,,,,,,,,,,,,,,,,,,,,,,,,,,,,,,,,,,,,,,,,,,,,,,,,,,,,,,,,,,,,,,,,,,,,,,,,,,,,,,,,,,,,,,,,,,,,,,,,,,,,,,,,,,,,,,,,,,,,,,,,,,,,,,,,,,,,,,,,,,,,,,,,,,,,,,,,,,,,,,,,,,,,,,,,,,,,,,,,,,,,,,,,,,,,,,,,,,,,,,,,,,,,,,,,,,,,,,,,,,,,,,,,,,,,,,,,,,,,,,,,,,,,,,,,,,,,,,,,,,,,,,,,,,,,,,,,,,,,,,,,,,,,,,,,,,,,,,,,,,,,,,,,,,,,,,,,,,,,,,,,,,,,,,,,,,,,,,,,,,,,,,,,,,,,,,,,,,,,,,,,,,,,,,,,,,,,,,,,,,,,,,,,,,,,,,,,,,,,,,,,,,,,,,,,,,,,,,,,,,,,,,,,,,,,,,,,,,,,,,,,,,,,,,,,,,,,,8.9410913637241585,9.8460740980937000,116.0000000000000000,,-150.0000000000000000,56.0000000000000000,,,972.2223636280000392,16.2223636280000001,37.1224827396249992,,64.6528103837143817,,-3.8141555790274997,0.2143777038749998,31.1301055192418801,174.2403759710639974,3.6040311624033166,,,,,104.4413792367860054,-5.1372718467555103,12.3271432836310009,,,,,,,,,,-68.7358684637989796,,683.7076930642754178,656.5692216935110537,-31.8177500848846648,0.3697906599431590,,53.6978522298796364,3.1830944209724996,-6.9972499999999993,,,,,,,,,,,,,,,,,,,,,,,,,,,,,,,,,,,,,,,,
"2004Q3",,,,,,,,,,,,,,,,,,,,,,,,,,,,,,,,,,,,,,,,,,,,,,,,,,,,,,,,,,,,,,,,,,,,,,,,,,,,,,,,,,,,,,,,,,,,,,,,,,,,,,,,,,,,,,,,,,,,,,,,,,,,,,,,,,,,,,,,,,,,,,,,,,,,,,,,,,,,,,,,,,,,,,,,,,,,,,,,,,,,,,,,,,,,,,,,,,,,,,,,,,,,,,,,,,,,,,,,,,,,,,,,,,,,,,,,,,,,,,,,,,,,,,,,,,,,,,,,,,,,,,,,,,,,,,,,,,,,,,,,,,,,,,,,,,,,,,,,,,,,,,,,,,,,,,,,,,,,,,,,,,,,,,,,,,,,,,,,,,,,,,,,,,,,,,,,,,,,,,,,,,,,,,,,,,,,,,,,,,,,,,,,,,,,,,,,,,,,,,,,,,,,,,,,,,,,,,,,,,,,,,,,,,,,,,,,,,,,,,,,,,,,,,,,,,,,,,,,,,,,,7.7824112055625729,8.8434025335281312,137.0000000000000000,,-149.0000000000000000,56.0000000000000000,,,1028.2223636280000392,16.2223636280000001,37.1224827396249992,,64.6528103837143817,,-3.8141555790274997,0.2143777038749998,31.1301055192418801,180.9944551698839916,15.2122317666930940,,,,,111.6264436289529982,7.4576403681059560,4.8221234996271196,,,,,,,,,,-68.7358684637989796,,676.0444445122567458,647.8468461870050987,-34.8895020260238198,0.3720341187210757,,54.0236282188105363,3.1830944209724996,-6.9972499999999993,,,,,,,,,,,,,,,,,,,,,,,,,,,,,,,,,,,,,,,,
"2004Q4",,,,,,,,,,,,,,,,,,,,,,,,,,,,,,,,,,,,,,,,,,,,,,,,,,,,,,,,,,,,,,,,,,,,,,,,,,,,,,,,,,,,,,,,,,,,,,,,,,,,,,,,,,,,,,,,,,,,,,,,,,,,,,,,,,,,,,,,,,,,,,,,,,,,,,,,,,,,,,,,,,,,,,,,,,,,,,,,,,,,,,,,,,,,,,,,,,,,,,,,,,,,,,,,,,,,,,,,,,,,,,,,,,,,,,,,,,,,,,,,,,,,,,,,,,,,,,,,,,,,,,,,,,,,,,,,,,,,,,,,,,,,,,,,,,,,,,,,,,,,,,,,,,,,,,,,,,,,,,,,,,,,,,,,,,,,,,,,,,,,,,,,,,,,,,,,,,,,,,,,,,,,,,,,,,,,,,,,,,,,,,,,,,,,,,,,,,,,,,,,,,,,,,,,,,,,,,,,,,,,,,,,,,,,,,,,,,,,,,,,,,,,,,,,,,,,,,,,,,,,,6.6237310474009821,7.8407309689625038,149.0000000000000000,,-157.0000000000000000,56.0000000000000000,,,1031.2223636280000392,16.2223636280000001,37.1224827396249992,,64.6528103837143817,,-3.8141555790274997,0.2143777038749998,31.1301055192418801,190.9269559057100025,21.3698114850444654,,,,,144.4512375906680006,62.6248691479584920,-18.6925612385937008,,,,,,,,,,-68.7358684637989796,,667.7448394215219878,638.3640210338077168,-37.9313006127895278,0.3768715073351671,,54.7260726207808545,3.1830944209724996,-6.9972499999999993,,,,,,,,,,,,,,,,,,,,,,,,,,,,,,,,,,,,,,,,
"2005Q1",,,,,,,,,,,,,,,,,,,,,,,,,,,,,,,,,,,,,,,,,,,,,,,,,,,,,,,,,,,,,,,,,,,,,,,,,,,,,,,,,,,,,,,,,,,,,,638.0936123585584028,,,645.1784557403809686,,,,,425.4321943326196447,,,437.6952108074174816,,,,508.3083484437246398,,,528.5394676257092215,,,,,,435.1109341931975223,,,436.4233135213695505,,,,514.1327584112617615,,,527.5074135025447504,,,,,657.5507158796815474,,,665.0369305016723729,,,,,554.1170984379698439,,,554.1391677412196941,,,402.0135975837912952,,,,407.3020868251944648,,,,374.2788868705961818,,,,406.1078470535668998,,,,,5.2884892414016313,,,,4.4078582729670757,,,,-27.7347107131953905,,,,-22.1474408814997403,,,,4.0942494697739091,,,,1.1521245997783045,,,,,,,,,,,,,,,,,,,,636.5175855007830705,,,,,,237.3264259343095262,,,,228.7601644316677607,,,,,,133.0627409312977534,,,,,8.1109272587205528,,,,,,463.3550963993331493,,,455.2441691406131099,,,,456.2293628995129211,,,381.1951503922953748,,,373.0842231335740848,,,,372.1649632260043177,,,,,,,,,,,,,,,,,,,,,,,,,,,,,,,,,,,,,,,,,,,,,,,,,,,,,,,,,,,,,,,,,,,,,,,,,,,,,,,,,,,,,,,,,,,,,,,,,,,,,,,,,,,,,,,,,,,,,,,,,,,,,,,,,,,,,,,,,,,,,,,,,,,,,,,,,,,,,,,,,,,,,,,,,,,,,,,,,,,,,,,,,,,,,,,,,,,,,,,,,,,,,,,,,,,,,2.7526898930774468,4.3882108115022751,147.0000000000000000,,-179.0000000000000000,56.0000000000000000,,-13.0178285437104506,1056.4341683611501139,21.4341683611500002,44.5586467292500004,,79.1937975552412610,,-5.3807990644299970,0.8462388519374996,39.1697110384837544,207.6254933269040066,33.5380075558696262,,,,,164.1802292001459875,52.4230805045898762,-21.1996153716221016,,,,,,,,,,-61.0427998288643323,,659.7482629874648410,628.1458580714654545,-40.8726518493690492,1.5033039404180464,,69.5831688823687529,2.2464509355700031,-7.6272500000000001,,,,,,,,,,,,,,,,,,,,,,,,,,,,,,,,,,,,,,,,
"2005Q2",,,,,,,,,,,,,,,,,,,,,,,,,,,,,,,,,,,,,,,,,,,,,,,,,,,,,,,,,,,,,,,,,,,,,,,,,,,,,,,,,,,,,,,,,,,,,,640.1041905742107474,,,647.0276629100666241,,,,,424.7401402696557966,,,440.4737526921363724,,,,508.9678069099514346,,,530.6631148856708933,,,,,,438.1699866514140922,,,438.8419520592053118,,,,514.5836444429382937,,,529.1833888167089981,,,,,659.6421198749535506,,,667.2502841418195203,,,,,555.8133437791873348,,,555.9232086758848936,,,402.2929337695715049,,,,407.4640603333183435,,,,374.6826387760525563,,,,407.4419244728865124,,,,,5.1711265637455304,,,,4.3065578901568200,,,,-27.6102949935197231,,,,-21.6488040530475310,,,,5.1489907033137898,,,,1.1497929239825666,,,,,,,,,,,,,,,,,,,,635.5812803273471445,,,,,,238.8024814614880995,,,,228.7968054046547195,,,,,,135.2213888419593957,,,,,10.6852614674598527,,,,,,465.2553672741222499,,,454.5701058066630367,,,,456.3580279803341568,,,386.9293489599417057,,,376.2440874924811851,,,,374.1298312294383663,,,,,,,,,,,,,,,,,,,,,,,,,,,,,,,,,,,,,,,,,,,,,,,,,,,,,,,,,,,,,,,,,,,,,,,,,,,,,,,,,,,,,,,,,,,,,,,,,,,,,,,,,,,,,,,,,,,,,,,,,,,,,,,,,,,,,,,,,,,,,,,,,,,,,,,,,,,,,,,,,,,,,,,,,,,,,,,,,,,,,,,,,,,,,,,,,,,,,,,,,,,,,,,,,,,,,3.3994287868228277,4.9708961149089514,174.0000000000000000,,-195.0000000000000000,56.0000000000000000,,-12.5249226147972283,1116.4341683611501139,21.4341683611500002,44.5586467292500004,,79.1937975552412610,,-5.3807990644299970,0.8462388519374996,39.1697110384837544,220.2167997970769875,23.5506283025765697,,,,,176.6738807247909904,15.0691629078859251,-29.1348172936634988,,,,,,,,,,-61.0427998288643323,,651.0562178282791592,617.2358321490169146,-43.6401036897941594,1.5165280925409421,,70.1952729191862801,2.2464509355700031,-7.6272500000000001,,,,,,,,,,,,,,,,,,,,,,,,,,,,,,,,,,,,,,,,
"2005Q3",,,,,,,,,,,,,,,,,,,,,,,,,,,,,,,,,,,,,,,,,,,,,,,,,,,,,,,,,,,,,,,,,,,,,,,,,,,,,,,,,,,,,,,,,,,,,,643.2117601456595821,,,648.8765323309625046,,,,,423.0389357279570390,,,443.3017044070531369,,,,510.3070658591744291,,,532.8019245309304779,,,,,,441.8191242316854641,,,441.2866571495787866,,,,515.6836971570911601,,,530.8535389348057834,,,,,662.5124880024147842,,,669.4807977591120789,,,,,557.3679929584930051,,,557.7012557093444229,,,402.6427124937012536,,,,407.6570335965873255,,,,375.3288290594347245,,,,408.8972222448533103,,,,,5.0143211028857619,,,,4.2049859404315271,,,,-27.3138834342663444,,,,-21.1486958596080825,,,,6.2545097511509091,,,,1.1471409616544643,,,,,,,,,,,,,,,,,,,,634.3996497270173904,,,,,,240.0174488162853663,,,,228.8348456023534823,,,,,,137.8027804981592510,,,,,13.2748326858557792,,,,,,466.8981888591499114,,,453.6233561732950648,,,,456.5009891812464389,,,393.5453231108539285,,,380.2704904249976607,,,,376.3130178999214195,,,,,,,,,,,,,,,,,,,,,,,,,,,,,,,,,,,,,,,,,,,,,,,,,,,,,,,,,,,,,,,,,,,,,,,,,,,,,,,,,,,,,,,,,,,,,,,,,,,,,,,,,,,,,,,,,,,,,,,,,,,,,,,,,,,,,,,,,,,,,,,,,,,,,,,,,,,,,,,,,,,,,,,,,,,,,,,,,,,,,,,,,,,,,,,,,,,,,,,,,,,,,,,,,,,,,4.0461676805681890,5.5535814183155772,135.0000000000000000,,-221.0000000000000000,57.0000000000000000,,-12.0281929134505550,1179.4341683611501139,21.4341683611500002,44.5586467292500004,,79.1937975552412610,,-5.3807990644299970,0.8462388519374996,39.1697110384837544,228.5000224334949905,14.7695175106787246,,,,,182.5955791549280036,3.8343253566325757,-35.3803577788573023,,,,,,,,,,-61.0427998288643323,,641.5361098043914581,605.6971696185731844,-46.1546501217749210,1.5263009731495543,,70.6476285497230947,2.2464509355700031,-7.6272500000000001,,,,,,,,,,,,,,,,,,,,,,,,,,,,,,,,,,,,,,,,
"2005Q4",,,,,,,,,,,,,,,,,,,,,,,,,,,,,,,,,,,,,,,,,,,,,,,,,,,,,,,,,,,,,,,,,,,,,,,,,,,11.3100081626752029,15.2084665595953794,,-4.3157901511571133,20.8878916100486194,25.4633673346835465,0.1229055765172604,-4.6983813011523026,4.7645466801172685,0.0641246486176089,4.5091264565020728,0.1912955749975906,14.3424301274906867,14.7640272315902514,-0.2303015291019636,-0.1912955749975931,8.7427472887316995,-2.8146123128123040,,647.9093600525650345,,,650.7239723653771080,7.3897601376590440,,-26.4960380982621473,,419.6849124636592592,,,446.1809505619212359,11.5169846194704295,,-22.9417042744249997,512.0145975549289687,,,534.9563018293548566,,,2.4934842467083822,,,446.2496829141396120,,,443.7561986674317041,9.8781660714152348,,-14.9419611642529322,517.5760779642165517,,,532.5180391284696952,6.6580007746552115,,-5.3437207181364874,,666.3839176975563987,,10.3890214527508196,671.7276384156933773,,,-0.8910055576788682,,558.5808048086153121,,,559.4718103662945623,7.0822186278050907,,403.2987322165888031,2.6240788915488062,,,408.0118603056915845,1.4193068364174606,,,376.9329821941087744,6.4166125386984927,,,410.7930879549962242,7.5834628405701343,,,,4.7131280891032228,,,,4.1030582157281819,,,,-26.3657500224796557,,,,-20.6466887804061585,2.0080283168075543,,,7.4943557384071093,,,,1.1441364045203857,-0.0120182285379418,,,7.9529763957349919,,,,,,2.9327850151924286,5.9306964199559298,-2.5693035800440671,5.0684445053715939,,,,,,,633.0474803222992932,-5.4086776188690537,,,-7.5071158501494857,2.0797326035515793,240.6837390452170666,,,,228.8741630416566863,0.1572697572128681,,,11.8095760035608954,544.3193113410303567,141.0205791244414968,12.8711945051294521,,-2.0031116636679740,-0.0673758512554823,15.6481190286095213,9.4931453710149558,,,4.7039316740552302,0.7036461422886251,468.1493745711853762,,,452.5012555425759615,,,-4.1585794174628985,456.6598349600387223,0.6353831151694711,,401.3232015696053736,,,385.6750825409951631,,,6.9363016738693357,378.7387808671255129,9.7030518688158320,,0.0024530303535643,0.8002875871776945,-0.5862451842585326,,,,,,,,,,,,,,,,,,,,,,,,,,,,,,,,,,,,,,,,,,,,,,,,,,,,,,,,,,,,,,,,,,,,,,,,,,,,,,,,,,,,,,,,,,,,,,,,,,,,,,,,,,,,,,,,,,,,,,,,,,,,,,,,,,,,,,,,,,,,,,,,,,,,,,,,,,,,,,,,,,,,,,,,,,,,,,,,,,,,,,,,,,,,,,,,,,,,,,,,,,,,,,,,4.6929065743135112,6.1362667217221833,153.0000000000000000,,-183.0000000000000000,58.0000000000000000,,-11.5151626836611083,1118.4341683611501139,21.4341683611500002,44.5586467292500004,,79.1937975552412610,,-5.3807990644299970,0.8462388519374996,39.1697110384837544,235.4946674118399983,12.0607844008682150,,,,,205.8633843794779921,45.5454348230877599,-53.7494519057527995,,,,,,,,,,-61.0427998288643323,,631.0133910137255953,593.6142345732948797,-48.3317401811132186,1.5282546207247956,,70.7380566963604451,2.2464509355700031,-7.6272500000000001,,10.9478643592041607,,,,,,,,,,,2.6588109753000140,,1.4294268170747415,,6.6269518485445218,,7.8784159149000601,,-5.2650104478417603,,,,8.2777786801696784,,,,,,,,,,,,,,,
"2006Q1",11.2862863983637993,12.4854945774634007,13.1484625477157007,672.2805871177350809,558.9590628610890235,655.1083320243502612,513.8604050251681201,413.8121846305798499,451.6259909089270081,518.2994680829688150,404.7409180749803568,381.1273391014197500,414.0975698923572281,8.7766647256778434,5.5929574666621011,631.6914775859102065,550.0968889448299706,-0.0523015676130711,17.3764287327884333,4.7863385636498688,0.7521695008350835,469.0176598421109020,411.0118346547298529,-5.1950991604853130,12.2013328690339335,19.8346675030643276,4.6000814430151191,11.2862863983637585,13.1484625477156882,25.4396110922492262,4.4355043499410467,14.6995271776209631,0.0392975759252220,0.0205030830913301,-0.0989591791341154,-1.4521054507711475,0.1440740099827423,-5.6442411651102233,673.9891773753479356,652.5683736946705267,449.1131681389225605,537.1264706258003798,446.2481665804821773,534.1772804059744431,5.0850186503539314,-20.1423343126701013,1.1407199554670848,2.8777735646981788,16.7774276292454267,13.2179277494414347,5.7687434335667573,2.9899385192994767,228.9144994288984662,2.0844907469458880,-7.2932843731959558,15.1755882645693170,-4.0480617043563241,12.4854945774634007,-1.7085902576130778,2.5399583296797630,-35.3009835083435135,-23.2660656006321638,5.3778243284456568,-15.8778123230061894,-2.2739366915211638,11.4221031929339407,672.2805871177348536,14.7298712380528709,-5.4240109455570309,408.7313036968672577,-0.0042701215006734,5.2126693188514954,-0.4613384921070767,-4.0809399993824007,11.2862863983637585,15.1755882645693170,0.1587598381506319,-4.0480617043563241,19.8346675030643276,25.4396110922492262,0.0392975759252220,-5.6442411651102233,4.6000814430151191,0.0205030830913301,4.4355043499410467,0.1440740099827423,13.1484625477156882,14.6995271776209631,-0.0989591791341154,-1.4521054507711475,12.4854945774634007,2.5399583296797630,0.5923048959022171,655.1083320243503749,28.7958878871430954,17.0147196657914215,652.5683736946705267,7.3776053171735505,7.3899179542896265,-35.3009835083435135,-23.6135343672217246,413.8121846305793383,-23.4909113323168555,-11.6200097020401127,449.1131681389225605,11.7288703080089078,11.4179573315050789,-23.2660656006321638,513.8604050251673243,7.3832298809539640,5.5520565814433329,537.1264706258003798,8.6806751857834943,8.5870030000907516,5.3778243284456568,5.5690499376183018,-11.4221031929339425,451.6259909089272355,21.5052319791501567,16.5150567157299051,446.2481665804821773,9.9678716522000830,9.8248530591120478,-15.8778123230061894,518.2994680829681329,2.8935604750082344,4.1667096717064807,534.1772804059744431,6.6369651100217411,6.6698669034308500,-1.7085902576130778,-1.6058229306047493,672.2805871177348536,23.5866776807148923,14.7298712380528709,673.9891773753479356,9.0461558386206509,8.9522468736757386,-2.2739366915211638,-0.9095746766084620,558.9590628610890235,1.5130322098939661,4.8419644231201104,561.2329995526104085,7.0447567452657882,7.0938318113905572,404.7409180749803568,5.7687434335667573,6.5065507092074659,2.7273204911876019,408.7313036968672577,2.8777735646981788,4.3207514357503083,1.4292168716719145,381.1273391014196932,16.7774276292454267,17.0751291780473728,6.8484522308229820,414.0975698923573987,13.2179277494414347,6.9011346235650812,7.9897228387897918,0.9175484324967936,3.9903856218864320,-2.8909698688669527,-1.2981036195150875,-0.0103029699790004,4.0006885918660613,-0.4094784954467139,-0.4071696811011185,1.3278823221918361,-23.6135789735606778,11.0086841956770307,4.1211317396349338,-3.4712446608905778,-20.1423343126701013,2.0174178709446915,2.0051065688295227,-0.3913002835074906,9.3566518173764841,7.4491843158776545,5.2624023476028245,8.2159318619094019,1.1407199554670848,-0.0136657962127295,-0.0114046443108337,22.7838198020796234,8.7766647256778381,7.6654786742064687,4.4559132899278255,1.4659747706284363,0.6136294782092011,-2.2934130551282954,2.9899385192994767,5.5929574666621100,-2.9070425333378918,5.0850186503539314,1.5046409490722663,4.6778489692528087,7.0901252191834336,5.0736140060431190,-2.2934130551280130,-2.2934130551281307,631.6914775859102065,-5.4240109455570309,-4.8261079148733845,632.4115392801911639,-7.2932843731959558,2.0844907469458880,240.3366026218317018,-1.3885456935401455,3.0101766875225042,-3.7708711762861711,228.9144994288984662,0.1613455489668454,0.1543349972307946,0.1532782715185033,11.4221031929339407,550.0968889448298569,145.3559708698489885,17.3415669816338749,12.2932299385511730,-1.9981174422736303,-0.0523015676130754,17.3764287327884475,6.9132388167156043,9.2655014740678876,5.9266435992961100,4.7863385636498679,0.7521695008350839,469.0176598421110157,3.4731410837023318,5.6625634427781018,451.6412311093223479,-3.4400977330146656,-3.6029380312910404,-5.1950991604852126,456.8363302698078883,0.7059812390773592,0.6069673702948097,411.0118346547294550,38.7545323404985709,29.8166842624340873,393.6354059219399915,31.8412935237805641,20.5511827883661873,12.2013328690327612,381.4340730529066832,10.7811687431289140,9.2691098269032519,-0.0042701215006734,5.2126693188514954,-0.4613384921070767,5.6141209330975501,-0.0505878757001345,0.0000000000000000,-2.3553742543036358,-0.1481657837359201,0.0000000000000000,0.1440740099827452,-0.1268597816533852,0.0000000000000000,-1.4521054507711508,5.5020680788637932,-17.3540409985561830,1.4883293997833515,-2.3125206340145108,-0.4360122325593233,-1.9175344684496136,-0.4613384921070776,0.7997226115076543,5.2126693188514981,0.5884176567761317,-0.5946693112982271,0.1118577582001424,0.0102726512632785,0.4896143834257125,0.0067101282027416,-0.0042701215006734,0.4261316116138730,0.2220105764574759,-0.0497389337988438,0.0355169538251752,0.0121661128561024,-0.0028493905285693,0.0119392796146212,0.0127314037494692,-0.0674313885708055,0.0110317325670786,-1.0773300260199363,0.2185903368165039,-2.6167799216582068,7.1378326471081195,0.1188879727753217,0.1341364354248366,2.0484220611946595,-56.0000000000000000,,,,,,,,,,,,,,,,,,,,,,,,,,,,,,,,,,,,,,,,,,,,,,,,,,,,,,,,,,,,,,,,,,,,,,,,,,,,,,,,,,,,,,,,,,,,,,,,,,,,,,,,,,,,,,,,,,,,,,,,,,,,,,,,,,,,,,,,,,,,,,,,,,,,,,,,,,,,,,,,,,,,5.6719429195708919,7.4614857695644474,328.0000000000000000,33.9858202668499985,41.0000000000000000,90.0000000000000000,401.0000000000000000,-10.4341368616073282,89.0141797331500015,25.0141797331500015,53.3493327396249981,13.1484625477157007,96.3618631599956217,24.5168713164906009,-2.8874563488712544,5.7038812499999993,40.1961055192418755,244.9291265844570091,15.7122479738613947,,,,,254.4842524576540086,103.3997565734529758,-99.4870752980661024,0.7551371393079799,0.0000000000000000,,,,1.4400423879354001,-2.6392505670350017,,,-50.4758838111333716,,621.3893296066647736,581.0937904439585964,-50.0817765173451335,10.2983878883814963,,72.5742819837746822,0.6800436511287455,-3.5674999999999999,26.6005637618370656,15.8700029384225729,33.3702459645442673,18.5479337074634429,-20.9357294748631944,-10.9702940315851691,7.6626238854085926,5.7090756781217777,23.9926767979006001,17.9570709949981477,2.9358306555434552,4.2547353537799353,5.9383816948901398,2.7648523038840551,2.9195815509305021,1.4394790071102790,18.2669623944011761,7.0884050009461248,14.1312912646514945,8.3175742237289683,-5.2795353596730763,-4.7115023799175617,-1.3789498633322239,3.0559405427629542,9.1733333333333444,,,,,,,,,,,,,,,
"2006Q2",8.7655210985139593,7.1364558473253297,11.4218211315115994,680.4610528421707158,561.5893455989462382,657.7121754475048192,525.5045285667140433,438.6879997694480267,476.3889356328748477,534.1337045574373406,408.0774219140744776,390.2239721760261659,421.8157682657310943,8.0934617495999248,6.3886967042740608,631.3628779733037391,559.2607098385650488,0.2423861222752279,17.6817863170945735,5.1914484742198654,0.7832431110488322,478.6138962374429298,422.4376513473035288,3.8996737507972625,20.3270228819873751,20.7352185355132548,-0.5478763054876373,8.7655210985139931,11.4218211315116065,25.3442451868428833,4.3598921280801317,14.6381271700722664,-0.0984822998019943,-0.0513820694620045,0.1151046809237824,-3.3314107194844071,-4.8563863641057683,-4.5105443515277326,676.1792137203395896,654.4073848330343708,452.0996840716717315,538.9497150269214671,448.7584309214917653,535.8319693718581220,5.1000904839924530,-19.6353900464595199,1.1367210153242249,7.1264468474930371,36.3865322984291168,30.8727934934909278,13.3460153563758990,3.0261562921988099,228.9553557629098464,2.0876591119064321,-6.2224711803323824,15.0660101448507895,-6.0355199961491097,7.1364558473253297,4.2818391218312870,3.3047906144704773,-13.4116843022236090,-13.4451864602060347,27.6305047113839102,-1.6982648144207995,-1.3931363016867009,9.5763931187482694,680.4610528421707158,20.8189329672166821,-1.3143984504272483,410.5129154087406960,-0.0142838057588807,18.7541611893082028,-0.0127264198386993,-6.1450981158676790,8.7655210985139931,15.0660101448507895,-0.2649690501878255,-6.0355199961491097,20.7352185355132548,25.3442451868428833,-0.0984822998019943,-4.5105443515277326,-0.5478763054876373,-0.0513820694620045,4.3598921280801317,-4.8563863641057683,11.4218211315116065,14.6381271700722664,0.1151046809237824,-3.3314107194844071,7.1364558473253297,3.3047906144704773,2.4866923826717406,657.7121754475042508,10.4153736926189655,17.6079848732930451,654.4073848330343708,7.3560445534540815,7.3797219229670290,-13.4116843022236090,-8.0683956491677442,438.6879997694484246,99.5032605554783203,13.9478594997929140,452.0996840716717315,11.9460637309983273,11.6259313795353698,-13.4451864602060347,525.5045285667143844,46.5764941661852561,16.5367216567632411,538.9497150269214671,7.2929776044808818,8.2866001412481918,27.6305047113839102,19.4752464692107523,-9.5763931187483333,476.3889356328753024,99.0517788957929213,38.2189489814621766,448.7584309214917653,10.0410573640374725,9.9164788622862421,-1.6982648144207995,534.1337045574364311,63.3369458978758217,19.5500601144988622,535.8319693718581220,6.6187558635336403,6.6485805551492190,4.2818391218312870,3.8016021701473517,680.4610528421707158,32.7218628977440744,20.8189329672166821,676.1792137203395896,8.7601453799650582,8.9289295785196607,-1.3931363016867009,-0.5572545206746887,561.5893455989463519,10.5211309514268745,5.7760018197595588,562.9824819006335019,6.9979293920916996,7.0592732247480550,408.0774219140747618,13.3460153563758990,10.3945105704127414,5.7844881445022303,410.5129154087406960,7.1264468474930371,8.4610370131779895,3.0488550754222725,390.2239721760265638,36.3865322984291168,19.9280663901806037,15.5413333999746328,421.8157682657305259,30.8727934934909278,10.3119693279825171,14.3738437928440614,5.3407499212153420,2.4354934946660132,-6.2195685088811841,-2.7356330690793600,-1.4623491149768939,3.8978426096435599,-0.4113839288885992,-0.4087152805132576,-0.2563934492485953,-17.8534497380477966,23.0405169420513083,9.7568452554718395,1.7819403084115610,-19.6353900464595199,2.0277770648441829,2.0134140065877455,38.5618591896121572,13.7383463516558795,17.5267781371179012,8.5893556483421776,12.6016253363316988,1.1367210153242249,-0.0159957605694565,-0.0130719086582133,32.6417547708871041,8.0934617495998147,7.7148628473024408,-0.3675752635776046,-3.3937315557763386,-2.3307087331397911,-4.4420120288653440,3.0261562921988099,6.3886967042740643,-2.1113032957259317,5.1000904839924530,3.3058670720872438,4.6913752034791827,7.1135044905801692,5.0870185753342527,-4.4420120288650580,-4.4420120288651788,631.3628779733038527,-1.3143984504272483,-4.2184023540427962,631.9799990947822153,-6.2224711803323824,2.0876591119064321,238.5317488816575633,-7.2194149606963016,-0.2707325798305145,-9.2090079991431946,228.9553557629098464,0.1634253360458250,0.1585503582550931,0.1552540692435600,9.5763931187482694,559.2607098385649351,151.1832879244900596,23.3092682185671798,15.9618990825296905,-1.9912450252736615,0.2423861222752237,17.6817863170945451,1.2214303372245587,6.9965248496347288,1.3731968157033165,5.1914484742198681,0.7832431110488282,478.6138962374423613,38.3849455813278766,13.3585289633212589,460.9321099203482959,37.1635152441016885,6.3620041136852015,3.8996737507971204,457.0324361695515449,0.7844235989751123,0.6744081892167887,422.4376513473022214,45.7032667702963664,35.5083023873614323,404.7558650302074170,44.4818364330696028,28.5117775377261857,20.3270228819873182,384.4288421482194735,11.9790763812545151,10.2990109187816561,-0.0142838057588807,18.7541611893082028,-0.0127264198386993,-1.6062914414063698,-0.1233853507939052,0.0000000000000000,-0.5595755359506356,-0.1538370043638441,0.0000000000000000,-4.8563863641057781,-0.1244047357724909,0.0000000000000000,-3.3314107194844169,1.8895232018935033,9.1551506683269341,22.1469244374634684,2.1259389424968789,0.1432156132425391,-0.4835616250782568,-0.0127264198386889,12.5849279974863677,18.7541611893082312,-1.4355242625764408,0.5050349842781630,0.4067428009332960,0.0373539306979555,0.6994491191728212,0.0090877459477986,-0.0142838057588808,0.4420336304917484,0.2099759865492400,-0.0479642988851143,0.0356720569795987,0.0140747080321117,-0.0036965439780190,0.0101470645273513,0.0116174396551274,-0.0842892357134481,0.2915495958315156,-4.7052132620715170,0.5454137022715942,7.1206352302979568,11.4200498875931800,0.1062905602972528,0.1490404838054961,2.2760245124385774,-55.0000000000000000,,,,,,,,,,,,,,,,,,,,,,,,,,,,,,,,,,,,,,,,,,,,,,,,,,,,,,,,,,,,,,,,,,,,,,,,,,,,,,,,,,,,,,,,,,,,,,,,,,,,,,,,,,,,,,,,,,,,,,,,,,,,,,,,,,,,,,,,,,,,,,,,,,,,,,,,,,,,,,,,,,,,6.1170296589227000,7.6008724237895890,349.0000000000000000,46.9858202668499985,57.0000000000000000,107.0000000000000000,452.0000000000000000,-10.1542324591258026,105.0141797331500015,25.0141797331500015,53.3493327396249981,11.4218211315115994,96.3618631599956217,19.9339120842319986,-2.8874563488712544,5.7038812499999993,40.1961055192418755,268.4345435012430130,36.6552835749403130,13.7098961838633500,,,,280.3949030882279772,40.1805769540104052,-103.7430572982499939,0.6699336125276547,0.0000000000000000,,,,1.3947574524444899,0.2343077987441398,,,-50.4758838111333716,,610.7394406062128382,568.2659751341159335,-51.3112612393706513,10.3322840118524262,,72.8131530429733118,0.6800436511287455,-3.5674999999999999,38.7104705315192064,23.1446296802882756,10.9771054592218746,19.2533277120237329,170.4812531754877227,14.9674196676124325,59.3232452757432043,17.9826290933473558,169.2628324671771907,46.5489754206253110,88.3947781565198909,21.5919524865880277,14.2775729687631951,5.9550627000112684,7.3865191806240773,3.0958086288692925,43.8880416987805404,16.8140693598527662,36.1691851320881597,15.4582074147167532,-1.3057979568173721,-4.1306657804440476,-6.9649748859869476,-0.2703664296853816,8.4299999999998931,,,,,,,,,,,,,,,
"2006Q3",9.2211763385167291,10.3978506984354997,11.4203878366752001,684.0094175736288662,573.4444213220932625,663.8859062164431180,518.9599329333412925,452.6601849142521701,454.0043594696325044,529.4986724788757328,409.5303377765441724,394.6931126069369498,419.3634188250890702,7.6961041136128392,7.3439759531396929,631.2260986486811589,565.4957940638388436,0.5514083600156425,18.9374324599570336,5.3448503588170588,0.7956963237913105,476.7054198943936854,423.1465853416262917,0.5837957118525878,16.9768878412053823,18.1110488406570944,2.5305153345346061,9.2211763385165408,11.4203878366752178,25.3129438804242000,4.3384085606403664,14.5848786203252772,-0.1263109267989622,-0.0659013531125957,0.1535941952720799,-3.3180849789221356,-1.7419918729931381,-7.0755841129682526,678.5176381475814651,656.2685988880722334,455.1618484011090118,541.1677498140917351,451.3361638926162414,537.4401860104295565,5.1058513122587694,-19.1237042562221191,1.1316653898406535,4.7187878595697050,17.8765617236438850,-9.8093977625739353,5.8116634498782593,3.0315666292196526,228.9936362259603300,2.0904045458341201,-5.4674448448158035,15.0664738207392421,-5.4994910070392100,10.3978506984354997,5.4917794260470378,7.6173073283698560,-2.5016634868577281,-22.2078168807496077,2.6681955770169501,-7.9415135315545156,8.7324704555637478,9.4772825090444606,684.0094175736289799,21.4969295712117905,-0.5471172984893529,411.6926123736338354,0.0950105864754514,-17.8191166615893160,-3.2341115446544100,-5.4990273311507449,9.2211763385165408,15.0664738207392421,-0.3458064751836945,-5.4994910070392100,18.1110488406570944,25.3129438804242000,-0.1263109267989622,-7.0755841129682526,2.5305153345346061,-0.0659013531125957,4.3384085606403664,-1.7419918729931381,11.4203878366752178,14.5848786203252772,0.1535941952720799,-3.3180849789221356,10.3978506984354997,7.6173073283698560,4.3029533469577750,663.8859062164427769,24.6949230757542750,20.6741460707820366,656.2685988880722334,7.4448562201549597,7.3920665571091835,-2.5016634868577281,-1.7844149114472714,452.6601849142519995,55.8887405792179806,29.6212491862957137,455.1618484011090118,12.2486573177541800,11.8601439940563598,-22.2078168807496077,518.9599329333408377,-26.1783825334974978,8.6528670741655098,541.1677498140917351,8.8721391486786025,8.3658252831593121,2.6681955770169501,3.5519319515545504,-9.4772825090446329,454.0043594696329023,-89.5383046529709929,12.1852352379475803,451.3361638926162414,10.3109318844953766,10.0495067430371545,-7.9415135315545156,529.4986724788753918,-18.5401283142447646,13.8149753217847113,537.4401860104295565,6.4328665542895571,6.5866470756251401,5.4917794260470378,1.6800580742007383,684.0094175736289799,14.1934589258319086,21.4969295712117905,678.5176381475814651,9.3536977089672355,9.0368403884685939,8.7324704555637478,3.4929881822254663,573.4444213220934898,47.4203028925881114,16.0764283636012451,564.7119508665300600,6.9178758635889839,7.0106951571861806,409.5303377765443429,5.8116634498782593,5.5914866930654297,6.8876252828431399,411.6926123736338354,4.7187878595697050,6.6412495467243104,4.0355787770460960,394.6931126069370634,17.8765617236438850,2.9368819066455742,19.3642835475026374,419.3634188250891839,-9.8093977625739353,-0.2460888677547919,10.4661965802349055,6.2888800426469436,2.1622745970892607,-1.0928755903068494,-2.8520465057963045,-1.6318490389667846,3.7941236360567108,-0.4148758943458850,-0.4108623043750459,4.3223454207558234,-14.8372251696073363,12.0648982737644008,12.4766582646589725,4.2864790866145777,-19.1237042562221191,2.0467431609524978,2.0249916033861810,-6.4795476797245666,9.8330810485440718,-15.6210612124488399,3.5785712973923829,8.7014156587035600,1.1316653898406535,-0.0202225019356279,-0.0154755718147169,-8.6835413499792864,7.6961041136127228,7.7225420471323050,1.0548545668889528,-1.9767120623305665,-1.6893268063945812,-2.8453508532545082,3.0315666292196526,7.3439759531396884,-1.1560240468603129,5.1058513122587694,1.0407344521291504,4.6949890078837422,7.1308429156449638,5.0903757404440908,-2.8453508532542662,-2.8453508532543292,631.2260986486824095,-0.5471172984893529,-3.1735510783356782,631.7236492519255080,-5.4674448448158035,2.0904045458341201,238.4709187350042612,-0.2433205866103352,-1.5465300812806764,-4.5215108971832745,228.9936362259603300,0.1531218522044081,0.1587906236073562,0.1454657595941702,9.4772825090444606,565.4957940638387299,155.9654562872933354,19.1286734512141585,18.1626757891329049,-1.9817186033600258,0.5514083600156398,18.9374324599569839,5.0225845714493920,5.6625997741012908,4.4141202030831348,5.3448503588170562,0.7956963237913135,476.7054198943939127,-7.6339053721946994,9.8072310352442891,457.7679874344366908,-12.6564899436458624,4.1446312611419600,0.5837957118528522,457.1841917225839325,0.6070222121347986,0.6832025413372302,423.1465853416229947,2.8357359772860455,29.6012622307691728,404.2091528816654318,-2.1868485941657543,23.9386624566677639,16.9768878412010658,387.2322650404638580,11.2136915689809484,10.9192471405443214,0.0950105864754514,-17.8191166615893160,-3.2341115446544100,4.3296227747728349,-0.0640890470765297,0.0000000000000000,-3.9182030668988617,-0.1034889610357756,0.0000000000000000,-1.7419918729931352,-0.1168672780462709,0.0000000000000000,-3.3180849789221369,5.4610592912178220,5.6578944387252079,-17.3525114951949391,-2.3001367127247514,1.6434430385645129,9.2897249762383503,-3.2341115446544073,16.8583758123253276,-17.8191166615893053,-0.7926211410461623,0.7441489192930275,0.3988717927892344,0.0366310830112567,-2.0364018705131208,0.0124289925614635,0.0950105864754515,0.5382934654076204,0.4103240807615956,-0.2165548239655364,0.0278682349712592,0.0237175296309560,-0.0058263174231751,-0.0021322170391498,0.0115113451183498,-0.1268808816768847,0.3235654050769284,3.6493877557459555,0.3139611718272950,-1.8340020136414097,2.1381611373501528,0.0907775238473680,-0.0989590269426988,0.4325228258513723,-54.0000000000000000,,,,,,,,,,,,,,,,,,,,,,,,,,,,,,,,,,,,,,,,,,,,,,,,,,,,,,,,,,,,,,,,,,,,,,,,,,,,,,,,,,,,,,,,,,,,,,,,,,,,,,,,,,,,,,,,,,,,,,,,,,,,,,,,,,,,,,,,,,,,,,,,,,,,,,,,,,,,,,,,,,,,6.5621163982745969,7.7402590780147875,390.0000000000000000,42.9858202668499985,50.0000000000000000,107.0000000000000000,479.0000000000000000,-11.3035179237131622,103.0141797331500015,25.0141797331500015,53.3493327396249981,11.4203878366752001,96.3618631599956217,20.9555792454430012,-2.8874563488712544,5.7038812499999993,40.1961055192418755,285.7044659263589779,24.9403369010951792,-9.7086826182264758,,,,285.5910209367569905,0.0856197504567717,-96.8245620648553000,0.6321711750782880,0.0037995087986087,,,,1.4273819228553200,-2.6040562827740903,,,-50.4758838111333716,,598.8186577694614243,555.2861112592950121,-51.9194554992836856,10.3464261096700465,,72.9128145245549177,0.6800436511287455,-3.5674999999999999,15.2501260109213490,23.9823828473879388,28.0114120704317884,22.9664614061304064,74.8725795359613073,34.4755876155809062,-23.0322609523148714,9.0382629348301435,-59.1548887109248938,12.9587308589025270,-16.9229157379952966,14.8147476179749731,5.9838602245917656,7.1303630151255106,4.8318947270496722,4.1181147820506681,19.5740450369889629,21.3662728263845452,-9.3436296953890263,11.0335215637412034,-0.5456233376123834,-3.1237224494888807,-0.2430248020212247,-1.5346327158923856,7.9999999999998739,,,,,,,,,,,,,,,
"2006Q4",8.5973098135592494,6.9395609860391900,10.9215918797282008,684.1925241024251818,576.0379608509541640,665.9647525307173055,508.6086231753135962,466.2096414332827408,462.6079032126723973,532.6524958403209666,411.2907015835913853,396.2815240772370089,423.3145613699207388,7.1669286690359684,7.8444685154639124,630.9936581089320953,571.5808490652733553,0.8795382667574714,20.9797079005478295,5.2328974552316634,0.7866711959930179,477.6174261893382891,407.7463456772720747,-0.6324644458060220,-3.0694033040172144,15.3721006060831549,4.1468010872046408,8.5973098135593009,10.9215918797282061,25.2051991288407251,4.3359623909697609,14.5404049233471078,-0.0768560573257461,-0.0400988125178674,0.1224858787672660,-3.7412989223861697,-0.1490624912472708,-9.7562424654321305,680.8509563926043029,658.1534566307191199,458.2954420897768273,543.0866651684081035,454.0033692826112883,538.9993335451717940,5.1023127171202516,-18.6013041910484027,1.1268290428067151,6.4168017666176960,6.3536458811993626,15.8045701793264577,7.0414552281871874,3.0005177001078605,229.0269121151835066,2.0873981250690070,-5.7817060018167190,15.0007565964634768,-6.1640060342932399,6.9395609860391900,3.3415677098201249,7.8112958999981510,7.9141993435049400,-34.4780419930950828,8.6045339300621304,-6.3468377048517697,9.6389081079377945,9.6496410790085676,684.1925241024234765,17.8086064048673727,-0.9297621589956035,413.2968128152887175,0.1052142535414218,15.1904946684543258,-1.1693752509783035,-6.2297232585690416,8.5973098135593009,15.0007565964634768,-0.2394407486109101,-6.1640060342932399,15.3721006060831549,25.2051991288407251,-0.0768560573257461,-9.7562424654321305,4.1468010872046408,-0.0400988125178674,4.3359623909697609,-0.1490624912472708,10.9215918797282061,14.5404049233471078,0.1224858787672660,-3.7412989223861697,6.9395609860391900,7.8112958999981510,3.9758919836098205,665.9647525307175329,8.3153852570988285,18.0553924781522284,658.1534566307191199,7.5394309705868077,7.4294842653412925,7.9141993435049400,4.7198815971462809,466.2096414332823997,54.1978260761214656,46.5247289696238369,458.2954420897768273,12.5343747546724771,12.1144915278568277,-34.4780419930950828,508.6086231753128004,-41.4052390321174499,-3.4059743796152695,543.0866651684081035,7.6756614172677855,8.1303633390528205,8.6045339300621304,7.5887455967769970,-9.6496410790089264,462.6079032126727952,34.4141749721618027,16.3582202985335883,454.0033692826112883,10.6688215599805503,10.2471706151784296,-6.3468377048517697,532.6524958403209666,12.6152934457809138,15.0764178761043119,538.9993335451717940,6.2365901389724927,6.4812944167044346,3.3415677098201249,1.7295755832740758,684.1925241024234765,0.7324261151813545,17.8086064048673727,680.8509563926043029,9.3332729800919214,9.1233179769109434,9.6389081079377945,3.8555632431751237,576.0379608509542777,10.3741581154409808,17.4571560423393493,566.3990527430167958,6.7484075059474975,6.9272423767217628,411.2907015835913853,7.0414552281871874,6.2245788584718014,7.9919693670026914,413.2968128152887175,6.4168017666176960,7.7644216461508488,5.2849525095964331,396.2815240772363268,6.3536458811993626,-1.4666823782251921,19.3485418831271261,423.3145613699210230,15.8045701793264577,6.5203730805260474,12.5214734149234772,4.6031823836586661,2.0061112316971701,-0.6246534615677675,-2.7070168574057445,-1.6820932702186202,3.6882045019165610,-0.4236765365587494,-0.4148537138116487,7.1062360464780898,-15.0091775063546109,-0.6878093469897071,11.3565725161246007,3.5921266846931474,-18.6013041910484027,2.0896002606942714,2.0453845893575489,4.7544722130960650,12.0238597863295062,8.7631149511421516,4.5295040479218116,10.8970307435224782,1.1268290428067151,-0.0193453881339025,-0.0173073617138136,-72.6745973859561758,7.1669286690359968,7.6791538806692259,-0.5974929771151043,-3.5980106772228577,-2.5536694359410830,-3.2092009204766194,3.0005177001078605,7.8444685154639062,-0.6555314845360910,5.1023127171202516,1.4749620477551808,4.6874590033086267,7.1476973064778022,5.0850053554064791,-3.2092009204763232,-3.2092009204765994,630.9936581089328911,-0.9297621589956035,-2.0538222133673321,631.4822909774641175,-5.7817060018167190,2.0873981250690070,238.6765531941917118,0.8225378367498548,-2.0071858510257310,-3.5167409167477688,229.0269121151835066,0.1331035568903516,0.1527490735266913,0.1264483790458184,9.6496410790085676,571.5808490652735827,160.2901474816818848,17.2987647775572668,19.2695683572402352,-1.9785518306993011,0.8795382667574745,20.9797079005478828,8.1691017623643098,5.3315888719385747,6.9313339558152345,5.2328974552316616,0.7866711959930184,477.6174261893388007,3.6480251797803636,9.4680516181538952,456.6377182887906088,-4.5210765825853461,4.1364627462137848,-0.6324644458055955,457.2701827345964603,0.3439640480511664,0.6103477745573401,407.7463456772804875,-61.6009586573785199,6.4231441076749256,386.7666377767318409,-69.7700604197463434,1.0915552357356848,-3.0694033040114799,389.8360410807427456,10.4151041611214641,11.0972602136181813,0.1052142535414218,15.1904946684543258,-1.1693752509783035,-0.7593643631785598,-0.1420975575622270,0.0000000000000000,-4.8033335863544124,-0.0855257416386092,0.0000000000000000,-0.1490624912472853,-0.1086249107749044,0.0000000000000000,-3.7412989223861821,3.4282433171883895,9.4855054647355530,4.6764171091735705,0.2955613610540637,0.1215153295661651,6.1459199257123158,-1.1693752509782342,14.5121438587156248,15.1904946684542779,-1.0134389978417513,0.3848901576381856,0.3430056821786325,0.0315005218327302,3.1722337596880070,0.0070219854999157,0.1052142535414220,0.5365469949078382,0.5118329618116566,-0.2362363955006976,0.0191448943930380,0.0495051428752235,-0.0011451363918555,-0.0123622027038486,0.0060340338183304,-0.2323064165162105,0.3612144083427616,3.7549815592810418,0.0562764778745601,-0.9944177871543758,-15.4625314280901875,0.0705445045808405,-0.2023559428696963,0.3227817490413862,-53.0000000000000000,,,,,,,,,,,,,,,,,,,,,,,,,,,,,,,,,,,,,,,,,,,,,,,,,,,,,,,,,,,,,,,,,,,,,,,,,,,,,,,,,,,,,,,,,,,,,,,,,,,,,,,,,,,,,,,,,,,,,,,,,,,,,,,,,,,,,,,,,,,,,,,,,,,,,,,,,,,,,,,,,,,,7.0072031376264192,7.8796457322400428,404.0000000000000000,51.9858202668499985,51.0000000000000000,105.0000000000000000,499.0000000000000000,-11.0659030415328381,97.0141797331500015,25.0141797331500015,53.3493327396249981,10.9215918797282008,96.3618631599956217,19.3582760256930015,-2.8874563488712544,5.7038812499999993,40.1961055192418755,303.6295857833219998,24.3402200057380469,14.6210148860503750,,,,281.9969014987750029,-1.5637632037495450,-78.8229873219071067,0.6068336530310620,0.0280088677995795,,,,0.8867657129557500,0.7709831145643093,,,-50.4758838111333716,,585.2820320750735164,542.3360673509440630,-51.8001756334037964,10.3705033701807388,,73.0824905857635940,0.6800436511287455,-3.5674999999999999,0.7351149157362187,19.4928157164578835,8.6708988659184456,19.7880715194726662,71.9404931251443429,59.2407926273870942,-33.9033677879097155,-3.3486240288465723,41.0778598808618369,17.7722163486136822,13.4455652376943817,16.2722431104552356,7.2952884138010745,8.3200076359269701,6.6271536166976972,5.4270991856660800,6.5598335542631077,21.3471692587003758,17.1219720326077436,13.3391804862887682,-0.9254532352221503,-2.0328749366605194,0.8259299733714727,-1.9871759779026092,7.4300000000000255,,,,,,,,,,,,,,,
"2007Q1",10.4973739247728997,6.1696884879549101,11.0348046407591998,684.9180535567762718,566.5990935983684267,662.5703376436810004,526.7191769248551054,456.2927091575394343,492.4023126768717589,539.4521441750857775,415.9380118752764588,406.7074565091611476,419.6065369250534900,7.6312682849163513,7.1992373133975383,630.6039301684759266,573.9961493597154458,1.5161779867008676,22.8129177924511914,5.2241661212206409,0.7547811410732951,481.8590438423923388,404.8966237988060470,1.7767661663431795,-10.1587741687068842,19.8922069228322727,1.6399716426996747,10.4973739247727522,11.0348046407592388,25.1154994950484358,4.3258540282785676,14.5093503028509954,-0.0357434435187243,-0.0186487531402862,0.0547288372367936,-3.5292744993286091,-2.6672336324385317,-5.1875491286975519,683.3639907950864654,660.0936751615644198,461.5271221330252729,545.2547009793820507,456.8300477622293556,540.4642054721493878,5.0960810941188628,-18.0725310022893240,1.1215794294032344,16.8003263180228579,41.7037297276999723,-14.8320977794756939,18.5892411667392103,2.9447743881847850,229.0537693481010422,2.0879357620241028,-4.7752221402250319,14.9320032204759894,-4.3255082618071361,6.1696884879549101,1.5540627616892633,2.4766624821170873,-5.2344129754863520,-18.5355240545262099,35.5722649146436041,-1.0120612970635321,-1.4416795343255775,6.8661842180322674,684.9180535567764991,12.6374664390412939,-1.5589117618232076,417.4968943947949356,0.2368113934282962,-18.2512123413247345,5.2021923153806462,-4.3942616377947941,10.4973739247727522,14.9320032204759894,-0.1091210338959062,-4.3255082618071361,19.8922069228322727,25.1154994950484358,-0.0357434435187243,-5.1875491286975519,1.6399716426996747,-0.0186487531402862,4.3258540282785676,-2.6672336324385317,11.0348046407592388,14.5093503028509954,0.0547288372367936,-3.5292744993286091,6.1696884879549101,2.4766624821170873,2.0217228595220913,662.5703376436821372,-13.5776595481405096,7.4620056193305500,660.0936751615644198,7.7608741233838430,7.5253014668938762,-5.2344129754863520,-2.6336503315976598,456.2927091575394343,-39.6677291029729915,42.4805245269597194,461.5271221330252729,12.9267201729953829,12.4139539941035117,-18.5355240545262099,526.7191769248548781,72.4422149981580645,12.8587718996847595,545.2547009793820507,8.6721432438951958,8.1282303535810652,35.5722649146436041,24.4811343553369269,-6.8661842180330535,492.4023126768718157,119.1776378567986541,40.7763217679451202,456.8300477622293556,11.3067139184714094,10.5818811817463647,-1.0120612970635321,539.4521441750858912,27.1985933390613894,21.1526760921180639,540.4642054721493878,5.8594877079098140,6.2869250661767158,1.5540627616892633,4.3057626858409277,684.9180535567764991,2.9021178174022002,12.6374664390412939,683.3639907950864654,10.0521376099346877,9.3748134197394748,-1.4416795343255775,-0.5766718137302371,566.5990935983680856,-37.7554690103493513,7.6400307372783924,568.0407731326941985,6.5668815587067391,6.8077735800818804,415.9380118752758904,18.5892411667392103,14.4768698067046877,11.1970938002953826,417.4968943947949356,16.8003263180228579,14.2427183833806055,8.7655906979270224,406.7074565091610339,41.7037297276999723,21.6988762780626416,25.5801174077416391,419.6065369250529216,-14.8320977794756939,0.3124716871115818,5.5089670326944828,2.6164870529578796,1.5588825195185734,-1.7889148487144493,-2.4315031023677931,-2.0221415796592503,3.5810240991783737,-0.4287216109512921,-0.4196644926878527,5.6664988741196218,-9.2305553661152402,23.1144885609596784,14.3830236074459439,8.8419756361738511,-18.0725310022893240,2.1150927550390937,2.0698033103809510,17.8472356887105974,3.6685250497763962,-33.4213389462108168,-5.6881267676010729,2.5469456203738359,1.1215794294032344,-0.0209984536159922,-0.0191405260642459,-22.2832614272896308,7.6312682849162368,7.6121338713521380,-6.6114500984635356,-9.5562244866477624,-5.3904526651221305,-6.6912153517243178,2.9447743881847850,7.1992373133975320,-1.3007626866024742,5.0960810941188628,5.7911856948273597,4.6764166014310167,7.1658844044998276,5.0769405680546464,-6.6912153517239794,-6.6912153517239972,630.6039301684758129,-1.5589117618232076,-1.0875474174342374,631.4036398309767719,-4.7752221402250319,2.0879357620241028,235.9199535661322784,-11.0263985122324861,-4.4166490556982936,-8.7306800156345528,229.0537693481010422,0.1074289316709063,0.1392699192026668,0.1020574850873493,6.8661842180322674,573.9961493597149911,158.0581374844386744,-8.9280399889668054,12.7021666145896361,-1.9643474021612519,1.5161779867008640,22.8129177924514828,7.3328395676142257,5.4364890596631295,6.2623242000147048,5.2241661212206383,0.7547811410732947,481.8590438423939872,16.9664706122233007,12.8413840002832416,459.0461260499423020,9.6336310446062576,7.4048949406192026,1.7767661663442753,457.2693598835982698,-0.0032914039910050,0.4330296137896711,404.8966237988103671,-11.3988875138562022,-6.1152108559223368,382.0837060063581134,-18.7317270814734016,-11.5516999155845834,-10.1587741687019992,392.2424801750597112,9.6257563772715535,10.8084071221528966,0.2368113934282962,-18.2512123413247345,5.2021923153806462,0.1999079949353151,-0.1294396773504438,0.0000000000000000,1.6418205971050952,-0.0933102431427580,0.0000000000000000,-2.6672336324385206,-0.0956505712625441,0.0000000000000000,-3.5292744993285865,-2.4820485309422224,-10.6994373906058371,28.1512276204874752,1.5263033585511532,-3.2584868410554861,-5.2972427775006921,5.2021923153806569,23.8204455291310708,-18.2512123413248446,-1.0767485018085097,-0.7107843505199956,0.0420797662593184,0.0038644683299386,-22.4999850611646117,0.0183763186433105,0.2368113934282963,0.6574608481584265,0.8097301285917231,-0.4268762320121201,0.0160980070163333,0.0364262474524760,-0.0035876042954316,-0.0190194473749301,0.0092774494619933,-0.2782576776437757,0.6894120159488530,0.4015056117991733,0.1539004022696706,2.1688941227440921,-7.9181097567700363,0.0467770646795702,-0.3128590472363163,0.2521626322646036,-52.0000000000000000,,,,,,,,,,,,,,,,,,,,,,,,,,,,,,,,,,,,,,,,,,,,,,,,,,,,,,,,,,,,,,,,,,,,,,,,,,,,,,,,,,,,,,,,,,,,,,,,,,,,,,,,,,,,,,,,,,,,,,,,,,,,,,,,,,,,,,,,,,,,,,,,,,,,,,,,,,,,,,,,,,,,7.7856288135100229,6.8688736899840634,383.0000000000000000,54.4414080000000027,68.0000000000000000,106.0000000000000000,506.0000000000000000,-8.7627148556774745,107.5585920000000044,32.5585919999999973,56.6266999999999996,11.0348046407591998,106.0833499292721598,21.6135868407602985,15.3827288093844636,9.8557765118876937,24.2181446080000029,311.0524332404839924,9.6612011777683620,24.0047836082376591,,,,265.9104756787909878,-19.3165631318270243,-66.1646604437272998,0.1511411861660079,0.0635329799801176,,,,2.0391327994660098,2.2885526373519798,,,-56.7303100432509950,,567.4987740447891156,529.6249197820802692,-50.8445902754551753,17.9892383291120908,,44.2041248314354362,15.3827288093844636,0.0000000000000000,2.9446396039193132,13.4707223041629760,-12.6962348739934185,7.7474693267537162,-32.7448971133691487,52.9292553699914663,106.3538339713796574,13.7221172816572903,229.2925497289998020,50.3451128373631320,31.2568537792335235,23.5563029991141093,20.4292685565373660,11.8480354899936202,18.2940470789468606,9.1612441174974322,51.7459108972362003,29.1495919542750812,-13.7845661873376173,5.6635359265668370,-1.5468236283790304,-1.0816550007952088,-10.4402320375497908,-4.3205353062122072,7.9299999999998594,,,,,,,,,,,,,,,
"2007Q2",12.4760903017927003,15.4688593957299005,12.0130582298498005,687.5295083110245287,567.9996213545280170,664.3050337695137841,521.4524853072332462,456.1598097372740312,501.6068941772606991,541.9204157746959254,416.4509748968984582,401.6463306015624539,419.9315148151595167,7.1669286690359684,7.5888277667255011,630.3292680378898467,582.7253899812185409,1.9924691793651448,24.2958066622292463,5.2328974552316634,0.6994468116528947,486.1568225361336886,419.2045069439859617,4.7007373165844228,0.4567264293893913,17.8438888661463011,6.6452596654962299,12.4760903017926950,12.0130582298498076,25.0661063763468626,4.3395166171595889,14.4895325117114222,-0.0317136070255047,-0.0165462297525419,0.0545383174502039,-2.5310125993117603,2.3222892780891233,-7.1905039031750402,686.1506558316480096,662.1209516519808176,464.8872927346516803,547.8513924824767400,459.8639459191492165,541.7950353659773555,5.0509895525410720,-17.4949509872061206,1.1185818012896309,6.6561717923294399,-20.2445036303926109,1.2999115604244524,2.0518520864904879,2.7993855257029288,229.0660048317765813,2.0534438760815443,-3.4891622785905305,14.9160904817952371,-2.3372020257743618,15.4688593957299005,1.3788524793754049,2.1840821175313119,-8.7274829973786066,-26.3989071752429645,41.7429482581115892,0.1253804087164228,-1.6581279855228994,6.3981325254650967,687.5295083110230507,7.0684554688539079,-1.0986485223457227,419.1609373428773893,0.3746722365527258,0.3520026067628521,-4.9789473183085509,-2.3531147644552575,12.4760903017926950,14.9160904817952371,-0.1027981542283454,-2.3372020257743618,17.8438888661463011,25.0661063763468626,-0.0317136070255047,-7.1905039031750402,6.6452596654962299,-0.0165462297525419,4.3395166171595889,2.3222892780891233,12.0130582298498076,14.4895325117114222,0.0545383174502039,-2.5310125993117603,15.4688593957299005,2.1840821175313119,1.1390868287095604,664.3050337695127610,6.9387845033279740,6.5928583220091026,662.1209516519808176,8.1091059616655912,7.7135668189468998,-8.7274829973786066,-5.4565566403027042,456.1598097372736902,-0.5315976810595484,17.4718099678264664,464.8872927346516803,13.4406824065056298,12.7876086629806771,-26.3989071752429645,521.4524853072329051,-21.0667664704862005,-4.0520432594795643,547.8513924824767400,10.3867660123741548,8.9016774555544114,41.7429482581115892,28.7742014574468499,-6.3981325254646499,501.6068941772606991,36.8183260015563789,25.2179585443860823,459.8639459191492165,12.1355926276811612,11.1055149976572718,0.1253804087164228,541.9204157746943338,9.8730863984378185,7.7867112172577002,541.7950353659773555,5.3233195753147733,5.9630659941218305,1.3788524793754049,3.5229987039925739,687.5295083110230507,10.4458190169904732,7.0684554688539079,686.1506558316480096,11.1466601462432884,9.9714421113088427,-1.6581279855228994,-0.6632511942091552,567.9996213545275623,5.6021110246360948,6.4102757555811305,569.6577493400513958,6.4679048294280834,6.6752674394161238,416.4509748968989697,2.0518520864904879,6.4297276130937462,8.3735529828241209,419.1609373428773893,6.6561717923294399,8.3987749175137534,8.6480219341369171,401.6463306015620560,-20.2445036303926109,-2.5729631597012759,11.4223584255364248,419.9315148151596304,1.2999115604244524,4.8661682659670795,-1.8842534505726127,2.3827084885944991,2.7099624459787068,4.6043197058410215,0.2744689513128178,-0.7537494953079646,3.4637119412874902,-0.4692486315623413,-0.4341306683562158,4.7839650220608512,-14.8046442953364199,-22.2963557168846300,3.0488054427114095,2.6903066918690186,-17.4949509872061206,2.3103200603354765,2.1404390592533047,19.2594183149221152,3.4805399182604195,-0.7519405260637342,-10.2578064333954533,2.3619581169707580,1.1185818012896309,-0.0119905124527423,-0.0181392140351064,47.7032255335571449,7.1669286690359737,7.3811264466813693,-1.2318462484774155,-4.0312317741803874,-2.6475591519942365,-3.5587313852683429,2.7993855257029288,7.5888277667255029,-0.9111722332744783,5.0509895525410720,2.3150978659957664,4.6168588841848148,7.1914286117943238,5.0328503385059591,-3.5587313852680249,-3.5587313852682665,630.3292680378895056,-1.0986485223457227,-1.0336099354139532,631.0416564279861404,-3.4891622785905305,2.0534438760815443,235.4641373572409861,-1.8232648355669898,-3.0676115244166242,-3.9578596420093812,229.0660048317765813,0.0489419347036815,0.1106490688672855,0.0464948379684683,6.3981325254650967,582.7253899812184272,166.2744150843188891,32.8651103995254132,15.0911271598291137,-2.0245215534982988,1.9924691793651481,24.2958066622291717,5.9315554791112168,6.6140203451341089,5.1412969292122712,5.2328974552316678,0.6994468116528987,486.1568225361339728,17.1911147749666249,7.5429262986924410,461.8610158739047620,11.2595592958540784,0.9289059535563586,4.7007373165849886,457.1602785573201686,-0.4363253051073477,0.1278423877701496,419.2045069439865870,57.2315325807235524,-3.2331444033163139,394.9087002817571488,51.2999771016135782,-9.8471647484499663,0.4567264293905908,394.4519738523659953,8.8379747092284013,10.0231317041493320,0.3746722365527258,0.3520026067628521,-4.9789473183085509,9.8840151517524450,-0.0936181439489563,0.0000000000000000,-3.5592195130871573,-0.0700447097049057,0.0000000000000000,2.3222892780891158,-0.0847242881109772,0.0000000000000000,-2.5310125993117865,0.5308865608686233,-5.6037909830452577,16.7436088046921725,4.6143630492222050,-1.8405461234871154,-1.0814561717926563,-4.9789473183084283,-38.6042944725155479,0.3520026067628237,-1.0250888352463603,0.2595141846677276,-0.0723065583022151,-0.0066403982114283,35.4057658873017544,-0.0545818183779816,0.3746722365527257,0.7986949342618618,1.0326110972351510,-0.6047970550976212,-0.0233850738602360,0.2087103078385387,0.0069080958016122,-0.0531155503836774,-0.0256983097401558,-0.2320136491298243,0.5672618718663248,-0.3307687209030377,0.1709265035911645,3.5991422934513366,7.8726315725452878,0.0201437846869391,-0.4333630415152618,0.1747939696816880,-51.0000000000000000,,,,,,,,,,,,,,,,,,,,,,,,,,,,,,,,,,,,,,,,,,,,,,,,,,,,,,,,,,,,,,,,,,,,,,,,,,,,,,,,,,,,,,,,,,,,,,,,,,,,,,,,,,,,,,,,,,,,,,,,,,,,,,,,,,,,,,,,,,,,,,,,,,,,,,,,,,,,,,,,,,,,8.0179874264724731,7.7153224744840401,431.0000000000000000,54.0553839999999965,76.0000000000000000,118.0000000000000000,547.0000000000000000,-7.7352734754515335,102.9446159999999963,31.9446160000000035,67.6945021160000096,12.0130582298498005,141.9794705464888409,24.2804625585516014,-39.8849649267366715,8.6900208202254685,105.4799125370000183,339.4253021989829904,34.9169624860123804,17.8699987895670063,,,,295.3821147063679859,51.8043906719489655,-77.0608345485041042,0.1401224862888482,0.0912706889059408,,,,1.7143690393331901,-4.7071381332703908,,,-56.7303100432509950,,545.8540095576022395,517.3885861536733728,-48.9453345136275857,15.9050701182984238,,193.0565460865537943,-39.8849649267366715,0.0000000000000000,11.0108979428116527,7.3242623112318483,7.1851840955696531,6.8150430577744316,-0.5301872010534936,19.0910451249034736,-18.9956771891800997,-3.9710456896165169,44.5106845011866881,28.6827111953468545,10.3769195536526126,8.0979000174238820,2.0730472879320274,8.7341286441931913,6.8826927817926133,9.0329800062898897,-18.3268628060641277,12.1002735428685071,1.3083971392248799,-1.8666123698950088,-1.0926354205650313,-1.0282865447396574,-1.8067439213082253,-3.0210377709570366,7.4300000000000033,,,,,,,,,,,,,,,
"2007Q3",10.6236641255728994,6.5375456026015897,11.0736799436295996,687.9919170251073410,572.2087738398014380,662.8679085583133883,532.0610690125453175,456.1094827355735788,496.6123226037643121,540.1334788757615115,417.3642847405225211,399.7084768822252840,421.9054723274900880,5.9086184125836718,8.9793485445485395,630.6147602397663832,589.0502505646093141,2.3113430130161703,26.0823593316135707,5.2288482357023600,0.6216463215229923,488.9575589326564113,429.6617288515551536,5.9525949786952310,7.1208051121963081,20.4818943638653188,1.2154497053370332,10.6236641255727822,11.0736799436296049,25.1676087900119647,4.3208682152945883,14.4785591872543495,0.0315058219422053,0.0164378201436670,-0.0610213516253962,-3.3438578919993223,-3.1218563301011977,-4.7172202480889007,689.3617353704144080,664.2467558607933142,468.3829257596160573,551.4528659199547747,463.1253774937798084,542.9799483906774640,5.0768289512299241,-16.9428751193954419,1.1143848816903452,5.6045945389392013,-7.7514148773487568,7.8958300493124165,3.6532393744925029,2.7554893592244913,229.0791383354764434,2.0839357236418397,-4.0457445517361910,15.0099178180521928,-4.4952186861907073,6.5375456026015897,-1.3698183453076984,-1.3788473024811774,-12.2734430240428640,-19.3917969074101251,33.4869451099847026,-2.8464695149160097,0.9544330044800051,7.0558952582915424,687.9919170251064315,3.9824994514780401,1.1419688075091534,420.5620859776133784,0.4379628637694983,1.2870550521203223,-1.8243725697887705,-4.4013913499337214,10.6236641255727822,15.0099178180521928,0.1089649937111794,-4.4952186861907073,20.4818943638653188,25.1676087900119647,0.0315058219422053,-4.7172202480889007,1.2154497053370332,0.0164378201436670,4.3208682152945883,-3.1218563301011977,11.0736799436296049,14.4785591872543495,-0.0610213516253962,-3.3438578919993223,6.5375456026015897,-1.3788473024811774,-1.1247693867978996,662.8679085583122514,-5.7485008448015407,-1.0179976581307117,664.2467558607933142,8.5032168352499298,7.9781569727205177,-12.2734430240428640,-7.8820873626075958,456.1094827355738630,-0.2013080067986186,3.4492978213229790,468.3829257596160573,13.9825320998612774,13.2210773585075110,-19.3917969074101251,532.0610690125433848,42.4343348212393607,13.1011360792033305,551.4528659199547747,14.4058937499134512,10.2851161058625920,33.4869451099847026,23.7093331463549539,-7.0558952582917209,496.6123226037644258,-19.9782862939862511,42.6079631341321701,463.1253774937798084,13.0457262985209326,11.7892136011633148,-2.8464695149160097,540.1334788757613978,-7.1477475957311363,10.6348063968872957,542.9799483906774640,4.7396520988004402,5.5397623802501261,-1.3698183453076984,1.8802496880054687,687.9919170251064315,1.8496348563320169,3.9824994514780401,689.3617353704144080,12.8443181550655581,10.8440972228339909,0.9544330044800051,0.3817732017919857,572.2087738398010970,16.8366099410923304,-1.2356474822926384,571.2543408353217274,6.3863659810836086,6.5423899687897471,417.3642847405223506,3.6532393744925029,6.7016815745387648,7.8339469639779127,420.5620859776133784,5.6045945389392013,7.7074330546954197,8.8694736039786406,399.7084768822251135,-7.7514148773487568,1.6075185970559769,5.0153642752883778,421.9054723274891785,7.8958300493124165,7.0595784661291532,2.5420535023992330,0.3153243754128106,3.1978012370905957,1.9513551644480898,1.0355266400015233,-0.1538948882817320,3.3516961253731190,-0.4480632636556121,-0.4424275106837135,8.2356454702475084,-17.6558078582972122,-11.4046542518428424,-2.8185826886895065,-0.7129327389022997,-16.9428751193954419,2.2083034712440130,2.1808291368256878,15.8994428535881553,4.5411875869665081,4.2425906748237328,-5.2918934615778443,3.4268027052758749,1.1143848816903452,-0.0167876783973346,-0.0172805081505156,35.3232357867365465,5.9086184125835723,7.3842550467986001,-1.7988146421109683,-4.5543040013355629,-3.3490866911702453,-2.8697381466211991,2.7554893592244913,8.9793485445485430,0.4793485445485378,5.0768289512299241,2.5753590203485643,4.6344014405462248,7.2576580880556234,5.0595484430794384,-2.8697381466209171,-2.8697381466210214,630.6147602397671790,1.1419688075091534,-0.6113384089140157,631.0524159009605683,-4.0457445517361910,2.0839357236418397,236.1350335937675879,2.6835849461080317,-2.3358851412367825,-2.3532718151990242,229.0791383354764434,0.0525340147996527,0.0855021095161237,0.0499073140596738,7.0558952582915424,589.0502505646085183,171.6859658240860540,21.6462029590708127,15.7205095367931769,-1.9667237165637501,2.3113430130161707,26.0823593316136595,7.1462106775382130,7.1449268716569057,6.1130210879539835,5.2288482357023556,0.6216463215229922,488.9575589326564682,11.2029455860899922,12.2521390382644029,462.8751996010420271,4.0567349085502453,5.1072121666059695,5.9525949786951804,456.9226046223477056,-0.9506957398888274,-0.2615871002360532,429.6617288515560631,41.8288876302822956,6.5151435099302697,403.5793695199417357,34.6826769527421916,-0.6297833617256678,7.1208051121970470,396.4585644077444613,8.0263622215144128,9.2262993672823050,0.4379628637694983,1.2870550521203223,-1.8243725697887705,-3.6968840952633606,0.0548077324825549,0.0000000000000000,0.3161324841337034,-0.1016725710070240,0.0000000000000000,-3.1218563301012043,-0.0760779993398189,0.0000000000000000,-3.3438578919993347,-1.7111629869930880,-5.9533805188578164,4.2494467866499406,3.0566890592806546,-2.2671793708602621,1.6176841986891204,-1.8243725697888031,-3.0650214224922507,1.2870550521203370,-1.8650689630757631,1.2994035544955818,0.2541156459638795,0.0233371511599488,-2.2829363973339403,0.0573727547599157,0.4379628637694986,0.8522805057827980,1.1553099943256946,-0.6791048056467323,0.0430367122486432,-0.0690108560197032,-0.0059962171899409,0.0060391768311703,0.0358362351684203,-0.2343711140513613,0.4384219844129401,2.0049137483257695,0.1585825167513726,3.0381378424126950,6.7873948187428823,-0.0078558089646124,-0.5580029652921206,0.0721849832096102,-50.0000000000000000,,,,,,,,,,,,,,,,,,,,,,,,,,,,,,,,,,,,,,,,,,,,,,,,,,,,,,,,,,,,,,,,,,,,,,,,,,,,,,,,,,,,,,,,,,,,,,,,,,,,,,,,,,,,,,,,,,,,,,,,,,,,,,,,,,,,,,,,,,,,,,,,,,,,,,,,,,,,,,,,,,,,8.2503460394349020,8.5617712589839670,449.0000000000000000,51.0621199999999931,81.0000000000000000,132.0000000000000000,574.0000000000000000,-8.0440817486541718,124.9378800000000069,43.9378800000000069,62.0336359100000010,11.0736799436295996,121.5987655361098518,21.9850255996095001,17.9972072969500481,10.6347369801598006,30.9331853489999986,361.5869382054269749,25.2994423335630927,1.3193321997591454,,,,332.0305173732739945,61.9682306784055754,-95.7586837289866963,0.2835592334494774,0.1087026071518360,,,,2.2134680559949800,1.8726504669763298,,,-56.7303100432509950,,518.1919186959574972,505.8866552256072850,-46.0077237122643510,19.4089324059558521,,56.4546264434857079,17.9972072969500481,0.0000000000000000,1.8668465559384515,4.0628642535313304,-5.5863955655083686,-1.0128336001561564,-0.2011055181287134,3.5094760135903726,52.8586341081078217,13.9980732322445078,-18.1091450830888903,53.1242705188959121,-6.8982752369074518,11.2208928997152810,3.7207902521784604,8.1489729290719453,5.7646276590310919,9.2747029121119056,-7.4586069168081366,5.1432628970136847,8.2159195624627301,2.5746392119287691,1.1485141628728428,-0.6094735378226090,2.7199173625657664,-2.3088145333641279,6.0866666666665514,,,,,,,,,,,,,,,
"2007Q4",9.0234116377103799,6.5925867771088003,11.3391646111838007,690.7940707725595075,574.2456508001395150,664.4772834126130192,529.2018461524795612,478.6898850525771536,501.6539413892386960,542.6045663764826941,418.6755906444757329,399.3805464978078135,424.3713454007066161,7.1421032228262380,7.6596593095543763,630.1010478899972895,598.9718429816408616,2.4744853626826497,28.8174577466288504,4.7864974408582821,0.5236465781570397,496.9127842452502932,447.3893821346932214,11.5563845925325950,20.3153447977632595,19.0099364459110873,1.3526398029831666,9.0234116377103941,11.3391646111838433,25.3583634949573415,4.3328085024390290,14.4773572199672778,0.0465480973567668,0.0242859638382224,-0.0728436506943120,-3.0653489580891620,-3.0044546632940676,-6.3949751464031577,692.8179010924129670,666.4310029379795424,471.9602720484474503,555.6427035840497410,466.5197847927533417,544.0916347086243832,5.0977765958859562,-16.4114473414500033,1.1090322458513269,6.1769846692968944,-1.3117215376651452,9.8634922928642013,5.2452236158128613,2.7030768214379219,229.0963967115665696,2.1138484141388618,-4.7610211308179364,15.2138147774291230,-6.3340808516081486,6.5925867771088003,-2.0238303198538588,-1.9537195253663815,6.7296130041285549,-26.4408574315711107,35.1341565964857594,-1.4870683321420282,1.4174423405750887,7.7157767801223418,690.7940707725593938,6.6015466701363881,-2.0548493990768200,422.1063321449380510,0.2973290073632522,-0.1437681397992986,-1.2481635324136591,-6.1301838922311074,9.0234116377103941,15.2138147774291230,0.1436777118892553,-6.3340808516081486,19.0099364459110873,25.3583634949573415,0.0465480973567668,-6.3949751464031577,1.3526398029831666,0.0242859638382224,4.3328085024390290,-3.0044546632940676,11.3391646111838433,14.4773572199672778,-0.0728436506943120,-3.0653489580891620,6.5925867771088003,-1.9537195253663815,-1.6670595673978434,664.4772834126125645,6.4374994172042630,-1.4874691181029194,666.4310029379795424,8.7369883087488276,8.2775463072609572,6.7296130041285549,4.4197333397891603,478.6898850525765283,90.3216092680114571,12.4802436192942849,471.9602720484474503,14.3093851553291085,13.6648299586714117,-26.4408574315711107,529.2018461524792201,-11.4368914402636648,20.5932229771670272,555.6427035840497410,16.7593506563833259,12.5560384156402982,35.1341565964857594,24.9710521353119610,-7.7157767801227255,501.6539413892385824,20.1664751418934216,39.0460381765660145,466.5197847927533417,13.5776291958919408,12.5164155101414316,-1.4870683321420282,542.6045663764823530,9.8843500028790388,9.9520705361615693,544.0916347086243832,4.4467452717895881,5.0923011634537136,-2.0238303198538588,2.1918316364051726,690.7940707725593938,11.2086149898081597,6.6015466701363881,692.8179010924129670,13.8246628879955438,11.9669446998097531,1.4174423405750887,0.5669769362300382,574.2456508001392876,8.1475078413495865,-1.7923100508156888,572.8282084595643937,6.2954704969718156,6.4291557165458446,418.6755906444755624,5.2452236158128613,7.6995965061744709,7.3848890608844595,422.1063321449380510,6.1769846692968944,8.3964939253708035,8.8095193296485341,399.3805464978079272,-1.3117215376651452,4.1426391700084952,3.0990224205714938,424.3713454007062751,9.8634922928642013,8.0109240396229655,1.0567840307841037,-0.0759088998581796,3.4307415004620219,0.9317610534857055,1.4246302687646928,0.1867571633937780,3.2439843370689139,-0.4308471532153759,-0.4442201648480190,8.8165107566244956,-19.2950441466679088,-6.5569451534802274,-4.2858666403118661,-2.8835968052175955,-16.4114473414500033,2.1257111117823766,2.1898568495984758,33.7882274769687569,5.6957547562301958,4.6182686770545844,-6.3281050300991044,4.5867225103785563,1.1090322458513269,-0.0214105433544520,-0.0177967969556011,62.0041061087482674,7.1421032228262691,7.3700062641082615,-1.2543907025448033,-3.9574675239825430,-2.7906172825544369,-3.6309579729997012,2.7030768214379219,7.6596593095543781,-0.8403406904456123,5.0977765958859562,3.2165277652374078,4.6535564310379094,7.2876334454843956,5.0799797989303475,-3.6309579729994010,-3.6309579729995605,630.1010478899972895,-2.0548493990768200,-0.8926102189345316,630.6932679525442609,-4.7610211308179364,2.1138484141388618,236.8121734916884975,2.7085595916867278,-1.8643797025024980,-2.0766157849338711,229.0963967115665696,0.0690335043600227,0.0694845963837643,0.0655818291420152,7.7157767801223418,598.9718429816404068,180.2962523371641623,34.4411460523177624,20.0061048554839900,-1.9159407007848908,2.4744853626826506,28.8174577466288433,10.9403936600613108,7.8377498460809161,9.1483674739726162,4.7864974408582803,0.5236465781570385,496.9127842452501795,31.8209012503775526,19.2953580559140079,468.0953264986212616,20.8805075903152115,11.4576082098315251,11.5563845925322397,456.5389419060892919,-1.5346508650298651,-0.7312408285063579,447.3893821346915161,70.9106131325475957,39.6430364574151497,418.5719243880625982,59.9702194724851907,31.8052866113342958,20.3153447977621049,398.2565795902998502,7.1920607302245205,8.4205385095580869,0.2973290073632522,-0.1437681397992986,-1.2481635324136591,0.8238139758080054,0.1491351444459439,0.0000000000000000,-3.0929209727410125,-0.0720163020908153,0.0000000000000000,-3.0044546632940907,-0.0664163754145250,0.0000000000000000,-3.0653489580891531,0.5167474609746563,15.6685488202610657,11.0821413101668185,3.6499169918713159,-3.1920283728556136,1.0356691387831065,-1.2481635324136704,-4.3640886450590628,-0.1437681397992776,0.2501937890747836,-1.2717543805393063,0.0723811061732080,0.0066472444444785,15.3856227299823018,0.0561377172976823,0.2973290073632531,0.6643763525627542,0.8225859043989004,-0.4175275299689659,0.0407288980847123,-0.0597882852990127,-0.0063016327968465,0.0191261903003432,0.0383062628612254,-0.2600355194875943,0.3018229304474428,4.8273725721073504,-0.2799215195398439,7.8657757057411573,15.1171570658584642,-0.0358351112136559,-0.6790246991297972,-0.0316652691382938,-49.0000000000000000,,,,,,,,,,,,,,,,,,,,,,,,,,,,,,,,,,,,,,,,,,,,,,,,,,,,,,,,,,,,,,,,,,,,,,,,,,,,,,,,,,,,,,,,,,,,,,,,,,,,,,,,,,,,,,,,,,,,,,,,,,,,,,,,,,,,,,,,,,,,,,,,,,,,,,,,,,,,,,,,,,,,8.4827046523974019,9.4082200434838938,467.0000000000000000,65.4982320000000016,78.0000000000000000,140.0000000000000000,599.0000000000000000,-7.6346452347236777,128.5017679999999984,40.5017680000000055,66.5821685559999992,11.3391646111838007,121.9490802643399974,20.1793061135252998,-6.6702557954199975,15.3756839027599987,46.6614836010000005,399.3021625137259889,39.6863696681261899,4.1288176283102587,,,,329.5426342966450193,2.4102202179716414,-69.7351233500551047,0.9274447151919865,0.1234237283061015,,,,1.9794016405900401,0.4514232200115396,,,-56.7303100432509950,,479.8215989604752849,495.3965066473933803,-41.9605943128556191,28.2059259028154763,,85.5981663832848767,-6.6702557954199975,0.0000000000000000,11.8609224564804094,6.8243239237387314,6.6492252164562160,-1.4764609448646837,146.7526156513646356,13.2924606057239316,-10.8071150218660961,22.8669933931763865,22.3437783570638260,47.7660925456450798,10.3893526734611044,10.4641342501620329,5.3852224845373655,7.6644102168759360,6.3717498453008687,9.2092076925082438,-1.3031559637656613,3.1475420345716145,10.3663303834379263,1.0623877154415879,-2.0338812358008767,-0.8886382806808513,2.7455745016222011,-1.8471076495694518,7.4033333333333839,,,,,,,,,,,,,,,
"2008Q1",11.9182781250918008,15.7092112300975000,11.4325008252040998,693.5653222319431279,575.1747220856683498,668.7798409302706659,525.5081199924316024,478.9539004912622886,487.2846804916684391,526.5619687930133068,422.5633720365547674,399.2580458448703666,430.8199121933543552,7.3838888334870472,7.5069503250441247,629.8489888916257087,606.1810986405920403,2.5426798562207793,32.7083506316083970,3.1056708945153497,0.4082564983583971,508.0335192814720244,455.6228923447354191,19.3295540420501766,23.0697440607913222,17.3290422648594280,6.0217366854367107,11.9182781250919767,11.4325008252041229,25.6679716055028173,4.3749782566241819,14.4848448870981610,0.0640800486844928,0.0334330688787678,-0.1657195033950245,-2.8866245584990029,1.6133253599337645,-8.4030093893280196,696.3514113051759296,668.5979594644321651,475.5188360920276978,560.3670142219881427,469.8652471005411257,545.2586853797579352,5.1451928380101597,-15.9331176019425591,1.1011950285251195,17.9226881624556817,-0.4900026117493405,25.7942671705824011,15.5511255683136547,2.7052284734176775,229.1300848847810983,2.1689569168454170,-4.0873733539249058,15.5581049750288773,-3.9030594708953243,15.7092112300975000,-2.7860890732333585,0.1818814658396711,3.4350643992340109,-34.8588942295547568,17.4194333911284431,-18.6967165867446106,0.7951195500540897,6.8402504529004080,693.5653222319421047,8.6472686751657299,-1.0082359934914999,426.5870041855527006,0.0060839046041649,12.7966109320064980,7.7313024321284045,-3.5587692732955460,11.9182781250919767,15.5581049750288773,0.2632326209582334,-3.9030594708953243,17.3290422648594280,25.6679716055028173,0.0640800486844928,-8.4030093893280196,6.0217366854367107,0.0334330688787678,4.3749782566241819,1.6133253599337645,11.4325008252041229,14.4848448870981610,-0.1657195033950245,-2.8866245584990029,15.7092112300975000,0.1818814658396711,-1.2938901320421508,668.7798409302718028,17.2102300706393585,6.2095032865917217,668.5979594644321651,8.6678261058137114,8.5042843028678252,3.4350643992340109,1.4056193363407115,478.9539004912618338,1.0560617547453148,22.6611913337241724,475.5188360920276978,14.2342561743236242,13.9917139590029151,-34.8588942295547568,525.5081199924328530,-14.7749046401881117,-1.2110569324217462,560.3670142219881427,18.8972425517502742,15.1123132426047668,17.4194333911284431,13.2619010161348019,-6.8402504529005856,487.2846804916688370,-57.4770435902777450,-5.1176321852020967,469.8652471005411257,13.3818492311494257,13.0351993383109495,-18.6967165867446106,526.5619687930135342,-64.1703903338736552,-12.8901753820709253,545.2586853797579352,4.6682026845387030,4.7944799076107394,-2.7860890732333585,-0.9794098890633192,693.5653222319421047,11.0850058375325968,8.6472686751657299,696.3514113051759296,14.1340408510516795,12.9874205100887110,0.7951195500540897,0.3180478200216312,575.1747220856681224,3.7162851421124179,8.5756284872996620,574.3796025356147084,6.2055763041991181,6.3388294029188641,422.5633720365548243,15.5511255683136547,11.4777429267224207,6.6253601612782074,426.5870041855527006,17.9226881624556817,12.4676269783262370,9.0901097907569159,399.2580458448705372,-0.4900026117493405,6.2086442572314153,-7.4494106642907223,430.8199121933537867,25.7942671705824011,12.4255785095645983,11.2133752682996839,-0.8608211680057534,4.0236321489978204,2.3715625941435130,2.4647496294792406,0.8763340182405721,3.1472981307579571,-0.3867448252422112,-0.4337259684201776,14.4205828535701652,-23.3053261916843226,-16.0411281800646535,-14.0747708255681392,-7.3722085897420682,-15.9331176019425591,1.9133189580311660,2.1394134003469909,47.8133244349160904,8.2565401567982075,10.2431416022722850,4.5880151070217412,7.1553451282730904,1.1011950285251195,-0.0313488693042557,-0.0203844008780014,25.7935758615942703,7.3838888334871573,7.4636764861854168,-5.0837381448394687,-7.7889666182568362,-3.5297298662701104,-4.5227795412256420,2.7052284734176775,7.5069503250441230,-0.9930496749558788,5.1451928380101597,4.0820469906880961,4.7114668695899740,7.2846062383571155,5.1248084371321756,-4.5227795412252867,-4.5227795412254146,629.8489888916250266,-1.0082359934914999,-0.7549412768511378,630.3073031718188304,-4.0873733539249058,2.1689569168454170,235.9703353376809787,-3.3673526160292289,0.0503817715487825,-2.7883149044290647,229.1300848847810983,0.1347526928566845,0.0763155366802957,0.1280150582138594,6.8402504529004080,606.1810986405920403,183.6177266040364486,13.2858970674942949,25.5595891195995257,-1.8127130533397882,2.5426798562207766,32.7083506316084041,15.5635715399183319,9.8954328391570652,12.8469097778582135,3.1056708945153511,0.4082564983583977,508.0335192814725929,44.4829401448905415,26.1744754390813839,475.3251686498642243,28.9193686049709093,16.2790425999227466,19.3295540420510612,455.9956146078133656,-2.1733091931003692,-1.2737452757833450,455.6228923447319517,32.9340408401638740,50.7262685459254925,422.9145417131233557,17.3704693002429948,40.8308357067693422,23.0697440607838544,399.8447976523387410,6.3528722481593229,7.6023174772817423,0.0060839046041649,12.7966109320064980,7.7313024321284045,9.9129178415431003,0.2775262852933996,0.0000000000000000,-3.9265267868459333,-0.0411898206929550,0.0000000000000000,1.6133253599337545,-0.0577387606694064,0.0000000000000000,-2.8866245584990029,2.4464313361762891,-0.3004288019314600,-7.5486224440323753,-9.7706717121161013,-5.5589011331891456,0.2281426138240503,7.7313024321284249,-10.4761422437481997,12.7966109320065016,-0.6907767568466028,-0.2367430535548238,0.4193926577233111,0.0385156522398951,-14.6802526884853641,0.1136606505418105,0.0060839046041651,0.2787369688628468,0.1214981871538296,0.0821913684404328,0.0692922600184774,-0.1978473155347842,-0.0120793802852413,0.0691708637146742,0.0664933441204441,-0.2772133249708444,0.2166636152990790,6.4152040659456446,-1.5405148107809055,12.1645955946808968,8.2395423584171681,-0.0630254219829367,-0.7921234145735259,-0.1199824090435335,-48.0000000000000000,,,,,,,,,,,,,,,,,,,,,,,,,,,,,,,,,,,,,,,,,,,,,,,,,,,,,,,,,,,,,,,,,,,,,,,,,,,,,,,,,,,,,,,,,,,,,,,,,,,,,,,,,,,,,,,,,,,,,,,,,,,,,,,,,,,,,,,,,,,,,,,,,,,,,,,,,,,,,,,,,,,,14.5405622975674760,17.9594067171365026,498.0000000000000000,76.8957520000000017,70.0000000000000000,151.0000000000000000,608.0000000000000000,-6.1143970695374970,114.1042479999999983,33.1042479999999983,70.5782508089999965,11.4325008252040998,135.1283774947968368,23.4136324114306014,-14.8663418693375267,10.7629121351343997,68.6535564199999868,429.1519218417250272,28.8370226358047148,14.1241671846944428,,,,349.2075189606409822,33.7967965457851278,-72.7778061562066938,0.2718585526315789,0.1385531601963737,,,,1.9472054828657599,-5.7381385878714593,,,-22.8836150366952253,,458.9144659277886831,486.2032108582117189,-36.7731831567266454,19.7938553308662293,,126.2593754055554314,-14.8663418693375267,0.0000000000000000,11.7227375407004502,9.0321587086796882,18.7799339710205828,6.4063460923485991,1.0616577686670041,25.4342979688030368,-13.7352427707290587,-1.2037531519988960,-43.7165939529517402,-4.9888869591770799,-47.3605266272817929,-12.0939674378401634,16.8255085502313904,6.8497655538035502,19.6292130082398586,9.5160686218648891,-0.4888040574000598,-7.1787055666796675,29.4264618514583276,11.8662474746543722,-1.0031703332961683,-0.7520987528206291,-3.3112883535323050,0.0503944652949997,7.6633333333334441,,,,,,,,,,,,,,,
"2008Q2",10.0191425345688003,10.2548716958031001,12.8951330577848999,699.6207508364525438,577.4116214220168786,671.7899512810384977,526.4647486701120442,504.8516435217126741,493.3177533212044636,539.9403513266099708,428.6536170082443959,401.6692936620061687,437.5122213194859455,6.2348625064535295,7.8490052975823996,629.7754783768856441,610.0176946871692962,2.4114896372738883,36.6751011860861738,2.8903895280153589,0.2787649838982350,514.9725884243457585,479.5733499697734032,23.0113175710981182,41.6635548470392223,16.0033542838835210,6.9109213084700514,10.0191425345686298,12.8951330577849852,25.6659268433569068,4.4015606083785315,14.4996905702245122,-0.0106341155047175,-0.0055482341764717,-0.0172270163259310,-1.5873304961136108,2.5149089342680080,-9.6519384439688576,699.1583979884159135,670.6275307654574362,478.9165692592939081,563.1661364354363286,472.8891329654589981,546.6775379055580970,5.1511391653791510,-15.4560111824438433,1.0921973395492344,27.1464623415531499,9.6449912685477361,26.7692365045251677,24.3609798867579208,2.6711889255085088,229.1819515572599357,2.1953305861888714,-2.1607590650028601,15.5677968815108567,-5.5496990135870652,10.2548716958031001,0.4623528480365708,1.1624205155821463,25.9350742624183468,-36.7013877653228562,20.4286203557460375,-6.7371865789483651,1.5010505524202795,3.8950082347694992,699.6207508364519754,12.0912425254276972,-0.2940420589646658,433.3736197709419002,-0.4777529043219529,7.1500881491250032,9.5369533950357308,-5.5400071071053532,10.0191425345686298,15.5677968815108567,0.0010446666447087,-5.5496990135870652,16.0033542838835210,25.6659268433569068,-0.0106341155047175,-9.6519384439688576,6.9109213084700514,-0.0055482341764717,4.4015606083785315,2.5149089342680080,12.8951330577849852,14.4996905702245122,-0.0172270163259310,-1.5873304961136108,10.2548716958031001,1.1624205155821463,-0.5777115619506961,671.7899512810392935,12.0404414030714246,7.4849175115264268,670.6275307654574362,8.1182852040992373,8.5065791134761550,25.9350742624183468,16.1969868112594462,504.8516435217132425,103.5909721218079085,48.6918337844400781,478.9165692592939081,13.5909326690674188,14.0292765246431550,-36.7013877653228562,526.4647486701123853,3.8265147107176105,5.0122633628775066,563.1661364354363286,11.1964888537866472,15.3147439529581355,20.4286203557460375,14.5150373494374776,-3.8950082347696258,493.3177533212048047,24.1322913181455228,-8.2891408560549831,472.8891329654589981,12.0955434596728661,13.0251870463087460,-6.7371865789483651,539.9403513266097434,53.5135301343899243,-1.9800644480847156,546.6775379055580970,5.6754101032007611,4.8825025395822745,0.4623528480365708,0.1289287258976519,699.6207508364519754,24.2217144180340824,12.0912425254276972,699.1583979884159135,11.2279467329572515,13.0077421567672094,1.5010505524202795,0.6004202209681201,577.4116214220165375,8.9475973453925715,9.4120000674885844,575.9105708695969952,6.1238733359306048,6.2528215295444651,428.6536170082448507,24.3609798867579208,16.0301744316580965,12.2026421113446073,433.3736197709419002,27.1464623415531499,17.2308610518830179,14.2126824280623403,401.6692936620067940,9.6449912685477361,11.2543742390978601,0.0229630604438058,437.5122213194860024,26.7692365045251677,13.4114135689028604,17.5807065043248940,1.1488839253838010,4.7200027626969812,2.7854824547968242,2.0100403167181433,1.6690405536903459,3.0509622090073298,-0.3853436870012553,-0.4127497322803549,15.3654934690298077,-26.9843233462376837,-14.7159886182117638,-12.1796790509004502,-11.5283121637944639,-15.4560111824438433,1.9084256779982571,2.0389398047625678,32.3863169502195731,8.8586043112408852,2.4082566177703857,5.3780643929810168,7.7664069716917954,1.0921973395492344,-0.0359907559028413,-0.0263844617406062,90.0900895451326704,6.2348625064535916,7.4369844038862283,-10.9959985454284848,-13.6671874709369501,-6.0889589805445308,-6.7399536829616444,2.6711889255085088,7.8490052975823996,-0.6509947024176111,5.1511391653791510,6.1407655773636076,4.7383894330988383,7.1900789701417551,5.1247547036386134,-6.7399536829613869,-6.7399536829614526,629.7754783768840525,-0.2940420589646658,-0.5537896610056466,630.5462519886515338,-2.1607590650028601,2.1953305861888714,233.0769597920288163,-11.5735021826065552,-2.3871775652108638,-4.2550587738172023,229.1819515572599357,0.2074666899172588,0.1159467254834548,0.1970933554214047,3.8950082347694992,610.0176946871690689,181.3640776789241329,-9.0145957004466766,15.0896625946061391,-1.7561133850961645,2.4114896372738874,36.6751011860862164,15.8670022179117076,12.3792945238573875,13.0896543202530360,2.8903895280153593,0.2787649838982358,514.9725884243464407,27.7562765714992636,28.8157658882142407,478.2974872382602030,11.8892743535856447,16.4364713643555902,23.0113175710983491,455.2861696671618006,-2.8377797626029646,-1.8741088901572385,479.5733499697737443,95.8018305001543098,60.3688430257870223,442.8982487836869950,79.9348282822408862,47.9895485019291925,41.6635548470394781,401.2346939366470338,5.5595851372460272,6.7827200842781048,-0.4777529043219529,7.1500881491250032,9.5369533950357308,-0.0997339192456508,-0.0186461818708714,0.0000000000000000,-3.7698318714387824,-0.0546687354145032,0.0000000000000000,2.5149089342680178,-0.0503058680026258,0.0000000000000000,-1.5873304961136014,1.6627334016600628,23.7668175310786722,7.6035401133779033,-2.5012085321022512,-2.0226011995464930,1.1830027323986498,9.5369533950357166,-1.3708373675704593,7.1500881491249970,-2.6519232936013974,0.2427500050426823,-0.0084043810974084,-0.0007718309171091,-25.9277537040185777,0.0773554360848379,-0.4777529043219531,-0.2932140044381593,-0.9788166178172695,0.8790142449908925,0.0325639694756978,-0.0115876571916083,-0.0077767735290339,0.0794516317034055,0.0432693610279965,-0.2870009390212032,0.0213705724263594,3.0200924400532116,-0.1590109582551320,11.0269940650269831,24.8226416826648801,-0.0886658646243190,-0.8818014888128085,-0.1579998860886764,-47.0000000000000000,,,,,,,,,,,,,,,,,,,,,,,,,,,,,,,,,,,,,,,,,,,,,,,,,,,,,,,,,,,,,,,,,,,,,,,,,,,,,,,,,,,,,,,,,,,,,,,,,,,,,,,,,,,,,,,,,,,,,,,,,,,,,,,,,,,,,,,,,,,,,,,,,,,,,,,,,,,,,,,,,,,,10.9209814176096245,13.7437041196420751,552.0000000000000000,113.2634400000000028,84.0000000000000000,187.0000000000000000,687.0000000000000000,-7.5474440481854259,124.7365599999999972,43.7365599999999972,91.0665001840000059,12.8951330577848999,167.2350500389777608,22.6347487969548986,-19.6841736306662476,7.3291891216440002,88.5235343639999996,445.9366702005120260,15.3463841863090238,21.9547180656610976,,,,379.1300737349719725,55.3208017780202681,-109.5753720959129964,0.3327084129548763,0.1335342932677692,,,,1.1086677242560901,-1.3443968854903898,,,-22.8836150366952253,,432.4484976270492780,478.5821039799383243,-30.4844275130935785,13.4888764669515417,,162.9215728555374767,-19.6841736306662476,0.0000000000000000,27.4070819845004650,12.8526077655402275,12.7952919339625453,7.7721591391132421,181.7668362731754428,62.7293715639852678,3.9006685976211202,5.1400025470758663,27.2932015476094847,-7.9548905097365861,70.7679277925392967,-1.9605899198727172,27.5846396639832534,12.9783951535938229,31.1884461044113550,15.2722832510961695,10.1254420885842791,0.0229656971563372,30.6945016193520246,19.2208017857564215,-0.2936101787093719,-0.5522590727790089,-10.9288788939501700,-2.3589098617465538,6.4333333333334020,,,,,,,,,,,,,,,
"2008Q3",9.4219098485349395,6.5904837009972699,12.0316481979463994,699.7630347260909502,576.4661698173309787,671.5944828059848533,537.1319050489682922,508.3477309458291984,478.0024708318999842,541.4208443226106056,435.2049963590559400,412.1301588382293630,444.2568654160460255,6.7970126439267213,8.3176044367692406,630.7096604075961750,613.3805976107751121,2.0780202632257812,39.1686607828029238,3.1377212655659772,0.1384552775655963,509.1714898801503750,475.1879931969434665,15.5865941022984771,33.5671700380651714,18.7398211310797222,2.7137369154014936,9.4219098485348223,12.0316481979464029,25.5945163020710069,4.3990996590093072,14.5188105789513937,0.0399180090158008,0.0208267873125009,-0.0874139144116303,-2.3997484665933357,-1.7061895309203043,-6.8946131800072559,701.4986003354680406,672.5142298906044971,482.1325412355156459,565.2316828544657028,475.5847412795459377,548.3651171907209800,5.1112682508955283,-14.9284783623029256,1.0837935456240855,22.9547591149767349,41.8434607048941132,26.9785763862368952,26.2055174032450111,2.5671163963630805,229.2462062809206031,2.1844931688867946,0.3843446832928766,15.4748053821288920,-6.2010542443341281,6.5904837009972699,-1.7355656093770768,-0.9197470846201263,26.2151897103130906,-28.0997778054976557,2.4177295523541327,-6.9442728681108967,-0.9551236911540496,1.5198053597927417,699.7630347260912913,11.7711177009827797,3.7367281228490143,439.1123095496859605,-0.5271777511980675,10.8712645902657314,5.0635696595093993,-6.2940457437161701,9.4219098485348223,15.4748053821288920,0.1481587107398872,-6.2010542443341281,18.7398211310797222,25.5945163020710069,0.0399180090158008,-6.8946131800072559,2.7137369154014936,0.0208267873125009,4.3990996590093072,-1.7061895309203043,12.0316481979464029,14.5188105789513937,-0.0874139144116303,-2.3997484665933357,6.5904837009972699,-0.9197470846201263,-2.1438052118166739,671.5944828059843985,-0.7818739002147677,8.7265742476727990,672.5142298906044971,7.5467965005943638,8.2674740298127087,26.2151897103130906,15.9729758967171165,508.3477309458296531,13.9843496964709928,52.2382482102566144,482.1325412355156459,12.8638879048929020,13.7496154759014235,-28.0997778054976557,537.1319050489667006,42.6686255154162524,5.0708360364214258,565.2316828544657028,8.2621856761166850,13.7788169345088001,2.4177295523541327,2.3273545206165300,-1.5198053597929762,478.0024708318995863,-61.2611299572194383,-18.6098517718633047,475.5847412795459377,10.7824332563474279,12.4593637857652730,-6.9442728681108967,541.4208443226101508,5.9219719840043528,1.2873654468489959,548.3651171907209800,6.7503171406556568,5.3851688000465163,-1.7355656093770768,-2.4263471710187066,699.7630347260912913,0.5691355585548870,11.7711177009827797,701.4986003354680406,9.3608093882093399,12.1368649650534479,-0.9551236911540496,-0.3820494764616202,576.4661698173306377,-3.7818064187479621,4.2573959775285353,577.4212935084849505,6.0428905555521020,6.1669526731616635,435.2049963590559969,26.2055174032450111,15.0673098826209468,17.8407116185328398,439.1123095496859605,22.9547591149767349,13.2235475637977693,18.5502235720718147,412.1301588382296472,41.8434607048941132,25.4968706127285394,12.4216819560049032,444.2568654160459687,26.9785763862368952,11.8664362325265742,22.3513930885551702,-1.0844914155427052,3.9073131906303877,-3.2507582882663204,0.7095119535395225,0.9630036591334816,2.9443095314975301,-0.4266107100375911,-0.4073865938756934,13.4539476150729378,-23.0748375208264598,15.6379433016475620,-5.4190296625284216,-8.1463591585235253,-14.9284783623029256,2.1101312805652261,2.0143967570925629,-13.7082042695242521,9.0518690569897409,0.7730589829952348,4.5106814700238225,7.9680755113657993,1.0837935456240855,-0.0336151757010301,-0.0305913360668888,-18.5385960864872459,6.7970126439264718,7.2517739372207721,-6.4265349198710746,-8.9936513162340521,-3.4875473663249168,-3.6699429295553010,2.5671163963630805,8.3176044367692477,-0.1823955632307529,5.1112682508955283,4.3809001170817421,4.7038816570198136,7.1256650079880508,5.0806769148286390,-3.6699429295550194,-3.6699429295551211,630.7096604075961750,3.7367281228490143,0.0949001678292767,631.2841256644959458,0.3843446832928766,2.1844931688867946,230.7660116407128612,-9.2437926052620867,-5.3690219530535686,-2.4384815421091850,229.2462062809206031,0.2570188946428196,0.1670679454439042,0.2441679499106751,1.5198053597927417,613.3805976107748847,178.1756012517188879,-12.7539057088151786,6.4896354276344672,-1.7830044809030996,2.0780202632257803,39.1686607828027817,9.9742383868665865,13.0863014511894509,8.3754432554168368,3.1377212655659741,0.1384552775655964,509.1714898801505456,-23.2043941767834205,20.2139309474958644,470.0028290973473304,-33.1786325636513126,7.1276294963050191,15.5865941022984789,454.4162349950491944,-3.4797386884498400,-2.5063696272975777,475.1879931969434665,-17.5414270913130679,45.5262643453895279,436.0193324141403082,-27.5156654781806580,32.4399628942000078,33.5671700380648019,402.4521623760749662,4.8698737577165643,5.9935979683334528,-0.5271777511980675,10.8712645902657314,5.0635696595093993,-1.0369521469042802,-0.0881141991180777,0.0000000000000000,-0.1382562692290463,-0.0823829189503278,0.0000000000000000,-1.7061895309202990,-0.0458830855709284,0.0000000000000000,-2.3997484665933380,-0.1216901548991416,10.2816171302181765,-11.7882408298058579,-2.7080715510648101,-0.9014073602831338,-1.5555439121221606,5.0635696595093904,21.7609935861479755,10.8712645902657350,-0.6232255524047232,0.4034996689450929,0.3161650776793458,0.0290355683583077,-7.0811165363459780,-0.0004753611413536,-0.5271777511980675,-0.4091014386192832,-1.0699363382398805,0.9970742347168092,-0.0126586396400356,0.1945218974049938,-0.0012234953884579,0.0599255392214227,0.0086956413168117,-0.3026213447849052,-0.1887799958116755,-3.1154159333864104,0.2928380774704785,1.3195772082176305,3.1527749997264323,-0.1124332079428126,-0.9257369021071313,-0.1337528658053334,-46.0000000000000000,,,,,,,,,,,,,,,,,,,,,,,,,,,,,,,,,,,,,,,,,,,,,,,,,,,,,,,,,,,,,,,,,,,,,,,,,,,,,,,,,,,,,,,,,,,,,,,,,,,,,,,,,,,,,,,,,,,,,,,,,,,,,,,,,,,,,,,,,,,,,,,,,,,,,,,,,,,,,,,,,,,,7.3014005376516877,9.5280015221475622,626.0000000000000000,101.8169599999999946,83.0000000000000000,205.0000000000000000,750.0000000000000000,-9.6402005915723379,144.1830400000000054,54.1830400000000054,87.8674681169999872,12.0316481979463994,156.3697415416474996,21.6864899243879989,16.9576301017153170,9.6298824739322004,41.9147608490000039,461.1880955268069897,13.4516116944232635,21.6616941595116543,,,,394.1720023264350061,24.7973766904912054,-131.0256111449780008,0.3004213333333333,0.1271301898922450,,,,1.5074720305848599,1.3239541169528097,,,-22.8836150366952253,,396.3533082723894836,472.7914666688677130,-23.1625492442824452,17.5583513386911783,,76.4239957503287712,16.9576301017153170,0.0000000000000000,0.5707582118800900,12.4919161927116846,-0.7788252170293219,9.1186615826264017,15.0093791602499778,68.6039828044031026,53.2171875277022650,5.2016038965493578,-45.8066131905242599,-16.9808197649408328,6.1008339713673365,1.2956876699472133,29.9598244527032307,19.5311852992472410,25.8030736927864552,20.3822891183904602,51.9580951504266011,13.2261340792658331,30.9683839068541147,25.0463060212905475,3.8074216004275456,0.0949452122865040,-8.8294197613980430,-5.2274352071110854,7.0333333333330694,,,,,,,,,,,,,,,
"2008Q4",10.1760992695586996,8.3849293432692598,16.9558940433520000,700.7452028028995983,578.0433988789544628,672.6218172406875055,545.7043853069690158,494.4289680291239506,482.3816218772217326,543.0787420505990895,438.6425114969906645,418.8788949997976943,443.8092755510458005,7.1514134873996467,8.0290939026430657,631.8744004551761009,613.2427662109454332,1.5378701104369696,37.9567814795727188,2.8632807297488454,-0.0098141073027587,484.4113678815369326,402.2497206489984478,-6.9512341739097678,-39.2561974558083762,20.7133022981904205,6.4186910147205660,10.1760992695588239,16.9558940433519751,25.4369763663675670,4.4109665183135736,14.5452307036503221,0.0613077569748725,0.0319866558128703,-0.1164994988024044,2.5271628385041041,1.9757378405941461,-4.7849818251522969,703.4107574539758616,674.2800518185138117,485.1845958153825222,566.5379171433446572,478.0257406443739683,550.2936738584345449,5.0466164436031358,-14.3332781228821844,1.0765997062685897,12.4099471802185644,26.9949446462728950,-1.7903594600081001,13.7500605517372172,2.4252166802792958,229.3187378461039998,2.1594108398848326,4.5680334807295662,15.3027121810308007,-5.3364068230622630,8.3849293432692598,-2.6655546510756736,-1.6582345778255350,9.2443722137398936,-20.8335318363736413,4.3558812328493444,-7.2149318078351872,-0.8731569926201503,-1.7023522560958648,700.7452028028994846,9.9511320303401689,4.6589601903208520,442.2147963447417851,-0.4677722718271114,-1.0301873992013295,1.7213613373091492,-5.5085000241603899,10.1760992695588239,15.3027121810308007,0.2097939115900977,-5.3364068230622630,20.7133022981904205,25.4369763663675670,0.0613077569748725,-4.7849818251522969,6.4186910147205660,0.0319866558128703,4.4109665183135736,1.9757378405941461,16.9558940433519751,14.5452307036503221,-0.1164994988024044,2.5271628385041041,8.3849293432692598,-1.6582345778255350,-2.6647276240195730,672.6218172406878466,4.1093377388164312,8.1445338280757404,674.2800518185138117,7.0632877116357227,7.8490488805342640,9.2443722137398936,4.7526100019786828,494.4289680291236664,-55.6750516668222275,15.7390829765481755,485.1845958153825222,12.2082183194704630,13.2243237669369602,-20.8335318363736413,545.7043853069709485,34.2899210320105112,16.5025391544908366,566.5379171433446572,5.2249371555155673,10.8952135592918928,4.3558812328493444,2.8032254561242573,1.7023522560958892,482.3816218772225284,17.5166041812889262,-19.2723195120148070,478.0257406443739683,9.7639974593087580,11.5059558516195253,-7.2149318078351872,543.0787420505997716,6.6315909119568417,0.4741756741175627,550.2936738584345449,7.7142266708536429,6.2020391498124079,-2.6655546510756736,-3.1838785293847160,700.7452028028994846,3.9286723072367042,9.9511320303401689,703.4107574539758616,7.6486284740310859,10.5928563615623403,-0.8731569926201503,-0.3492627970480526,578.0433988789549176,6.3089162464932151,3.7977480788144762,578.9165558715753832,5.9810494523602591,6.0883474120087238,438.6425114969911192,13.7500605517372172,7.0372179716348029,19.9669208525140078,442.2147963447417851,12.4099471802185644,5.2882285854168849,20.1084641998026505,418.8788949997983195,26.9949446462728950,18.5907585980024663,19.4983485019902183,443.8092755510458574,-1.7903594600081001,0.1281753787925899,19.4379301503371309,-2.4729141720790602,3.5722848477510478,-1.3401133715166325,0.1415433472889815,0.7485081343982717,2.8237767133534595,-0.4821312725736272,-0.4202076237154828,-0.4786832833335630,-19.7636164971925155,13.2448840945346831,-0.4685723505235051,-5.4303383743103062,-14.3332781228821844,2.3808009576808904,2.0781692185674805,-87.7670641579151294,5.1667640540541218,-15.5404200117425475,-0.5289907021761651,4.0901643477856400,1.0765997062685897,-0.0287753574230382,-0.0324325395837535,-291.3187973436719744,7.1514134873997479,6.9897018513087010,1.8631849019832556,-0.5620317782960966,1.2694137004707968,0.7985076031141365,2.4252166802792958,8.0290939026430603,-0.4709060973569426,5.0466164436031358,-0.8848506922165145,4.6264088198876578,7.1247856621705932,5.0141839040194078,0.7985076031143969,0.7985076031143086,631.8744004551775788,4.6589601903208520,1.7733525651784525,632.8380781637374639,4.5680334807295662,2.1594108398848326,227.6163855900074680,-12.5985042028196883,-9.1957879016802089,-2.1505053553195825,229.3187378461039998,0.2901262607339203,0.2223411345376603,0.2756199476972244,-1.7023522560958648,613.2427662109462290,174.6002547139547971,-14.3013861510522098,-5.6959976232079761,-1.8308630068217511,1.5378701104369701,37.9567814795727898,-4.8475172129206499,9.1393237329442627,-3.4819612244127773,2.8632807297488458,-0.0098141073027593,484.4113678815363073,-99.0404879944558871,-12.5014163637125382,446.4545864019636383,-94.1929707815365873,-21.6407400966578614,-6.9512341739101764,453.4058205758738040,-4.0416576766990620,-3.1331213302145433,402.2497206489975383,-291.7530901917805295,-45.1396614856928764,364.2929391694240167,-286.9055729788627787,-54.2789852186377999,-39.2561974558072961,403.5491366252310286,4.3878969966282693,5.2925570349338775,-0.4677722718271114,-1.0301873992013295,1.7213613373091492,2.5896874927706248,-0.1778141205999225,0.0000000000000000,0.0412474008526935,-0.0681781577453082,0.0000000000000000,1.9757378405941561,-0.0383917695115622,0.0000000000000000,2.5271628385040947,0.9296877237446921,-6.3562644038132206,2.6634664419081275,-3.2112679706689922,-1.2221489374330279,-0.4911075161585099,1.7213613373090979,9.8392610896502291,-1.0301873992013668,0.6348493541723119,-0.3067500904492524,-0.2043827758604881,-0.0187698467626986,-7.1257694945130563,-0.0241319008337685,-0.4677722718271111,-0.3740784980759084,-0.8409174421194108,0.9398220793326447,-0.0414266238971650,0.2836565322104065,0.0014783007078742,0.0459583108232405,-0.0066330121132859,-0.2996762236739537,-0.4154689369952683,-13.2229604683375932,-0.2165676090197338,-16.6149225173353159,-63.7602315835947877,-0.1344238571117963,-0.9098928570943027,0.0050106146836049,-45.0000000000000000,,,,,,,,,,,,,,,,,,,,,,,,,,,,,,,,,,,,,,,,,,,,,,,,,,,,,,,,,,,,,,,,,,,,,,,,,,,,,,,,,,,,,,,,,,,,,,,,,,,,,,,,,,,,,,,,,,,,,,,,,,,,,,,,,,,,,,,,,,,,,,,,,,,,,,,,,,,,,,,,,,,,3.6818196576937652,5.3122989246530778,631.0000000000000000,98.8195680000000038,83.0000000000000000,203.0000000000000000,788.0000000000000000,-9.4031973546648153,179.1804319999999962,83.1804319999999962,131.4666780100000096,16.9558940433520000,216.8591913442732562,26.6933769109966015,-23.9498464912034592,28.6588307714767012,80.6835290539999903,460.5528713886189962,-0.5513255993187158,13.0707348859793910,,,,373.0773578307120033,-38.6683722738409870,-115.5617745770250053,0.3379479695431472,0.1235727682813524,,,,2.8244778564589299,-1.0333079301694901,,,-22.8836150366952253,,339.3144200813285920,469.0607460773238699,-14.9228823661753722,51.6491066643402732,,145.4083117135737382,-23.9498464912034592,0.0000000000000000,4.0068652581699951,10.4630975426963175,4.1949395516219852,8.4853915983076149,-42.6931782811275085,17.0452972381141166,40.9026739415340330,17.9423065704927609,19.1444029715930526,-17.5289773637892949,6.8564233037076576,0.4753016659902300,14.7402400743948334,22.0998795357809144,13.2128480258596284,22.2728261606580276,30.9898229070447258,21.5290915818710005,-1.7744277450340320,21.4556878848430870,4.7691950055662744,1.7891698220225010,-11.8371965947937383,-8.7856430880101470,7.4133333333334495,,,,,,,,,,,,,,,
"2009Q1",10.6877394752008001,7.5407852917872900,11.7780154607835001,704.5774972865254995,582.4661231763743672,679.4784729663484768,546.4398683674162385,507.9106497341056752,483.9630228500704447,557.7604111565966605,440.0655068692090595,423.7533214033588251,441.9259883513359455,8.8956705832149527,6.0181432171564531,634.1264655090370752,609.0757289122018392,-0.2404568365321609,34.9895602433406410,1.7205466742888345,-0.1621561970355275,480.7653927770491578,378.6196113622071380,-6.5088454816395256,-60.9684787011477738,19.9081313281634458,2.5576236078206533,10.6877394752005976,11.7780154607835428,25.1739979681680310,4.4077573105171970,14.5594003997881458,0.0098747969313817,0.0051520679641044,0.0656757547585937,-2.8470606937631704,-1.8552857706606536,-5.2757414369361113,705.0068362835357902,675.9769272689786703,488.1318709760227534,567.1225405952145593,480.3465295259825325,552.3864134348727930,4.9755304534972655,-13.6672414343204949,1.0710702545202666,4.0356708045790501,19.4977056142455467,-7.5331487988432313,5.6919814888733704,2.2586745990752264,229.3966345197142971,2.1248234363916345,7.0424594229700812,15.0223548788970227,-4.2839665138336009,7.5407852917872900,-0.4293389970108909,3.5015456973702177,19.7787787580822538,-20.6826722277975890,3.6164933240877866,5.3739977217234296,2.0698525607639353,-3.5043228132219633,704.5774972865251584,11.0121750545799468,9.0082602154465441,443.2237140458867088,-0.2842248320914476,-0.6131217818236294,-0.3622674123985944,-4.5643238159674020,10.6877394752005976,15.0223548788970227,-0.0506488898631224,-4.2839665138336009,19.9081313281634458,25.1739979681680310,0.0098747969313817,-5.2757414369361113,2.5576236078206533,0.0051520679641044,4.4077573105171970,-1.8552857706606536,11.7780154607835428,14.5594003997881458,0.0656757547585937,-2.8470606937631704,7.5407852917872900,3.5015456973702177,1.0660059186942208,679.4784729663483631,27.4266229026427339,10.6986320360763933,675.9769272689786703,6.7875018018606337,7.3789678045461162,19.7787787580822538,12.0098586847360025,507.9106497341052204,53.9267268199267917,28.9567492428439373,488.1318709760227534,11.7891006425592497,12.6130348839959581,-20.6826722277975890,546.4398683674160111,2.9419322417749605,20.9317483749817619,567.1225405952145593,2.3384938074770467,6.7555263732235673,3.6164933240877866,1.4300139944502526,3.5043228132216102,483.9630228500701605,6.3256038913904193,-3.3216576415983741,480.3465295259825325,9.2831555264336192,10.4812824254407229,5.3739977217234296,557.7604111565967742,58.7266764239898436,31.1984423635836947,552.3864134348727930,8.3709583057552290,7.1277280551164441,-0.4293389970108909,-0.6064940220831203,704.5774972865251584,15.3291779344970784,11.0121750545799468,705.0068362835357902,6.3843153182398389,8.6554249783591999,2.0698525607639353,0.8279410243055618,582.4661231763745945,17.6908971896796743,7.2914010907062199,580.3962706156110016,5.9188589761461410,6.0166680799954939,440.0655068692094574,5.6919814888733704,1.8028445511789626,17.5021348326539048,443.2237140458867088,4.0356708045790501,0.7032240452467329,16.6367098603332551,423.7533214033593367,19.4977056142455467,9.2051903261784140,24.4952755584884727,441.9259883513356613,-7.5331487988432313,-2.8639294543254206,11.1060761579802101,-1.0443357602529466,3.1582071766778785,-1.6563106842923290,-0.8654249723200399,0.4695281719193114,2.6886790047591766,-0.5403908343750992,-0.4586191259986202,-3.1722114239227350,-16.3121854658499572,13.8057241253715919,6.9931407258348823,-2.6449440315287176,-13.6672414343204949,2.6641467542452753,2.2658761676214083,1.8018809337785537,1.8604814821262232,-13.2251302877125596,-6.3960586746730899,0.7894112276054558,1.0710702545202666,-0.0221178069912394,-0.0301247740049163,-89.5030633778831657,8.8956705832147573,6.6938142181972626,8.1924465379683120,5.9337719388934573,4.9492187803610914,2.4673619975179157,2.2586745990752264,6.0181432171564531,-2.4818567828435469,4.9755304534972655,-4.1244702415960814,4.5169113274987076,7.2414066211187356,4.9454056794924055,2.4673619975181804,2.4673619975181911,634.1264655090383258,9.0082602154465441,4.2774766174130257,634.5742515408198869,7.0424594229700812,2.1248234363916345,225.8923117064915687,-6.8962955340612568,-10.0780236311886515,-2.7446581534678485,229.3966345197142971,0.3115866944411866,0.2665496349337665,0.2960073597191191,-3.5043228132219633,609.0757289122020666,169.0102220429921545,-22.3601306838448473,-14.6075045610431360,-1.9003695674451067,-0.2404568365321598,34.9895602433407689,-11.8688849449285279,2.2812096117322707,-9.0990554100194672,1.7205466742888353,-0.1621561970355305,480.7653927770488167,-14.5839004179521776,-27.2681265044227743,445.7758325337080123,-2.7150154730250708,-29.5493361161562156,-6.5088454816395815,452.2846780153478221,-4.4845702421040912,-3.7109365924659952,378.6196113622073085,-94.5204371471577929,-77.0032809825247853,343.6300511188655378,-82.6515522022313576,-79.2844905942566669,-60.9684787011446261,404.5985298200097873,4.1975727791132513,4.7537321676769961,-0.2842248320914476,-0.6131217818236294,-0.3622674123985944,0.8483206201526601,-0.2911295798811417,0.0000000000000000,-1.9262541593293463,-0.0826608818806841,0.0000000000000000,-1.8552857706606485,-0.0503779968256231,0.0000000000000000,-2.8470606937631810,6.0530831261029334,14.7871893906998082,1.5581721363413408,4.9426945176231847,0.1466643374276124,2.4191153578119726,-0.3622674123986229,8.6010806655613514,-0.6131217818236792,2.8428233675193288,-2.0580412952223011,0.6531196422360894,0.0599803753073962,-17.8483030834437528,-0.0505657881303421,-0.2842248320914479,-0.1703100688359214,-0.3542453678079671,0.6808396605461663,-0.0543259874398772,0.3233996193706874,0.0037800146895189,0.0359667467439460,-0.0186463195047112,-0.3123938173345756,-1.6860547403429118,-8.3869237205155898,-1.0985831554534569,-2.1990802938151432,-32.3114545584046482,-0.1533235004630544,-0.8470783330745998,0.2484654821450283,-44.0000000000000000,,,,,,,,,,,,,,,,,,,,,,,,,,,,,,,,,,,,,,,,,,,,,,,,,,,,,,,,,,,,,,,,,,,,,,,,,,,,,,,,,,,,,,,,,,,,,,,,,,,,,,,,,,,,,,,,,,,,,,,,,,,,,,,,,,,,,,,,,,,,,,,,,,,,,,,,,,,,,,,,,,,,-10.3980479986103518,-9.9751411914910904,630.0000000000000000,131.7490640000000042,81.0000000000000000,216.0000000000000000,786.0000000000000000,-12.0222046813267749,159.2509359999999958,59.2509360000000029,94.0770043130000033,11.7780154607835001,164.3135645174999979,22.6393586668306988,20.0789530314999958,11.5357576300000009,38.6218495429999962,441.7558213854940163,-16.6681491949743759,-0.1494892941652211,,,,370.7021684927159981,-34.3121576715377614,-128.3461390984400055,0.1388435114503817,0.1258023395315735,,,,1.7145688201770499,1.4323853632364603,,,1.2689617533770381,,343.4900868502287494,467.5716155086330446,-5.9565222747633015,20.3268402864025539,,68.0544956305596713,20.0789530314999958,0.0000000000000000,16.5665046311676463,11.6413986196953374,31.5564997209031901,11.2919030044363495,71.4749949932686093,33.5849597997974172,2.9856345800155566,23.2836341909126787,6.5299562458890534,-3.2670963754803353,79.9064422032878952,36.6133413472207678,5.8570925364854105,19.1271647997036496,4.1182105994271438,18.1006568017618292,21.5283102887464395,27.7560954159030757,-7.2563998526927662,11.7462803596997389,9.4264668591346918,4.3702791202226052,-6.6638744512424068,-9.5868293627211898,9.3033333333331072,,,,,,,,,,,,,,,
"2009Q2",9.9139723073151504,10.8919657207478995,12.5277758056574005,704.2292754894884865,583.8964039964778294,679.2663244151844992,540.4060753461918694,514.3617983431259972,481.5897428164736311,557.8441159281057935,439.6668417969152642,424.9180448104262950,440.3916407010723333,8.2040710336209397,7.3080926531090729,634.2024876502415509,608.8118562907953901,-1.5540577488036291,32.2891967516481984,1.3861155448042883,-0.3144906648331062,491.4099284104702861,408.1601455126705105,8.0425172609978404,-29.7777712118739259,18.4298828098744423,4.0118653030979603,9.9139723073149177,12.5277758056574413,25.0743009346492123,4.4239751014384563,14.5812711899676462,0.0596659908930174,0.0311300822049579,-0.0129733549023789,-2.0405220294078079,-0.4432398805454648,-6.7040841156679054,706.8234490065721047,677.6920320159129005,491.0682487201749495,568.5557031893315525,482.7747120745983693,554.5076814867800294,4.8503037130902120,-12.8647857194776503,1.0699917084591490,-2.4712536591248977,4.6588936282705253,-6.1373906010587698,-1.5946602891762367,1.9801894487435439,229.4624881848625364,2.0444361860125970,9.2491213169724453,14.9170048461200508,-5.1068019668055555,10.8919657207478995,-2.5941735170819964,1.5742923992732236,23.2935496229505539,-28.1496278431391538,-1.1849692581244042,3.3364344413265621,2.0413144699901156,-5.5767044140781472,704.2292754894890550,4.6085246530370965,0.3040885648170991,442.6059006311064081,0.0506889680674979,-3.7298178466654974,-0.2520272250298514,-5.2121519995825425,9.9139723073149177,14.9170048461200508,0.1037694280003114,-5.1068019668055555,18.4298828098744423,25.0743009346492123,0.0596659908930174,-6.7040841156679054,4.0118653030979603,0.0311300822049579,4.4239751014384563,-0.4432398805454648,12.5277758056574413,14.5812711899676462,-0.0129733549023789,-2.0405220294078079,10.8919657207478995,1.5742923992732236,-1.2288469261200157,679.2663244151847266,-0.8485942046533899,7.4763731341456126,677.6920320159129005,6.8604189877332047,7.0645012504545406,23.2935496229505539,13.3518662663577246,514.3617983431258835,25.8045944360830823,9.5101548214139555,491.0682487201749495,11.7455109766121097,12.1516794608818337,-28.1496278431391538,540.4060753461917557,-24.1351720848994020,13.9413266760786119,568.5557031893315525,5.7326503764700956,5.3895667538942735,-1.1849692581244042,-2.1442418238834402,5.5767044140780371,481.5897428164733469,-9.4931201343923544,-11.7280105047321825,482.7747120745983693,9.7127301944583841,9.8855791091368008,3.3364344413265621,557.8441159281067030,0.3348190860366493,17.9037646014965830,554.5076814867800294,8.4850722076280558,7.8301435812231208,-2.5941735170819964,-3.4354051677175645,704.2292754894890550,-1.3928871881403015,4.6085246530370965,706.8234490065721047,7.2664508921453050,7.6650510181557907,2.0413144699901156,0.8165257879960468,583.8964039964783979,5.7211232804132228,6.4847825744614074,581.8550895264884275,5.8352756435111655,5.9445186568905815,439.6668417969150369,-1.5946602891762367,-3.2715244138130410,11.0132247886701791,442.6059006311064081,-2.4712536591248977,-4.0925604554568258,9.2322808601639768,424.9180448104265793,4.6588936282705253,0.2011786321393898,23.2487511484187621,440.3916407010722196,-6.1373906010587698,-1.9636641902332443,2.8794193815850173,-3.1906796964807702,2.9390588341910475,-0.8765933699465842,-1.7809439285057100,0.4136357433566678,2.5254230908350532,-0.6530236556940159,-0.5255391181718707,-10.7607800625464343,-14.7487969864887027,6.2535539174446413,12.2355263597472739,-1.8840112670113500,-12.8647857194776503,3.2098228593704303,2.5912254629645046,51.3075174230678215,0.7247989041567688,-4.5427303118789251,-8.1338054070849903,-0.3451928043023142,1.0699917084591490,-0.0043141842462359,-0.0222056310910956,114.6507593659886766,8.2040710336210232,6.1774695061394649,12.2966314890782016,10.3164420403347172,7.1588364064204377,5.9669290595299067,1.9801894487435439,7.3080926531090755,-1.1919073468909231,4.8503037130902120,-7.1633073915644818,4.3247645949183404,7.4415291760547095,4.8280980819991290,5.9669290595301936,5.9669290595300879,634.2024876502422330,0.3040885648170991,4.4270092733582471,635.7838672438765570,9.2491213169724453,2.0444361860125970,223.8857837707839167,-8.0261117428289115,-9.1911760212442246,3.8417111650994356,229.4624881848625364,0.2634146605937380,0.2805366276029092,0.2502439275640581,-5.5767044140781472,608.8118562907955038,169.1450144938802111,0.5391698035608876,-12.2190631850413265,-2.0280382365209837,-1.5540577488036269,32.2891967516482694,-10.8014539667696514,-4.3859044344380678,-8.2451106274922381,1.3861155448042894,-0.3144906648331076,491.4099284104706271,42.5781425336884212,-23.5626600138750177,459.1207316588224785,53.3795965004569553,-19.1767555794382645,8.0425172609983893,451.0782143978242971,-4.8258544700917430,-4.2079552693377513,408.1601455126730116,118.1621366018711683,-71.4132044570988853,375.8709487610238966,128.9635905686399724,-67.0273000226596878,-29.7777712118747964,405.6487199728982205,4.2007606115485538,4.4140260362549775,0.0506889680674979,-3.7298178466654974,-0.2520272250298514,4.6215730748542541,-0.1409971351103690,0.0000000000000000,-3.0110651098127548,-0.0633943435528548,0.0000000000000000,-0.4432398805454625,-0.0425352058226662,0.0000000000000000,-2.0405220294078088,1.7168533052482360,12.3346938395032311,-1.9541317113242584,5.2421468605178925,1.0407269630932952,1.2133734456845460,-0.2520272250298525,-4.8210776074431454,-3.7298178466655116,1.6750013804803630,1.0417637576682646,-1.3121289779854228,-0.1205016408353954,15.6967257386151662,-0.1156785526451929,0.0506889680674979,0.1842620582827584,0.5321291364483818,0.1710585092624148,-0.1155753367516663,0.6140645075879008,0.0155918420458664,-0.0325926991253807,-0.0679049067398901,-0.3462247689982638,-1.3280283224633935,-1.7023985567502820,-0.3474169322509970,12.0780014596148071,14.7292182399619662,-0.1685500875011299,-0.7897412521982845,0.4229451103407027,-43.0000000000000000,,,,,,,,,,,,,,,,,,,,,,,,,,,,,,,,,,,,,,,,,,,,,,,,,,,,,,,,,,,,,,,,,,,,,,,,,,,,,,,,,,,,,,,,,,,,,,,,,,,,,,,,,,,,,,,,,,,,,,,,,,,,,,,,,,,,,,,,,,,,,,,,,,,,,,,,,,,,,,,,,,,,-7.0602891872404001,-6.7959011647774332,630.0000000000000000,122.8878471903999952,78.0000000000000000,210.0000000000000000,774.0000000000000000,-12.3426780462989125,153.1121528095999906,48.1121528096000048,99.6229179629999919,12.5277758056574005,186.0698849755000026,22.2613500405775007,-30.2271729484999909,11.8257788520000009,104.8483611089999954,440.5916853130519826,-1.0554904856257963,-5.9896599910549355,,,,383.7723299035440050,20.4854654393373039,-134.3983769073219889,0.1850426356589147,0.1298533651934178,,,,1.4953303305956100,-2.4733237440283591,,,1.2689617533770381,,347.4983582178195434,468.4246568123738257,3.4121652149631245,20.8220432993678060,,184.6100068504265437,-30.2271729484999909,0.0000000000000000,-1.3832313979565498,4.7163674222149297,-0.8450038071786850,7.7629510725165289,29.4398287560078700,9.9770529189058692,-21.4434721894087517,14.9599092940790825,-9.0564499743808398,-11.0663949244564606,0.3353802312374938,19.6065770430242168,-1.5820128988664237,11.6425705636665953,-2.4409681758435084,9.6718795205630812,4.7691252690651709,26.1734689066978490,-5.9528473930211163,2.9212754327225809,0.3045513831002893,4.5264635148428454,-7.7124663912380242,-8.7814362939234911,8.5500000000000789,,,,,,,,,,,,,,,
"2009Q3",12.6749972171701000,12.9992421570890997,11.4340480223541991,703.6637913207246129,584.1602106616053334,679.8237435595324314,538.0043592659174010,495.9525254967410319,482.8511795244292557,549.6547970823822880,441.2530523403194138,429.7695184592864734,441.1430835788245304,8.8804213342109168,7.1754462780479482,634.3204341538190647,613.1618625129812017,-2.4094438959776312,31.6524624074487733,0.8304092056905423,-0.4635170190464624,486.8998083573620193,422.2732266680207545,5.4395771706835490,-16.0892155366001361,17.9524625128822066,6.1565827266423092,12.6749972171702616,11.4340480223542098,25.1493076497425925,4.4419580888122390,14.6091418395447281,0.1215960557220290,0.0634414203766160,-0.1430655647027121,-3.0320282524877942,1.6511832174534555,-7.3184411925825845,708.9505763521123072,679.4549024431311182,494.0235338318324807,570.9713179006165547,485.3916864008666607,556.6141233276850926,4.7900033932971056,-12.0033877398365370,1.0705924976941299,3.9774653953411323,19.4058945954440780,3.0057715110077754,6.3448421736174332,1.7994688691401368,229.5307226803757032,2.0036948052360373,10.0651721687987141,14.9821238990101318,-2.6352297226413848,12.9992421570890997,-5.2867850313870042,0.3688411164019006,1.9289916649083934,-32.9669586346967876,-2.5405068764371310,-6.9593262453025266,0.8674773018197280,-7.1580930990490659,703.6637913207252950,3.9007565946331710,0.4717860143108303,443.6002669799416935,0.1724803626327287,2.8958009738975568,6.9955087774534350,-2.5701106697512359,12.6749972171702616,14.9821238990101318,0.3281030408013287,-2.6352297226413848,17.9524625128822066,25.1493076497425925,0.1215960557220290,-7.3184411925825845,6.1565827266423092,0.0634414203766160,4.4419580888122390,1.6511832174534555,11.4340480223542098,14.6091418395447281,-0.1430655647027121,-3.0320282524877942,12.9992421570890997,0.3688411164019006,-2.6898799164191614,679.8237435595326588,2.2296765773927794,8.2292607535473614,679.4549024431311182,7.0514817088773691,6.9406725525252266,1.9289916649083934,-1.1691439895554634,495.9525254967410888,-73.6370913855361664,-12.3952054490876442,494.0235338318324807,11.8211404466331498,11.8909925963167655,-32.9669586346967876,538.0043592659191063,-9.6068643210926297,0.8724542169503167,570.9713179006165547,9.6624588451379818,5.7396350461488748,-2.5405068764371310,-3.4268182343005096,7.1580930990488953,482.8511795244288578,5.0457468318206216,4.8487086925275644,485.3916864008666607,10.4678973050699149,9.8069451213173870,-6.9593262453025266,549.6547970823833111,-32.7572753828943348,8.2339527597714799,556.6141233276850926,8.4257673636234340,8.2490061369650647,-5.2867850313870042,-6.3108577114269133,703.6637913207252950,-2.2619366750532306,3.9007565946331710,708.9505763521123072,8.5085093821642133,7.4519760166445632,0.8674773018197280,0.3469909207278926,584.1602106616047649,1.0552266605071701,7.6940408442753325,583.2927333597856432,5.7505753331914971,5.8714398513004777,441.2530523403194138,6.3448421736174332,0.3313600406296162,6.0480559812632197,443.6002669799416935,3.9774653953411323,-1.5058180086800930,4.4879574302550642,429.7695184592872693,19.4058945954440780,8.6383241749309185,17.6393596210559984,441.1430835788253830,3.0057715110077754,2.0067090172559938,-3.1137818372220405,-5.6610466449188710,2.3472146396222708,-2.3673767782746258,-1.5600985510076242,-0.0028075544242099,2.3500221940470385,-0.7016035871495189,-0.5942873374498556,-2.3480893445399946,-11.4835338810322867,13.0610524218258632,11.5913036397922049,0.5198538588048658,-12.0033877398365370,3.4455919185607349,2.9250906224636921,-8.6126542000863129,-0.1099687614949300,-3.3390706626066593,-9.1618378184856493,-1.1805612591890748,1.0705924976941299,0.0024031569409842,-0.0132010479306929,53.1101401006548315,8.8804213342110838,5.8878686752874856,10.3862393428913915,8.5867704737513844,6.7726105028214167,5.4480567808698126,1.7994688691401368,7.1754462780479491,-1.3245537219520511,4.7900033932971056,-5.6861815098968407,4.1957160558472779,7.7150940157608145,4.7768023453664537,5.4480567808701315,5.4480567808699742,634.3204341538189510,0.4717860143108303,3.6107737462238765,635.7450835550506554,10.0651721687987141,2.0036948052360373,222.3726295813258389,-6.0526167578289165,-8.3933820593859672,6.9711517601521402,229.5307226803757032,0.2729379820532266,0.2845163994554873,0.2592910829505612,-7.1580930990490659,613.1618625129815427,171.9088101726615037,11.0551827151295381,-6.2667910790549755,-2.1034707920766915,-2.4094438959776334,31.6524624074488443,-2.5469373767973482,-7.5161983753538602,-1.6414973555142902,0.8304092056905434,-0.4635170190464639,486.8998083573630993,-18.0404802124293191,-22.2716815227872438,455.2473459499138357,-15.4935428356335656,-14.7554831474346244,5.4395771706843030,449.8077687792300026,-5.0817824743755029,-4.6084662158195000,422.2732266680224598,56.4523246214004146,-52.9147665289241047,390.6207642605727415,58.9992619981952231,-45.3985681535715102,-16.0892155365984166,406.7099797971704902,4.2450392970990105,4.2578174210935460,0.1724803626327287,2.8958009738975568,6.9955087774534350,5.0532592967151500,0.0287217618258595,0.0000000000000000,-2.6255823116151760,-0.0608182575543020,0.0000000000000000,1.6511832174534629,-0.0363166385232466,0.0000000000000000,-3.0320282524877999,1.5902414086768744,-11.2241363051827108,0.3841749299482089,-0.1625263482731059,-0.1451072744427755,0.0509515138236827,6.9955087774534164,15.4108026362358927,2.8958009738975790,2.7157457358880093,-0.2518371097502250,-1.1557083045156853,-0.1061364769453180,10.2764207186920800,-0.0762093060326080,0.1724803626327285,0.3013017109535482,0.8792003124363178,0.0033454584786040,-0.0631715901783816,0.3587250721655404,0.0062859227625907,0.0226940544891792,-0.0362977621753078,-0.3640584132099537,-0.9486296121022202,5.6981732506947722,-0.5854136983544344,0.4532164688653779,5.6485574480701217,-0.1804754206966654,-0.7385134512930036,0.4643547467111699,-42.0000000000000000,,,,,,,,,,,,,,,,,,,,,,,,,,,,,,,,,,,,,,,,,,,,,,,,,,,,,,,,,,,,,,,,,,,,,,,,,,,,,,,,,,,,,,,,,,,,,,,,,,,,,,,,,,,,,,,,,,,,,,,,,,,,,,,,,,,,,,,,,,,,,,,,,,,,,,,,,,,,,,,,,,,,-3.7225303758704342,-3.6166611380638045,679.0000000000000000,102.2105984439999986,90.0000000000000000,215.0000000000000000,809.0000000000000000,-10.4455413032996809,152.7894015560000014,50.7894015560000085,89.5764605340000060,11.4340480223541991,188.8058574739999926,24.2969457898728010,-0.4561274369999957,6.6532200820000007,93.0323042950000030,460.1804177692760049,17.4000248887432463,9.1617598489951604,,,,413.6674877345159871,61.5828573363651230,-142.3532929963280083,0.3108108776266996,0.1271524637129245,,,,0.9656065618349100,-1.2898515017539096,,,1.2689617533770381,,351.3521396812629405,471.6429008827133771,12.8729762813582056,11.7007377780753163,,163.6119929943278066,-0.4561274369999957,0.0000000000000000,-2.2365466829247822,3.9778350527594597,2.2547196457199306,8.5773468851374020,-52.1151451315943106,-11.6577804005667929,-9.1598341678125337,0.8762711911292058,5.1752129616806712,4.9681817113067694,-27.9329142196117033,8.5824414605291963,6.5504527510525037,6.2346945145918937,4.0576258023815086,4.5901898858761854,21.4167851129721356,19.2907490129047119,3.0514008466646629,-3.0658029262722977,0.4729006767784796,3.6767539177674990,-5.8730862037719334,-8.0507894476892830,9.2866666666668429,,,,,,,,,,,,,,,
"2009Q4",12.1978051373894001,10.1499520263249003,11.3743246771255002,705.7464017316079889,585.8410965526628615,683.9394989458670580,544.6555501712683736,477.6876049325883287,480.8329119104257643,551.7367659335267263,444.1833456655127179,440.2862682352251227,443.6500546410765082,7.7824865463305306,7.5868566985158710,634.6250324361191133,619.1318658165803299,-2.8121552615613794,34.3380611399404501,0.5184537031520494,-0.6064927476881848,490.5703763221433746,432.4314779995551703,7.7326083934233338,-9.6805540395114917,19.1402934414437134,4.4318363730714481,12.1978051373897163,11.3743246771254878,25.2290400939610500,4.4431015236800295,14.6454411494296828,0.1233043138479079,0.0643326854857756,-0.1168639725316375,-3.1542524997725447,-0.0755978360943452,-6.2120509663653456,711.1074588554262164,681.2315736930152070,496.9657726836385336,573.4348636509236030,488.1199881343645757,558.7597547817871373,4.7708997045271335,-11.1378808001883041,1.0709017812776225,5.6916516933983470,42.0669991037566788,10.0278842490007172,11.7211733007713903,1.6999259469428645,229.6148486482041449,1.9867400168828948,7.7861541540072539,15.0267004682114234,-3.1333963026871601,10.1499520263249003,-5.3610571238165070,2.7079252528533924,-19.2781677510509084,-28.7793134796525329,-7.2870762239369995,-7.0229888482592537,1.1295161434963623,-5.6749349754365666,705.7464017316098079,5.0011989287080754,1.2183931291984320,445.0231799032921458,0.0461740682062177,4.6240261655143273,3.4694132801927928,-3.0888197334858689,12.1978051373897163,15.0267004682114234,0.3045009718652926,-3.1333963026871601,19.1402934414437134,25.2290400939610500,0.1233043138479079,-6.2120509663653456,4.4318363730714481,0.0643326854857756,4.4431015236800295,-0.0755978360943452,11.3743246771254878,14.6454411494296828,-0.1168639725316375,-3.1542524997725447,10.1499520263249003,2.7079252528533924,-0.5897173215322034,683.9394989458680811,16.4630215453448940,11.3176817051794671,681.2315736930152070,7.1066849995378822,6.9515218745008180,-19.2781677510509084,-14.4511189394853137,477.6876049325882718,-73.0596822566099462,-16.7413630965356539,496.9657726836385336,11.7689554072267342,11.7811768682560647,-28.7793134796525329,544.6555501712706473,26.6047636214082175,-1.0488351357009453,573.4348636509236030,9.8541830012311742,6.8969465075783614,-7.2870762239369995,-6.1487854336544654,5.6749349754362770,480.8329119104269012,-8.0730704560083097,-1.5487099667967104,488.1199881343645757,10.9132069339899118,10.0942474899880033,-7.0229888482592537,551.7367659335277494,8.3278754045829579,8.6580238829275764,558.7597547817871373,8.5825258164102287,8.4660809233541343,-5.3610571238165070,-5.7397660380515578,705.7464017316098079,8.3304416435395439,5.0011989287080754,711.1074588554262164,8.6275300132559192,7.6967014014510191,1.1295161434963623,0.4518064573985461,585.8410965526630889,6.7235435642312984,7.7976976737097221,584.7115804091670270,5.6753881975275489,5.7950245375922869,444.1833456655128884,11.7211733007713903,4.9425440847310771,5.5408341685217737,445.0231799032921458,5.6916516933983470,2.2227964237858049,2.8083835585499144,440.2862682352259185,42.0669991037566788,17.7815668165290646,21.4073732354270199,443.6500546410761103,10.0278842490007172,6.1596243824994206,-0.1592209099703816,-5.4238326941404509,0.8398342377794107,-6.0295216073715245,-2.7324506099714849,-1.3339760652734116,2.1738103030533744,-0.7048475639728805,-0.6499664102997327,11.6242841878508507,-3.8970774302869300,30.3458258029843151,15.8665390669043660,7.2408033699018759,-11.1378808001883041,3.4620277585932544,3.1953973226913717,24.9632844013761357,-0.5332910244369249,-1.6932890517674282,-5.7000550784913830,-1.6041928057145054,1.0709017812776225,0.0012371343348987,-0.0056979249909592,37.9650148745094995,7.7824865463306407,5.7659780874968769,5.5596901225450486,3.8597641756022907,2.9553532814630135,2.0422099799792481,1.6999259469428645,7.5868566985158647,-0.9131433014841436,4.7708997045271335,-1.9933385203740661,4.1209332942273882,7.9662970272184728,4.7652017795361843,2.0422099799795577,2.0422099799794613,634.6250324361189996,1.2183931291984320,2.7506319809430706,635.5619421688700186,7.7861541540072539,1.9867400168828948,223.9399136727669770,6.2691363657660757,-3.6764719172395899,10.6362564928121852,229.6148486482041449,0.3365038713138486,0.2961108021006119,0.3196786777481564,-5.6749349754365666,619.1318658165807847,174.9485201510672141,12.1588399136309278,0.3482654371156357,-2.1455730570181406,-2.8121552615613781,34.3380611399405069,10.7423949299665438,-3.6187203396324290,8.9899684898967109,0.5184537031520527,-0.6064927476881862,490.5703763221446252,14.6822718591303154,6.1590084406088694,456.2323151822037062,3.9398769291623825,9.7777287802399115,7.7326083934238428,448.4997067887800313,-5.2322479617951005,-4.9061137870935587,432.4314779995571030,40.6330053261477602,30.1817573505587475,398.0934168596158997,29.8906103961796674,33.8004776901909025,-9.6805540395121792,407.7739708991276188,4.2559644078291381,4.2248342738970770,0.0461740682062177,4.6240261655143273,3.4694132801927928,1.1503309477803505,0.0371978267056142,0.0000000000000000,-1.0891421315574945,-0.0767586606915670,0.0000000000000000,-0.0755978360943494,-0.0276092717195905,0.0000000000000000,-3.1542524997725483,4.5168158833253784,-18.7922569504573929,-3.6571131806959443,1.9091596999129892,0.7244049970502413,0.7825252227684776,3.4694132801927502,25.3447306230864733,4.6240261655143229,0.2177973913051625,0.2789550482727132,-0.6297633911894925,-0.0578354134765854,0.9749313340485442,-0.0504222709739241,0.0461740682062175,0.1772686750270717,0.6071011862753729,0.2164435130698442,-0.0280049911345850,0.1629687589267965,-0.0009257069119884,0.0772127883632868,-0.0165853078295298,-0.3714853006181663,-0.5472779993423985,12.3838922854809965,-0.3694481787348626,4.3600705475999320,2.0645733022055595,-0.1893274305463732,-0.6586437348572725,0.4354290404391907,-41.0000000000000000,,,,,,,,,,,,,,,,,,,,,,,,,,,,,,,,,,,,,,,,,,,,,,,,,,,,,,,,,,,,,,,,,,,,,,,,,,,,,,,,,,,,,,,,,,,,,,,,,,,,,,,,,,,,,,,,,,,,,,,,,,,,,,,,,,,,,,,,,,,,,,,,,,,,,,,,,,,,,,,,,,,,-0.3847715645003547,-0.4374211113501048,715.0000000000000000,84.9661220232000005,85.0000000000000000,211.0000000000000000,855.0000000000000000,-10.8870000020807165,182.0338779767999995,78.0338779767999995,96.0850762620000012,11.3743246771255002,210.7330994524999710,23.3713503702043006,-3.9840954874999990,7.7374958509999994,110.8946228269999779,488.4898328004359769,23.8800132143965129,11.0509773780731564,,,,437.9413025083479738,58.3025466251750686,-145.6936625882310068,0.2703567251461989,0.1239725979598102,,,,0.7063080843122630,1.3415450267522369,,,1.2689617533770381,,355.0628995268872359,477.1737996771971666,22.1235951779351581,13.5662224013065185,,194.4325587180317427,-3.9840954874999990,0.0000000000000000,8.6872620082183687,5.1283700442554760,17.8957077987311948,11.9829920469334041,-51.8378538259651052,-15.4150330646523912,30.4797212805885920,-1.0433540392834715,-7.7557932557805032,-1.5367791247773965,8.6844728691480242,9.0438859745106299,12.4357468077817401,5.6972132347922582,5.8567434251599195,2.8481904189845153,52.2981597891853198,23.8713984724786599,10.5479129655572592,-0.1590942207270274,1.2258457750367313,2.7888111143704322,6.4698183963240723,-3.6097103457044710,8.0933333333334403,,,,,,,,,,,,,,,
"2010Q1",10.6084034950453994,11.6950314151173007,12.0357761051023999,709.0139380224538854,586.4175604201142278,684.5584016202002431,546.5941094543385361,506.2747057411022524,482.7066476084705187,552.1629275305012925,443.1372629770455660,430.7560105237677135,444.3142989440877386,6.8156966660282192,8.6850488886957855,635.0846856157467073,624.8603448677644110,-1.8956542954921503,36.4655578194981373,0.3984717125996480,-0.7418399298176679,459.8878369255766643,434.4627485642456008,-23.7615146853420924,-10.8251083805852772,18.7947594194221779,3.8494201807256641,10.6084034950454171,12.0357761051023804,25.3724059041706980,4.4470223355225658,14.6899095826552344,0.0979926126479686,0.0511265805118854,-0.1193374692888201,-2.5347960082640264,-0.6487287353088269,-6.6756390973967186,713.2744863984462427,682.9855251425644838,499.8635163954284053,576.1532981562889972,490.8811090543263731,560.9964307806048964,4.7669288194806354,-10.2955176436857236,1.0700231636256898,2.1269448186188051,-38.1210308458301199,2.6569772120412289,-4.1843307538687728,1.6413376846552208,229.7215157220169601,1.9778427339816722,6.6218454178842485,15.1295186570380285,-4.7895718244415963,11.6950314151173007,-4.2605483759930918,1.5728764776360924,6.4111893456734004,-29.5591887019494379,-8.1744614458553642,-8.8335032501037780,0.3051740469272820,-3.7261883947192445,709.0139380224533170,4.4364407359282589,1.8386127185140606,445.5549161079476335,-0.0971482592601154,-2.0155482779536484,0.2104352120629306,-4.6867536356148474,10.6084034950454171,15.1295186570380285,0.2684566624486794,-4.7895718244415963,18.7947594194221779,25.3724059041706980,0.0979926126479686,-6.6756390973967186,3.8494201807256641,0.0511265805118854,4.4470223355225658,-0.6487287353088269,12.0357761051023804,14.6899095826552344,-0.1193374692888201,-2.5347960082640264,11.6950314151173007,1.5728764776360924,-1.3832417397024905,684.5584016201997883,2.4756106973343259,5.0799286538509696,682.9855251425644838,7.0158057981989463,7.0085978735853107,6.4111893456734004,2.2243635929556671,506.2747057411026503,114.3484032340583383,-1.6359439930033162,499.8635163954284053,11.5909748471616485,11.7316454194065418,-29.5591887019494379,546.5941094543380814,7.7542371322801671,0.1542410869228172,576.1532981562889972,10.8737380214615005,9.0307575610741786,-8.1744614458553642,-6.1235837736395853,3.7261883947188830,482.7066476084705755,7.4949427921796348,-1.2563752416006433,490.8811090543263731,11.0444836798481969,10.5345795283414319,-8.8335032501037780,552.1629275305014062,1.7046463878975371,-5.5974836260954337,560.9964307806048964,8.9467039952739231,8.6100173457339952,-4.2605483759930918,-4.8515046190468967,709.0139380224533170,13.0701451633815857,4.4364407359282589,713.2744863984462427,8.6681101720838729,8.2676501149116159,0.3051740469272820,0.1220696187709195,586.4175604201138867,2.3058554698035341,3.9514372437406737,586.1123863731874053,5.6032238560826748,5.7161157575763788,443.1372629770454523,-4.1843307538687728,-0.3589904740910006,3.0717561078364546,445.5549161079476335,2.1269448186188051,0.4317837212312705,2.3312020620598277,430.7560105237673156,-38.1210308458301199,-5.9329575057515598,7.0026891204079202,444.3142989440878523,2.6569772120412289,3.5818650255516347,2.3883105927505612,-4.1536763797377318,2.4176531309016598,6.3112755724891354,-0.7405540457759452,0.4152398527969630,2.0024132781054602,-0.6855880997898223,-0.6862657266534418,9.9219311414912319,-12.3812524532782131,-33.9367000919631607,3.9309330125702751,-2.0857348095926778,-10.2955176436857236,3.3694526260107933,3.3717237906328901,-111.9995204477721984,1.1770359670412898,6.8413079659125886,-0.6834455150851080,0.1070128034151976,1.0700231636256898,-0.0035144706059833,-0.0010470908944612,6.0257874063940982,6.8156966660280416,5.7226784043458050,6.3839129447973422,4.7425752601421056,3.5238801542044360,3.7089290429006061,1.6413376846552208,8.6850488886957855,0.1850488886957899,4.7669288194806354,-3.2220569068143847,4.0806630928272289,8.1386526101135637,4.7658817285862236,3.7089290429009223,3.7089290429007393,635.0846856157472757,1.8386127185140606,0.9582201067099191,635.8650010735165097,6.6218454178842485,1.9778427339816722,225.9953273272974457,8.2216546181253278,0.1030156208072967,9.7979020092923328,229.7215157220169601,0.4266682952539093,0.3248812023037118,0.4053348804912150,-3.7261883947192445,624.8603448677645247,181.7230818907182481,27.0982469586103640,12.7128598477290957,-2.1858177989046124,-1.8956542954921509,36.4655578194981516,8.5099867182315307,1.4759975761577964,7.2040419205088631,0.3984717125996526,-0.7418399298176653,459.8878369255766074,-122.7301575862672252,-20.8775558514704436,423.4222791060781788,-131.2401443045004044,-22.3535534276295067,-23.7615146853421457,447.1837937914207828,-5.2636519894353384,-5.1008842239260463,434.4627485642477609,8.1250822587666836,55.8431372020384700,397.9971907447488775,-0.3849044594678599,54.3671396258808741,-10.8251083805818968,408.8222991253306304,4.1933129048201234,4.2237693053177141,-0.0971482592601154,-2.0155482779536484,0.2104352120629306,4.1200554019548505,0.1048178149076934,0.0000000000000000,-2.3272034209408616,-0.0739241119734636,0.0000000000000000,-0.6487287353088185,-0.0190771552801262,0.0000000000000000,-2.5347960082640348,2.2074160516747270,20.8680140086871120,-2.1239279327031255,-2.4946028836455918,-0.8973224759454084,-0.1466324104712492,0.2104352120629827,-35.4249679470467029,-2.0155482779535703,0.3888873407701254,1.0068778600315116,-0.4331390388752838,-0.0397780749987509,13.8463173911308264,-0.0527749744130871,-0.0971482592601155,0.0488639023981580,0.3153337846597410,0.4317011617859796,-0.0147825562880825,0.0556013703150580,-0.0046278915073548,0.1069896175057370,-0.0102232812129178,-0.3834999335318838,0.7477716503755448,-0.4799817716651944,-0.1930724418756790,-28.5557318892647487,-3.7583039317382543,-0.1959964568983024,-0.5546288238200271,0.3629449377786171,-40.0000000000000000,,,,,,,,,,,,,,,,,,,,,,,,,,,,,,,,,,,,,,,,,,,,,,,,,,,,,,,,,,,,,,,,,,,,,,,,,,,,,,,,,,,,,,,,,,,,,,,,,,,,,,,,,,,,,,,,,,,,,,,,,,,,,,,,,,,,,,,,,,,,,,,,,,,,,,,,,,,,,,,,,,,,7.1751342257494599,6.4695668919005271,705.0000000000000000,131.8172995184000058,84.0000000000000000,230.0000000000000000,853.0000000000000000,-10.4325060982335902,162.1827004815999942,54.1827004816000013,104.5757027180000023,12.0357761051023999,175.1185341720477311,22.9938495259623998,9.0235463695995080,4.5487392174482197,56.9705458669999985,517.2898980925840533,22.9139162047363243,-1.5380537843319075,,,,428.5251671360300065,-49.0891490286787757,-127.7261888074989997,0.2842039859320047,0.1282694617614415,,,,0.6644047223929600,-1.7510326424648612,,,22.2455280600099705,0.0000000000000000,404.4466929308155727,484.8896234276197106,30.8632950016901759,7.9387713567604932,12.9758886125000004,99.4289002044989161,9.0235463695995080,0.0000000000000000,13.9627496591628244,4.5363223540340698,2.5065083808752320,5.2111699108153573,213.7681126459885377,-1.6226351034215725,8.0628019127159121,0.1543600996682670,7.7829641421398605,-1.2485157969995981,1.7192583940368138,-5.4437070510164034,-4.0979959989566339,3.1194213370948347,2.1497255141915019,2.3585869624118061,-31.6965773361512078,7.2537022678383636,2.6925895559365642,2.4170591421740255,1.8556192704750458,0.9628257345040652,8.5690886591655726,0.1030687001230461,7.0533333333331338,,,,,,,,,,,,,,,
"2010Q2",13.1101591443002992,13.9453415829212002,11.3086621936177991,710.2430974191900077,587.6897390427710661,684.9859402920509410,552.5791087411209901,491.0950318855297496,491.8261589906146583,551.2700072091690799,443.5425911087351096,435.0748580378769361,445.6574889309724199,6.1439975599688763,9.5535282775637320,636.6314192683474857,628.2980008937391858,-1.1101205535293559,36.4005865298949089,0.6270300513358975,-0.8684194139987914,460.6290596942749858,435.8410458961601535,-21.6661548679651901,-10.3900606098259800,20.0312777908338298,4.3875435470842223,13.1101591443003755,11.3086621936177671,25.4384880711927650,4.4539077803591578,14.7422737953138547,0.1126207604547810,0.0587586576284894,-0.1668460292776467,-3.2667655724184268,-0.1251228909034111,-5.5198310408137976,715.1396522215674167,684.6578855561921273,502.6440661113467172,578.2726261602648492,493.5346120703532051,563.4119388859135142,4.7987481337627225,-9.5056071519074656,1.0665316260623083,-1.8926230251682807,17.2753900564430509,5.3727599475391710,1.6213125267579014,1.6601224949398268,229.8616100837071201,1.9961833345169713,5.5667766751299022,15.1501220562380805,-2.3781883592986568,13.9453415829212002,-4.8965548023762109,0.3280547358590280,-11.5490342258173282,-25.6935174191413083,-1.7084530797385606,-12.1419316767433205,0.1919191665909931,-1.9113646371199791,710.2430974191906898,6.0138219297019067,6.1869346104032790,445.0817603516564418,-0.3371771616736733,2.8403968650920453,-0.6819793581929674,-2.3575849600987424,13.1101591443003755,15.1501220562380805,0.3382254473608785,-2.3781883592986568,20.0312777908338298,25.4384880711927650,0.1126207604547810,-5.5198310408137976,4.3875435470842223,0.0587586576284894,4.4539077803591578,-0.1251228909034111,11.3086621936177671,14.7422737953138547,-0.1668460292776467,-3.2667655724184268,13.9453415829212002,0.3280547358590280,-2.0647795040907706,684.9859402920508273,1.7101546874076146,5.7196158768659640,684.6578855561921273,6.6894416545134376,6.9658535402803645,-11.5490342258173282,-9.4027794508609048,491.0950318855299201,-60.7186954222895281,-23.2667664575956721,502.6440661113467172,11.1221988636738978,11.5758173911721656,-25.6935174191413083,552.5791087411214448,23.9399971471283344,12.1730333949300409,578.2726261602648492,8.4773120158992423,9.7169229709317388,-1.7084530797385606,-1.4981364247057753,1.9113646371198318,491.8261589906145446,36.4780455285741709,10.2364161741410058,493.5346120703532051,10.6140120641056832,10.7598999957534183,-12.1419316767433205,551.2700072091694210,-3.5716812853232653,-6.5741087189356211,563.4119388859135142,9.6620324212345530,8.9042573991353979,-4.8965548023762109,-4.8605462915109801,710.2430974191906898,4.9166375869507473,6.0138219297019067,715.1396522215674167,7.4606632924844849,8.3162032149968148,0.1919191665909931,0.0767676666363961,587.6897390427710661,5.0887144906265629,3.7933350462941293,587.4978198761801877,5.5417340119746052,5.6427303496922292,443.5425911087356781,1.6213125267579014,0.6336075065690654,3.8757493118199315,445.0817603516564418,-1.8926230251682807,-2.2725076664808439,2.4758597205486748,435.0748580378777888,17.2753900564430509,13.8546680464152132,10.1568132274510141,445.6574889309729315,5.3727599475391710,3.0952373501719315,5.2658482299002234,-4.2995167693245309,1.5391692429206310,-3.5139355519242814,-1.3998895912703229,-0.3027524169912483,1.8419216599123953,-0.6419664727702844,-0.6835014309221351,5.3666720052306234,-8.4677330708578786,15.6540775296837005,6.2810639156310328,1.0378740810502407,-9.5056071519074656,3.1596419671121296,3.3591785675682102,17.5497197146195454,2.1148978222366979,3.7514474207845798,1.3900989180809036,1.0483661961743649,1.0665316260623083,-0.0139661502509897,-0.0034600823963148,7.7348634107953114,6.1439975599688221,5.8169041559320380,8.4165052264506635,6.7563827315107714,4.1554782732849054,5.2090065508490948,1.6601224949398268,9.5535282775637338,1.0535282775637294,4.7987481337627225,-3.9261457083216378,4.1152467028405724,8.1579267013309114,4.7952880513664038,5.2090065508493453,5.2090065508493284,636.6314192683486226,6.1869346104032790,2.4289316181065139,637.0704523492862563,5.5667766751299022,1.9961833345169713,227.9502454465865640,7.8196724771578445,4.0644616758039414,6.6860585873116634,229.8616100837071201,0.5603774467596397,0.3991218988453081,0.5323585744216638,-1.9113646371199791,628.2980008937397542,184.7554097850036214,12.1293115771497035,15.6103952911264976,-2.1817475613445598,-1.1101205535293532,36.4005865298949871,-0.2598851584130369,4.1113897782468225,0.1881444191931045,0.6270300513358963,-0.8684194139987916,460.6290596942749858,2.9648910747914741,-30.7808687161944512,424.2284731643793521,3.2247762332030980,-34.8922584944425367,-21.6661548679650124,445.8946280323448832,-5.1566630363018211,-5.1835863654789085,435.8410458961615745,5.5131893276695187,27.6809003834911245,399.4404593662659408,5.7730744860784817,23.5695106052439769,-10.3900606098234896,409.8305199760890787,4.0328834030343392,4.1818000031953426,-0.3371771616736733,2.8403968650920453,-0.6819793581929674,5.5978258753625507,0.0347024622306094,0.0000000000000000,-0.8468836726360962,-0.0707634383873220,0.0000000000000000,-0.1251228909034090,-0.0107366915147957,0.0000000000000000,-3.2667655724184215,1.3952928809812732,-13.8624579409303408,4.3202559535515661,-3.7595801980580763,-1.6324549807028248,0.0698495478200678,-0.6819793581930078,24.0224048056922257,2.8403968650921172,0.6661965580529232,0.8869842777375254,0.2981012232046301,0.0273766429473647,-9.0180408489730866,-0.0124844691552162,-0.3371771616736730,-0.2508305490278347,-0.2398507396483665,0.8010603178262159,0.0206105545358156,-0.0708916692593597,-0.0108031267056383,0.1550425662684278,0.0161248739334540,-0.3872583044840550,0.6717944842332689,-7.4639270789218912,0.1494687878853185,-6.9340157630527983,-2.4877314919972946,-0.2007634771628868,-0.4193762458098198,0.2589017886935929,-39.0000000000000000,,,,,,,,,,,,,,,,,,,,,,,,,,,,,,,,,,,,,,,,,,,,,,,,,,,,,,,,,,,,,,,,,,,,,,,,,,,,,,,,,,,,,,,,,,,,,,,,,,,,,,,,,,,,,,,,,,,,,,,,,,,,,,,,,,,,,,,,,,,,,,,,,,,,,,,,,,,,,,,,,,,,7.6759837337679784,7.0947968013831826,705.0000000000000000,97.5010245376000029,91.0000000000000000,224.0000000000000000,858.0000000000000000,-9.1409296833640870,188.4989754623999829,69.4989754623999971,99.7346151160000005,11.3086621936177991,229.7188080446649110,24.5352915058867005,-22.8107466041313351,6.5911137487962508,146.2038257840000028,535.3817313131850142,13.7506241038990993,-1.8954561049819176,,,,435.0528803602970243,-4.1118486127729739,-115.9050593034029930,0.2663822843822845,0.1312549241531093,,,,0.7068939666068230,-1.5420764052277240,,,21.8911397223922677,0.0000000000000000,436.9091960918885889,494.5863230531815589,38.7867985022473931,11.3267074296538137,12.9758886125000004,251.2485784445587740,-22.8107466041313351,0.0000000000000000,5.0395096600401246,6.1983322989807021,1.7248615497664730,5.8863495384651685,-45.5118508211229553,-20.7583122031647775,27.0486593364948362,12.9449486527472004,44.0197785626674829,10.7786811857471179,-3.5086494101212367,-6.3626728055307780,1.6345271183197667,3.9518362724144822,-1.8748253732744473,2.5067636461951537,18.8573561805447554,10.6905331800786030,5.5197126751739916,5.4069600215444211,6.3823342983289990,2.4586704526353031,8.1335363199597168,4.1481914550301582,6.3366666666665905,,,,,,,,,,,,,,,
"2010Q3",12.9402680941201993,12.1667493808608000,12.4645255943144999,711.6586961582498816,590.5471094095236140,684.8697955738078917,555.8332320176364192,500.9711133584256118,494.7105052037117616,555.3348685138088285,443.3763450106954451,436.5332581402655592,445.8429326137260205,6.8188103303443199,8.8616195417944752,637.7847012002545171,633.5819099830221148,-0.4566457357720495,35.9741777828824283,0.5900557420957171,-0.9852565448301434,465.7760650083411633,432.4162089228740911,-14.8500695846094573,-14.3253921189714220,20.5092941705723142,4.8954995178624241,12.9402680941202295,12.4645255943144946,25.3801600826042062,4.4593629923408029,14.8045676068869962,0.1130568652227923,0.0589861905509260,-0.1787840745427017,-2.1612579380297796,0.3771503349706656,-4.9839227772548123,716.5742120374967499,686.2189799727956370,505.2805478029072219,579.4828475585452452,496.0046663996370171,566.0487925421347200,4.8037882871986195,-8.7430547290044558,1.0616380682737130,-2.1106068782297562,5.8336004095523366,0.7417747310102211,-0.6649843921612160,1.6487361406175536,230.0301114640230367,1.9936874402479727,4.9920249235555003,15.0349554680580422,-2.4455145042544180,12.1667493808608000,-4.9155158792461222,-1.3491843989877268,-4.3094344444824708,-23.6496155409074937,-1.2941611959247861,-10.7139240283262343,1.6781171649748239,-0.8253411129845893,711.6586961582506774,7.9949048375257021,4.6131277276274290,444.5541086320993145,-0.4721952132721190,-0.6287121444010709,0.7188985504598868,-2.5606810924345025,12.9402680941202295,15.0349554680580422,0.3508271303164141,-2.4455145042544180,20.5092941705723142,25.3801600826042062,0.1130568652227923,-4.9839227772548123,4.8954995178624241,0.0589861905509260,4.4593629923408029,0.3771503349706656,12.4645255943144946,14.8045676068869962,-0.1787840745427017,-2.1612579380297796,12.1667493808608000,-1.3491843989877268,-3.0034220922287660,684.8697955738077781,-0.4645788729731971,5.0460520142754604,686.2189799727956370,6.2443776664137474,6.7640775296646067,-4.3094344444824708,-4.5833169796243798,500.9711133584257823,39.5043258915808693,5.0185878616840007,505.2805478029072219,10.5459267662434932,11.2570139710747021,-23.6496155409074937,555.8332320176363055,13.0164931060596984,17.8288727517193024,579.4828475585452452,4.8408855931243657,8.5115296579286195,-1.2941611959247861,-0.9117499822313362,0.8253411129841847,494.7105052037119322,11.5373848523874845,11.8593256792828345,496.0046663996370171,9.8802173171345977,10.6129799987696227,-10.7139240283262343,555.3348685138090559,16.2594452185562588,5.6800714314270033,566.0487925421347200,10.5474146248894023,9.4346692144519277,-4.9155158792461222,-4.7035329354578952,711.6586961582506774,5.6623949562408322,7.9949048375257021,716.5742120374967499,5.7382392637194171,7.6236356853853833,1.6781171649748239,0.6712468659899242,590.5471094095235003,11.4294814670089124,6.3868987479195285,588.8689922445491902,5.4846894734764726,5.5762588847634884,443.3763450106957862,-0.6649843921612160,-0.8968078085934088,2.1232926703754735,444.5541086320993145,-2.1106068782297562,-2.4321092426635698,0.9538416521561278,436.5332581402651613,5.8336004095523366,5.6924664430655234,6.7637396809784516,445.8429326137257931,0.7417747310102211,1.3261133672442171,4.6998490349005930,-4.0974809259933425,1.1777636214037610,-1.4456224860669324,-1.1694510182185032,-0.5093578415474669,1.6871214629518891,-0.6192007878398311,-0.6629007310949515,2.2334872183144685,-6.8430868704299899,6.4985848017116714,4.6404470106019033,1.8999678585744384,-8.7430547290044558,3.0502096916123045,3.2603330108309398,33.1672388311859976,2.4665876030303222,1.4067591231745245,2.5765563645257301,1.4049495347569028,1.0616380682737130,-0.0195742311550712,-0.0089544294203874,-12.9082122615861561,6.8188103303443688,5.8333236399760944,9.2509195730079927,7.6021834323906008,4.6700436735253446,5.0316632153201830,1.6487361406175536,8.8616195417944752,0.3616195417944700,4.8037882871986195,-4.6511960645569834,4.1408875561036247,8.0641212980295141,4.7948338577782152,5.0316632153204965,5.0316632153203606,637.7847012002555402,4.6131277276274290,3.4642670464354568,638.3829670259491422,4.9920249235555003,1.9936874402479727,229.2047703510379506,5.0180996178063904,6.8321407697128311,5.1062475493154711,230.0301114640230367,0.6740055212628658,0.4993887836477519,0.6403052451997324,-0.8253411129845893,633.5819099830223422,190.2055649723264992,21.8006207492992914,18.2967547996690563,-2.2095316469432267,-0.4566457357720488,35.9741777828824283,-1.7056349880497843,4.3217153754336781,-0.9684554445162711,0.5900557420957165,-0.9852565448301418,465.7760650083409928,20.5880212562666216,-21.1237433490197830,429.8018872254584153,22.2936562443149917,-25.4454587244545252,-14.8500695846098250,444.6519568100684978,-4.9706848891033832,-5.1558119691602196,432.4162089228734089,-13.6993478931436456,10.1429822548515922,396.4420311399907177,-11.9937129050954088,5.8212668794185101,-14.3253921189711075,410.7674232589611734,3.7476131314899153,4.0574434617926700,-0.4721952132721190,-0.6287121444010709,0.7188985504598868,2.6940785894001991,-0.0864035850289250,0.0000000000000000,-1.1200410486851524,-0.0718493990003722,0.0000000000000000,0.3771503349706684,-0.0002834504738011,0.0000000000000000,-2.1612579380297916,0.5640197931940918,5.0678094635446627,0.1183952492345242,-3.0023525126558344,-1.3416135546145114,1.6013494983384162,0.7188985504598691,-2.3347171497744483,-0.6287121444010779,2.0498552450378060,-0.5865559080128784,0.1828883311621443,0.0167958671475440,10.8007016607843607,-0.0439317685579284,-0.4721952132721190,-0.3817654621448207,-0.5646974516638721,1.0068805168184154,-0.0029866748821706,0.0085056482495727,-0.0070046959291676,0.1416469468411947,-0.0028775608172976,-0.3951109676957358,0.5868675845455409,-1.8937794072428176,-0.1046359431542842,-1.4170535664715089,-6.7406478737992046,-0.2036790722312339,-0.3296881564324437,0.1180180687573714,-38.0000000000000000,,,,,,,,,,,,,,,,,,,,,,,,,,,,,,,,,,,,,,,,,,,,,,,,,,,,,,,,,,,,,,,,,,,,,,,,,,,,,,,,,,,,,,,,,,,,,,,,,,,,,,,,,,,,,,,,,,,,,,,,,,,,,,,,,,,,,,,,,,,,,,,,,,,,,,,,,,,,,,,,,,,,8.1768332417864684,7.7200267108656817,747.0000000000000000,107.6038907519999981,108.0000000000000000,238.0000000000000000,906.0000000000000000,-9.5219906541408950,181.3961092480000161,66.3961092480000019,108.4212487400000100,12.4645255943144999,221.6649502348350040,25.5150720992695987,4.2652814528350014,5.1190565599999989,103.8593634819999920,564.4315394694240240,21.1356363571317161,6.7044918246481444,,,,458.5570172693790028,44.3923257845239050,-118.5452029985009972,0.3093730684326711,0.1272657019768051,,,,0.6805586138258251,0.0929600994335742,,,24.6091285763974348,0.0000000000000000,464.0354090514181280,506.0095726415229365,45.6929983533655104,8.6961328203103871,12.9758886125000004,176.4338426204781740,4.2652814528350014,0.0000000000000000,5.8257777259699992,8.3231873844917175,-0.4635013745828900,5.1755339384672538,48.4448405160565869,5.1466523355627913,13.9016226987922948,19.5170349990531236,12.2292926708360596,12.5911868136035565,17.6559441811408959,5.8444856467120729,-0.6627782637972359,2.1459949229093667,-2.0884894485515844,0.9584052198388804,6.0071124115884658,6.9977260961109522,0.7445326948435849,4.8120426782417098,4.7211877056554101,3.5249717398337310,5.1461389647235194,7.0709387419506555,7.0566666666667111,,,,,,,,,,,,,,,
"2010Q4",13.1584937143415992,11.0248173310948996,12.4600435661993991,715.1992282245862498,591.4333214303615023,689.7559041617267894,561.8870066310302036,506.4398943621737885,492.1465700622406985,566.0099189078549671,444.3182296287443478,438.2613324420754566,446.8742046107929582,6.8655036649410670,9.0596895352226738,638.5072075608711657,638.4729301291873753,0.0643722830267208,35.9456392468672874,0.4521097751352620,-1.0911471886405337,475.9464244679060698,444.7822846631510174,-3.4612008552720681,-2.7586595773450426,21.1627372328072596,4.4558000477337201,13.1584937143415264,12.4600435661994151,25.2269222766557668,4.4628781365281487,14.8716529277313434,0.0564455271290868,0.0294498402411656,-0.0414518700061368,-2.3701574915257533,-0.0365279290355930,-4.1206305709776876,717.6533815780188661,687.6847205941571701,507.7881674621914385,579.9726409223430892,498.3299920653707886,568.8804198659144049,4.8166157871337099,-8.0138460397221163,1.0551599012974082,3.0961833672443562,6.9122972072439390,4.1250879882623037,3.7675384721938574,1.6563030369865543,230.2265615899977149,2.0009397469223469,4.8081365019809024,14.8181474854526218,-1.7870010084875245,11.0248173310948996,-2.4541533534327735,2.0711835675703760,-1.3482731000180670,-18.0856342913118340,-6.1834220031292739,-2.8705009580586269,1.2086329089255219,-1.1018692561699004,715.1992282245857950,9.4528264929773229,2.8900254424652525,445.3281544739108995,-0.4307996055490556,0.9723371163095709,3.3894361134011803,-2.0038089910930190,13.1584937143415264,14.8181474854526218,0.1273472373763499,-1.7870010084875245,21.1627372328072596,25.2269222766557668,0.0564455271290868,-4.1206305709776876,4.4558000477337201,0.0294498402411656,4.4628781365281487,-0.0365279290355930,12.4600435661994151,14.8716529277313434,-0.0414518700061368,-2.3701574915257533,11.0248173310948996,2.0711835675703760,-0.1729362603013898,689.7559041617272442,19.5444343516763972,5.8164052158586159,687.6847205941571701,5.8629624854421625,6.4531469011406806,-1.3482731000180670,-2.1125616051271270,506.4398943621738454,21.8751240149971338,28.7522894295856730,507.7881674621914385,10.0304786371389749,10.8223947785526562,-18.0856342913118340,561.8870066310298625,24.2150984535711231,17.2314564597613824,579.9726409223430892,1.9591734551894548,6.5377772714183831,-6.1834220031292739,-4.1170634352160640,1.1018692561697456,492.1465700622404142,-10.2557405658831406,11.3136581518143338,498.3299920653707886,9.3013026629310254,10.2100039310047510,-2.8705009580586269,566.0099189078557629,42.7002015761867284,14.2731529743282870,568.8804198659144049,11.3265092951165425,10.1206650841285146,-2.4541533534327735,-2.8419926812866816,715.1992282245857950,14.1621282653445135,9.4528264929773229,717.6533815780188661,4.3166781620906622,6.5459227225943533,1.2086329089255219,0.4834531635702113,591.4333214303618433,3.5448480833498177,5.5922248776990857,590.2246885214367467,5.4227851075498235,5.5131081122690215,444.3182296287440636,3.7675384721938574,2.0136694264729034,0.1348839632309489,445.3281544739108995,3.0961833672443562,1.3044923804902404,0.3049745706178378,438.2613324420752861,6.9122972072439390,5.0532709904370563,-2.0249357931499499,446.8742046107930150,4.1250879882623037,3.0499755046529602,3.2241499697162310,-2.1836965339795826,1.0099248451667371,-0.6713551049478833,0.1700906073873074,-0.5293222325874283,1.5392470777547500,-0.5914975407866092,-0.6345632252984125,1.9900707945043945,-6.0568971866683770,3.1447587350480966,-2.1598197563811019,1.9569488530541221,-8.0138460397221163,2.9168347571295876,3.1240347604654386,51.0538780097686669,2.5559749820483457,0.3575495160720898,3.0892660064854360,1.5008150807510809,1.0551599012974082,-0.0259126679047162,-0.0157418799800795,48.8225858338829113,6.8655036649410404,5.8814212833333874,5.5610112844512809,3.9047082474648223,2.7600969718362287,3.3197865070593116,1.6563030369865543,9.0596895352226774,0.5596895352226786,4.8166157871337099,-2.8415532075780034,4.1820525618352828,7.9406505475991436,4.8008739071536510,3.3197865070596220,3.3197865070595221,638.5072075608715068,2.8900254424652525,3.8821751247526066,639.3828569248846634,4.8081365019809024,2.0009397469223469,229.1246923338273689,-0.3203120688406380,5.1847786610613760,2.8341451634957702,230.2265615899977149,0.7858005038997299,0.6117129417940075,0.7465104787047593,-1.1018692561699004,638.4729301291871479,194.1547005004428286,15.7965421124681562,19.2061803493784460,-2.2034162927302936,0.0643722830267215,35.9456392468671666,-0.1141541440609958,1.6075781069270472,0.3047292306748206,0.4521097751352606,-1.0911471886405346,475.9464244679053877,40.6814378382551709,-14.6239518542376796,440.0007852210380292,40.7955919823145194,-16.2315299611660784,-3.4612008552721871,443.4619860763106090,-4.7598829350316532,-5.0377207124700760,444.7822846631491416,49.4643029611079825,12.3508066635936000,408.8366454162809873,49.5784571051671321,10.7432285566673702,-2.7586595773469598,411.5953049936277921,3.3115269386715478,3.8213340945041550,-0.4307996055490556,0.9723371163095709,3.3894361134011803,2.4414426406644996,-0.1842298018182560,0.0000000000000000,-0.6318846268993497,-0.0735167061956380,0.0000000000000000,-0.0365279290355858,0.0051309969131927,0.0000000000000000,-2.3701574915257524,4.2719149960788023,2.5762399589518949,-5.1411550594507958,1.8338920050750032,0.5591381392027266,0.5373860429355959,3.3894361134011817,-0.4962662987210749,0.9723371163095749,1.0143100479553384,0.2342319476076526,-0.1260317965856514,-0.0115743486660290,-4.5211681367052874,-0.0128107373061947,-0.4307996055490562,-0.3497550986904827,-0.4465070962449336,0.9448620935734853,0.0053046869606355,-0.0263802382832783,-0.0082958598651141,0.1454952587000083,0.0066210506991620,-0.4113797028238805,0.4936192746524456,0.8543013004551554,-0.2074563163365671,5.7458422871858090,7.6988766695019990,-0.2044162982934089,-0.2862665348385819,-0.0613248796701256,-37.0000000000000000,,,,,,,,,,,,,,,,,,,,,,,,,,,,,,,,,,,,,,,,,,,,,,,,,,,,,,,,,,,,,,,,,,,,,,,,,,,,,,,,,,,,,,,,,,,,,,,,,,,,,,,,,,,,,,,,,,,,,,,,,,,,,,,,,,,,,,,,,,,,,,,,,,,,,,,,,,,,,,,,,,,,8.6776827498050579,8.3452566203483514,778.0000000000000000,117.0015102871999915,101.0000000000000000,256.0000000000000000,955.0000000000000000,-11.7474585149826947,215.9984897127999943,89.9984897128000085,118.1800189900000078,12.4600435661993991,258.4528914351527078,25.3550865144222008,-10.0419592938044140,12.7966616449570996,137.5181700939999985,592.7242611881449648,19.5640805846610419,4.1867394185723157,,,,468.9491312441140280,38.9045618941272551,-101.7833975809070068,0.2725937172774869,0.1236788732547203,,,,1.0270016329364799,1.1066747503102197,,,64.9266875474044696,0.0000000000000000,512.6981479868015867,518.8689980759332911,51.4377017376414187,21.5821704413486977,12.9758886125000004,231.9308479114702379,-10.0419592938044140,0.0000000000000000,15.2140230411743431,9.9140229815345862,21.5851122041407706,5.9888858503713323,24.4521651158628117,33.3121112682995033,27.3986530560636083,18.8051493380654478,-9.7473661853253901,11.9784864421318389,53.2655751189923876,15.3420101104529749,3.8394099572777236,0.1349749725630289,3.1446136624168304,0.3054400911809410,7.1567973981002950,-2.0045716535339864,4.2113518069629947,3.2766888081684868,2.9321919047472988,3.9585162375721694,-0.3197996170277548,5.3215416823467478,7.1066666666666389,,,,,,,,,,,,,,,
"2011Q1",11.0742561135690991,6.4616017885804302,12.6507403473860993,716.8930144372319546,590.8551136302854729,693.0354150792641121,564.3964934321190867,489.0447526576393784,511.3458648728615117,567.2583962445606858,445.7870105860365584,437.7128952630725962,448.0889992918250186,6.5132094937782146,8.6501133050722760,639.4914793411359142,644.3808566919851728,0.3234117234965481,37.2570822554060186,0.4590447754375042,-1.1849627356282177,485.1162177578572710,460.1968489072552302,5.5374950131465539,10.6722588221552996,21.3748193858023363,2.3501770751528310,11.0742561135691222,12.6507403473860851,25.1363588662375612,4.4656709918816562,14.9452931133455724,0.0413024906067386,0.0215491255338530,-0.0161411827853288,-2.2784115831741443,-2.1370430422626736,-3.8028419710420729,718.6887748983886013,689.1040331021159773,510.2226970676285873,580.6597134334115253,500.6375552982436261,571.8254891258961834,4.8200841966344754,-7.3040391852224742,1.0476289293453582,7.6062960112680607,-2.1937487160092148,4.8591787241214908,5.8751238291659229,1.6440420831324567,230.4451876200666049,1.9982259044992592,3.9183939933883063,14.6567367447736370,-3.6614734301305880,6.4616017885804302,-1.7957604611566689,3.9313819771493512,-21.1779444099901859,-16.2632200012922112,10.7083095746183190,-4.5670928813354505,-0.7121325341498591,-0.9263545002530312,716.8930144372330915,7.8790764147777512,3.9370871210566403,447.2297284767291217,-0.2541676372324100,-1.3430632269098661,3.0186764532235264,-3.8228841708095018,11.0742561135691222,14.6567367447736370,0.0789927989258839,-3.6614734301305880,21.3748193858023363,25.1363588662375612,0.0413024906067386,-3.8028419710420729,2.3501770751528310,0.0215491255338530,4.4656709918816562,-2.1370430422626736,12.6507403473860851,14.9452931133455724,-0.0161411827853288,-2.2784115831741443,6.4616017885804302,3.9313819771493512,1.8090428445680886,693.0354150792647943,13.1180436701526517,8.4770134590635973,689.1040331021159773,5.6772500318358086,6.1185079595499960,-21.1779444099901859,-14.2517555129222266,489.0447526576392079,-69.5805668181361057,-17.2299530834628492,510.2226970676285873,9.7381184217532546,10.3591806722005089,-16.2632200012922112,564.3964934321182909,10.0379472043515001,17.8023839777796304,580.6597134334115253,2.7482900442745057,4.5064152771212758,10.7083095746183190,6.9170215690671277,0.9263545002528442,511.3458648728615685,76.7971792424841624,28.6392172643903855,500.6375552982436261,9.2302529314917798,9.7564462439155744,-4.5670928813354505,567.2583962445611405,4.9939093468239211,15.0954687140598924,571.8254891258961834,11.7802770399314944,10.8290583452931735,-1.7957604611566689,-0.2569150400104723,716.8930144372330915,6.7751448505851899,7.8790764147777512,718.6887748983886013,4.1415732814795936,5.4142884999430709,-0.7121325341498591,-0.2848530136599483,590.8551136302860414,-2.3128312003052489,4.4375532101718838,591.5672461644362556,5.3702305719991728,5.4548597912481434,445.7870105860359331,5.8751238291659229,5.3684464377387009,2.6497476089895713,447.2297284767291217,7.6062960112680607,5.6881891359280417,1.6748123687798113,437.7128952630728236,-2.1937487160092148,3.9980065383616257,6.9568847393057442,448.0889992918248481,4.8591787241214908,4.9011935360213510,3.7747003477363936,-1.6218792689754238,1.4427178906926457,1.7311721821034338,-0.9749352402090681,0.0473038415310252,1.3954140491622131,-0.5753321143686236,-0.6069992289431310,8.3083550349366284,-8.0741153229633156,-8.0688725451764292,4.3071371303149943,-0.7700761377404000,-7.3040391852224742,2.8392274179996924,2.9914784584623444,47.7176980409742555,2.3019887057879340,-1.0159451050412771,1.1249527387469054,1.2543597764421068,1.0476289293453582,-0.0301238878052376,-0.0223942342795105,62.5772368595093837,6.5132094937782954,5.8887941653980711,0.8250203578509407,-0.8190217252814427,0.0160644055574792,0.1661777106301692,1.6440420831324567,8.6501133050722743,0.1501133050722792,4.8200841966344754,0.0815472201389942,4.2130849676913424,7.8115626550967949,4.7976899623549887,0.1661777106304461,0.1661777106303661,639.4914793411368237,3.9370871210566403,4.4067937253880594,640.1516019028292703,3.9183939933883063,1.9982259044992592,229.5188331198130527,1.5765631439435521,3.5235057925159636,1.8445617060745125,230.4451876200666049,0.8745041202751721,0.7236718980492985,0.8307789142614189,-0.9263545002530312,644.3808566919850591,198.5938461059484723,17.7565824220242341,16.8707642152319437,-2.2144064496505838,0.3234117234965495,37.2570822554060470,5.2457720341554834,0.7915244359079439,4.5926701732479671,0.4590447754375061,-1.1849627356282180,485.1162177578565320,36.6791731598023034,25.2283808322795799,447.8591355024501013,31.4334011256451831,24.4368563963704943,5.5374950131457004,442.3216404893049116,-4.5613823480223941,-4.8621533021167398,460.1968489072569355,61.6582569764297403,25.7341003430115762,422.9397666518498795,56.4124849422726555,24.9425759071040645,10.6722588221562074,412.2675078296932156,2.6888113442652521,3.4452087043640307,-0.2541676372324100,-1.3430632269098661,3.0186764532235264,-1.5508068769670205,-0.1292172965854257,0.0000000000000000,-0.9184005713576298,-0.0740632378200809,0.0000000000000000,-2.1370430422626736,0.0123567148915445,0.0000000000000000,-2.2784115831741505,3.9166035642259693,-19.3523644060628328,14.8157812596551253,-0.1143375780362581,-2.2157925488748074,-1.1955856977200718,3.0186764532235193,-13.1947769891820954,-1.3430632269098837,-0.1046931856406190,-0.3536072766281362,0.1792677118420781,0.0164633612916201,3.9084752539686427,-0.0293047130181229,-0.2541676372324098,-0.1524395914268846,0.0324120938091923,0.6584899016726631,-0.0027716534801707,0.0160498636212701,-0.0068024866910253,0.1279936415704267,-0.0026198677308528,-0.4144107456332066,0.2629017774514318,4.9410428034806309,-0.0694726474218986,7.6834395434143019,12.6860803136191009,-0.2029302658517359,-0.2774877064939324,-0.2915629005395572,-36.0000000000000000,,,,,,,,,,,,,,,,,,,,,,,,,,,,,,,,,,,,,,,,,,,,,,,,,,,,,,,,,,,,,,,,,,,,,,,,,,,,,,,,,,,,,,,,,,,,,,,,,,,,,,,,,,,,,,,,,,,,,,,,,,,,,,,,,,,,,,,,,,,,,,,,,,,,,,,,,,,,,,,,,,,,11.3959533652828497,14.2564967124170892,786.0000000000000000,117.3773861160000251,117.0000000000000000,255.0000000000000000,963.0000000000000000,-9.5914473813547918,198.6226138839999749,103.6226138839999749,124.5272568000000035,12.6507403473860993,203.2088322785000116,24.1881899256601010,28.4806979264999995,17.9751894010000015,32.2256881509999999,628.7970608729619926,23.6317062511911899,6.6639797122117983,,,,491.9961279395409974,-7.2970725795415774,-109.8263582334950001,0.1914184839044652,0.1252499368685916,,,,2.5040367699178900,2.1086175550707789,,,100.8964536784446153,0.0000000000000000,559.6212703249700553,532.8479913874580234,55.9159732460989289,30.0190723912114485,20.7863309957743461,53.8178065265702372,28.4806979264999995,0.0000000000000000,7.0099300641759896,8.1977909814314103,14.0173491896608198,8.8466837064850949,-50.1327478486310412,-15.8272987789102757,10.5590379124200382,19.4853805944497793,115.5390238741953794,33.1614575673729632,5.1207069049464309,16.2943960571715110,6.0511393298037603,2.6851655577142566,7.9030507901066755,1.6889159774473512,-2.1698610462134411,7.2045866227227862,4.9791724884543811,3.8468470728982567,4.0156176104833179,4.5053350531585750,1.5890564693842038,3.5863168032018109,6.7300000000000804,,,,,,,,,,,,,,,
"2011Q2",11.1350032030623005,8.9111548677964105,12.9453255190472998,715.7916349451539872,591.4217830207281850,694.1134672446806917,554.1440301405524451,496.8938858707228405,500.4476853629506081,568.5574488516809879,448.4432491277742656,442.1081183517349018,450.0748445474626465,6.6973055253030767,8.7377604576893830,639.8299216938196423,651.8449289451690447,0.4968168182887425,40.7046439008203578,0.4171288068810547,-1.2659006953691680,486.8685631099332909,470.1526693883448047,4.9382377523662058,16.7123752329952708,18.9955375979352823,5.0847911241743962,11.1350032030623094,12.9453255190473282,25.0392133340563809,4.4904987091813862,15.0248935656559208,0.0891726439329323,0.0465248577040386,-0.0718936734221462,-2.0076743731863922,0.5477675572889491,-6.1328483800541838,719.6687064204936632,690.5027730519972238,512.6208641539799373,581.2660082932815158,502.9800515974600330,574.8375445562772939,4.8217925502023338,-6.6064820952872294,1.0392601825532364,9.4429777791351750,17.5808923546482099,7.9433810225468688,10.6249541669493635,1.6384322770434192,230.6833833235205020,1.9991892992856000,2.6177055275087184,14.5048184775819564,-3.5774064495789073,8.9111548677964105,-3.8770714753392772,3.6106941926828258,-15.7269782832576688,-27.1219781527290387,-2.5323662345090971,-6.2800957045962846,-1.4797404909025487,0.2607093496059296,715.7916349451550104,5.5485375259631882,1.3537694107348934,449.5904729215139923,-0.1600310386132222,0.0115489016200819,2.8142088689048448,-3.7293247167707011,11.1350032030623094,14.5048184775819564,0.2075911750590694,-3.5774064495789073,18.9955375979352823,25.0392133340563809,0.0891726439329323,-6.1328483800541838,5.0847911241743962,0.0465248577040386,4.4904987091813862,0.5477675572889491,12.9453255190473282,15.0248935656559208,-0.0718936734221462,-2.0076743731863922,8.9111548677964105,3.6106941926828258,0.6494392554500854,694.1134672446801233,4.3122086616661743,9.1275269526282052,690.5027730519972238,5.5949597995289251,5.8448874958038664,-15.7269782832576688,-11.4971248006566427,496.8938858707227837,31.3965328523389218,5.7988539851937695,512.6208641539799373,9.5926683454089439,9.9767980426343126,-27.1219781527290387,554.1440301405518767,-41.0098531662635253,1.5649213994320270,581.2660082932815158,2.4251794394796655,2.9933821330166670,-2.5323662345090971,-1.2171501684335286,-0.2607093496061091,500.4476853629500397,-43.5927180396446659,8.6215263723358895,502.9800515974600330,9.3699851968630199,9.4454395271050231,-6.2800957045962846,568.5574488516811016,5.1962104284824804,17.2874416425110091,574.8375445562772939,12.0482217215257386,11.4256056703659663,-3.8770714753392772,-3.0921697615688384,715.7916349451550104,-4.4055179683067589,5.5485375259631882,719.6687064204936632,3.9197260884226566,4.5290541989277786,-1.4797404909025487,-0.5918961963610169,591.4217830207288671,2.2666775617682813,3.7320439779573777,592.9015235116315807,5.3371093887817977,5.4037036354499213,448.4432491277743225,10.6249541669493635,7.7597212112277099,4.9006580190376994,449.5904729215139923,9.4429777791351750,6.4448445157129433,4.5087125698557005,442.1081183517349587,17.5808923546482099,14.4399372861210420,7.0332603138568661,450.0748445474629875,7.9433810225468688,7.2444090959001448,4.4173556164882450,-3.0495153103495296,1.1472237937395597,-1.1819763878121905,-0.3919454491810266,-0.1069239254883350,1.2541477192285546,-0.5650653197329053,-0.5877739406838531,14.1912331785739347,-6.3351307760393025,6.9559381876977300,2.1326022948195500,0.2713513192482875,-6.6064820952872294,2.7902283597414552,2.8991250566197495,15.1494978149248087,1.6315954196877771,-2.6815731443994890,-0.4833024025488045,0.5923352371344052,1.0392601825532364,-0.0334749871671373,-0.0272714435086801,38.8832891544950741,6.6973055253031832,5.8951595075126022,0.2524610095904747,-1.3859712674528208,-0.3189444508145191,-0.0811839931247313,1.6384322770434192,8.7377604576893813,0.2377604576893804,4.8217925502023338,1.3050531278762527,4.2340186095184693,7.7209176068220584,4.7945211066936695,-0.0811839931244294,-0.0811839931245283,639.8299216938193013,1.3537694107348934,3.1985024254708661,640.5498388216432204,2.6177055275087184,1.9991892992856000,230.9440926731260504,5.7010382132555222,2.9938472265403813,5.6380170995186365,230.6833833235205020,0.9527828138178749,0.8217732398138857,0.9051436731269767,0.2607093496059296,651.8449289451691584,203.4016798173943812,19.2313348457857316,18.6462700323909871,-2.2145254192565162,0.4968168182887437,40.7046439008203720,13.7902465816572430,4.3040573709255661,11.4282498112494260,0.4171288068810544,-1.2659006953691672,486.8685631099330067,7.0093814083015822,26.2395034156580884,446.1639192091124073,-6.7808651733573839,21.9354460447311332,4.9382377523659295,441.2256814567470542,-4.3838361302324040,-4.6689465755993762,470.1526693883446342,39.8232819243582625,34.3116234921841823,429.4480254875232390,26.0330353427000674,30.0075661212579661,16.7123752329941020,412.7356502545289345,1.8725696993469918,2.9051302784418040,-0.1600310386132222,0.0115489016200819,2.8142088689048448,3.1803539735061950,-0.1403275888692691,0.0000000000000000,-3.4708590003248929,-0.0518887331061606,0.0000000000000000,0.5477675572889460,0.0190533834437238,0.0000000000000000,-2.0076743731863864,2.7549229824847146,-0.6346198134931598,-9.6939543734171956,2.4375259134222080,-0.0770873810429613,-1.1948874772425897,2.8142088689048315,6.1901111943150475,0.0115489016200740,0.1495761371017981,0.1026584831243293,0.0171728488835485,0.0015770983668565,7.3387030124146850,-0.0195325413957965,-0.1600310386132223,-0.0201474631547520,0.2396416040477891,0.4953552256926361,-0.0041848684629995,0.0368974105799222,-0.0063634881424501,0.1220038995564638,0.0007859852362706,-0.4054883004100593,0.1928097982019856,9.1975764084092262,-0.1179768662654871,1.5049908442151700,8.9216262928206334,-0.1994342333037729,-0.2785920170125137,-0.5473605104909907,-35.0000000000000000,,,,,,,,,,,,,,,,,,,,,,,,,,,,,,,,,,,,,,,,,,,,,,,,,,,,,,,,,,,,,,,,,,,,,,,,,,,,,,,,,,,,,,,,,,,,,,,,,,,,,,,,,,,,,,,,,,,,,,,,,,,,,,,,,,,,,,,,,,,,,,,,,,,,,,,,,,,,,,,,,,,,10.3282350972432084,11.5186370751196137,840.0000000000000000,103.7111650968000021,115.0000000000000000,265.0000000000000000,1000.0000000000000000,-11.3303462453118708,206.2888349031999837,90.2888349031999979,132.9700782109999864,12.9453255190472998,265.5244454174950306,24.0147866673732011,-6.4327779244949808,32.1973195770000018,106.7898255539899850,677.5269221476779649,29.8562890127354876,21.0665484482460386,,,,505.6897572393149858,15.9912339758002418,-101.6387857316269958,0.3689530000000000,0.1221723344718683,,,,2.8469079450546899,-0.6230596097887999,,,129.8000833388088324,0.0000000000000000,598.9473172414853934,547.6260878258367484,59.1123857535149000,53.5887559050321656,20.7863309957743461,177.7394506728361989,-6.4327779244949808,0.0000000000000000,-4.3098845486198201,5.7053557825541077,4.4065353476537865,9.5570540938582269,36.8842275941661626,5.9702851289121384,-33.6415137204820240,1.5772304193710056,-35.3335185903657418,9.0040949324890818,5.3335824842613277,18.8716812403040706,11.2099357013808429,5.0227261412610460,9.9031983969886710,4.6118999786976644,19.2210233582079013,7.2864960171046960,8.2673895216727402,4.5163733757583202,1.3629743598476693,3.2502042701732421,5.8666801557509842,3.0391134370874653,6.9266666666667698,,,,,,,,,,,,,,,
"2011Q3",10.2225930697411993,12.9484301670687998,14.1708551667428999,721.6629763103723008,596.7144587960832496,695.3114712531970554,562.8175942387747455,521.7887874043072998,515.2557087906150173,575.7009401513404327,450.2961800255543494,439.0062764287746973,452.8189699371039296,6.6941880753768643,8.8836045817645957,639.6434254747817931,657.2459656640155572,0.5842327312309621,43.5079151611712120,0.4640217519452000,-1.3338083262887972,482.6067798107665112,463.6957245577240769,-1.0734666711219916,7.2297884792844798,19.7241155085164337,4.6693327279676833,10.2225930697412917,14.1708551667428733,25.0282075156515020,4.5104873759988253,15.1091524019489114,-0.0204208536029447,-0.0106543584016376,0.0455866552583902,-0.9838838904644274,0.1694997103705200,-5.2836711535322189,720.7751131102387490,691.9086061697205423,515.0116264628701401,582.3300849122391583,505.4330658618902135,577.8684384423486335,4.8312399609619856,-5.9340290705544962,1.0296836452026783,11.1350896744066521,-12.4073676918389673,10.9765015585608872,7.4117235911192649,1.6549319198987593,230.9407823235134458,2.0106240462140104,2.8809537730638519,14.4295424897013778,-4.1302875526972178,12.9484301670687998,0.8878632001338392,3.4028650834770375,6.7771609414375105,-19.5124906734625547,9.8226429287254700,-2.1674982910072651,2.4848314378438210,-0.1636870276763914,721.6629763103725281,10.0042801521221225,-0.7459848761526635,452.3742453401161470,-0.0534826465563307,3.6519905523598584,2.1531924422287938,-4.2055635405777423,10.2225930697412917,14.4295424897013778,-0.0766618672630129,-4.1302875526972178,19.7241155085164337,25.0282075156515020,-0.0204208536029447,-5.2836711535322189,4.6693327279676833,-0.0106543584016376,4.5104873759988253,0.1694997103705200,14.1708551667428733,15.1091524019489114,0.0455866552583902,-0.9838838904644274,12.9484301670687998,3.4028650834770375,1.3733608269175437,695.3114712531972827,4.7920160340721072,10.4416756793892631,691.9086061697205423,5.6233324708942849,5.6896261969239363,6.7771609414375105,3.9300944373955145,521.7887874043082093,99.5796061343479124,20.8176740458854290,515.0116264628701401,9.5630492355668419,9.7310786599651653,-19.5124906734625547,562.8175942387745181,34.6942563928902885,6.9843622211376069,582.3300849122391583,4.2563064758262712,2.8472373536922211,9.8226429287254700,6.5879312123354756,0.1636870276762996,515.2557087906152447,59.2320937106579919,20.5452035869028080,505.4330658618902135,9.8120570577169630,9.4283994622508054,-2.1674982910072651,575.7009401513416833,28.5739651986455030,20.3660716375337536,577.8684384423486335,12.1235755442892650,11.8196459002159333,0.8878632001338392,0.4295862470569994,721.6629763103725281,23.4853654608723268,10.0042801521221225,720.7751131102387490,4.4256267589798757,4.2009010727429672,2.4848314378438210,0.9939325751375266,596.7144587960834770,21.1707031014180700,6.1673493865596134,594.2296273582401227,5.3124153864354948,5.3606351136896784,450.2961800255540084,7.4117235911192649,7.2288810277568327,6.9198350148577878,452.3742453401161470,11.1350896744066521,8.4491152838366634,7.8201367080147390,439.0062764287744699,-12.4073676918389673,1.0230931961537149,2.4730182885094996,452.8189699371041570,10.9765015585608872,7.7220358037629246,6.9760373233759667,0.6775531545723661,2.0780653145616710,3.7233660832890116,0.9003016931579606,0.9599682834394152,1.1180970311228835,-0.5442027524201658,-0.5690244318288874,9.4375041652787139,-11.2899035967794745,-19.8190912829602652,-4.4468167263489633,-5.3558745262247980,-5.9340290705544962,2.6898120989298957,2.8090256584497912,-11.3752986773267413,2.5227899115494332,3.5647779674451807,0.0562023085187648,1.4931062663469441,1.0296836452026783,-0.0383061494046116,-0.0319544230712600,-27.9869462465404339,6.6941880753768874,5.9419691284403422,-1.7549272084590977,-3.4098591283577977,-1.1939267964589053,-0.8103222146938938,1.6549319198987593,8.8836045817645939,0.3836045817645934,4.8312399609619856,1.8341665067372346,4.2622155291330861,7.6402656194117506,4.7992855378907295,-0.8103222146935711,-0.8103222146936907,639.6434254747819068,-0.7459848761526635,1.8587242745258796,640.7563477771036560,2.8809537730638519,2.0106240462140104,230.7770952958366877,-0.6679895091564765,1.5723249447994325,2.4020578798334702,230.9407823235134458,1.0295959999721596,0.9106708594911926,0.9781161999735493,-0.1636870276763914,657.2459656640156709,206.9497856384610373,14.1924232842744971,16.7442206661349964,-2.1923404309044496,0.5842327312309623,43.5079151611712120,11.2130850414036267,7.5337373782887997,9.3665205790465134,0.4640217519451986,-1.3338083262887970,482.6067798107663407,-17.0471331966658042,16.8307148024247013,439.0988646495947023,-28.2602182380713316,9.2969774241346421,-1.0734666711224921,440.1723313207177171,-4.2134005441137505,-4.4796254893521645,463.6957245577259528,-25.8277793224731909,31.2795156348536345,420.1878093965538028,-37.0408643638781783,23.7457782565646873,7.2297884792858103,412.9580209172681293,0.8894826509581276,2.1905976583080853,-0.0534826465563307,3.6519905523598584,2.1531924422287938,5.9928527331705945,-0.0590451517020838,0.0000000000000000,-0.9906772874941794,-0.0554863977234949,0.0000000000000000,0.1694997103705180,0.0245077719496188,0.0000000000000000,-0.9838838904644271,1.8486998818821405,17.3719264951454484,11.3261485673238980,-0.6062685670756398,-0.9809090493538797,3.0767276342048349,2.1531924422287849,-14.7664731604392010,3.6519905523598482,-0.3277646601753301,0.1696201698441506,-0.4823856976605032,-0.0443007273361685,-7.0856557173499946,0.0027595196016084,-0.0534826465563309,0.0884109995302224,0.5489678127989984,0.3161616009416388,0.0037250240855755,-0.0194196977992107,-0.0081786609541870,0.1244523268451783,0.0113536768569652,-0.4036853561824615,0.1172249220395444,-0.2151647698458525,-0.0312637510727025,-4.1351740775893688,-4.9702454408000563,-0.1944977004565447,-0.2679480269044984,-0.7958300784534238,-34.0000000000000000,,,,,,,,,,,,,,,,,,,,,,,,,,,,,,,,,,,,,,,,,,,,,,,,,,,,,,,,,,,,,,,,,,,,,,,,,,,,,,,,,,,,,,,,,,,,,,,,,,,,,,,,,,,,,,,,,,,,,,,,,,,,,,,,,,,,,,,,,,,,,,,,,,,,,,,,,,,,,,,,,,,,9.2605168292036240,8.7807774378220245,875.0000000000000000,144.0886522327999728,153.0000000000000000,302.0000000000000000,1074.0000000000000000,-10.5388510418844898,203.9113477672000272,66.9113477672000130,144.9975852718999931,14.1708551667428999,251.2905868060950070,24.4270047083061996,-37.7951400290950232,7.2409036472900015,136.8472379160000116,715.1266476867009487,21.6041468753860499,-3.4848579103209829,,,,495.4170726669850069,-3.9093551848004608,-103.7897193341920001,0.3064153614525140,0.1132185520062904,,,,0.8454973858269510,-3.5713344831545513,,,159.4723252639826399,0.0000000000000000,632.5570715322769502,562.8995559401446371,61.0938724572315550,12.0741528050531706,20.7863309957743461,228.1917481619368857,-37.7951400290950232,0.0000000000000000,26.4723668708800375,10.5218222084485262,4.9086893240636584,11.0062984818220002,170.6878325010152366,23.1430793960353895,41.4735466190027182,7.2340477909431655,80.8180221628622633,22.8080075755614331,33.0745953083254847,22.5882161147468850,7.6933053323485581,7.1648749757656276,11.7787065888750249,8.1340383103671883,-11.6685241424131618,2.5038510275508230,11.6015793326912870,7.2251210376756063,-0.7432093150192287,1.8761060804348944,-0.6657634186763346,1.5847510140999361,6.9233333333333480,,,,,,,,,,,,,,,
"2011Q4",16.1235403406724984,12.5464871066886001,12.7538773146177995,722.2096849596770198,593.9706688272908650,695.9751944928154899,574.0565491094899926,504.3487636017848104,518.2480718662158097,579.0752674412958640,451.8149018775097261,443.6122072800679348,454.2935126888908144,7.3622139870613710,8.1242570690301577,640.1731828524897310,662.1835839526144127,0.5849941156394678,44.2640683130010189,0.6828631733511060,-1.3888769470421416,476.3261660411504295,463.6494102236475783,-7.1008010937425183,6.4819882090797023,22.5040995260831380,6.3733181292071324,16.1235403406724309,12.7538773146178031,25.0010257695044089,4.5228198979882830,15.1968379017528434,-0.0074984579782695,-0.0039122389452841,0.0273436102232677,-2.4703041973582947,1.8544104701641242,-2.4894277854431461,721.8836650475720944,693.3197520079434071,517.3851222924204194,583.3340916720829910,507.9801834542197412,580.9156170808478237,4.8418943465493030,-5.2834533035411493,1.0187602410327319,3.5765455876344863,18.4237234051776504,5.8981710071419151,6.0748874078209854,1.6788093012555036,231.2173649425224085,2.0166722960635211,3.3359757588786874,14.3270077657398609,1.8352868820792887,12.5464871066886001,0.3260199121046430,2.6554424848718741,-13.0363586906364457,-9.2775425625927745,10.2678884119964575,-1.8403496395523986,-1.5751517025770092,-0.0484955140573053,722.2096849596766788,7.0104567350908917,2.1190295108292463,453.2683817370250381,-0.0591858023567576,-0.6737241284412011,-2.9725344576403585,1.7327521581177585,16.1235403406724309,14.3270077657398609,-0.0387543071468499,1.8352868820792887,22.5040995260831380,25.0010257695044089,-0.0074984579782695,-2.4894277854431461,6.3733181292071324,-0.0039122389452841,4.5228198979882830,1.8544104701641242,12.7538773146178031,15.1968379017528434,0.0273436102232677,-2.4703041973582947,12.5464871066886001,2.6554424848718741,1.3503860608355722,695.9751944928149214,2.6548929584723542,6.2192903310880157,693.3197520079434071,5.6445833528909288,5.6350314137862663,-13.0363586906364457,-8.6816023678279493,504.3487636017851514,-69.7600952100887639,-2.0911307603867417,517.3851222924204194,9.4939833182071354,9.5969548302321890,-9.2775425625927745,574.0565491094890831,44.9558194828580611,12.1695424784593556,583.3340916720829910,4.0160270393771365,3.3614507497391140,10.2678884119964575,6.8391156676862010,0.0484955140573542,518.2480718662158097,11.9694523024049957,26.1015018039749407,507.9801834542197412,10.1884703693188872,9.6501913888476754,-1.8403496395523986,579.0752674412958640,13.4973091598202810,13.0653485334415382,580.9156170808478237,12.1887145540005140,12.0351972149370248,0.3260199121046430,0.4980313094502513,722.2096849596766788,2.1868345972196135,7.0104567350908917,721.8836650475720944,4.4342077493348224,4.2302834695541307,-1.5751517025770092,-0.6300606810308031,593.9706688272912061,-10.9751598751736879,2.5373473969287463,595.5458205298683652,5.2647726865125160,5.3211320084303608,451.8149018775097261,6.0748874078209854,5.9188632127895024,7.4966722487645123,453.2683817370250381,3.5765455876344863,3.9995161862543460,7.9402272631125728,443.6122072800679348,18.4237234051776504,15.7828715633329750,5.3508748379928468,454.2935126888906439,5.8981710071419151,4.9035381325440106,7.4193080780958702,0.2511168268726194,1.4534798595156178,-2.4983418201844358,0.4435550143487075,0.4668625964792069,0.9866172630370198,-0.5259190723418330,-0.5526298147176842,4.0373116421124573,-8.2026945974416652,12.3488359973554989,-2.1457974107718494,-2.9192412938999457,-5.2834533035411493,2.6023030680557704,2.7303927361804559,-16.9438039079699010,2.4786108113806411,-0.1767164006759866,-0.0773641706677334,1.4598505703478843,1.0187602410327319,-0.0436936166800931,-0.0363996602648816,1.5283360169606732,7.3622139870613035,5.9947845754626945,3.3626978008073825,1.6838884995520234,1.1920613951644572,0.8163184641949996,1.6788093012555036,8.1242570690301612,-0.3757429309698462,4.8418943465493030,0.4851689177226504,4.2892645318315648,7.5722870827296846,4.8054946862843773,0.8163184641952650,0.8163184641951974,640.1731828524897310,2.1190295108292463,1.6659752916169723,641.0724607623586735,3.3359757588786874,2.0166722960635211,231.1688694284645749,1.5670965305127027,2.0441770946378353,1.2453931940539857,231.2173649425224085,1.1063304760359143,0.9908033525251835,1.0510139522341235,-0.0484955140573053,662.1835839526141854,210.3686820751040898,13.6755857465760631,16.2139815746618794,-2.1956861804896906,0.5849941156394686,44.2640683130010189,3.0246126073186925,8.3184290661337439,2.8157426317786003,0.6828631733511049,-1.3888769470421418,476.3261660411511684,-25.1224550784614920,0.3797415732457594,432.0620977281499222,-28.1470676857815576,-7.9386874928892306,-7.1008010937417421,439.1628988218918153,-4.0377299953001664,-4.2990872544192937,463.6494102236486015,-0.1852573363056074,18.8671255604969978,419.3853419106470710,-3.2098699436248168,10.5486964943642008,6.4819882090814840,412.9033537015650381,-0.2186688628094714,1.3080487079377594,-0.0591858023567576,-0.6737241284412011,-2.9725344576403585,3.5722720231542002,-0.0757713703645219,0.0000000000000000,1.2091420220294467,-0.0621431092105858,0.0000000000000000,1.8544104701641286,0.0287770238233804,0.0000000000000000,-2.4703041973582911,0.0268200050816922,-17.6849982622900583,3.7173713764458682,0.3001906901781376,-0.7170427472792600,-2.5690842777145386,-2.9725344576403545,13.7936948461614399,-0.6737241284412008,0.6784252749300863,-0.7209870545579751,-0.0189224212349081,-0.0017377733787155,2.2210188025311846,-0.0205527195004908,-0.0591858023567577,0.0474832365205235,0.5054128565896929,0.3097144790275943,0.0058767399891871,-0.0165540939429226,-0.0092180822159671,0.1282142760623618,0.0071106544709136,-0.4315728542283990,0.0358153482823648,-6.3419079717278333,0.1430293725222645,-6.4352517576459007,1.2042426192033417,-0.1884494533822255,-0.2456695055977897,-1.0192032486712987,-33.0000000000000000,,,,,,,,,,,,,,,,,,,,,,,,,,,,,,,,,,,,,,,,,,,,,,,,,,,,,,,,,,,,,,,,,,,,,,,,,,,,,,,,,,,,,,,,,,,,,,,,,,,,,,,,,,,,,,,,,,,,,,,,,,,,,,,,,,,,,,,,,,,,,,,,,,,,,,,,,,,,,,,,,,,,8.1927985611638121,6.0429178005246058,866.0000000000000000,133.5564324791999979,139.0000000000000000,297.0000000000000000,1096.0000000000000000,-10.8908830765294145,253.4435675208000021,104.4435675208000021,139.2058766989999867,12.7538773146177995,333.3144311244899995,28.6597837664856989,-55.1922985466700027,67.4020507891599863,181.8988021830000150,751.3231405098320010,19.7504731543954222,3.9914365774976801,504.7474080056956041,493.9698369316910203,-200.6072490280479883,578.5491722208049623,171.8920555307748828,-165.4984541490809988,0.3312684068430657,0.1063005058933497,,,,4.4857676860801599,-0.9087144520962616,,,124.8285257908918737,0.0000000000000000,652.7234108610347221,578.3967400478416039,61.9887364307878670,111.7985839871149096,20.7863309957743461,301.7123110485874804,-55.1922985466700027,0.0000000000000000,2.2109210817591247,7.2620336457342347,2.6904492042790338,6.4167606384173581,-50.2221934104160894,-2.0694182302685107,56.7619450094527167,12.9410059077512472,12.7152479852256732,29.8247162414776312,14.4505987110003673,13.9572834188908672,6.2632026230244833,7.7848282178297268,3.6412733465356837,8.2639750825033218,20.2301016007711496,5.4966220972533648,6.0755839414190547,7.7014736268238693,2.1416403689971588,1.6799300465290656,1.5794398813099946,2.0652134904944432,7.6399999999999357,,,,,,,,,,,,,,,
"2012Q1",11.0279803793960998,8.3833528955762198,12.9496688113691008,724.8942077729994935,596.8098697245520725,697.2047508549535451,580.2779750740335203,517.8944612327308050,521.5675941804389595,582.7595705040231451,453.4652516663950905,454.3678962045651133,455.0928509828925712,7.0015765118190343,8.2762544868789050,640.6483262720546463,668.9116624617512343,0.3160503963896915,44.4067398266169917,0.7622871945547782,-1.4313454288540253,479.1752814601376258,472.2212163632461852,-3.4294801507562624,15.2695754277505102,23.4236943454004916,0.5539548453646626,11.0279803793960109,12.9496688113691150,24.9770156235103542,4.5140045757018781,15.2914907984947437,-0.0428424753415548,-0.0223525958304771,0.0595776804235018,-2.4013996675491218,-3.9376971345067164,-1.5104788027684333,723.0314914537959794,694.7413487124835001,519.7517792179259004,584.3895713629456168,510.6283967542789810,583.9658157823995452,4.8579087277841904,-4.6667389482946655,1.0063297833130243,-0.5155937688552233,43.0227556979933183,3.1973531760017391,6.6013991555398475,1.7153273462607910,231.5122535354134925,2.0260961221284424,3.1668259170008546,14.1995294007174770,-3.0467762697259944,8.3833528955762198,1.8627163192039577,2.4634021424705645,-1.8573179851952462,-4.1115962889110733,10.9391974261605469,-1.2062452783760289,-0.0466257545540892,0.4033292684457431,724.8942077730001756,8.0011933357691660,1.9005736782591185,453.1394832948123508,-0.0375706749816075,-2.4908922081024065,-3.8495979483684479,-3.1742546347484057,11.0279803793960109,14.1995294007174770,-0.1247727515955724,-3.0467762697259944,23.4236943454004916,24.9770156235103542,-0.0428424753415548,-1.5104788027684333,0.5539548453646626,-0.0223525958304771,4.5140045757018781,-3.9376971345067164,12.9496688113691150,15.2914907984947437,0.0595776804235018,-2.4013996675491218,8.3833528955762198,2.4634021424705645,1.7656821086819106,697.2047508549541135,4.9182254485583687,4.1693357756897731,694.7413487124835001,5.6863868181628865,5.6373156103679607,-1.8573179851952462,-0.9438888479094107,517.8944612327309187,54.1827905237864798,28.8497085750939881,519.7517792179259004,9.4666277020225316,9.5290821502994056,-4.1115962889110733,580.2779750740332929,24.8857038581770951,15.8814816419157268,584.3895713629456168,4.2219187634496054,3.7298579295330399,10.9391974261605469,7.2704561692946266,-0.4033292684458288,521.5675941804391869,13.2780892568955551,10.2217293075780944,510.6283967542789810,10.5928532002378013,9.9908414560341114,-1.2062452783760289,582.7595705040240546,14.7372122509155972,15.5011742594645980,583.9658157823995452,12.2007948062109257,12.1403266565067831,1.8627163192039577,1.9819421654028213,724.8942077730001756,10.7380912532969486,8.0011933357691660,723.0314914537959794,4.5913056248989479,4.3427165554087761,-0.0466257545540892,-0.0186503018216312,596.8098697245522999,11.3568035890396288,5.9547560942649866,596.8564954791065702,5.2426997969507179,5.2892493146682575,453.4652516663950905,6.6013991555398475,5.6262543769699818,7.6782410803578500,453.1394832948123508,-0.5155937688552233,2.8391002899539721,5.9097548180815007,454.3678962045652838,43.0227556979933183,20.0144466869694710,16.6550009414927978,455.0928509828928554,3.1973531760017391,4.0018511805770496,7.0038516910661039,1.5708389090528601,-0.3257683715827401,-7.1169929243934504,-1.7684862622754371,-1.1879302907691791,0.8621619191870904,-0.4978213753979444,-0.5332521299749793,1.2917053611585594,0.9026445381703899,36.4213565424517469,8.9767598611347736,5.5693834864653304,-4.6667389482946655,2.4668574209875231,2.6373002369279339,18.9416679294900625,1.6275993164971132,-3.4040459795350646,-0.6743893892918207,0.6212695331838901,1.0063297833130243,-0.0497218308785046,-0.0412991460329537,36.8901537803605493,7.0015765118192030,6.0754146986468189,4.1624762218656910,2.4471488756049666,0.7641414552548185,0.5403959421340767,1.7153273462607910,8.2762544868789050,-0.2237455131210972,4.8579087277841904,0.1229807289223526,4.3246565978092262,7.4952089647121287,4.8166095817512771,0.5403959421343765,0.5403959421342112,640.6483262720545326,1.9005736782591185,1.1568469309178342,641.6644481970870402,3.1668259170008546,2.0260961221284424,231.9155828038585696,2.9868535015779223,2.3967496840462319,0.9242921893911578,231.5122535354134925,1.1795543715646095,1.0670659153474034,1.1205766529863757,0.4033292684457431,668.9116624617513480,215.4464107953559733,20.3109148810115663,16.8525646894085739,-2.1935775946080258,0.3160503963896931,44.4067398266169775,0.5706860544637964,7.1496575712109651,0.8526013894946025,0.7622871945547769,-1.4313454288540255,479.1752814601388195,11.3964616759528301,-5.9409362977180322,434.7685416335215223,10.8257756214876046,-13.0905938689301458,-3.4294801507553903,438.1980217842770458,-3.8595081504570099,-4.1236187050277717,472.2212163632448210,34.2872245583965878,12.0243674559890508,427.8144765366274669,33.7165385039304084,4.8747098847786079,15.2695754277503344,412.5449011088763882,-1.4338103707508487,0.2773932791857235,-0.0375706749816075,-2.4908922081024065,-3.8495979483684479,-0.3898906577680812,-0.0739588575188353,0.0000000000000000,0.2321206470417536,-0.0826743273870190,0.0000000000000000,-3.9376971345067151,0.0366212757594059,0.0000000000000000,-2.4013996675491276,1.2124245163641518,6.7739496893030662,4.0895889857581551,-2.0963854137413582,-1.5910361743237678,0.5834349264767273,-3.8495979483684613,24.5807478695216979,-2.4908922081024265,-0.2073016452683724,0.1144231247517644,-0.1396933429669046,-0.0128289804765515,6.7195799320602729,-0.0154329589921080,-0.0375706749816075,0.0857402418276157,0.5522030414867336,0.2599126720123037,0.0123021741955045,-0.0732416132244719,-0.0103975758665039,0.1285404193304868,0.0110910556712666,-0.4155315838518175,-0.2338440723114042,-2.2450565773147098,0.0145540433903207,0.9730165273647842,10.5377240351221104,-0.1813561765160973,-0.2255511546869484,-1.2370083942237926,-32.0000000000000000,,,,,,,,,,,,,,,,,,,,,,,,,,,,,,,,,,,,,,,,,,,,,,,,,,,,,,,,,,,,,,,,,,,,,,,,,,,,,,,,,,,,,,,,,,,,,,,,,,,,,,,,,,,,,,,,,,,,,,,,,,,,,,,,,,,,,,,,,,,,,,,,,,,,,,,,,,,,,,,,,,,,7.9031371133145001,-0.6216933841423327,889.0000000000000000,164.5178318103999970,136.0000000000000000,316.0000000000000000,1114.0000000000000000,-11.0481537484708845,240.4821681896000030,93.4821681896000030,148.4614039819999789,12.9496688113691008,236.9285185190599918,24.5491314804510985,31.3259959743099934,10.8562743087499989,46.2848442539999922,803.6120474017279776,26.9123140365472864,4.0039991668486721,506.4940231055808226,494.0072557117799761,-179.7384303364700031,611.5027468435920355,0.6564729493895811,-160.7051841044539913,0.3534201077199282,0.0984455757238678,,,,1.4314394328133899,1.2131880510064901,,,42.4640366932704083,0.0000000000000000,658.7507493892317143,593.8895204136325674,61.9711214631638541,17.9217526414079842,19.8911323549898000,76.4079375829433758,31.3259959743099934,0.0000000000000000,11.3358265835720857,8.3299995004152834,5.0411775553287299,4.2574732274873952,71.9146428657288084,33.4420460683659257,28.2558663557236684,17.2120869042021098,14.1999750284753929,10.7624124633732094,15.8785092824644209,16.7671672519751098,6.8241663423845154,7.9807096470569974,-0.5142668656390725,6.0878722482292602,53.7607377032011016,18.1222606644771957,3.2490176745672841,7.2549491751588278,1.9187495457718029,1.1635642831960240,3.0319074168774591,2.4257025760058895,7.2525089605736559,,,,,,,,,,,,,,,
"2012Q2",9.7726768286936192,7.4446196625851497,13.5833496380992003,725.7694979132332946,598.1705521397393568,700.0002911258563927,584.5420120413144787,506.6083732653513607,513.0014691388365691,588.2314086935634805,455.2159441125797912,458.3775824961410308,457.8365546882810690,8.1724369809889765,7.3597053001706705,641.3380484143074227,674.8555082922830479,0.0785549907352063,43.1621813380652242,0.7309222432408695,-1.4621669578563894,477.4803220099915393,463.4759518807189806,-2.9557593592684270,8.4538036593647234,24.3047685204333241,-0.9487420536400056,9.7726768286940011,13.5833496380991949,24.8805428737667249,4.5444660611524368,15.3930200945918116,-0.0375210421552918,-0.0195761959072084,0.0858431169667165,-1.8955135734593835,-5.4736319188852525,-0.5382533111784374,724.1381482543016546,696.1758534028605254,522.1087309092891928,585.1251791259752508,513.3804904400237774,587.0109301748814232,4.8919900977817461,-4.1152866752539836,0.9916298453563018,4.8167835162943318,16.0387451663058975,10.9748148215480406,7.0027697847369037,1.7868157744661493,231.8278183560986179,2.0498364137196705,5.6453859879345352,14.0319888403271253,-4.1163716566042092,7.4446196625851497,1.6313496589317957,3.8244377229970512,-15.5003576439377699,-0.5831670846586031,-0.3790213011853737,1.2204785186839107,0.0114401751558548,-1.6712677776122213,725.7694979132332946,9.9778629680793873,2.7588885690114284,454.3436791738866987,-0.0256520236438174,7.1978586544076872,2.8990028041944664,-4.2839122169944863,9.7726768286940011,14.0319888403271253,-0.1429403550292784,-4.1163716566042092,24.3047685204333241,24.8805428737667249,-0.0375210421552918,-0.5382533111784374,-0.9487420536400056,-0.0195761959072084,4.5444660611524368,-5.4736319188852525,13.5833496380991949,15.3930200945918116,0.0858431169667165,-1.8955135734593835,7.4446196625851497,3.8244377229970512,2.4053233284368161,700.0002911258573022,11.1821610836163838,5.8868238811775893,696.1758534028605254,5.7380187615090419,5.6730803508629029,-15.5003576439377699,-10.1253839037078919,506.6083732653520997,-45.1443518695138408,9.7144873946312202,522.1087309092891928,9.4278067654578166,9.4878667553116607,-0.5831670846586031,584.5420120413157292,17.0561478691298340,30.3979819007645737,585.1251791259752508,2.9424310521172745,3.8591708326925045,-0.3790213011853737,-0.6888767192690288,1.6712677776119798,513.0014691388375923,-34.2645001664056039,12.5537837758879771,513.3804904400237774,11.0083747429774004,10.4004388425627070,1.2204785186839107,588.2314086935654132,21.8873527581667062,19.6739598418857788,587.0109301748814232,12.1804575699288140,12.1733856186075613,1.6313496589317957,0.2106356890218759,725.7694979132332946,3.5011605609379419,9.9778629680793873,724.1381482543016546,4.4266272020231465,4.4694418338089710,0.0114401751558548,0.0045760700623426,598.1705521397394705,5.4427296607474585,6.7487691190097969,598.1591119645843264,5.2104659419105834,5.2575884529504293,455.2159441125799617,7.0027697847369037,4.0465709380357602,6.7726949848046747,454.3436791738866987,4.8167835162943318,3.4635892171177001,4.7532062523714060,458.3775824961410876,16.0387451663058975,6.6229615222207014,16.2694641444068218,457.8365546882808985,10.9748148215480406,4.7172683354937996,7.7617101408161160,0.9708261716240694,-0.8722649386930141,-2.1859862684410793,-2.0194887324327007,-1.6234544715974408,0.7511895329051632,-0.4438895451262898,-0.5029581863233797,-3.4816046679353190,3.1616383835615176,9.0359753815672441,9.4967691596014969,7.2769250588154515,-4.1152866752539836,2.2058090921651901,2.4911954200333608,1.0629771353042212,2.6206105757007081,3.9720450368136069,0.9890151560117892,1.6289807303440780,0.9916298453563018,-0.0587997518259228,-0.0476303371980512,-30.3596019481773709,8.1724369809894029,6.2349163271214163,4.7088477638711623,2.9220319894051583,2.0834393905970385,0.9431446907680475,1.7868157744661493,7.3597053001706714,-1.1402946998293340,4.8919900977817461,-1.7510524458432590,4.3890319114584013,7.3831855178151322,4.8443597605837310,0.9431446907684150,0.9431446907682161,641.3380484143077638,2.7588885690114284,1.5081267204869839,642.6308408253660218,5.6453859879345352,2.0498364137196705,230.1565505784856782,-7.0361289014907893,-0.7875420946399557,-1.4090901886343157,231.8278183560986179,1.2622592827398571,1.1444350325778803,1.1991463186028495,-1.6712677776122213,674.8555082922835027,219.6395641797031431,16.7726135373967082,16.2378843623113482,-2.1709960407623372,0.0785549907352073,43.1621813380653450,-4.9782339542068659,2.4575374372449277,-3.5865346174419375,0.7309222432408716,-1.4621669578563870,477.4803220099911982,-6.7798378005852129,-9.3882410999402701,434.3181406719257325,-1.8016038463795436,-11.8457785371867139,-2.9557593592684386,437.2739000311943869,-3.6964870123265334,-3.9517814255514296,463.4759518807254608,-34.9810579300774691,-6.6767175076183944,420.3137705426597108,-30.0028239758702888,-9.1342549448625157,8.4538036593652652,411.8599668832940779,-2.7397369023285401,-0.8756833712317611,-0.0256520236438174,7.1978586544076872,2.8990028041944664,0.7529432147970399,-0.1476219685682388,0.0000000000000000,0.5190818507595623,-0.0438382857643903,0.0000000000000000,-5.4736319188852569,0.0444442040820465,0.0000000000000000,-1.8955135734593753,3.0622489219308022,-13.8824695837215160,-7.1788125698864889,1.6398504558006737,1.3042251129655043,0.0300904769774941,2.8990028041946161,-1.3982449492809508,7.1978586544076961,1.6791911067551961,-0.9389237380203408,-0.3332485923912403,-0.0306044625665434,0.5626980420991750,0.0052508675600810,-0.0256520236438177,0.0729071406383366,0.5835608948533916,0.2280991961302539,0.0319706010816787,-0.2123888596853969,-0.0140501040352858,0.1416826297534716,0.0263499038040804,-0.4301071272425042,-0.2185323818711069,-5.8308353437014020,-0.0922637280670766,-0.8294816657999746,-2.6929864028928705,-0.1739560718877635,-0.2229296769153344,-1.4493075686552279,-31.0000000000000000,,,,,,,,,,,,,,,,,,,,,,,,,,,,,,,,,,,,,,,,,,,,,,,,,,,,,,,,,,,,,,,,,,,,,,,,,,,,,,,,,,,,,,,,,,,,,,,,,,,,,,,,,,,,,,,,,,,,,,,,,,,,,,,,,,,,,,,,,,,,,,,,,,,,,,,,,,,,,,,,,,,,6.3166697187838565,-0.7715694227966878,921.0000000000000000,112.6030281408000064,124.0000000000000000,319.0000000000000000,1144.0000000000000000,-13.3630027351798049,305.3969718591999936,131.3969718591999936,159.1633686399999874,13.5833496380992003,297.8198894965728982,23.0621336763411016,29.1757385138571124,9.5530288220899990,99.9277535206257710,852.8256095517140238,23.7753833221272544,8.2075525394797211,513.9538823974396564,425.6535267324409801,-104.9263552201930025,522.1710758140640110,-149.4540892868631090,-73.8469891653216024,0.1764571678321679,0.0914134623782729,,,,0.7251308313647880,1.6029263347436815,,,81.0840242526398072,0.0000000000000000,669.3389533154050923,609.1962314714805871,61.2268442313920787,15.6619319779792541,19.8911323549898000,163.8288450185912382,29.1757385138571124,0.0000000000000000,3.5631727867173453,10.4926293114087770,11.8313347867082541,6.0635480941661228,-36.3291612527554051,10.2020016045356812,18.5970561610656375,35.5241705691192919,-29.0109823334614845,13.3758067013306032,24.4673849820840132,21.7426979515691414,7.2537887833525190,7.0073084966301593,4.9346757830045220,4.8679823903989217,17.3965637824787507,17.6677326334754810,11.5996969234214475,8.0708777568775361,2.7972983134562099,1.5195563369283320,-6.7942982893512465,-0.7844491067389612,8.5156666666671441,,,,,,,,,,,,,,,
"2012Q3",10.8645727552531000,6.4443186976724398,13.9313337638545001,728.6136314007935653,600.3508596155367059,704.5741047363223970,571.0419481203589385,540.1932723947650175,520.0943856034242572,597.5085093491352382,455.8632878410174385,458.7741997086886840,458.5348921558497750,9.3559101378150018,6.2703632206795508,642.4509531959325841,673.0933142266835603,-0.1290857462847512,41.6924889268226480,0.7040821805632425,-1.4824082156587588,481.6983713462484502,463.4638541937822538,3.6212924585521478,10.9359670134345492,20.0552771942188599,4.7406293248885127,10.8645727552529561,13.9313337638544841,24.8331994791272876,4.6386122395783529,15.4973569423470909,-0.0734710779434869,-0.0383327363184406,0.1919899108128489,-1.7580130893054378,0.1403498216286119,-4.7044512069649755,725.4192367075925176,697.6512443774618077,524.4887724868270880,586.2241775998837738,516.3121368489166798,590.0038939087228300,4.9319725147497744,-3.6332279114433907,0.9741993331669176,2.7757303792991466,1.5864688501906854,2.7933498702735422,2.5893749137494133,1.8633311962852559,232.1624081572873877,2.0742981674278740,7.4232199128080802,13.9744547763584723,-2.8060882960307891,6.4443186976724398,3.1943946932010800,6.9228603588609419,15.7044999079377998,-15.1822294795232065,3.7822487545096291,7.5046154404136383,0.8981743794712791,-3.0565778032435662,728.6136314007936789,6.9506550904212361,4.4516191265009297,455.0376117687119972,0.0888427670748847,-1.6889248478672707,-0.6208965332482006,-2.8636223599994057,10.8645727552529561,13.9744547763584723,-0.3037937250748073,-2.8060882960307891,20.0552771942188599,24.8331994791272876,-0.0734710779434869,-4.7044512069649755,4.7406293248885127,-0.0383327363184406,4.6386122395783529,0.1403498216286119,13.9313337638544841,15.4973569423470909,0.1919899108128489,-1.7580130893054378,6.4443186976724398,6.9228603588609419,3.9535916423938278,704.5741047363223970,18.2952544418642518,9.2626334831253949,697.6512443774618077,5.9015638984067431,5.7426382077411722,15.7044999079377998,9.9838306354316391,540.1932723947653585,134.3395965176600555,18.4044849904585774,524.4887724868270880,9.5201663101525345,9.4771460239582126,-15.1822294795232065,571.0419481203589385,-54.0002556838276107,8.2243538815830188,586.2241775998837738,4.3959938956315323,3.8940926876444100,3.7822487545096291,1.7291398410179486,3.0565778032429769,520.0943856034245982,28.3716658583532393,4.8386768128109985,516.3121368489166798,11.7265856355690250,10.8790709870261804,7.5046154404136383,597.5085093491359203,37.1084026222928998,21.8075691977969583,590.0038939087228300,11.9718549353687962,12.1354554663772429,3.1943946932010800,1.6570222567424733,728.6136314007936789,11.3765339502361762,6.9506550904212361,725.4192367075925176,5.1243538131623723,4.6441235973551791,0.8981743794712791,0.3592697517885075,600.3508596155364785,8.7212299031884832,3.6364008194523674,599.4526852360658040,5.1742930859296097,5.2230578778239627,455.8632878410172680,2.5893749137494133,1.7441017434895709,5.5671078154620321,455.0376117687119972,2.7757303792991466,2.4336468820385231,2.6633664285940366,458.7741997086887977,1.5864688501906854,-1.7182759888049262,19.7679232799157312,458.5348921558500592,2.7933498702735422,1.9190477427276078,5.7159222187440335,1.9442001939125806,-0.8256760723053045,0.1863554655513179,-2.9037413868671886,-1.4802574156797577,0.6545813433751028,-0.3864327581184651,-0.4635156877480711,-2.7655097232234085,2.9109118676715724,-1.0029060635598812,14.2008154644531857,6.5441397791151479,-3.6332279114433907,1.9282350552428811,2.3008011591120718,25.8573653614184238,2.6716043148323241,0.2039749565272676,0.1488144032826549,1.6974049816653967,0.9741993331669176,-0.0697220487564992,-0.0554843120361537,7.4798544024128972,9.3559101378148757,6.4088709529163381,6.9222632557768407,5.0589320594917924,3.6200994096886130,1.3904626303685748,1.8633311962852559,6.2703632206795490,-2.2296367793204479,4.9319725147497744,-3.1199281374423080,4.4684568270017015,7.2327736738618285,4.8764882027136238,1.3904626303688130,1.3904626303687946,642.4509531959325841,4.4516191265009297,2.8075277211502443,643.6679060043605887,7.4232199128080802,2.0742981674278740,229.1058303540433485,-4.2028808977691039,-1.6712649417928014,-0.3606409217065538,232.1624081572873877,1.3383592047538295,1.2216258337734953,1.2714412445161325,-3.0565778032435662,673.0933142266837876,217.2300263856664628,-9.6381511761438592,10.2802407472069426,-2.1482135524319830,-0.1290857462847509,41.6924889268227616,-5.8787696449702063,-1.8154262343485454,-4.3069631700527413,0.7040821805632460,-1.4824082156587630,481.6983713462479386,16.8721973450276046,-0.9084084645172101,440.0058824194256317,22.7509669899962503,0.9070177698301833,3.6212924585519164,436.3845899608735976,-3.5572402812824686,-3.7877413598438179,463.4638541937814580,-0.0483907477682752,-0.2318703639482336,421.7713652669582416,5.8303788972029142,1.5835558704001609,10.9359670134321743,410.8353982535252271,-4.0982745190633976,-2.1226226637462116,0.0888427670748847,-1.6889248478672707,-0.6208965332482006,0.2220088663798645,-0.1033162509510736,0.0000000000000000,-4.3276738891398736,0.0213694814835371,0.0000000000000000,0.1403498216286074,0.0482670487012086,0.0000000000000000,-1.7580130893054466,4.6530487533103440,25.7094430548942157,4.6786538848156738,4.7799026996496652,1.0772345712454268,0.8935983094089444,-0.6208965332481498,-3.5745468771600599,-1.6889248478672698,2.1571933276990061,-1.2033715494740624,-0.1577352787741788,-0.0144858929486487,-25.8784607808584219,0.0077099574293094,0.0888427670748852,0.2021465750692997,0.9070263218422034,0.0388169360384683,0.0412797850519208,-0.2550194006676085,-0.0168022721131279,0.1392128861509622,0.0294453950801698,-0.4404928991913762,-0.2029274375758399,-2.2922350275281858,-0.0893070869964816,5.4538632612984372,4.7646903420970830,-0.1664579535880066,-0.2304019701886840,-1.6325113069585520,-30.0000000000000000,,,,,,,,,,,,,,,,,,,,,,,,,,,,,,,,,,,,,,,,,,,,,,,,,,,,,,,,,,,,,,,,,,,,,,,,,,,,,,,,,,,,,,,,,,,,,,,,,,,,,,,,,,,,,,,,,,,,,,,,,,,,,,,,,,,,,,,,,,,,,,,,,,,,,,,,,,,,,,,,,,,,4.7302023242531561,-0.9214454614510146,1023.0000000000000000,177.4453599999999938,152.0000000000000000,373.0000000000000000,1210.0000000000000000,-14.5253366466356120,230.5546400000000062,95.5546400000000062,159.3651000000000124,13.9313337638545001,284.6870057940524248,24.8557158123515016,11.6333942059475497,34.5399999999999991,79.1485115881048671,837.9288080398370084,-7.0487762623979506,4.1408833892347019,517.0044400264287106,384.4375758932000053,-139.7008281569669919,485.1447456786179941,-66.7358892802957371,-106.3244232836880059,0.2736611570247934,0.0937560783821998,,,,3.6488281115227901,0.7714259460578701,,,99.6094936032352791,0.0000000000000000,680.9770438606819880,624.1757459234586349,59.9180578079121915,56.0006792284660690,19.8911323549898000,128.3257211596986167,11.6333942059475497,0.0000000000000000,12.0489159487800634,7.1979083614063626,20.0757424087107950,9.7051728650947098,283.2034890779365242,20.2069734600231783,-41.7253237617142503,8.5720192644542976,32.8056584004341119,4.9576519577517502,44.9304847882687852,24.3681200746503919,2.6231904655544156,5.7249873959060125,2.8146126974059911,2.6991510174777460,1.5991200813249833,21.8571453370433204,2.8327297048259510,5.8824385309454783,4.5521904895645946,2.8473102094726244,-4.1157843087725894,-1.6573767861899569,9.8075499198877480,,,,,,,,,,,,,,,
"2012Q4",6.9562963374310200,7.5426894601705401,15.1117797243569001,730.5403993996031886,604.0751319326267321,702.0109432191568430,550.5262516783881210,568.0063085547488981,525.2970685149801966,590.5757523331283210,456.2734459581403712,456.7308055660605532,459.9391801890776605,10.7074046724566934,4.6362092164822517,644.3940141459753477,675.6917239453123329,-0.3085145565002421,41.6954214879180824,0.5403043901015757,-1.4929133387319620,479.4977561285892875,462.4737265484311592,2.2800340187288839,11.3149789849114768,14.2202364396159737,7.8478396221721045,6.9562963374311906,15.1117797243569107,24.9417655817615085,4.7316877937794288,15.6058892695213824,-0.0810892057515884,-0.0423074116965760,0.0904368615829532,-0.5845464067474181,3.1584592400892593,-10.6404399363940634,727.0147817582245580,699.1743218866365623,526.8879150674586072,588.2372845837243176,519.4367264788648981,592.9282435389457078,4.9311910387096258,-3.1632069439464545,0.9563374180289895,3.2914496056216365,-8.1735765705064800,5.6171521329033558,1.6406324684916347,1.8561723586843137,232.5037683400064168,2.0519170030842449,7.2969608718018497,14.0675641060195780,-6.8974342895573759,7.5426894601705401,3.5256176413789060,2.8366213325206924,41.1183934872904118,-37.7110329053351094,5.8603420361163598,-2.3524912058161815,3.3403730004596328,-2.2748068762309432,730.5403993996036434,8.3307144399287303,7.7722438001695169,455.8604741701181524,0.1242210253154475,2.4508455546665973,0.9375856634029918,-6.8043249598964124,6.9562963374311906,14.0675641060195780,-0.2138334790311339,-6.8974342895573759,14.2202364396159737,24.9417655817615085,-0.0810892057515884,-10.6404399363940634,7.8478396221721045,-0.0423074116965760,4.7316877937794288,3.1584592400892593,15.1117797243569107,15.6058892695213824,0.0904368615829532,-0.5845464067474181,7.5426894601705401,2.8366213325206924,-0.5361452527105293,702.0109432191568430,-10.2526460686597787,6.0357487263422183,699.1743218866365623,6.0923100366999714,5.8545698786932929,41.1183934872904118,25.0855988210459486,568.0063085547495803,111.2521446399411928,63.6575449529658783,526.8879150674586072,9.5965703225316528,9.5027927750391257,-37.7110329053351094,550.5262516783882347,-82.0627857678782817,-23.5302974310997897,588.2372845837243176,8.0524279353663637,4.9031929116413426,5.8603420361163598,3.3856249546748662,2.2748068762305924,525.2970685149807650,20.8107316462259675,7.0489966487655016,519.4367264788648981,12.4983585197946336,11.4565430246447928,-2.3524912058161815,590.5757523331296852,-27.7310280640247484,11.5004848918347236,592.9282435389457078,11.6973985208946694,12.0126264581005699,3.5256176413789060,-2.1348933497174909,730.5403993996036434,7.7070719952449700,8.3307144399287303,727.0147817582245580,6.3821802025324725,5.1311167106539211,3.3403730004596328,1.3361492001838544,604.0751319326269595,14.8970892683612419,10.1044631053361567,600.7347589321675514,5.1282947844107154,5.1889384022985210,456.2734459581408260,1.6406324684916347,0.0222242456592356,4.4585440806297214,455.8604741701181524,3.2914496056216365,0.9805418270142394,2.5920924330911888,456.7308055660615196,-8.1735765705064800,-5.9025859834340855,13.1185982859945476,459.9391801890770353,5.6171521329033558,2.8614837552980581,5.6456675001848291,2.3655327378572930,-0.4129717880223487,1.6508171371319169,-1.8664516475382569,-0.9734330318602789,0.5604612438385989,-0.3764803981441888,-0.4261560191985206,6.4185333136760407,0.4573596079211648,-9.8142090389990848,8.6600542053646823,3.6205665518678920,-3.1632069439464545,1.8800838699889881,2.1202463595947298,3.3100638225143131,3.6657342309360383,3.9765196644152416,1.1871234195553704,2.7093968129067143,0.9563374180289895,-0.0714476605499637,-0.0624228230035687,8.2396139371882935,10.7074046724566649,6.4108829992495409,9.7268628454426782,7.8706904867584733,5.9171368302390857,2.0533460467217406,1.8561723586843137,4.6362092164822464,-3.8637907835177581,4.9311910387096258,-4.4994095358138617,4.5050350195111308,7.0514373983043868,4.8687682157061127,2.0533460467220417,2.0533460467218925,644.3940141459753477,7.7722438001695169,4.2208312934851255,644.9374028323494485,7.2969608718018497,2.0519170030842449,230.2289614637750219,4.4925244389291130,-0.9399079646890054,3.6644709219247296,232.5037683400064168,1.3654407308758187,1.2864033974838276,1.2971686943320249,-2.2748068762309432,675.6917239453127877,219.4182779871717912,8.7530064060254436,9.0495959120690213,-2.2131141869342756,-0.3085145565002412,41.6954214879180967,0.0117302443824623,-2.5686468250828227,0.4054367414294711,0.5403043901015780,-1.4929133387319635,479.4977561285888328,-8.8024608706384662,3.1715900874392968,437.8023346406705514,-8.8141911150223375,5.7402369125204782,2.2800340187287249,435.5223006219421791,-3.4491573557260220,-3.6405981999498169,462.4737265484333761,-3.9605105813923398,-1.1756836752144562,420.7783050605145263,-3.9722408257762005,1.3929631498694470,11.3149789849133455,409.4633260756006621,-5.4882887116904184,-3.4400276259624971,0.1242210253154475,2.4508455546665973,0.9375856634029918,1.8205301113343202,0.0502260765906462,0.0000000000000000,-7.3473240915186295,0.0250061661799817,0.0000000000000000,3.1584592400892655,0.0535058965977933,0.0000000000000000,-0.5845464067474175,-0.4619455843678395,31.4313283675111421,3.9493960878829029,-1.0221163337418486,2.5871556672717162,2.9811032486711273,0.9375856634029915,-0.3439880146233705,2.4508455546665715,2.8793335452953297,-1.8571176821293516,0.8021139327680196,0.0736635244378799,11.8791781236912044,-0.0776949165702958,0.1242210253154477,0.1908090199886160,0.9964988581059958,-0.0374669756038284,0.0045141337405252,-0.0533539526914231,-0.0086978166691198,0.0939994863596847,-0.0149513476008398,-0.4575529159254873,-0.1871739549925761,4.3186934144351508,-0.2275868179143962,0.0348326944264414,3.3317230651068144,-0.1587459446390838,-0.2476411025720404,-1.7998416445312220,-29.0000000000000000,,,,,,,,,,,,,,,,,,,,,,,,,,,,,,,,,,,,,,,,,,,,,,,,,,,,,,,,,,,,,,,,,,,,,,,,,,,,,,,,,,,,,,,,,,,,,,,,,,,,,,,,,,,,,,,,,,,,,,,,,,,,,,,,,,,,,,,,,,,,,,,,,,,,,,,,,,,,,,,,,,,,3.1437349297226547,-1.0713215001053698,943.0000000000000000,272.2070256143999814,152.0000000000000000,335.0000000000000000,1234.0000000000000000,-11.8262125996065190,201.7929743856000186,48.7929743856000044,186.8363376387963513,15.1117797243569001,278.1724612697593670,21.5894277863905018,-42.3814491447593440,11.7520311475041481,121.9655416282182188,859.9869712754820057,10.3936388745150907,-0.8496345256854596,520.4294946913496460,420.7230348687950254,-145.3053013004710010,495.3394729309300146,34.0199418894738983,-105.9580378879280005,0.0000000000000000,0.1447008731624401,,,,0.6716802348790200,-1.2580733576185401,,,33.3448007904137640,0.0000000000000000,684.5887799813091306,638.7245256727920832,58.1951189973337932,18.6872453965036698,19.8911323549898000,193.9409432903047730,-42.3814491447593440,0.0000000000000000,8.0118459617763733,8.6875585035490559,-9.7445732768649691,6.2216207444510445,204.2019020354012468,88.9997392667622478,-55.9844787098188164,-20.9668636748783683,23.1345306080597055,7.3033803078791095,-24.2180676037473432,12.1878877457821915,1.6541647466684850,4.5594309314924004,3.3462170372097830,2.6259793084979748,-7.8484577492873910,14.0179815496955342,5.7779099854830633,5.8080772459662313,8.0822621745880525,4.3111749789770215,4.5949666379969898,-0.9355046363220794,11.3016666666666321,,,,,,,,,,,,,,,
"2013Q1",3.4395428115097801,4.1629803124344500,15.4876512680289995,729.5410490244605626,602.9305597397749352,702.4314386861973389,546.3865416835476481,561.9748887513819682,524.6327540608511981,589.2539399323178486,457.9209221619520349,457.0569599573619257,460.6484759042349992,9.9666745477837058,5.8475955618958704,645.2129813418313233,679.5120102133387263,-0.4732034809977819,41.9512206755068320,0.0866291327957726,-1.4946715933392263,480.1370693092713964,465.5918179091917182,3.5043442629483366,15.8978810487681699,13.4037429384947515,5.5234511410441254,3.4395428115097326,15.4876512680290155,25.0274480074199559,4.7928816469690476,15.7144259529854544,-0.0218575652806901,-0.0114039471030660,0.0002131080461013,-0.2269877930025231,0.7419734411781465,-11.6018475036447093,728.5907200992068056,700.6962875240093354,529.2396943860687770,590.1427707157006353,522.6257614790691832,595.8564873331882836,4.9199102085466464,-2.6891632985457208,0.9386051350458965,7.9932529544762660,1.3046175652061829,2.8371828606285594,6.5899048152448927,1.8522636430550385,232.8501747133965694,2.0305910175111324,8.2539069694115348,14.1059037014035447,-10.6328862694640360,4.1629803124344500,0.9503289252528333,1.7351511621870734,32.7351943653127861,-43.7562290321525609,2.0069925817818004,-6.6025474008706393,0.9292031900001856,-3.5447601047957322,729.5410490244596531,4.6468412514599988,3.2758687834250266,457.8587874087373848,-0.0614352932696748,-1.2655794181087376,5.6050986224758734,-10.5945466740802718,3.4395428115097326,14.1059037014035447,-0.0334746204298987,-10.6328862694640360,13.4037429384947515,25.0274480074199559,-0.0218575652806901,-11.6018475036447093,5.5234511410441254,-0.0114039471030660,4.7928816469690476,0.7419734411781465,15.4876512680290155,15.7144259529854544,0.0002131080461013,-0.2269877930025231,4.1629803124344500,1.7351511621870734,-2.0759201729453562,702.4314386861966568,1.6819818681625396,5.2266878312429661,700.6962875240093354,6.0878625494934031,5.9549388115258610,32.7351943653127861,18.8806244566609855,561.9748887513817408,-24.1256792134643518,44.0804275186523498,529.2396943860687770,9.4071172744437295,9.4879151681443279,-43.7562290321525609,546.3865416835475344,-16.5588399793581686,-33.8914333904839324,590.1427707157006353,7.6219445279071998,5.7531993527548195,2.0069925817818004,0.6396213908985171,3.5447601047956354,524.6327540608507434,-2.6572578165172800,3.0651598804131357,522.6257614790691832,12.7561400008194124,11.9973647247900423,-6.6025474008706393,589.2539399323177349,-5.2872496032448240,6.4943694282947781,595.8564873331882836,11.7129751769707937,11.8906715507910228,0.9503289252528333,-4.7936043787712617,729.5410490244596531,-3.9974015005677295,4.6468412514599988,728.5907200992068056,6.3037533639327332,5.5592286454119790,0.9292031900001856,0.3716812760000761,602.9305597397745942,-4.5782887714093414,6.1206900152239170,602.0013565497752097,5.0663904704313287,5.1448610706686466,457.9209221619519212,6.5899048152448927,1.7537155062337895,4.4556704955561255,457.8587874087373848,7.9932529544762660,1.8003545736212554,4.7193041139237843,457.0569599573624373,1.3046175652061829,1.1806604039909385,2.6890637527972956,460.6484759042353971,2.8371828606285594,2.5560750346045058,5.5556249213411082,0.0513111192437116,-0.0621347532142511,1.4033481392328209,0.2636336183686385,-0.5276457188153525,0.4655109656017813,-0.3798011129451709,-0.3966509535853127,2.9134400402187444,-0.8639622045892591,-5.2852872500404873,-1.7666067427591852,1.8252010939563927,-2.6891632985457208,1.8961745816035229,1.9775756497489776,10.0866567116460608,2.7275537422830309,-3.7527219546129595,1.0999544257858573,1.7889486072371610,0.9386051350458965,-0.0709291319342392,-0.0677246482672093,21.5539202766655649,9.9666745477836258,6.3923727386563005,8.1663199741627643,6.3140563311078637,5.6549087966399227,3.0025043585361750,1.8522636430550385,5.8475955618958739,-2.6524044381041199,4.9199102085466464,-4.4006884727722699,4.5232592549613502,6.8974858582956227,4.8521855602794828,3.0025043585364086,3.0025043585363349,645.2129813418315507,3.2758687834250266,4.5646550697769825,646.4713058529333694,8.2539069694115348,2.0305910175111324,229.3054146086003868,-3.6941874206965077,-2.6101681952577680,4.8657765257241969,232.8501747133965694,1.3856254935611922,1.3379211779828770,1.3163442188831227,-3.5447601047957322,679.5120102133388400,221.5910880513862935,8.6912402568621534,6.1446772560316827,-2.2405602660818484,-0.4732034809977825,41.9512206755067538,1.0231967503546111,-2.4555191511100172,1.2146099462071862,0.0866291327957722,-1.4946715933392227,480.1370693092723627,2.5572527227336739,0.9617878491347602,438.1858486337652607,1.5340559723777174,3.4173070002437793,3.5043442629489538,434.6815043708164694,-3.3631850044995373,-3.5165174134601429,465.5918179091977436,12.4723654430657938,-6.6293984540474415,423.6405972336907553,11.4491686927105967,-4.1738793029373609,15.8978810487709694,407.7427161849187769,-6.8824395627246853,-4.8021849239554593,-0.0614352932696748,-1.2655794181087376,5.6050986224758734,-2.1083644176508196,0.0327707047464736,0.0000000000000000,-4.1535395481688582,-0.0022217571214134,0.0000000000000000,0.7419734411781533,0.0545955761592656,0.0000000000000000,-0.2269877930025324,2.6501686153723369,7.7076052504892658,-0.9513166764340824,-1.7147547227140350,2.6729083961721383,-0.4069460101836637,5.6050986224758681,4.1404715219856350,-1.2655794181087288,1.1404283385428009,0.8250072670618507,-0.2702352291140062,-0.0248175210410826,2.5550428716221507,-0.0467304246658023,-0.0614352932696748,-0.0712278398594447,0.5210960991163691,0.2388432742226959,-0.0060633679863459,0.0060728256516402,-0.0066262374392893,0.0884567992291616,-0.0161342852646880,-0.4826585886897612,-0.1831997978875563,0.6177600089251953,-0.5256731742816182,2.0907231713369612,7.6379463897851565,-0.1510495884804546,-0.2589433843462459,-1.9429797222039271,-28.0000000000000000,,,,,,,,,,,,,,,,,,,,,,,,,,,,,,,,,,,,,,,,,,,,,,,,,,,,,,,,,,,,,,,,,,,,,,,,,,,,,,,,,,,,,,,,,,,,,,,,,,,,,,,,,,,,,,,,,,,,,,,,,,,,,,,,,,,,,,,,,,,,,,,,,,,,,,,,,,,,,,,,,,,,-1.5807126531918243,-1.0099598849157587,950.0000000000000000,267.5407554024000092,151.0000000000000000,339.0000000000000000,1214.0000000000000000,-11.7036962908313633,184.4592445975999908,38.4592445975999979,193.8755687673100567,15.4876512680289995,224.5007727940437974,21.0152427845163992,-4.8831095891169856,9.5482351832137091,25.9600784326370118,893.4765615989690559,15.2811450721055735,3.9697709518646036,524.1457368870467235,364.7344428645869812,-114.7806162561199983,483.3456318204579816,-58.3285684396552142,-70.6986151678041068,0.0000000000000000,0.2286203892594411,,,,1.2347418318693699,-1.9581793327940398,,,8.6952133872888382,100.0000000000000000,685.5095432859427547,652.7745334339167584,56.2000310444987008,15.0590901480422481,127.2934218108691766,40.9431851924439698,-4.8831095891169856,0.0000000000000000,-3.9185594415180276,4.7564988602131280,1.6962068250061719,5.3656903170053170,-21.4360145652541121,55.3956524724770816,-15.2605049644862305,-28.7456512707109368,-2.6222633703789455,3.1126195698783192,-5.1499057594004825,6.7098938921709390,6.8118883148405160,4.5564263704616366,8.3213980268997716,4.8324359276676461,1.3131648294215239,2.7255453424410945,2.8778142455486062,5.7128478045455324,3.3301161012479810,4.6704388632919631,-3.6267848583377145,-2.5763977648865648,10.4802676231972924,,,,,,,,,,,,,,,
"2013Q2",11.2863225649259000,9.0261997156187306,15.2417691535715001,732.9975886643278500,604.3804015148820099,703.8695198928039645,559.7451068922388231,572.7840709311764158,547.7762753118402088,597.2381835448464926,458.8347333199046716,460.2794811974995355,461.2537846790436333,10.3525782450029737,5.7685625947802244,646.2881448047980939,680.9978514660848532,-0.6045322438579319,42.2018647711524153,0.0499875041650993,-1.4886837772701997,482.9002528555048457,459.8822702949004793,6.8402894991791072,12.0007992450138090,15.9782695863886204,10.5498221321087797,11.2863225649258894,15.2417691535715392,25.0684072598802956,4.8475676282752920,15.8219548141769089,-0.0684197923600830,-0.0356972829705780,0.0701759782176985,-0.6503616388231066,5.7379517868041221,-9.0217178811317744,730.0228150834494727,702.1771376643393978,531.5020072356430774,591.7324012863292637,525.7807512668381378,598.8428635684299479,4.9145607225029195,-2.2175755632568186,0.9209081175587105,1.8830550417225329,12.8900849605495722,2.4212350992269616,3.6552446318094431,1.8713804693763212,233.2047801012014361,2.0125637729877388,7.4803644074065909,14.0940200739785713,-2.6334044555045457,9.0261997156187306,2.9747735808788449,1.6923822284651635,41.2820636955339069,-31.9872943940889805,21.9955240450034424,-1.6046800235825862,1.1228423845651849,-3.0443216944201152,732.9975886643286458,7.2280907510941574,4.3006538518644577,458.3295511691687807,-0.2216721685985911,-0.1402541013598339,-2.5131728861596350,-2.6452880829293735,11.2863225649258894,14.0940200739785713,-0.1742930535484257,-2.6334044555045457,15.9782695863886204,25.0684072598802956,-0.0684197923600830,-9.0217178811317744,10.5498221321087797,-0.0356972829705780,4.8475676282752920,5.7379517868041221,15.2417691535715392,15.8219548141769089,0.0701759782176985,-0.6503616388231066,9.0261997156187306,1.6923822284651635,-0.4914850143426350,703.8695198928043055,5.7523248264306996,3.8692287669468302,702.1771376643393978,5.9234005613183083,6.0012842614780881,41.2820636955339069,25.8680861105576625,572.7840709311767569,43.2367287191820964,66.1756976658271157,531.5020072356430774,9.0492513982980238,9.3932763263544494,-31.9872943940889805,559.7451068922387094,53.4342608347602308,-24.7969051490743908,591.7324012863292637,6.3585222825122081,6.6072221603534071,21.9955240450034424,13.6308756227713630,3.0443216944199589,547.7762753118408909,92.5740850039616134,34.7748061730050182,525.7807512668381378,12.6199591510740525,12.4002608268144847,-1.6046800235825862,597.2381835448474021,31.9369744501253088,9.0067748512852823,598.8428635684299479,11.9455049409734251,11.8319333935519637,2.9747735808788449,0.4808771885088534,732.9975886643286458,13.8261585594722476,7.2280907510941574,730.0228150834494727,5.7283799369688406,5.8846668291486814,1.1228423845651849,0.4491369538260769,604.3804015148823510,5.7993671004255436,6.2098493751434187,603.2575591303171905,5.0248103221683191,5.0984471657330879,458.8347333199045011,3.6552446318094431,2.2018390992518682,3.6187892073243737,458.3295511691687807,1.8830550417225329,1.7502634241504476,3.9858719952813555,460.2794811974995923,12.8900849605495722,4.2971826491191312,1.9018987013576756,461.2537846790435196,2.4212350992269616,2.4888213135515853,3.4172299907614159,1.7709545258197403,-0.5051821507357014,-1.7721895900854019,0.3670827879575228,-0.8762396924657784,0.3710575417306818,-0.3778136954822868,-0.3801319911743626,3.8848086832266282,1.4447478775950218,9.2348403287379472,-1.7168905059671684,3.6623234408519516,-2.2175755632568186,1.8863509411554833,1.8977111119960854,19.4927542647828531,2.4190513591382454,-1.2340095325793508,-0.2015592165619992,1.4981432415794684,0.9209081175587105,-0.0707880699484886,-0.0707217277977442,-11.3964929062539078,10.3525782450031851,6.4081274963967569,8.6023148208540121,6.7309343514778375,4.8520738936004806,2.1206364883811393,1.8713804693763212,5.7685625947802270,-2.7314374052197792,4.9145607225029195,-3.0131878821859006,4.5344287313285729,6.8122718344990041,4.8438389947051999,2.1206364883814026,2.1206364883812592,646.2881448047986623,4.3006538518644577,4.9500963904898523,647.2645643791280463,7.4803644074065909,2.0125637729877388,230.1604584067806059,3.4201751927234549,0.0039078282954944,3.6100489770975437,233.2047801012014361,1.4184215512197724,1.3769617451027250,1.3475004736587692,-3.0443216944201152,680.9978514660855353,222.1631181461804658,2.2881203791802065,2.5235539664775817,-2.2619371971498974,-0.6045322438579307,42.2018647711524295,1.0025763825824134,-0.9603165669127990,1.1981136519894360,0.0499875041650961,-1.4886837772702013,482.9002528555044478,11.0527341849294789,5.4199308455131856,440.6983880843518477,10.0501578023451756,6.3802474124247723,6.8402894991783265,433.8580985851734226,-3.2936231425712830,-3.4158014460217965,459.8822702949053678,-22.8381904571581131,-3.5936815858206255,417.6804055237512330,-23.8407668397444290,-2.6333650189064595,12.0007992450151217,405.6796062787357755,-8.2524396247205374,-6.1803606045563981,-0.2216721685985911,-0.1402541013598339,-2.5131728861596350,4.4447095594015060,-0.0076683471686348,0.0000000000000000,-0.9004246285804243,-0.0056699363452855,0.0000000000000000,5.7379517868041177,0.0546731207213591,0.0000000000000000,-0.6503616388230924,0.8429649264387820,20.0180895031820825,21.4812028788881548,-3.5735425206911877,-1.5355731848077951,0.7511611085651251,-2.5131728861597011,9.8792660389365103,-0.1402541013598011,1.7017872559870248,-0.3442734109260686,0.1505797643734728,0.0138287538710340,-9.2138441399026814,-0.0434058845010399,-0.2216721685985909,-0.2491133203216347,0.1400228423973953,0.4565752149530553,-0.0012601068833776,-0.0182324552494728,-0.0069518512076549,0.1020773323366275,-0.0149681427722694,-0.4747152857692609,-0.1597209717200105,-0.2120335636247290,-0.1313233084717820,4.6675960561503871,0.3953460794137982,-0.1434793432649042,-0.2667566385217862,-2.0582440182619308,-27.0000000000000000,,,,,,,,,,,,,,,,,,,,,,,,,,,,,,,,,,,,,,,,,,,,,,,,,,,,,,,,,,,,,,,,,,,,,,,,,,,,,,,,,,,,,,,,,,,,,,,,,,,,,,,,,,,,,,,,,,,,,,,,,,,,,,,,,,,,,,,,,,,,,,,,,,,,,,,,,,,,,,,,,,,,-1.1199178544593735,-1.3194185309550619,943.0000000000000000,222.6566932480000105,191.0000000000000000,357.0000000000000000,1253.0000000000000000,-10.0389468835014171,252.3433067519999895,77.3433067520000037,194.9307509479842224,15.2417691535715001,375.7507744815271167,26.1952212505659006,16.8091183659118784,32.6549133236493816,131.3559918439816556,906.8513227300310291,5.9433650109845075,-1.6251798582081278,525.9664104496046093,496.7899667428059729,-209.9291097143999991,581.6645961842630186,149.0644074383676525,-153.5957946105189933,0.0000000000000000,0.3015094263145354,,,,2.2482665614390398,0.0118562878681296,,,-1.6579388005991476,100.0000000000000000,685.3346318778751538,666.2863970802114864,54.0474545851789117,50.9512432110067621,127.2934218108691766,204.9538769658499575,16.8091183659118784,0.0000000000000000,14.8275883420923833,7.4957265225610286,5.9209895160091861,3.9450582672677683,54.0900964428270754,93.8194707441933815,70.6326148900664919,-21.9615905371315989,152.3737278804450170,41.5875491579580796,37.6260095445273635,9.4248414896843826,3.7228701417676859,3.6850644207061549,1.9008963343415246,4.0663738783927528,13.7577327333114710,1.9201000016919636,2.4507850051765416,3.4762880918148369,4.3944720680317175,5.0746605034135825,3.4793357223611849,0.0039079046520953,10.9074387651432190,,,,,,,,,,,,,,,
"2013Q3",8.6477104320324401,11.6167012645951999,16.0013312348903014,731.2730002234293352,601.8362226776221178,704.2399100421255298,575.6454651595431642,541.5849189779113431,539.6655326662821608,598.0564199182581433,460.0369110398295334,467.1042915387022845,459.8990974060649819,8.4472787666181048,7.6738620731650933,647.9610265179484259,686.8750293375916272,-0.7035743345458201,42.8641797651058241,0.0333277790120334,-1.4756446645595367,478.0523594315198466,467.7006686319178925,2.1380088085594480,21.5465186368383002,20.5607557305213184,4.0882859364015314,8.6477104320325573,16.0013312348902836,24.9951153155743064,4.8378939332978002,15.9314630038739420,-0.0022450986112874,-0.0011713557972953,-0.0134410505588095,0.0833092815751682,-0.7484366410989606,-4.4321144864418853,731.1753872403241985,703.5954749652086093,533.6511031063326982,592.6030813497191048,528.8303824903192663,601.9108417755836626,4.8885112297551538,-1.7223038602321361,0.9044273904069002,1.1229223635984511,27.2992413648155576,-5.4187490919203141,4.8087108796984532,1.8529602794556757,233.5615808957502679,1.9727619247292840,5.6633535649279434,13.9015462449981850,-5.2638604091159884,11.6167012645951999,0.0976129831053468,0.6444350769172199,7.9338158715785294,-16.9576161901759761,10.8351501759623972,-3.8544218573259701,-2.6695336140805184,-1.3466563727650973,731.2730002234296762,2.6593688226370977,6.6915268526031539,458.6102817600690287,-0.3154846376740851,-8.9423181068143442,-1.0681725548850896,-5.4563342380964803,8.6477104320325573,13.9015462449981850,0.0100245961501977,-5.2638604091159884,20.5607557305213184,24.9951153155743064,-0.0022450986112874,-4.4321144864418853,4.0882859364015314,-0.0011713557972953,4.8378939332978002,-0.7484366410989606,16.0013312348902836,15.9314630038739420,-0.0134410505588095,0.0833092815751682,11.6167012645951999,0.6444350769172199,-0.5632940957670312,704.2399100421257572,1.4815605972892465,-0.3341946941974392,703.5954749652086093,5.6733492034763957,5.9442305877459365,7.9338158715785294,4.4792850180542452,541.5849189779120252,-124.7966078130635310,1.3916465831469225,533.6511031063326982,8.5963834827587498,9.1623306195061289,-16.9576161901759761,575.6454651595422547,63.6014330692180963,4.6035170391855811,592.6030813497191048,3.4827202535589747,6.3789037498355148,10.8351501759623972,6.7079632506508391,1.3466563727648639,539.6655326662807965,-32.4429705822352545,19.5711470628579391,528.8303824903192663,12.1985248939267059,12.5182456414035475,-3.8544218573259701,598.0564199182579159,3.2729454936393561,0.5479105691218209,601.9108417755836626,12.2719128286114909,11.9069478668628026,0.0976129831053468,-0.6325666648721660,731.2730002234296762,-6.8983537635893475,2.6593688226370977,731.1753872403241985,4.6102886274984840,5.7561505327330691,-2.6695336140805184,-1.0678134456322033,601.8362226776222315,-10.1767153490420021,1.4853630620857725,604.5057562917031646,4.9927886455437207,5.0530710556365941,460.0369110398295902,4.8087108796984532,3.7624296090067673,4.1736231988115433,458.6102817600690287,1.1229223635984511,1.9576577483050606,3.5726699913559856,467.1042915387030803,27.2992413648155576,13.5318512233000181,8.3300918300145561,459.8990974060649251,-5.4187490919203141,1.6547220928935502,1.3642052502124744,-0.1912408880682070,-1.4266292797603155,-3.6857885160980759,-0.6009532074549359,-1.6983060929355029,0.2716768131757542,-0.3975229142175359,-0.3829045301990390,7.9135836502204002,7.0673804988736837,22.4905304851161496,4.1564686312021841,8.7896843591064062,-1.7223038602321361,1.9810868120986909,1.9109240512104892,-8.5169293859413937,-0.1378136337653649,-10.2274599716154242,-2.8094179485987669,-1.0422410241721676,0.9044273904069002,-0.0659229086094445,-0.0697719427610159,46.4280612231144687,8.4472787666179041,6.3439485949930834,6.4896210183132705,4.6366607388576586,2.7470951155380230,1.9209571887036347,1.8529602794556757,7.6738620731650942,-0.8261379268349122,4.8885112297551538,-1.7388375152274782,4.5056066995561421,6.7994352809656533,4.8187392869941972,1.9209571887039190,1.9209571887038022,647.9610265179480848,6.6915268526031539,5.5100733220154643,648.5409600654578526,5.6633535649279434,1.9727619247292840,232.2149245229844325,8.2178644648168380,3.1090941689421365,4.0129404827146171,233.5615808957502679,1.4272031781957089,1.3991727384629560,1.3558430192859299,-1.3466563727650973,686.8750293375918545,226.8381182977617527,18.7000006063342994,9.6080919120964126,-2.3167121249664864,-0.7035743345458204,42.8641797651057885,2.6492599758134379,1.1716908382832554,2.5154605265741425,0.0333277790120339,-1.4756446645595360,478.0523594315202445,-19.3915736959346496,-3.6460119147266727,435.1881796664146691,-22.0408336717491196,-4.8177027530111962,2.1380088085598921,433.0501708578552211,-3.2317109092697254,-3.3344191030185724,467.7006686319155051,31.2735933480512429,4.2368144381313133,424.8364888668086792,28.6243333722364284,3.0651235998481123,21.5465186368357813,403.2899702299727096,-9.5585441950426411,-7.5454280235517723,-0.3154846376740851,-8.9423181068143442,-1.0681725548850896,4.6036014067858346,-0.1198715813119493,0.0000000000000000,1.8830880303503932,-0.0672953135637325,0.0000000000000000,-0.7484366410989658,0.0577277378387777,0.0000000000000000,0.0833092815751613,1.0810433101894148,-17.9085022725548413,-2.9815368783714291,-2.4280099752913085,-1.1606199034713960,-3.1186705679065847,-1.0681725548850949,13.1622497749059271,-8.9423181068142981,-0.6901570640522441,1.6321557378628939,0.6437035200642340,0.0591156293936547,18.1573093067515714,-0.0789415743563867,-0.3154846376740852,-0.3620086535224698,-0.1520396074915811,0.5620798267885440,-0.0224950621917742,0.0853446920969301,-0.0022136456557685,0.0797027045369414,-0.0385454709596754,-0.4734728437834527,-0.1353140253193689,1.4511463238240001,-0.1131734864256980,-2.1029706809310831,12.7859351879750420,-0.1358292650163594,-0.2674500809557159,-2.1313485327892030,-26.0000000000000000,,,,,,,,,,,,,,,,,,,,,,,,,,,,,,,,,,,,,,,,,,,,,,,,,,,,,,,,,,,,,,,,,,,,,,,,,,,,,,,,,,,,,,,,,,,,,,,,,,,,,,,,,,,,,,,,,,,,,,,,,,,,,,,,,,,,,,,,,,,,,,,,,,,,,,,,,,,,,,,,,,,,-0.6591230557269228,-1.6288771769942798,1011.0000000000000000,190.4935333761600020,179.0000000000000000,377.0000000000000000,1261.0000000000000000,-11.6721502512620621,257.5064666238399695,105.5064666238399980,190.7089486165634753,16.0013312348903014,291.9724636618775548,24.8577330057951009,-58.9996201673888407,13.2735327125793390,146.9896025001235671,961.7459142480020091,23.5087114860270958,5.2185839327307946,531.6648673306120827,593.6280639719250303,-302.1793044278949765,687.1371453434919658,132.4309911438855352,-207.4629546002059897,0.4264189515602712,0.3606209229979381,,,,1.3974708369522399,-4.3664616695150000,,,45.5247560735366505,100.0000000000000000,690.0297014912979421,679.2412038662124587,51.8192271440038894,20.3670224181379034,127.2934218108691766,225.5421065498279631,-6.8247409393888585,-52.1748792279999805,-6.6657955031689369,2.6950455921588485,1.4925901086213713,-0.3336368852915683,-71.2911881753828283,1.4013750604985944,88.8937177009119068,4.7111237621872988,-27.7060475696861630,21.6175952223578918,3.3270955066690533,0.5494143442737993,4.9262051298726277,4.2619432823251202,1.1292508024071140,3.6372567070377357,31.3890277153002444,8.6868818061409172,-5.2745511763306041,1.3735529891163480,6.9204879030980209,5.6647048774469511,8.5649738022399475,3.1579313186383331,8.8143232912210259,,,,,,,,,,,,,,,
"2013Q4",10.8754618247054999,8.5493386163663896,17.0215631119264010,734.6337134927782699,603.5321087068610950,709.7529743653586820,594.2959109778744278,523.1629042076591531,536.0885902123225151,608.8697536452764325,460.5762432657995191,466.8711427697308523,460.2384862243888506,5.9444152284137788,9.8897732161588578,650.1468783627811945,691.9571358891153068,-0.7710254098742411,43.4413590901990290,0.0633132862416518,-1.4562632042442254,475.3815175791821730,465.0776821988521306,-0.3199254736558714,21.0390406975707265,24.5360861932567040,3.3609387433750264,10.8754618247053809,17.0215631119264010,24.8383024984104672,4.8360725994607074,16.0390968634675914,-0.0572240362953152,-0.0298560189367933,0.1302401182853506,0.8522261301734837,-1.4452778371488881,-0.2449922688584732,732.1457119147138428,704.9721022839033822,535.7247755793221131,592.9702798042480936,531.8307643265987963,605.0181500208423131,4.8749007472027142,-1.2223584512001415,0.8889390843229112,2.8561099920876272,-0.9325950758866275,1.3575552732873730,2.1573289038783305,1.8631047474197160,233.9202241027015816,1.9565237652486471,3.7134213748166820,13.6352782344036552,-2.5424962361808121,8.5493386163663896,2.4880015780633729,4.7808720814548069,-12.5618713716641981,1.3256311736256303,4.2578258857235074,3.8516036244324114,-2.2221520926621956,0.3437040921871541,734.6337134927773604,4.0933140931737730,8.7434073793327887,459.3243092580921711,-0.2447757764228459,-1.5039606108627026,-1.3243186565990590,-2.8087642467756084,10.8754618247053809,13.6352782344036552,-0.2173201735174885,-2.5424962361808121,24.5360861932567040,24.8383024984104672,-0.0572240362953152,-0.2449922688584732,3.3609387433750264,-0.0298560189367933,4.8360725994607074,-1.4452778371488881,17.0215631119264010,16.0390968634675914,0.1302401182853506,0.8522261301734837,8.5493386163663896,4.7808720814548069,3.5009229507593727,709.7529743653586820,22.0522572929302072,7.7420311462003442,704.9721022839033822,5.5065092747778426,5.7977803972652913,-12.5618713716641981,-7.7613780563218011,523.1629042076584710,-73.6880590810146998,-44.8434043470915924,535.7247755793221131,8.2946898919577077,8.8368605118626586,1.3256311736256303,594.2959109778732909,74.6017832733238890,43.7696592994862996,592.9702798042480936,1.4687938181138618,4.7329952205228922,4.2578258857235074,2.5962909101161218,-0.3437040921871131,536.0885902123212645,-14.3077698158361670,10.7915216973429029,531.8307643265987963,12.0015273451179354,12.3940378477346531,3.8516036244324114,608.8697536452751820,43.2533349080666767,18.2940013121446086,605.0181500208423131,12.4292329810335751,12.0899064818974047,2.4880015780633729,2.2423681371833721,734.6337134927773604,13.4428530773934902,4.0933140931737730,732.1457119147138428,3.8812986975597599,5.1309301564901295,-2.2221520926621956,-0.8888608370648787,603.5321087068608676,6.7835441169509458,-0.5430232257668028,605.7542607995231947,4.9940180312806319,5.0195018673540588,460.5762432657994054,2.1573289038783305,4.4952831688232466,4.3027973076585768,459.3243092580921711,2.8561099920876272,4.8244996877578137,3.4638350879725697,466.8711427697309659,-0.9325950758866275,2.9199073737486700,10.1403372036690840,460.2384862243878842,1.3575552732873730,4.3975424242045298,0.2993060353085927,2.0591420808889112,-1.2519340077075527,0.6987810882114569,-0.8389622196850581,-1.4231921020068459,0.1712580942999652,-0.4016748755013508,-0.3892031495385120,9.6175518518992718,6.2948995039316387,-3.0899239797663576,5.8375398960104512,7.5172579551319645,-1.2223584512001415,1.9997816361289511,1.9408484927456691,2.1872712346689522,-0.3377570414119193,-0.7997736305880299,-4.0034912723492555,-1.2266961257352254,0.8889390843229112,-0.0619532243353452,-0.0673983337076706,7.9273617460215391,5.9444152284134981,6.3363306191208721,1.1199155406561152,-0.7431892067633874,-0.9834040702509577,0.4063691459083601,1.8631047474197160,9.8897732161588650,1.3897732161588641,4.8749007472027142,0.0327180062910213,4.4856975976642239,6.8157492399483903,4.8075024134950954,0.4063691459086629,0.4063691459085036,650.1468783627811945,8.7434073793327887,5.7528642168060600,650.4723571976908261,3.7134213748166820,1.9565237652486471,234.2639281948881376,8.1960146876159659,4.0349667311138635,0.9106928172948592,233.9202241027015816,1.4345728278055692,1.4164557626955108,1.3628441864152823,0.3437040921871541,691.9571358891154205,231.3808926233154466,18.1710973022183353,11.9626146361452523,-2.3142564816851801,-0.7710254098742421,43.4413590901989011,2.3087173003722414,1.7459376022806290,2.2430263862213398,0.0633132862416500,-1.4562632042442216,475.3815175791830256,-10.6833674093481985,-4.1162385494047049,431.9401584889840819,-12.9920847097219223,-5.8621761516869704,-0.3199254736551828,432.2600839626397828,-3.1603475808598098,-3.2622166593020951,465.0776821988549159,-10.4919457322412661,2.6039556504249144,421.6363231086558585,-12.8006630326155388,0.8580180481436388,21.0390406975764677,400.5972824110788792,-10.7707512755705554,-8.8660436645192178,-0.2447757764228459,-1.5039606108627026,-1.3243186565990590,0.2409879840687896,-0.2070570513851565,0.0000000000000000,2.8574878716508998,-0.0599266371721882,0.0000000000000000,-1.4452778371488968,0.0569484896323568,0.0000000000000000,0.8522261301734737,4.6072169421311742,-17.7545004521961545,-2.6224549241259894,2.8969183175303841,0.5409872954600790,-1.1543386470299928,-1.3243186565990754,-14.7535667277336149,-1.5039606108626913,-2.1880462933367921,2.1332973503102810,0.9565811052249844,0.0878492851737225,0.4127513186670937,-0.0271884960401464,-0.2447757764228460,-0.2334777245612329,0.0513253879893911,0.4093124859545239,-0.0126610012712713,0.0187772322783410,-0.0026226065868829,0.0787298085196417,-0.0189619670077135,-0.4466261167468623,-0.1096655354011680,-0.2067432262020432,-0.0673612403006912,-1.6454909349621687,5.3100820926856045,-0.1281830061406382,-0.2518077625171752,-2.1680615000327630,-25.0000000000000000,,,,,,,,,,,,,,,,,,,,,,,,,,,,,,,,,,,,,,,,,,,,,,,,,,,,,,,,,,,,,,,,,,,,,,,,,,,,,,,,,,,,,,,,,,,,,,,,,,,,,,,,,,,,,,,,,,,,,,,,,,,,,,,,,,,,,,,,,,,,,,,,,,,,,,,,,,,,,,,,,,,,-0.1983282569943015,-1.9383358230334409,1061.0000000000000000,184.2909621087312075,162.0000000000000000,404.0000000000000000,1329.0000000000000000,-14.7005717245965020,325.7090378912687925,148.7090378912687925,227.1603966425077203,17.0215631119264010,376.7569119638270081,27.6056434889709017,-12.2780858304977496,13.8062680891182090,148.0683330626987981,1011.8861655550599608,20.3284262060947185,7.1460544693580133,533.5320828791172971,618.6422972861610106,-286.3699419558429895,688.2262675513660497,23.7730066344524857,-171.3847212792269943,0.3397784713581003,0.3999996627093674,,,,0.6974591736974920,1.6286640346416184,,,76.7557941105851569,100.0000000000000000,697.4783143391289286,691.6319461932043851,49.5629693079677054,20.7264195604574297,127.2934218108691766,222.2850066987982416,-11.1586863484977243,-1.1193994820000253,14.3882903655101018,4.1782450612993500,24.6728066725113422,8.0496125871169824,-52.1395447201217976,-36.1372568200612037,110.8586531513444129,54.9134817753258346,-13.3313273683185685,11.3953297050733511,54.1156870600491118,20.0742377133245071,2.1807674895554214,4.3967097413736980,2.8972879075377307,3.5245245559229090,-0.9282598950368026,10.6722972838240651,1.3668118953774808,0.2997544030414190,9.1370312166451697,5.9215608451729622,8.5412551886724657,4.1174775333145561,6.1246491132009639,,,,,,,,,,,,,,,
"2014Q1",13.6909183813294995,7.1275005040534003,15.4032139925087002,735.3705300286559350,607.1622703610771623,710.4379453926735550,593.1250815148114270,538.6707702744280368,536.3735894749593172,614.2820516020600508,460.9291660479652819,462.7712414625957535,461.4874748345894204,5.5779561623765623,10.2277763034029547,651.5912267389135195,695.2610457437949663,-0.7340862449392276,44.0788779501628483,0.0466557811642417,-1.4313977023730902,480.6510522814218689,464.2508575558971415,5.0806374024485308,22.5334958370785330,24.0400982335321061,5.0540341403058902,13.6909183813292810,15.4032139925086842,24.7636367059835685,4.8474436841282769,16.1428360892179121,-0.0485314124275311,-0.0253207369188129,0.1284056825757617,-0.8680277792849784,0.2319111930964937,-0.6750070600240946,733.2604686187565903,706.3565579694028429,537.7907291349515617,593.7978603835717877,534.9103231435435646,608.0774173856436846,4.8369182242576283,-0.6826350743785414,0.8755912018915775,4.7246448341332030,-16.3996052285361671,4.9959544407992160,1.4116911286619291,1.8349014910410419,234.2709373486481184,1.9335888588165244,3.1285216757109668,13.4682443008939536,0.4249319123573210,7.1275005040534003,2.1100614098988819,4.0813874232706873,0.8800411394749641,-0.6727788687609473,1.4632663314160521,6.2046342164160508,0.1590902167795137,0.8936968738020237,735.3705300286553666,5.8294810041957250,5.7773935045246469,460.5054704666259795,-0.0549643769403993,-0.5751293590618648,-0.3035068530987412,0.2578979788475928,13.6909183813292810,13.4682443008939536,-0.2022578319221281,0.4249319123573210,24.0400982335321061,24.7636367059835685,-0.0485314124275311,-0.6750070600240946,5.0540341403058902,-0.0253207369188129,4.8474436841282769,0.2319111930964937,15.4032139925086842,16.1428360892179121,0.1284056825757617,-0.8680277792849784,7.1275005040534003,4.0813874232706873,2.9054780054366560,710.4379453926733277,2.7398841092565167,8.0065067064741644,706.3565579694028429,5.5378227419966803,5.6602704453909292,0.8800411394749641,0.8647659810325066,538.6707702744273547,62.0314642670738792,-23.3041184769558640,537.7907291349515617,8.2638142225197910,8.5510347488815217,-0.6727788687609473,593.1250815148107449,-4.6833178522571082,46.7385398312617397,593.7978603835717877,3.3103223172957845,3.6550896678703095,1.4632663314160521,0.8624931170133161,-0.8936968738017469,536.3735894749589761,1.1399970505470165,11.7408354141094620,534.9103231435435646,12.3182352677757354,12.2845616644737738,6.2046342164160508,614.2820516020593686,21.6491918271397736,25.0281116697417545,608.0774173856436846,12.2370694592067260,12.2209300524561133,2.1100614098988819,2.0971632558473581,735.3705300286553666,2.9472661435095384,5.8294810041957250,733.2604686187565903,4.4590268161727291,4.6697485195499873,0.1590902167795137,0.0636360867117957,607.1622703610771623,14.5206466168654984,4.2317106213019127,607.0031801442985397,4.9956773791016067,5.0018235945216247,460.9291660479654524,1.4116911286619291,3.9249457321009835,3.0082438860126839,460.5054704666259795,4.7246448341332030,5.5148744857254322,2.6466830578869689,462.7712414625959241,-16.3996052285361671,-4.5728812915027550,5.7142815052333598,461.4874748345892499,4.9959544407992160,5.5283409420010532,0.8389989303511878,1.8667885026797590,-0.4236955813392513,3.3129537054732450,-0.3615608281248058,-0.4862508749771886,0.0625552936385346,-0.4348112026433471,-0.4029556719629377,6.9246159605939308,1.8420754146310514,-17.8112963571993212,2.7060376192206217,2.5247104890101539,-0.6826350743785414,2.1588935072851068,2.0065282241659710,31.1205721749440194,0.5583087866233950,3.5842633121409788,-2.1692449556604707,-0.3172824152691480,0.8755912018915775,-0.0533915297238047,-0.0630139331549115,13.2838561915431832,5.5779561623765082,6.2370085126551107,0.0630816766526263,-1.7718198143886450,-1.2573331974962796,0.4704431059070844,1.8349014910410419,10.2277763034029512,1.7277763034029459,4.8369182242576283,-0.0696520823067560,4.4339625522946866,6.8434464484236015,4.7739042911027250,0.4704431059074454,0.4704431059073608,651.5912267389131785,5.7773935045246469,6.3782453970810558,652.2257682298738928,3.1285216757109668,1.9335888588165244,235.1646342224496209,3.6028241102473761,5.8592196138498860,0.1255692927282377,234.2709373486481184,1.4028529837869603,1.4207626352520248,1.3327103345976146,0.8936968738020237,695.2610457437946252,234.3318796958292012,11.8039482900597772,12.7407916444448688,-2.3136915090075667,-0.7340862449392320,44.0788779501629904,2.5500754398563350,2.1276572746560158,2.4361128978084876,0.0466557811642433,-1.4313977023730893,480.6510522814234605,21.0781388089674664,0.5139829721534541,436.5721743312604417,18.5280633691091801,-1.6136743025039868,5.0806374024499847,431.4915369288110014,-3.0741881353111116,-3.1899674420049253,464.2508575558963457,-3.3072985718172134,-1.3409603532957739,420.1719796057325311,-5.8573740116787611,-3.4686176279503576,22.5334958370802241,397.6384837686521792,-11.8351945697111720,-10.1042324162594284,-0.0549643769403993,-0.5751293590618648,-0.3035068530987412,0.3528311958702055,-0.1327506675063925,0.0000000000000000,-0.5035124718231714,-0.0468252853594022,0.0000000000000000,0.2319111930964723,0.0541301943850189,0.0000000000000000,-0.8680277792849225,0.5343781042242313,8.6316048628399642,-1.2628339955820138,4.5230745799625973,0.8312490575789759,1.0479510538443764,-0.3035068530987246,-16.7278714252010019,-0.5751293590619184,-0.4926636795273609,0.4769804088599701,0.4635521734206318,0.0425711179672022,-2.3952492647072798,-0.0288336023157169,-0.0549643769403997,0.0222555172618022,0.5551809820154237,0.0676948193267298,-0.0383940899191263,0.1610637618072532,0.0023663721780265,0.0400087973716598,-0.0272825299072551,-0.4459502775154164,-0.0093223596574394,0.3070490536347350,-0.1125049772462143,5.2789911961166780,7.1749961278522392,-0.1207608185532938,-0.2298753125374353,-2.1415184217034100,-24.0000000000000000,,,,,,,,,,,,,,,,,,,,,,,,,,,,,,,,,,,,,,,,,,,,,,,,,,,,,,,,,,,,,,,,,,,,,,,,,,,,,,,,,,,,,,,,,,,,,,,,,,,,,,,,,,,,,,,,,,,,,,,,,,,,,,,,,,,,,,,,,,,,,,,,,,,,,,,,,,,,,,,,,,,,1.3692496124387219,-0.1733303908779931,1082.0000000000000000,206.4655362501424065,174.0000000000000000,418.0000000000000000,1355.0000000000000000,-16.1233948222694536,311.5344637498575935,119.5344637498576077,214.8133080093643343,15.4032139925087002,356.0004684800368295,29.1125176289334995,73.1554823563414232,14.1680050351346019,53.8636730791964808,1045.8763835075699262,13.2156394187186379,9.3823929876613050,538.5839289963601004,560.4732445609099614,-223.4065391422620053,686.9888034771820458,-46.8825992476020019,-118.7394767612969986,0.2869311925736854,0.4450081283760320,,,,1.7655388495826101,4.7978790276934893,,,115.2172829316325533,-13.4937160676939278,707.7111951031162107,703.4583592734880995,47.3056523211348576,20.9644735091814276,19.6801130373449773,79.7023677346043087,14.2973858738845383,58.8580964824568866,2.9911278790670508,6.0027456388645390,2.7777640985138845,8.3357556277943132,85.9513031956738871,-20.7879050466256245,-4.5753426863785762,59.5816309830498199,1.1465197796649989,12.4578562252697367,24.1713050125405005,28.4386428413115482,1.4217025424830609,3.0539486952374517,4.8380348842702432,2.6820187665586843,-15.1254627521875733,5.8807013177224405,5.1228567441731911,0.8425283901817977,5.9475458364250500,6.5860499818667364,3.6685123208315815,6.0342740694388652,5.7364574314573646,,,,,,,,,,,,,,,
"2014Q2",14.2074706260619994,8.1334391632156500,16.9369396373797017,736.9122163252927749,608.4746507510883475,706.9187753033094168,609.1131038909649078,516.5308341605986016,542.6306484997292046,609.4220927625518698,460.9184857681534595,463.1548843437103642,460.1082055393413270,5.5258633433833761,10.5073776678788189,652.2451533816825986,705.3096084193930437,-0.7140110363899694,45.1850577148931194,0.0333277790120334,-1.4017508368194442,483.7683975432343004,466.7629549519583634,7.8353109961089444,27.1142325873399272,27.7961456142064236,3.3482646492352841,14.2074706260619266,16.9369396373797088,24.8371910505644884,4.8447947176710198,16.2516825401627827,-0.0521194442906879,-0.0271927535430818,0.0253352326864970,0.6599218645304344,-1.4693373148926887,3.0110740079324252,734.6461535300391006,707.7680445434890544,539.8681292503409850,595.4664466201660389,538.1145507734883040,611.0545581519594407,4.7814958987602711,-0.0755257725006016,0.8652311709978264,0.1138910143006969,1.5345715244629277,-5.5170771809950949,-0.0427211192470561,1.7817502293707679,234.6084543583414757,1.9009364293541120,1.7174926763254512,13.4303032280728019,0.8818148285092651,8.1334391632156500,2.2660627952536077,-0.8492692401795089,-23.3372950897439786,13.6466572707982827,4.5160977262412132,-1.6324653894086951,0.2270513414239728,2.2878135180327162,736.9122163252924338,3.9146276609645416,2.6157065710802363,460.5339432202017633,0.0234113835519421,-10.8501126367700174,-4.3448079465698060,0.8438737556883924,14.2074706260619266,13.4303032280728019,-0.1046474305203180,0.8818148285092651,27.7961456142064236,24.8371910505644884,-0.0521194442906879,3.0110740079324252,3.3482646492352841,-0.0271927535430818,4.8447947176710198,-1.4693373148926887,16.9369396373797088,16.2516825401627827,0.0253352326864970,0.6599218645304344,8.1334391632156500,-0.8492692401795089,0.1030375072701988,706.9187753033093031,-14.0766803574534709,3.0492554105044505,707.7680445434890544,5.6459462963469393,5.5909068791484593,-23.3372950897439786,-14.7317962292005600,516.5308341605976921,-88.5597444553186932,-56.2532367705808838,539.8681292503409850,8.3096004615586914,8.3661220146967921,13.6466572707982827,609.1131038909633162,63.9520895046164881,49.3679969987266674,595.4664466201660389,6.6743449463721811,3.7340453338347879,4.5160977262412132,3.2133368773430111,-2.2878135180327410,542.6306484997298867,25.0282360990814148,-5.1456268121087696,538.1145507734883040,12.8169105197821320,12.3337995066507489,-1.6324653894086951,609.4220927625514150,-19.4398353580355092,12.1839092177016362,611.0545581519594407,11.9085630652659678,12.2116945835295052,2.2660627952536077,0.9378629665074216,736.9122163252924338,6.1667451865558789,3.9146276609645416,734.6461535300391006,5.5427396451293554,4.6233384465900560,0.2270513414239728,0.0908205365695875,608.4746507510882338,5.2495215600412397,4.0942492362058216,608.2475994096647582,4.9776770614661210,4.9900402793460534,460.9184857681537437,-0.0427211192470561,3.3166603304709659,2.0837524482481236,460.5339432202017633,0.1138910143006969,3.4441213356683926,2.2043920510321886,463.1548843437111600,1.5345715244629277,2.7236820524876650,2.8754031462112555,460.1082055393412702,-5.5170771809950949,3.2392732551807812,-1.1455791397037853,2.2704129398099937,-0.3845425479517197,0.1566121335503095,0.1206396027842042,-0.3244170634589233,-0.0601254844920339,-0.4907231125209445,-0.4311830262224731,5.6903575912254567,2.2363985755578373,1.5772926437090842,0.7916506979624576,2.3119243480575089,-0.0755257725006016,2.4284372075153735,2.1420497907558955,19.6282122859003998,-0.8102802288127108,-5.4743560617443405,-3.2293315879518714,-1.6755113998101194,0.8652311709978264,-0.0414401235756719,-0.0556769465620198,24.4625875812113165,5.5258633433832092,6.0725230156098480,2.0817420077150852,0.2999917783443427,-0.7616548352633163,1.2457228326158012,1.7817502293707679,10.5073776678788189,2.0073776678788220,4.7814958987602711,0.0531692753029721,4.3503128725378009,6.9235456895161693,4.7258189521982876,1.2457228326161796,1.2457228326159875,652.2451533816830533,2.6157065710802363,5.9570085768853183,652.9863462664350209,1.7174926763254512,1.9009364293541120,236.8962678763736847,6.9265346156982055,6.7358094695931108,1.7157999156937844,234.6084543583414757,1.3500680387748398,1.4036742571405012,1.2825646368360832,2.2878135180327162,705.3096084193927027,244.3911226512386179,40.2369718216440333,22.2280045050609161,-2.3243709314040508,-0.7140110363899695,45.1850577148929986,4.4247190589200338,2.9831929437402867,3.9358277930593437,0.0333277790120366,-1.4017508368194445,483.7683975432349257,12.4693810472511259,0.8681446877314594,438.5833398283415363,8.0446619883305530,-2.1150482560101169,7.8353109961092553,430.7480288322324213,-2.9740323863067291,-3.1100697529392001,466.7629549519585908,10.0483895842566469,6.8806846570576017,421.5778972370649740,5.6236705253360100,3.8974917133170406,27.1142325873387691,394.4636646497256152,-12.6992764757052647,-11.2159416290052736,0.0234113835519421,-10.8501126367700174,-4.3448079465698060,2.0696889111889494,0.0117361798800845,0.0000000000000000,3.4835789499491625,-0.0602767822507417,0.0000000000000000,-1.4693373148927158,0.0602748118370331,0.0000000000000000,0.6599218645304354,-4.0417797800160145,-24.3645431695451862,3.3216152181323082,-1.2457035102112837,1.3038665831725140,0.1634152547121912,-4.3448079465698584,3.4054856988671247,-10.8501126367700067,-0.2544093275222856,0.4523789948161676,0.1906301863454418,0.0175068538480509,29.5088721340499376,-0.0400215001220429,0.0234113835519421,0.0973736422668079,0.7529837074970996,-0.0782562288784945,-0.0596321447659131,0.2874067779969725,0.0066122531758164,0.0173577041772361,-0.0392935435807640,-0.4652780734076802,-0.0239699661470962,1.9886061611116972,-0.1100083495748858,4.6853158065904807,10.6647806262719769,-0.1134929046836555,-0.2072630645264080,-2.0476013629664283,-23.0000000000000000,,,,,,,,,,,,,,,,,,,,,,,,,,,,,,,,,,,,,,,,,,,,,,,,,,,,,,,,,,,,,,,,,,,,,,,,,,,,,,,,,,,,,,,,,,,,,,,,,,,,,,,,,,,,,,,,,,,,,,,,,,,,,,,,,,,,,,,,,,,,,,,,,,,,,,,,,,,,,,,,,,,,1.1170823054202401,-1.8685292066245438,1063.0000000000000000,128.7251036108232256,187.0000000000000000,410.0000000000000000,1394.0000000000000000,-13.6158672606134257,425.2748963891767744,196.2748963891767744,241.1869863862368106,16.9369396373797017,498.4168254826303155,31.0521313000016015,64.1555938645603732,63.9091095359062251,129.1651356959268924,1156.4336217221900824,40.1942507023923099,3.2780082827736692,538.4401399064274756,556.3790589825380266,-194.3090936540430107,732.2643900967279933,66.3492076167078721,-65.4153967192892054,0.3057127738857535,0.4708115802321820,,,,3.9434380316733502,2.1305934311729993,,,131.3444126739094600,-13.4937160676939278,718.2266218745161268,714.7238322994558075,45.0618921038708322,93.9502752528660636,19.6801130373449773,189.8805998053881865,-8.7776747821303527,72.9332686466907205,6.3608584859530879,3.9922588875762557,-13.1308136082980553,3.0962213583856339,-58.7532326913368124,-43.0235617533454331,89.5572483546652620,63.8334160784025926,28.4388026567661143,-5.0154812431337632,-17.6670137463939056,12.9572330131926776,-0.0427119950762744,2.1056141534717199,0.1139558947450610,2.2288682925099863,1.5464065346834701,2.9171419550571898,-5.3676471227931017,-1.1390423669897700,2.6502164104432069,6.1380146016418706,7.1720548351384252,6.9678455780749999,5.6813906742360309,,,,,,,,,,,,,,,
"2014Q3",13.9743612127328003,6.1012905764315297,15.7282646169028002,739.9872159770135340,611.0225070694971237,716.0263758703235908,596.3348678710871127,522.5425641429120560,547.0456103206096259,611.4174327480130842,461.0357650002459309,461.2029897711950639,461.0882793138243869,5.4034905841946399,10.5046455315520362,652.9573576168044156,709.2990405007968775,-0.7101150122959368,45.5289694145196009,0.0266631117430805,-1.3682022968198029,474.7876630297007523,460.9826422169032867,-0.7775405319625293,24.3166739661629094,23.6743043395908863,6.0283214900447293,13.9743612127328269,15.7282646169027753,24.8513773941432810,4.8615768728594402,16.3554458212759712,-0.0921820882876172,-0.0480950025849489,0.1468962833167098,-0.7740774876898741,1.2148396197702382,-1.0848909662648942,735.9792990949376872,709.1740498270944499,541.9270643309873776,596.8541550449831448,541.3536672178814797,613.9990938886119238,4.7739901896162413,0.5372358419220062,0.8559484539723490,1.8527947283960449,-7.8075782900611861,3.9202950979270144,0.4691169283664276,1.8303477326743796,234.9457717214629611,1.9167440496328108,1.5165345058745432,13.3575084457268360,0.9040261411951109,6.1012905764315297,4.0079168820762918,6.8523260432292812,-19.3845001880764158,-0.5192871738948462,5.6919431027303160,-2.5816611406003722,1.5371829691639043,2.5434134075597523,739.9872159770135340,8.7142157535844387,2.8488169404855177,460.9971419023017916,-0.1012311550016126,0.3507609367917057,-1.6218216122696296,0.8312313588493664,13.9743612127328269,13.3575084457268360,-0.2871733741893246,0.9040261411951109,23.6743043395908863,24.8513773941432810,-0.0921820882876172,-1.0848909662648942,6.0283214900447293,-0.0480950025849489,4.8615768728594402,1.2148396197702382,15.7282646169027753,16.3554458212759712,0.1468962833167098,-0.7740774876898741,6.1012905764315297,6.8523260432292812,4.7385478033470392,716.0263758703235908,36.4304022680612860,11.7864658281979438,709.1740498270944499,5.6240211344261306,5.5785748618855111,-19.3845001880764158,-12.2462375538495234,522.5425641429117150,24.0469199292573172,-19.0423548350007508,541.9270643309873776,8.2357403225882937,8.2759612246540719,-0.5192871738948462,596.3348678710875674,-51.1129440795107897,20.6894027115450427,596.8541550449831448,5.5508336992671765,4.2510736952623356,5.6919431027303160,3.8988052797927311,-2.5434134075597408,547.0456103206108764,17.6598472835268119,7.3800776543309521,541.3536672178814797,12.9564657775703331,12.5232847275613111,-2.5816611406003722,611.4174327480124020,7.9813599418450281,13.3610128297543884,613.9990938886119238,11.7781429466130714,12.0882521130303040,4.0079168820762918,2.8521772757183905,739.9872159770135340,12.2999986068820739,8.7142157535844387,735.9792990949376872,5.3325822595948242,4.8039118546144151,1.5371829691639043,0.6148731876655619,611.0225070694973510,10.1914252736335538,9.1862843918747412,609.4853241003339690,4.9508987626767658,4.9795678086293123,461.0357650002452488,0.4691169283664276,3.6105996478281996,0.9988539604156117,460.9971419023017916,1.8527947283960449,4.2466525565003037,2.3868601422312379,461.2029897711953481,-7.8075782900611861,-0.3113383796837801,-5.9013017675072810,461.0882793138241027,3.9202950979270144,5.4706505145386082,1.1891819077579311,3.7150161871736920,-0.0386230979438802,1.3836778000313197,1.3880061818164791,0.1454277704696536,-0.1840508684129128,-0.4957015356812711,-0.4557276815886036,2.8751942865068019,0.1672247709498370,-8.2766952184293316,-6.9001557279236829,-0.3700110709719580,0.5372358419220062,2.4510464576903415,2.2595397021534471,-28.6294638324089803,0.0525143135780542,3.4511781695641437,0.1903279473436510,-0.8034341403945398,0.8559484539723490,-0.0371308681005409,-0.0484789364345926,-7.8564695306231158,5.4034905841945600,6.1086363866091338,1.1568380276948353,-0.6735097049794678,-0.7918235985802110,1.2128219329722478,1.8303477326743796,10.5046455315520362,2.0046455315520282,4.7739901896162413,-0.0407629305366167,4.3182625080276411,7.0335298917696640,4.7255112531816579,1.2128219329725876,1.2128219329724717,652.9573576168050977,2.8488169404855177,4.9963310988558920,653.7435954498350839,1.5165345058745432,1.9167440496328108,237.4891851290220472,2.3716690105950660,5.2742606060385544,-0.9059537206465962,234.9457717214629611,1.3492694524856539,1.3841908257129627,1.2818059798613759,2.5434134075597523,709.2990405007972186,248.2632755005511171,15.4886113972573813,21.4251572027919472,-2.2400663377942771,-0.7101150122959382,45.5289694145195796,1.3756467985066898,2.6647896494140024,1.4965699847290841,0.0266631117430801,-1.3682022968198040,474.7876630297013776,-35.9229380541302135,-3.2646964018169067,429.2586936151811301,-37.2985848526386405,-5.9294860512320291,-0.7775405319624099,430.0362341471437730,-2.8471787403491962,-3.0139367107097415,460.9826422169028319,-23.1212509402213584,-6.7180264150135613,415.4536728023826981,-24.4968977387290288,-9.3828160644280150,24.3166739661618578,391.1369988362204140,-13.3066632540126975,-12.1529713937521340,-0.1012311550016126,0.3507609367917057,-1.6218216122696296,-0.4654290051762953,-0.0439541038929573,0.0000000000000000,-3.1926427718175887,-0.0409781089280527,0.0000000000000000,1.2148396197702489,0.0562801065148276,0.0000000000000000,-0.7740774876898708,6.5162420265158829,-5.0202442666887563,2.4608314028513121,-2.4015547648280595,-0.7963658079806208,1.4463624325943130,-1.6218216122696347,-3.2328525495147105,0.3507609367917510,-0.3894609397878118,0.1980056304610910,0.2059268156632973,0.0189116463364251,-16.9335164909356379,0.0538945736445636,-0.1012311550016127,-0.0199834237906073,0.4187974758791834,0.1034047267122485,-0.0172577609623108,0.0674266979647025,0.0001652431175417,0.0667048156495495,0.0059012632140993,-0.4776561180886482,-0.0389446380893640,-2.5601809945531215,-0.1040114147992447,-5.6354333495499560,4.5232841774039798,-0.1066265436822981,-0.1705495926727438,-1.8773144258745758,-22.0000000000000000,,,,,,,,,,,,,,,,,,,,,,,,,,,,,,,,,,,,,,,,,,,,,,,,,,,,,,,,,,,,,,,,,,,,,,,,,,,,,,,,,,,,,,,,,,,,,,,,,,,,,,,,,,,,,,,,,,,,,,,,,,,,,,,,,,,,,,,,,,,,,,,,,,,,,,,,,,,,,,,,,,,,0.8649149984018152,-3.5637280223709524,1177.0000000000000000,158.3853161301144041,212.0000000000000000,430.0000000000000000,1437.0000000000000000,-13.1224613693026022,319.6146838698855959,121.6146838698856101,213.4233603118573228,15.7282646169028002,393.8002308465642045,29.8986318206173998,72.4293728508247625,20.7757804885826118,87.1717171952995074,1203.5013813598500292,15.9577283256153351,-0.9457999558734187,543.0503364139660789,543.0498765717979950,-114.3850327259320068,701.8572546343179965,-80.5278242671050748,9.6956238725859993,0.2909210689085332,0.4749380811995146,,,,2.0111842409525398,5.8618863953487308,,,116.5457380908281380,-13.4937160676939278,726.7129471969137740,725.4344124858932901,42.8423207457499302,30.3249137759576755,19.6801130373449773,127.2382911969229582,17.8495813995578452,54.5797914512669138,13.0884405192935844,9.1051769925486923,43.9511791871639730,12.5091829201414697,27.1845759476771320,-17.3391049068389691,-40.0182262528838351,22.9852233885938801,19.3151914026730367,7.6592301690045446,8.3085161153889686,14.2947130026006590,0.4702190044967978,1.0038591575761302,1.8700654688217639,2.4155736441810518,-7.5105667287676567,-5.7305502613434953,3.9981527503084777,1.1962807874296004,2.8897838288749682,5.1232526986282068,2.4000167412375504,5.4158276244802579,5.5521445376796930,,,,,,,,,,,,,,,
"2014Q4",10.8999199749996993,8.4168758596015092,16.1334091065550993,740.0747635323770055,612.0202745014269112,711.6414669865821452,592.8397257640426687,550.7762317764066893,551.3297563819986635,613.6794508518840985,461.5849904458248716,458.9371455020775556,461.5977934636076725,5.2434309848421217,10.6959742301828840,653.9203916368658156,711.3011807608895651,-0.7212671438287970,44.0370402361139455,0.0233306115344912,-1.3317002797007971,470.5518394950299808,431.1983101445486568,-2.8529251582411916,-0.5783365970044088,22.7428050273650477,4.2905240541898140,10.8999199749998468,16.1334091065550709,24.7884473124864790,4.8610716152103484,16.4617746968591696,-0.0663025681761992,-0.0345926442659488,0.0511557480954215,-0.3795213383994937,-0.5359549167545874,-1.9793397169453242,737.1920431768839990,710.5545183263411673,543.9463994039867885,597.8248603513259241,544.5835734769783585,616.9364580081124814,4.7322570015444239,1.1991145028103096,0.8492731574262624,4.5029349698869581,-9.0633770764688144,2.0380565991283537,2.1969017823144705,1.8286834915637991,235.2771067471706772,1.9013106735763563,3.6870923262186945,13.1877442308376533,-2.1357732953003810,8.4168758596015092,2.8827203554930567,1.0869486602418366,6.8298323724197232,-4.9851345872817046,6.7461829050201620,-3.2570071562282603,1.3077268129374258,0.5574494810351529,740.0747635323767781,5.4410500395999133,3.8521360802446427,462.1228756447743535,-0.1825493886156396,0.6420308683840795,1.8646347987015248,-2.3055375101895623,10.8999199749998468,13.1877442308376533,-0.1520509605376150,-2.1357732953003810,22.7428050273650477,24.7884473124864790,-0.0663025681761992,-1.9793397169453242,4.2905240541898140,-0.0345926442659488,4.8610716152103484,-0.5359549167545874,16.1334091065550709,16.4617746968591696,0.0511557480954215,-0.3795213383994937,8.4168758596015092,1.0869486602418366,0.1700504052895795,711.6414669865822589,-17.5396355349613238,1.8884926212247182,710.5545183263411673,5.5218739969873072,5.5824160424377824,6.8298323724197232,4.0342644183332119,550.7762317764064619,112.9346705339817305,27.6133275687479056,543.9463994039867885,8.0773402919982935,8.2216238246639755,-4.9851345872817046,592.8397257640432372,-13.9805684281774347,-1.4561852138316631,597.8248603513259241,3.8828212253704848,4.8545805470760044,6.7461829050201620,4.1208615799416872,-0.5574494810354658,551.3297563819986635,17.1365842455528963,15.2411661696777880,544.5835734769783585,12.9196250363912348,12.7528091503795871,-3.2570071562282603,613.6794508518840985,9.0480724154899868,4.8096972066083454,616.9364580081124814,11.7494564780017310,11.9183079872716533,2.8827203554930567,0.4058700769482386,740.0747635323767781,0.3501902214550043,5.4410500395999133,737.1920431768839990,4.8509763277861664,5.0463312621704937,1.3077268129374258,0.5230907251749667,612.0202745014266839,3.9910697277158125,8.4881657945659814,610.7125476884896216,4.9088943526246869,4.9582868889653406,461.5849904458248147,2.1969017823144705,2.3379962606265825,1.0087471800246317,462.1228756447743535,4.5029349698869581,2.7972246948947403,2.7985663866807551,458.9371455020780104,-9.0633770764688144,-0.3246420365015181,-7.9339972676534103,461.5977934636077862,2.0380565991283537,3.2867209859037056,1.3593072392179868,2.4176661806021031,0.5378851989496812,2.3060331875744682,1.7898192066572300,0.8560873708040823,-0.3182021718536618,-0.5366052137611192,-0.4894602661535758,-3.4409207362081471,-2.6478449437468980,-11.2602788587848117,-8.9427444476772795,-3.8469594465572934,1.1991145028103096,2.6475146435544876,2.4214729540098148,-8.5583393840086295,0.0128030177825946,-0.1588451831820572,0.3505600591947006,-0.8364701396439320,0.8492731574262624,-0.0267011861840903,-0.0396659268962598,-102.5110589613019840,5.2434309848421270,6.0243352793469640,2.4462062899478521,0.6175227983841376,0.9185734583489453,3.1145476885322081,1.8286834915637991,10.6959742301828840,2.1959742301828773,4.7322570015444239,-2.0912538273080474,4.2427967353908818,7.1537299555542404,4.6925910746482078,3.1145476885325145,3.1145476885324204,653.9203916368663840,3.8521360802446427,3.7735132740836450,654.9477345693596817,3.6870923262186945,1.9013106735763563,235.8345562282052299,-6.6185156032665313,1.5706280333177016,-2.1859243016672969,235.2771067471706772,1.3253401028297320,1.3568826444692543,1.2590730976882423,0.5574494810351529,711.3011807608897925,249.7161903150651483,5.8116592580596702,18.3352976917525083,-2.2146489725547602,-0.7212671438287999,44.0370402361138815,-5.9677167136227824,0.5956811459148617,-4.3781208249746815,0.0233306115344907,-1.3317002797007995,470.5518394950299239,-16.9432941386832105,-4.8296780841499407,426.5147992589157866,-10.9755774250619176,-5.4253592300658546,-2.8529251582411761,429.3677244171574898,-2.6740389199443158,-2.8923595454803022,431.1983101445473494,-119.1373282894214469,-33.8793720543061596,387.1612699084323026,-113.1696115758010421,-34.4750532002208843,-0.5783365970057950,387.7396065054378482,-13.5895693231260690,-12.8576759056409209,-0.1825493886156396,0.6420308683840795,1.8646347987015248,2.8662305713857439,-0.1203612119497230,0.0000000000000000,-1.2199160405598946,-0.0574264140061047,0.0000000000000000,-0.5359549167545885,0.0598833337959104,0.0000000000000000,-0.3795213383994964,-3.0557681925545452,19.5104988189522004,3.1513101351885098,-4.0887593568758609,-0.2630477675697813,0.6928536252718545,1.8646347987015224,-3.5755045110801902,0.6420308683840865,0.1023635659518167,0.3917932517860541,-0.0781922845272312,-0.0071809240892353,-5.6826848340477731,0.0034378046352849,-0.1825493886156392,-0.1082163223587086,0.2493792398012844,0.1986173708211958,-0.0522358108045070,0.2435465586713534,0.0067165951063579,0.0435341229683558,-0.0237589710931731,-0.4982378891092428,-0.0537590322706168,-7.4642866983517031,-0.1010124811023338,-2.3708500284244138,-18.3295085923036254,-0.1003182125629756,-0.1115780536302247,-1.6135723945125320,-21.0000000000000000,,,,,,,,,,,,,,,,,,,,,,,,,,,,,,,,,,,,,,,,,,,,,,,,,,,,,,,,,,,,,,,,,,,,,,,,,,,,,,,,,,,,,,,,,,,,,,,,,,,,,,,,,,,,,,,,,,,,,,,,,,,,,,,,,,,,,,,,,,,,,,,,,,,,,,,,,,,,,,,,,,,,0.6127476913833050,-5.2589268381175884,1100.0000000000000000,244.9967310734618025,206.0000000000000000,430.0000000000000000,1436.0000000000000000,-13.1077396898293195,314.0032689265382260,130.0032689265381975,233.7320147640691061,16.1334091065550993,393.8224250704010956,27.0294747748276016,-76.3335235182214689,82.6762712293815696,153.7476625951719029,1227.8400006756899074,8.0085610403707506,-1.6553794830950821,549.3643044207267394,515.6981993150840253,-97.9510410784563987,618.4351644200629607,-88.2144229058493465,56.2372380294560017,0.2883044970752089,0.4852010790922510,85.1566281491607100,23.5252797031685184,108.6819078523292319,3.6796097705793600,-1.1965656551811699,,,118.6037512250675263,-13.4937160676939278,734.6678669539761586,735.5983362910707228,40.6556952207097311,119.5200330118313303,19.6801130373449773,222.2636003731188623,-0.8109223796233014,-75.5226011385981622,0.3508041037871550,5.5917967944564282,-16.0875636582129573,1.9064374272424374,209.3634784723262783,31.8023512811970477,-13.0472818217349840,-1.4456341135552435,18.6924897120857452,16.4639575266313045,9.4700406162812527,4.9272400503732001,2.2212113623337046,1.0138521854841116,4.6058560961945432,2.8380941309598597,-8.6647854086443630,-7.6274170486378665,2.0589667848526290,1.3685878229436241,3.9272927824583093,3.8456143416541835,-6.4042449939686037,1.5830272254219153,5.3833333333333400,,,,,,,,,,,,,,,
"2015Q1",11.4550924389672009,9.1158012993081297,18.3821253147784986,742.9020837057508970,611.0144412746176386,718.6022928350607799,603.7956847048926647,546.2239092013999198,549.0508641510099324,629.4609685805380650,461.8687432879462449,461.0717720825963397,460.9596387494281089,3.9579623096375798,12.1149372091005176,655.6838824973706323,714.3611524067661094,-0.7102028571981194,40.8831357873014909,0.0266631117430805,-1.2930291655635107,462.1770774134864155,394.8327855419715320,-7.4596435968675223,-30.4181560012355590,24.8562511069084486,4.9809666468370848,11.4550924389670641,18.3821253147785129,24.5965142101920371,4.8701317647158930,16.5667596354263083,-0.1068817731284968,-0.0557644033714934,0.2307659115679160,1.5845997677843295,0.1665992854927136,0.3666186698448193,738.2550500914634313,711.9234247074946325,545.9286567300054003,598.1496630263114866,547.8304431651008599,619.8478316219842554,4.6800949761753561,1.9237886916349127,0.8455920255806685,-0.0502827465992869,8.5385063220761470,-2.5526188567218941,1.1350113684876526,1.8131848669683199,235.6009469931645128,1.8756210977554182,5.0175454778384143,12.8998863394816574,-1.0513818124467373,9.1158012993081297,4.6470336142887083,6.6788681275662904,0.2952524713939155,5.6460216785824580,1.2204209859104553,9.6131369585533104,-0.9141239677536916,-1.1442336666165314,742.9020837057520339,7.5315536770953067,7.0539634420216215,462.1103049581245159,-0.1317580804212799,0.1256959876969610,-2.7370796681094585,-1.3392397038028054,11.4550924389670641,12.8998863394816574,-0.3934120880679479,-1.0513818124467373,24.8562511069084486,24.5965142101920371,-0.1068817731284968,0.3666186698448193,4.9809666468370848,-0.0557644033714934,4.8701317647158930,0.1665992854927136,18.3821253147785129,16.5667596354263083,0.2307659115679160,1.5845997677843295,9.1158012993081297,6.6788681275662904,4.7387038539508124,718.6022928350605525,27.8433033939138106,8.1643474423877507,711.9234247074946325,5.4756255246147933,5.5668667380925196,0.2952524713939155,0.5554568407889082,546.2239092014001471,-18.2092903000249251,7.5531389269726912,545.9286567300054003,7.9290293040794779,8.1379275950541317,5.6460216785824580,603.7956847048923237,43.8238357633958984,10.6706031900816196,598.1496630263114866,1.2992106999389685,4.3518026427372511,1.2204209859104553,0.1298373698016437,1.1442336666161255,549.0508641510101597,-9.1155689239539264,12.6772746760524697,547.8304431651008599,12.9874787524853854,12.9201200215573415,9.6131369585533104,629.4609685805382924,63.1260709146162924,15.1789169784779929,619.8478316219842554,11.6454944554897075,11.7704142363426527,4.6470336142887083,3.3117633281431260,742.9020837057520339,11.3092806934993728,7.5315536770953067,738.2550500914634313,4.2520276583157575,4.9945814727064519,-0.9141239677536916,-0.3656495871014783,611.0144412746175249,-4.0233329072360888,3.8521709135406104,611.9285652423718602,4.8640702155313136,4.9253850980727529,461.8687432879464723,1.1350113684876526,2.3275934572724215,0.9395772399807421,462.1103049581245159,-0.0502827465992869,1.2597740288141253,1.6048344914977446,461.0717720825959987,8.5385063220761470,8.2838275400632888,-1.6994693799994116,460.9596387494279952,-2.5526188567218941,0.6699247645218955,-0.5278360851618862,3.4887801581079319,0.2415616701783073,-1.1852941150850100,0.6652572515175204,0.7069592403350086,-0.4653975701560916,-0.5887815932075450,-0.5279528637947598,-6.8570153372034977,-0.7969712053501692,7.4034949535874439,-2.6390466199806406,-2.7207598969846405,1.9237886916349127,2.8986967552978835,2.6064237660132732,-21.7964107432079039,-0.9091045385188009,-3.6876302252061310,-1.4674133251424215,-1.7546965640997465,0.8455920255806685,-0.0147245273813252,-0.0299991763111508,-125.6422358882939676,3.9579623096375474,5.9044982499359460,2.6981882808241728,0.8850034138559785,0.4463308166262386,4.0612680257271947,1.8131848669683199,12.1149372091005194,3.6149372091005243,4.6800949761753561,-2.1107574373326528,4.1521421123805808,7.2865187421886075,4.6500957998641814,4.0612680257274949,4.0612680257273830,655.6838824973714281,7.0539634420216215,4.0926557584576857,656.5913102282192995,5.0175454778384143,1.8756210977554182,234.4567133265474581,-5.5113716066299521,-0.7079208959016867,-3.4556537049405751,235.6009469931645128,1.2953609839751805,1.3300096445163163,1.2305929347764111,-1.1442336666165314,714.3611524067661094,252.4924091188196940,11.1048752150233803,18.1605294229927878,-2.2103336483265443,-0.7102028571981170,40.8831357873014483,-12.6156177952497277,-3.1957421628613494,-9.6964416902761688,0.0266631117430820,-1.2930291655635107,462.1770774134857902,-33.4990483261765277,-18.4739748679345901,421.2939416261842211,-20.8834305309284360,-15.2782327050746396,-7.4596435968682435,428.7535852230530509,-2.4565567764166425,-2.7379517057563674,394.8327855419722709,-145.4620984103014223,-69.4180720139234495,353.9496497546699061,-132.8464806150528261,-66.2223298510619145,-30.4181560012350047,384.3678057559047261,-13.4872029981336237,-13.2706780127463180,-0.1317580804212799,0.1256959876969610,-2.7370796681094585,2.4073633695073751,-0.2525107366700878,0.0000000000000000,1.7521564717065985,-0.0478862697339692,0.0000000000000000,0.1665992854927110,0.0596026855357014,0.0000000000000000,1.5845997677843364,5.7838815040753850,-4.4665325353938385,-2.7226903118687460,4.5393985008925339,1.2088581958839608,-1.4372146929286695,-2.7370796681094962,8.4806540871121499,0.1256959876969432,-1.0969816878345444,1.6385604019359283,0.0577981426164949,0.0053079926892708,3.2728098228780742,-0.0151224998520650,-0.1317580804212800,-0.1060472812169637,0.3522316600156676,0.1219074934899196,-0.0668379669089872,0.3179073031370412,0.0093065401843827,0.0362878862869258,-0.0355585084632967,-0.5094584981609563,-0.0322117419990459,-8.2374969702750143,-0.0945141056955827,-5.6908299987587299,-29.9959702854206682,-0.0944989138327971,-0.0499217484668106,-1.2565906073201512,-20.0000000000000000,,,,,,,,,,,,,,,,,,,,,,,,,,,,,,,,,,,,,,,,,,,,,,,,,,,,,,,,,,,,,,,,,,,,,,,,,,,,,,,,,,,,,,,,,,,,,,,,,,,,,,,,,,,,,,,,,,,,,,,,,,,,,,,,,,,,,,,,,,,,,,,,,,,,,,,,,,,,,,,,,,,,0.4740068600517020,-11.2682518285463118,1171.0000000000000000,212.2660184613696117,199.0000000000000000,472.0000000000000000,1465.0000000000000000,-17.7693533802674253,353.7339815386303599,146.7339815386303883,275.0073388898015310,18.3821253147784986,409.0809036737663291,30.0336315231039990,30.2148417760563071,20.0805938706837068,83.7781291372247665,1265.9923044696299712,12.2398865835061770,-0.2950752923012558,551.9378958194388360,550.1176551577490272,-147.9373582639059919,656.0364272555940488,28.2559053132690678,1.1654311473961700,0.3153838794290888,0.4828945824037391,,,,2.4813092871055500,-0.1420181474464788,2.3140729851675639,5.4707626271204859,157.9198522223016425,1.3018595806276285,744.3638118728067639,745.2246392574525089,38.5052118655271443,28.5218461046390637,30.8894023761097287,118.9958285882679689,19.7294027830200811,10.4854389930362260,11.9735847378519225,7.8224316633641848,32.1058136374247738,8.5068886049804320,-16.6476100052519485,7.8457079166909409,54.9974311602217085,11.2607135395662965,-8.7124425069022493,13.5159019902577455,87.9979192847237357,16.3914822150196642,1.1414770614826608,0.9440051238615723,-0.0502701069448790,1.6177811248479657,8.9136372323005588,-1.6851098594224680,-2.5203149901373223,-0.5264454782820280,7.3087099772915565,4.1775592220030688,-5.3622476494921898,-0.7054210384103214,4.0373333333332928,,,,,,,,,,,,,,,
"2015Q2",12.2756885485402005,5.4257657603314602,17.3755269978434015,745.4481642572089868,613.5018711546759960,721.7570577782055352,607.8765891107714197,547.6012553485822991,552.1346497454156861,633.1387448675531004,462.9217667701100254,465.3847450100903984,459.6153051139907575,3.3960105516927319,12.7194560463095030,657.1967072892022088,721.0079911187362995,0.0400999179011521,37.3802156417663909,0.0199980002666245,-1.2525171513545621,461.1654935823585220,410.2909668684145572,-4.4178411267930073,-8.2068019991245365,25.2553053090583255,4.3959102373254932,12.2756885485403195,17.3755269978433695,24.5457449444165157,4.8781097376127844,16.6647005059033617,-0.1337800311266907,-0.0697982771096826,0.2803560887034591,0.4304704032365725,-0.4124012231776275,0.8433403957682651,739.6316411647380846,713.3382037237510076,547.9405249873523189,599.3309876927564801,551.2431660291107391,622.6388485007942108,4.6326116278079246,2.6999369077295001,0.8445039558358562,2.3944474261124720,17.2518917099820541,-5.3773345417555403,4.2120939286519645,1.7991024020674966,235.9155824019912870,1.8560049998810653,7.2062159298580335,12.7591541761259890,0.0004687693539806,5.4257657603314602,5.8165230924710478,8.4188540544551902,-0.3392696387703945,8.5456014180157904,0.8914837163055400,10.4998963667591418,0.3658215559484086,-4.0475762856762865,745.4481642572086457,8.5359479319156435,6.0512991673227159,462.7089168146538327,0.0956685087410224,-6.6272232772001294,0.5896201412160389,-0.1402633940015717,12.2756885485403195,12.7591541761259890,-0.4839343969398736,0.0004687693539806,25.2553053090583255,24.5457449444165157,-0.1337800311266907,0.8433403957682651,4.3959102373254932,-0.0697982771096826,4.8781097376127844,-0.4124012231776275,17.3755269978433695,16.6647005059033617,0.2803560887034591,0.4304704032365725,5.4257657603314602,8.4188540544551902,6.0871731659884860,721.7570577782056489,12.6190597725804174,14.8382824748959621,713.3382037237510076,5.6591160650231789,5.5701591802615784,-0.3392696387703945,0.3268135105924022,547.6012553485820717,5.5093845887261619,31.0704211879831185,547.9405249873523189,8.0474730293874561,8.0723957370112309,8.5456014180157904,607.8765891107714197,16.3236176235185866,-1.2365147801924650,599.3309876927564801,4.7252986657854770,3.8645410725905496,0.8914837163055400,-0.4432416272775965,4.0475762856761852,552.1346497454155724,12.3351423776267488,9.5040012456879204,551.2431660291107391,13.6508914560451249,13.1286152556229041,10.4998963667591418,633.1387448675540099,14.7111051480637283,23.7166521050018595,622.6388485007942108,11.1640675152427278,11.5842903488368183,5.8165230924710478,3.9947133455609327,745.4481642572086457,10.1843222058336362,8.5359479319156435,739.6316411647380846,5.5063642931030605,4.9854876346997816,0.3658215559484086,0.1463286223793657,613.5018711546761097,9.9497195202290012,5.0272204035875676,613.1360495987278227,4.8299374254234628,4.8884501890620884,462.9217667701102528,4.2120939286519645,3.4415592587626955,2.0032810019556702,462.7089168146538327,2.3944474261124720,2.5243862589063886,2.1749735944505737,465.3847450100904553,17.2518917099820541,9.0755736576909598,2.2298606663802971,459.6153051139904733,-5.3773345417555403,0.8091606238051463,-0.4929004253520712,3.8437032168422594,-0.2128499554560339,-1.8176465025374837,0.1716925924956798,0.4104474729211003,-0.6232974283765175,-0.6315994328799713,-0.5631719438843579,-9.2189230501243671,2.4629782399810356,13.0397977813288222,0.2265796644242992,-0.2369586677481745,2.6999369077295001,3.1045928643803284,2.7754626802294622,6.6844791274352779,-3.3064616561196316,-9.5894284704041013,-2.4961814273074028,-4.1509656119553373,0.8445039558358562,-0.0043522789811138,-0.0207272151626958,80.2537401122169172,3.3960105516928487,5.8001145969951438,0.8716242927866812,-0.9274781092807958,-0.4743352502510029,3.7451207960589592,1.7991024020674966,12.7194560463095030,4.2194560463095048,4.6326116278079246,-1.8095072132844265,4.0694396839235480,7.4080743080373477,4.6118844126452334,3.7451207960592772,3.7451207960591342,657.1967072892023225,6.0512991673227159,4.9515539075183392,658.5155318535007609,7.2062159298580335,1.8560049998810653,231.8680061163143762,-10.3548288409317664,-5.0282617600594746,-3.2943646982135926,235.9155824019912870,1.2585416353063121,1.3071280436491779,1.1956145535409790,-4.0475762856762865,721.0079911187367543,258.0862243486259331,22.3752609192257239,13.6951016973879298,-2.1972207682062277,0.0400999179011542,37.3802156417664406,-14.0116805821410537,-7.8048420731267569,-10.8132919197891919,0.0199980002666249,-1.2525171513545628,461.1654935823594883,-4.0463353245076368,-22.6029039608732809,423.7852779405930050,9.9653452576317445,-14.7980618877478882,-4.4178411267924789,428.2031190673857282,-2.2018646226662644,-2.5449097648458836,410.2909668684143867,61.8327253057765773,-56.4719880835446091,372.9107512266476192,75.8444058879171337,-48.6671460104173974,-8.2068019991251422,381.1175532257722693,-13.0010101205243238,-13.3461114239519691,0.0956685087410224,-6.6272232772001294,0.5896201412160389,-1.6321348893226049,-0.1209435552658947,0.0000000000000000,0.5867073268768621,-0.0485154388672837,0.0000000000000000,-0.4124012231776231,0.0536084668313183,0.0000000000000000,0.4304704032365603,3.3238630811496535,-1.2989367749653553,0.8956953572299327,3.1185443088950953,0.8161858048337649,0.7314711430498890,0.5896201412160522,9.9339345338841873,-6.6272232772001587,-0.7287614079263074,0.9660125581190320,-0.6137759335234149,-0.0563671775684768,11.2480009832931085,-0.0058934115371452,0.0956685087410225,0.1532918826138457,0.9511833332860641,-0.2607555253706678,-0.0673754924442233,0.2977395116504347,0.0088997956620750,0.0279487005298916,-0.0320539880988119,-0.5077319785941045,0.7076906036673838,-4.3152388918648121,-0.1043450923702092,0.2071379032655063,13.9984518817769725,-0.0887909023474024,0.0090364761084336,-0.8625274222029874,-19.0000000000000000,,,,,,,,,,,,,,,,,,,,,,,,,,,,,,,,,,,,,,,,,,,,,,,,,,,,,,,,,,,,,,,,,,,,,,,,,,,,,,,,,,,,,,,,,,,,,,,,,,,,,,,,,,,,,,,,,,,,,,,,,,,,,,,,,,,,,,,,,,,,,,,,,,,,,,,,,,,,,,,,,,,,0.2191593444652540,-10.0171844739588494,1225.0000000000000000,171.8188600125143921,199.0000000000000000,499.0000000000000000,1500.0000000000000000,-18.0577931557984108,403.1811399874856079,191.1811399874856079,267.2598425229300574,17.3755269978434015,505.2296938435244442,29.4742169556167006,82.1195987222446604,64.6539332175842958,91.1963193807654164,1353.0003829214799680,26.5873548478807606,-3.1212448051140171,557.1018774650659680,540.3513732958690525,-124.2953718257920031,616.5876289203780516,-71.4007880672880901,69.0945397960408059,0.3538114622242583,0.4801058944074022,,,,3.7108102736631201,3.1391125145456202,,,157.9198522223016425,1.3018595806276285,753.2021812066245730,754.3217753841673812,36.3885445068594890,90.4536123058052652,30.8894023761097287,127.5875435021579278,-38.0447349602154361,120.1643336824600965,10.7209872035260361,8.9108508321658348,13.4498380488842884,15.9956871573366612,5.6639771319555194,36.4385592445236171,17.7314710612188406,-1.2289013488939844,13.1281910460762816,9.9702856058912346,15.8482607095476595,26.7652190974629889,4.3020613292095646,2.0234813401801972,2.4233444992867419,2.1987985605198759,18.8294299484249734,2.2549078855712708,-5.2353129331986139,-0.4916876645913391,6.2381399592655242,5.0761919956439101,-9.8367516707768772,-4.9039371691796845,3.4543333333334481,,,,,,,,,,,,,,,
"2015Q3",10.1016184794282999,6.2997419020548504,16.2578319701141005,747.9530227412003569,616.5138256996186783,725.0414766030177134,600.8756739380094132,560.0164584967393466,547.8666239025080813,630.3791585956801100,464.0314339012926439,466.0792671055995697,463.0939058218451692,3.4269372910045259,12.5408858957369169,658.8591105392436020,725.1598477039518684,0.5753607686198521,34.2942700078931821,0.0399920021326891,-1.2108195389563228,458.3375372430525658,389.2217247441325867,-3.6776989403032303,-23.1383394694523759,22.7838041583025088,3.5756462912399951,10.1016184794284190,16.2578319701141076,24.5910963247828178,4.8944007680887829,16.7585756657816276,-0.1533388599704739,-0.0800028834629615,0.2866554644229350,-0.7873991600904546,-1.2387515933858042,-1.6539533065100223,741.2861157859565537,714.8051829009734774,549.9868803628278329,601.1598906999995506,554.8363110462369150,625.2988584467635746,4.6206879944502832,3.4788478038520463,0.8444392958889052,3.9498520143000051,2.7780883820385149,13.9144028314115076,4.4386685247300868,1.8489737123841627,236.2304899256433544,1.8631446614621734,9.7337768029625380,12.7269214270899429,-2.1053057398053467,6.2997419020548504,6.6669069552441496,10.2362937020436888,10.0295781339109116,-0.2842167619879589,-6.9696871437276116,5.0803001489161810,2.1819318657176390,-6.7734891967358779,747.9530227412003569,7.9658067641857073,6.6496130001653704,463.6963798182292180,0.1301531392207320,13.8791937742841345,1.1899953498969853,-2.1375384888413702,10.1016184794284190,12.7269214270899429,-0.5199972078564215,-2.1053057398053467,22.7838041583025088,24.5910963247828178,-0.1533388599704739,-1.6539533065100223,3.5756462912399951,-0.0800028834629615,4.8944007680887829,-1.2387515933858042,16.2578319701141076,16.7585756657816276,0.2866554644229350,-0.7873991600904546,6.2997419020548504,10.2362937020436888,6.5139125789601504,725.0414766030175997,13.1376752992461050,9.0151007326921544,714.8051829009734774,5.8679167088908573,5.6311330738776029,10.0295781339109116,6.4869931009282062,560.0164584967401424,49.6608125926314017,37.4738943538274754,549.9868803628278329,8.1854215019053864,8.0598160318403664,-0.2842167619879589,600.8756739380102090,-28.0036606910454537,4.5408060669227641,601.1598906999995506,7.3156120289674451,4.3057356550147841,-6.9696871437276116,-5.7876712280130374,6.7734891967358202,547.8666239025080813,-17.0721033716302486,0.8210135818990206,554.8363110462369150,14.3725800685013390,13.4826438283556040,5.0803001489161810,630.3791585956801100,-11.0383450874934894,18.9617258476682551,625.2988584467635746,10.6400397838777607,11.2997645581530222,6.6669069552441496,2.5578012546935742,747.9530227412003569,10.0194339359665250,7.9658067641857073,741.2861157859565537,6.6178984848723559,5.3068166910189127,2.1819318657176390,0.8727727462870578,616.5138256996185646,12.0478181797699051,5.4913186301216692,614.3318938339017450,4.7833769406959448,4.8465697335668692,464.0314339012926439,4.4386685247300868,2.5478443687528078,2.9956689010462965,463.6963798182292180,3.9498520143000051,2.4562075029843236,2.6992379159263975,466.0792671055996834,2.7780883820385149,1.8542108871644079,4.8762773344049979,463.0939058218454534,13.9144028314115076,5.2161443681114879,2.0056265080187821,3.9788277248486810,-0.3350540830631935,-0.4888165104281684,-0.2964309851193074,0.4467948843692569,-0.7818489674317809,-0.6342061562188464,-0.5977980990187051,-6.9537996299367073,2.0478332043074663,-1.6605801426930809,1.8806084333580406,-1.4310145995444374,3.4788478038520463,3.1156435844904560,2.9416119619293459,-0.2433811432698452,-0.9375280794481019,9.4757343066846857,-0.9900423930267204,-1.7819673753372034,0.8444392958889052,-0.0002586397879324,-0.0115091580842899,-66.0460019948160664,3.4269372910044873,5.8354555506153885,0.9707297880208740,-0.8782439243631779,-0.0728768782695226,3.9680090174677751,1.8489737123841627,12.5408858957369134,4.0408858957369098,4.6206879944502832,-2.6520593542008477,4.0228898954315762,7.5622999563796069,4.6091788363660005,3.9680090174680909,3.9680090174679878,658.8591105392428062,6.6496130001653704,5.9017529224383845,660.3235287069636570,9.7337768029625380,1.8631446614621734,229.4570007289067348,-9.6440215496288033,-8.0321844001151934,-0.1019210499732706,236.2304899256433544,1.2596300946087537,1.2847182041799108,1.1966485898783139,-6.7734891967358779,725.1598477039517547,261.1284138026585993,12.1687578161332350,12.8651383021070007,-2.1485806629910944,0.5753607686198507,34.2942700078931679,-12.3437825354934354,-11.2346994066265164,-9.4789734824711811,0.0399920021326885,-1.2108195389563217,458.3375372430530206,-11.3118253572237073,-16.4501257866475790,424.0432672351597034,1.0319571782680694,-5.2154263800222118,-3.6776989403031668,427.7209661754627632,-1.9286115676872491,-2.3152679716810183,389.2217247441327572,-84.2769684971250967,-71.7609174727712400,354.9274547362392696,-71.9331859616347913,-60.5262180661448213,-23.1383394694526423,378.0657942056913043,-12.2070360803205986,-13.0712046305284666,0.1301531392207320,13.8791937742841345,1.1899953498969853,1.0868590218891203,-0.0273613724129285,0.0000000000000000,-2.2442915835475929,-0.0398034826434075,0.0000000000000000,-1.2387515933857998,0.0505221649373344,0.0000000000000000,-0.7873991600904544,4.3618426995567745,9.6341536831358177,-6.3670619505636523,-2.1480861377354663,0.6858619178021090,2.0356032433382740,1.1899953498969751,-0.1253159261797379,13.8791937742841469,-0.0871442936736695,0.2433754540583586,-0.9272544807836793,-0.0851560237454395,-6.7830514680705205,0.0309451015697047,0.1301531392207321,0.1787188160891764,1.0426298773603497,-0.3274276635010126,-0.0365641122711665,0.1234837335863699,0.0036584112950049,0.0640155410677562,-0.0072598384307956,-0.5269862312353414,0.5376668457927700,-1.5304906157041884,-0.0780192346015061,-0.9386374416916397,-17.1473740100910845,-0.0835541027372149,0.0530665927126859,-0.5061269718473307,-18.0000000000000000,,,,,,,,,,,,,,,,,,,,,,,,,,,,,,,,,,,,,,,,,,,,,,,,,,,,,,,,,,,,,,,,,,,,,,,,,,,,,,,,,,,,,,,,,,,,,,,,,,,,,,,,,,,,,,,,,,,,,,,,,,,,,,,,,,,,,,,,,,,,,,,,,,,,,,,,,,,,,,,,,,,,-0.0356881711212793,-8.7661171193716712,1288.0000000000000000,228.6910796642239916,210.0000000000000000,497.0000000000000000,1568.0000000000000000,-17.3372551789912208,339.3089203357760084,121.3089203357760084,240.8522916000708278,16.2578319701141005,377.8700254441316702,26.5030218350753017,-16.4722112670938294,58.6070939804714328,94.8828511306831928,1410.3574713773500662,16.6074263408622755,9.2760853197280895,561.1956120226683424,496.5415417696140139,-118.9576520720890045,566.7400530590119843,-113.0254461630422611,99.0230483160262054,0.3866657842634373,0.4725153265994799,,,,5.4121419773671802,-1.6102653999937306,,,157.9198522223016425,1.3018595806276285,761.3224241362902376,762.8976606532289679,34.3035410762463471,80.6420253966049643,30.8894023761097287,130.5566403468567387,26.0563689585411034,-42.5285802256349328,10.5385717155468797,8.2916720093881793,14.0397348500189452,9.4339524514951449,64.3138489165680767,45.4611629282525200,-24.4243924945627242,4.6454789837994355,-15.6943274928049590,0.8243931409556211,-10.4509307235569793,20.8786856185010095,4.5386512284584200,3.0409904914449299,4.0288959404920206,2.7359973386920586,2.8170370973734578,4.9971240027230266,14.9289618329814289,2.0258743351846391,6.8756827980013213,6.0793835470349933,-9.1935815856425762,-7.7180705267103491,3.4863333333332802,,,,,,,,,,,,,,,
"2015Q4",8.8815899468815704,5.1530691419499499,18.3355279066546011,749.8136602513383195,616.8935895152304738,724.9896413946955818,605.6230926043073168,568.0003917721794551,553.0341477817149780,638.2811947998320647,465.5270026936087788,471.7382238575933684,464.7778588414270189,3.4803922194692096,12.3025696316899626,660.8978758758751155,729.6305518693801559,0.8980241519710006,32.2690428493650856,0.1265865121233717,-1.1686266345033576,454.3113615898132593,374.3924433327179031,-5.2666868814398526,-33.1609442517119533,23.5343672589040267,3.6827505946323011,8.8815899468817445,18.3355279066546011,24.5715133826354872,4.9247146090691611,16.8535437126802492,-0.1577676174839572,-0.0823135395569536,0.3039830387411112,1.1780011552332712,-1.1596504748798897,-0.8793785062476700,742.9541986215949692,716.2933772476692411,552.0273311496082442,602.7526545273789225,558.5375534141818434,627.8747554028515196,4.6211226543777082,4.2446891072249384,0.8441186532708396,2.5264803841625341,22.6358270079786905,6.7358120783232120,5.9822751692648328,1.9220263170793037,236.5519903111729150,1.8689514865705956,10.2336598636664480,12.6426842790243583,-3.2170301363608194,5.1530691419499499,6.8594616297434996,8.6962641470274775,15.9730606225694025,2.8704380769301236,-5.5034056324655491,10.4064393969802502,1.3813675643112477,-7.7130715002037027,749.8136602513379785,9.7388967189612856,8.1550613465242279,464.3279999142707197,0.0166532054364117,3.3369857943008729,-1.2938734776119629,-3.3012672844263853,8.8815899468817445,12.6426842790243583,-0.5440641957820574,-3.2170301363608194,23.5343672589040267,24.5715133826354872,-0.1577676174839572,-0.8793785062476700,3.6827505946323011,-0.0823135395569536,4.9247146090691611,-1.1596504748798897,18.3355279066546011,16.8535437126802492,0.3039830387411112,1.1780011552332712,5.1530691419499499,8.6962641470274775,5.8245326661494765,724.9896413946956955,-0.2073408332820605,13.3481744081122251,716.2933772476692411,5.9527773867808520,5.7388589213260524,15.9730606225694025,10.6076344669350853,568.0003917721790003,31.9357331017620147,17.2241599957725526,552.0273311496082442,8.1618031471275092,8.0809317456227507,2.8704380769301236,605.6230926043075442,18.9896746651932347,12.7833668402654883,602.7526545273789225,6.3710553095173958,4.9277941760520747,-5.5034056324655491,-4.7986021110164216,7.7130715002035704,553.0341477817161149,20.6700955168338751,1.7043913997192996,558.5375534141818434,14.8049694717830285,13.9539799372037212,10.4064393969802502,638.2811947998320647,31.6081448166105545,24.6017439479478384,627.8747554028515196,10.3035878243533467,10.9382973947409976,6.8594616297434996,2.8938774348993612,749.8136602513379785,7.4425500405547957,9.7388967189612856,742.9541986215949692,6.6723313425551947,5.7621554447114072,1.3813675643112477,0.5525470257245009,616.8935895152302464,1.5190552624431284,4.8733150138034924,615.5122219509195247,4.7213124680716074,4.7996742624285940,465.5270026936091767,5.9822751692648328,4.0927085598292594,3.9420122477841106,464.3279999142707197,2.5264803841625341,2.8508451625065399,2.2051242694955695,471.7382238575937095,22.6358270079786905,10.5878207294162543,12.8010783555171415,464.7778588414271894,6.7358120783232120,3.1724775651745887,3.1800653778172689,3.9449550037546484,-1.1990027793382514,-3.4557947851002897,-1.7368879782878206,-0.2612850909803899,-0.9377176883572067,-0.6234748836998043,-0.6195155165033768,-1.2318488297064001,6.2112211639848480,16.6535518387128931,8.8590661077325201,1.9665320567600668,4.2446891072249384,3.0633652134931810,3.0455746044144716,-3.9009604970627088,-0.7491438521824763,0.7535369090619743,-0.7619468699661047,-1.5932625054533756,0.8441186532708396,-0.0012825704730910,-0.0051545041565031,-40.7000756455209967,3.4803922194691772,5.9196740877569596,0.6295470569631758,-1.2924792601160520,-0.8761606805339817,2.9264089511563696,1.9220263170793037,12.3025696316899626,3.8025696316899560,4.6211226543777082,-1.4606538010559236,4.0016071378743181,7.6666972587921478,4.6159681502211960,2.9264089511566520,2.9264089511565436,660.8978758758750018,8.1550613465242279,6.9774842390081480,662.1439500751459946,10.2336598636664480,1.8689514865705956,228.8389188109687211,-2.4723276717522022,-6.9956374172366154,2.5813622504618037,236.5519903111729150,1.2860015421179627,1.2748835640020391,1.2217014650120694,-7.7130715002037027,729.6305518693804970,264.1035491757709792,11.9005414924540016,14.3873588607053282,-2.1239763952388553,0.8980241519710002,32.2690428493649790,-8.1009086341128160,-11.7679973867490464,-6.0846743613666847,0.1265865121233717,-1.1686266345033571,454.3113615898126341,-16.1047026129610380,-16.2404779052167498,422.0423187404475698,-8.0037939788495294,-4.4724805184690064,-5.2666868814400347,427.3090056218877066,-1.6478422142987461,-2.0587187952696016,374.3924433327168799,-59.3171256456625215,-56.8058668118306826,342.1234004833511904,-51.2162170115509880,-45.0378694250819507,-33.1609442517125999,375.2843447350634278,-11.1257978825073494,-12.4552617703736281,0.0166532054364117,3.3369857943008729,-1.2938734776119629,-0.4968018090774757,-0.0900281259081840,0.0000000000000000,0.2783888083094439,-0.0249661206151983,0.0000000000000000,-1.1596504748798906,0.0525538035564102,0.0000000000000000,1.1780011552332637,1.7887386309733966,8.8697734973581319,0.3000980654084060,1.6054183066604106,2.1376459281946532,0.5085948180241955,-1.2938734776119700,19.8230996221982636,3.3369857943008867,-0.3689139838215545,0.1657723255267474,-0.6972551366814452,-0.0640336350013568,0.8783453706655048,0.0117732746283257,0.0166532054364116,0.0240494124193002,0.7894150988086442,-0.1660532782286560,-0.0253981823218710,0.0612597144899545,-0.0010497946638800,0.0893529522396486,-0.0078787087453585,-0.5518023160776659,0.3571850294683336,1.3780648483583677,-0.0104190263835749,-2.9865135384521295,-16.2699564390127023,-0.0788890494426695,0.0879081966197577,-0.1394654102183885,-17.0000000000000000,,,,,,,,,,,,,,,,,,,,,,,,,,,,,,,,,,,,,,,,,,,,,,,,,,,,,,,,,,,,,,,,,,,,,,,,,,,,,,,,,,,,,,,,,,,,,,,,,,,,,,,,,,,,,,,,,,,,,,,,,,,,,,,,,,,,,,,,,,,,,,,,,,,,,,,,,,,,,,,,,,,,-0.2905356867079831,-7.5150497647844077,1276.0000000000000000,279.1818915579943905,206.0000000000000000,499.0000000000000000,1617.0000000000000000,-18.8044156577537400,354.8181084420056095,139.8181084420055811,300.2883791568332299,18.3355279066546011,449.1730860071849065,27.5476298051881017,-63.7673606800306487,107.9078048700851866,104.7442626602971387,1474.8410771939500137,17.8828166617131501,2.8984872466608138,560.8202464489942258,520.6661245721910518,-125.1934421804340047,557.2784354523370212,5.8409154150509721,114.4677032564229933,0.3954419289784232,0.4781812165407284,95.4512789276023312,26.3599749164811392,121.8112538440834669,4.1301404886085704,-0.4016196836769499,,,157.9198522223016425,1.3018595806276285,768.8325191270323558,770.9595113002901599,32.2474025882447677,145.4821973529864465,30.8894023761097287,141.2170835120276138,-2.1741982839337819,-61.5931623960968651,7.7265084720739026,10.2289044517936105,-0.2071260306598219,14.2800403073220821,37.6243011369140561,18.7964810793691584,20.9124745033480508,13.6363973741834030,22.9614806841471193,1.7189990222836116,37.1741976944624923,27.8921877079086471,6.1648354493654409,4.0207406376237600,2.5586663858492500,2.2296168338990014,25.4024864394301773,13.6565258845152471,6.9678483685774069,3.2311697355665387,8.4968130191075630,7.2266725059377137,-2.4420159665376531,-6.7565502754692801,3.5416666666666208,,,,,,,,,,,,,,,
"2016Q1",9.7054672630063195,3.3901783752832002,18.6154802267704014,753.0206141240500983,619.7778792943249755,724.0478976176430024,606.8961570512278740,581.6181987399578475,559.4475332793541611,636.2627507186203957,466.2377306435685682,472.5248744661124647,465.0197867280968467,4.8508478742609089,10.9548845915186082,663.5538117081355267,731.7390474068698722,0.6148578047665794,31.7542953448901919,0.2895803112025468,-1.1265001279092282,454.6945181026509317,350.0688671172998170,-4.0265951616660800,-54.5159876187157693,23.0315560081983044,5.2893914815784333,9.7054672630063763,18.6154802267704085,24.5997975815023437,4.9662534620982752,16.9435575650840846,-0.1902293837625408,-0.0992501132675232,0.2757499342170643,1.3961727274692883,0.4223881327477019,-1.3780121895415860,744.7497713517594775,717.7978691469963906,554.0508286981369110,604.6570126378006762,562.3267630822815590,630.3739611980435029,4.6423352487861580,4.9647139823718298,0.8423681172635380,2.9447209183294953,3.1466024340798118,0.9677115466732151,2.8429117998405062,2.0258425646308744,236.8855604877936116,1.8847760213812201,9.3837816590583429,12.6224934785166063,-2.3517967842632777,3.3901783752832002,8.2708427722907292,6.2500284706469964,27.5673700418204106,2.2391444134285430,-2.8792298029275600,5.8887895205770873,3.0997637524564268,-6.6416335786209633,753.0206141240493025,10.1185304182987679,10.6237433290456718,465.0641801438533776,0.0012257719724239,1.8137415270185979,-1.6352022059803175,-2.3719875847710719,9.7054672630063763,12.6224934785166063,-0.5652294312471755,-2.3517967842632777,23.0315560081983044,24.5997975815023437,-0.1902293837625408,-1.3780121895415860,5.2893914815784333,-0.0992501132675232,4.9662534620982752,0.4223881327477019,18.6154802267704085,16.9435575650840846,0.2757499342170643,1.3961727274692883,3.3901783752832002,6.2500284706469964,4.2071670903376717,724.0478976176430024,-3.7669751082075402,5.4456047825814382,717.7978691469963906,6.0179675973123494,5.8744444395005022,27.5673700418204106,18.1517866625212534,581.6181987399580748,54.4712278711224656,35.3942895385588159,554.0508286981369110,8.0939901941191916,8.1221719681328413,2.2391444134285430,606.8961570512287835,5.0922577876857336,3.1004723463371073,604.6570126378006762,7.6174324416884955,6.5073496114894134,-2.8792298029275600,-2.8883755589958953,6.6416335786208176,559.4475332793540474,25.6535419905530162,10.3966691283452253,562.3267630822815590,15.1568386723992639,14.4963199171821913,5.8887895205770873,636.2627507186207367,-8.0737763248399048,6.8017821380833601,630.3739611980435029,9.9968231807713170,10.5261295760613738,8.2708427722907292,2.7221885440914315,753.0206141240493025,12.8278154908523341,10.1185304182987679,744.7497713517594775,7.1822909206607752,6.4947212602977089,3.0997637524564268,1.2399055009825670,619.7778792943252029,11.5371591163752569,8.7634380197063475,616.6781155418688058,4.6635743637975118,4.7495502994951435,466.2377306435689661,2.8429117998405062,3.3666675663928314,4.3689873556222372,465.0641801438533776,2.9447209183294953,3.7941030986635185,2.9538751857276293,472.5248744661121805,3.1466024340798118,1.8940092131861217,11.4531023835179191,465.0197867280962214,0.9677115466732151,1.9037077357664751,4.0601479786665262,5.2883475021090929,-1.1735504997155217,0.1018091184910754,-1.4151121698938811,-0.0894153767680772,-1.0841351229467637,-0.5856697383565648,-0.6187375527906764,7.2304726046628298,6.2871438225436069,0.3036906342378334,7.0841150278954155,1.3224298401717487,4.9647139823718298,2.8800995005891608,3.0409252907369306,15.6566087227049184,-1.2179439154729865,-1.8752002531633618,-0.3088393769554495,-2.0603120327365514,0.8423681172635380,-0.0070021440301462,-0.0032239083185286,-77.6110332690352607,4.8508478742610874,6.0825080750602813,1.0567447755977373,-0.9690977890332618,-0.6359699161299162,1.8189146753892105,2.0258425646308744,10.9548845915186099,2.4548845915186095,4.6423352487861580,-1.0433617152783743,4.0235976959954725,7.6832605395230846,4.6391113404676281,1.8189146753894545,1.8189146753893932,663.5538117081352993,10.6237433290456718,7.8699292107641696,664.2127673878286487,9.3837816590583429,1.8847760213812201,230.2439269091721314,5.6200323928148901,-4.2127864173753000,4.0287792249264278,236.8855604877936116,1.3342807064830393,1.2846134946288248,1.2675666711588853,-6.6416335786209633,731.7390474068697586,265.5013167633010767,5.5910703501222461,13.0089076444800167,-2.0975965947342501,0.6148578047665791,31.7542953448901493,-2.0589900178997875,-9.1288404424115015,-1.2511394683961830,0.2895803112025474,-1.1265001279092266,454.6945181026516138,1.5326260513543448,-7.4825593108340023,422.9402227577617168,3.5916160692526717,1.6462811315760568,-4.0265951616654805,426.9668179194272852,-1.3687508098419756,-1.7867673036258818,350.0688671172971453,-97.2943048616771478,-44.7639184246731929,318.3145717724065662,-95.2353148437777293,-35.6350779822618762,-54.5159876187186185,372.8305593911246092,-9.8151413757523862,-11.5372463647778343,0.0012257719724239,1.8137415270185979,-1.6352022059803175,-1.6863561956917743,-0.0431401320013363,0.0000000000000000,-0.7624472351682385,-0.0122254165174360,0.0000000000000000,0.4223881327477073,0.0485492895306094,0.0000000000000000,1.3961727274692874,-0.2818234156466772,16.0684016879463876,1.8418532324706263,-3.4558524400843416,1.9627738354772681,2.5472167267319179,-1.6352022059802938,-1.5256499338284648,1.8137415270185926,0.7696055844492777,-0.9674280770023498,0.1600788116122596,0.0147011153521460,-7.0321832901513783,0.0160092341559135,0.0012257719724240,-0.0213261035500646,0.7305143663072489,-0.1531885602625049,-0.0045767818480934,-0.0749554645165271,-0.0058478306043366,0.1125792414709674,0.0027196834676892,-0.5598888422522923,-0.2292848980861658,4.0256843434667946,0.0703099882044578,-0.7612492951726608,-30.3084983149685172,-0.0747361568562117,0.1143071830268964,0.1980767185043550,-16.0000000000000000,,,,,,,,,,,,,,,,,,,,,,,,,,,,,,,,,,,,,,,,,,,,,,,,,,,,,,,,,,,,,,,,,,,,,,,,,,,,,,,,,,,,,,,,,,,,,,,,,,,,,,,,,,,,,,,,,,,,,,,,,,,,,,,,,,,,,,,,,,,,,,,,,,,,,,,,,,,,,,,,,,,,0.5183969507016002,-7.5017135968327011,1234.0000000000000000,321.2837021460392180,241.0000000000000000,545.0000000000000000,1661.0000000000000000,-16.6800602879576658,409.7162978539607820,144.7162978539608105,312.9309891026246646,18.6154802267704014,447.6262562232683990,28.2170987654085010,55.9716015823624815,38.7760607462218587,39.9476047920594226,1506.2681908346301043,8.4339821499588652,0.4231586198737745,564.1332497090180595,529.9707116646990244,-138.0306788796939941,559.8918970817719583,-9.1776796175288382,100.0391435687240005,0.3785730052980133,0.4886655780231215,,,,4.2775005720430901,2.0377883156800287,2.1035343106721087,5.9009815115034678,268.6877407068435559,0.1496988417532502,780.4416040878696776,778.5135590381808015,30.2161909515625666,50.9080073768818480,36.3235538581449191,52.4460948406439300,25.4411616071217495,30.5304399752407356,13.6869184465274287,10.6481658447321763,-3.6969071697189975,5.5966063389403473,72.4112247207773123,42.4673828707307450,5.2241423364401953,3.1490376082024909,29.2444543252583173,10.9563496164076071,-7.7564443765868276,7.0384384036543679,2.8837082218188499,4.4658328474088620,2.9885065563064899,2.9979348311241552,3.1966313264249209,12.1347429022148532,0.9724090152823663,4.1436989143746672,11.2085891374790663,8.1878943613910735,5.7809567080961983,-4.1252816681679718,4.9704271954933432,,,,,,,,,,,,,,,
"2016Q2",8.3635700250387295,7.3421053361020903,17.7838388503381992,753.5122665447223653,618.4387253039402594,732.0923176090815332,599.6819334093942189,583.1521384771217527,554.1201004854249277,642.1070824262999395,467.7256541216044070,473.9468490895505397,465.3610789862641468,5.6500215891963839,10.1927020702554678,665.7175927894352299,731.2087553378773919,0.3852388618694818,32.1526123137832087,0.2596625847265914,-1.0852159198040590,462.1990105873238690,381.3056838470506023,3.3557063719968596,-21.5879956276825737,21.0280282319464256,5.1193806434302402,8.3635700250384470,17.7838388503382063,24.5120452770196415,5.0121395464493439,17.0247688237588228,-0.1631179364754043,-0.0851050103350986,0.3510427059766576,0.4080273206027413,0.1923461073160104,-3.3208991085979811,746.4201823501324498,719.2956906176854091,556.0240182263343058,605.9899147727791160,566.1356511320146865,632.8334993949511045,4.6442391082946850,5.6661587989396391,0.8401236766746677,6.4056110663036998,5.6878984937538997,1.3651690326636960,5.9516939121397732,2.0981727649822366,237.2276407900453137,1.8834835362300340,8.4311430761701871,12.4994159997101626,-3.5365803218846752,7.3421053361020903,7.0920841945889306,12.7966269913968436,27.1281202507856172,-6.3079813633852027,-12.0155506465910129,9.2735830313485526,0.6102414111387856,-6.0230185972566979,753.5122665447216832,8.0641022875136219,8.6551243251974324,466.6655829104302597,-0.0873866425881633,-3.5237956323294068,0.2661083373860959,-3.6596578006911438,8.3635700250384470,12.4994159997101626,-0.5992656527872141,-3.5365803218846752,21.0280282319464256,24.5120452770196415,-0.1631179364754043,-3.3208991085979811,5.1193806434302402,-0.0851050103350986,5.0121395464493439,0.1923461073160104,17.7838388503382063,17.0247688237588228,0.3510427059766576,0.4080273206027413,7.3421053361020903,12.7966269913968436,8.4238251127714641,732.0923176090819879,32.1776799657575978,10.3352598308758949,719.2956906176854091,5.9912858827567126,5.9574868939338925,27.1281202507856172,17.9633548242695369,583.1521384771205021,6.1357589486559263,35.5508831285410167,556.0240182263343058,7.8927581127948452,8.0834932389846212,-6.3079813633852027,599.6819334093926273,-28.8568945673393564,-8.1946557013777586,605.9899147727791160,5.3316085399148694,6.6589270800221012,-12.0155506465910129,-8.8184506098640547,6.0230185972566259,554.1201004854237908,-21.3097311757231509,1.9854507400080412,566.1356511320146865,15.2355521989274578,14.8924851029030592,9.2735830313485526,642.1070824263000532,23.3773268307191415,8.9683375587469278,632.8334993949511045,9.8381527876314561,10.1946508941584622,7.0920841945889306,3.8220944091610707,753.5122665447216832,1.9666096826920558,8.0641022875136219,746.4201823501324498,6.6816439934969765,6.7885411853962996,0.6102414111387856,0.2440965644555139,618.4387253039400321,-5.3566159615419870,4.9368541492636018,617.8284838928018416,4.6014734037315073,4.6924342940721475,467.7256541216045775,5.9516939121397732,5.9350295346081943,4.8038873514942937,466.6655829104302597,6.4056110663036998,6.2850568844504977,3.9566660957755273,473.9468490895507102,5.6878984937538997,5.1192464204151022,8.5621040794604895,465.3610789862637489,1.3651690326636960,3.8267870669273742,5.7457738722712968,4.4690636362204073,-1.0600712111740718,0.4539171541661087,-0.8472212557180242,0.1666560421321746,-1.2267272533055635,-0.5703685214335179,-0.6034298249290557,8.8800709917624570,6.2211949679464524,-0.2637954183872966,3.7582167279660839,0.5550361690067467,5.6661587989396391,2.8057792662718408,2.9662218912100258,41.7854249141186571,-2.3645751353412439,-4.5865248794724867,0.9418865207779159,-3.2046988120158231,0.8401236766746677,-0.0089777623547722,-0.0043802791619217,141.1534297149725887,5.6500215891963448,6.1720433518430919,-0.6350352952534812,-2.7332080602355973,-1.2854343975955467,0.4072676726603732,2.0981727649822366,10.1927020702554696,1.6927020702554718,4.6442391082946850,0.5303731251818251,4.0408092833656255,7.6104609995046708,4.6398588291327698,0.4072676726606781,0.4072676726606441,665.7175927894357983,8.6551243251974324,8.5208855002327937,666.4595305907397460,8.4311430761701871,1.8834835362300340,231.2046221927877809,3.8427811344643690,-0.6633839235262815,3.0523785650629325,237.2276407900453137,1.3683212090065939,1.3120583880538903,1.2999051485562498,-6.0230185972566979,731.2087553378771645,263.4831012162723596,-8.0728621881121647,5.3968768676460099,-2.0955165814521739,0.3852388618694822,32.1526123137831661,1.5932678755714580,-5.2276033279834264,1.6706668463808525,0.2596625847265926,-1.0852159198040596,462.1990105873236985,30.0179699386912873,1.0335170049648497,430.0463982735407740,28.4247020631179304,6.2611203329470140,3.3557063719971572,426.6906919015440849,-1.1045040715305783,-1.5124271658423374,381.3056838470486696,124.9472669190016489,-28.9852830213657313,349.1530715332650061,123.3539990434285727,-23.7576796933821335,-21.5879956276845526,370.7410671609491146,-8.3579689206999106,-10.3764860648228012,-0.0873866425881633,-3.5237956323294068,0.2661083373860959,3.1470161484604899,-0.1577624254076214,0.0000000000000000,-2.3562905759187345,-0.0058012425440142,0.0000000000000000,0.1923461073160073,0.0406468343255922,0.0000000000000000,0.4080273206027414,8.2713328639980830,8.3805883220541055,-9.0550192137959016,0.7413842836751381,0.8039149190316977,-0.6296640898437849,0.2661083373860968,-1.1866090288926365,-3.5237956323294952,0.1239617015923535,-0.5166940621112808,0.0953881890060300,0.0087601398066763,-13.1269460480443048,-0.0056525730161565,-0.0873866425881631,-0.1581358795165459,0.4749521522499245,-0.0204325419994028,-0.0217642573072068,0.0156634427798283,-0.0026758327277023,0.1007545378477110,-0.0128148830130754,-0.5757993188990207,-0.1927274746111064,2.8444073439676494,-0.1144518473967367,5.8521953722300850,18.2086753339791585,-0.0713658046857514,0.1273716573277757,0.4756583174779729,-15.0000000000000000,,,,,,,,,,,,,,,,,,,,,,,,,,,,,,,,,,,,,,,,,,,,,,,,,,,,,,,,,,,,,,,,,,,,,,,,,,,,,,,,,,,,,,,,,,,,,,,,,,,,,,,,,,,,,,,,,,,,,,,,,,,,,,,,,,,,,,,,,,,,,,,,,,,,,,,,,,,,,,,,,,,,-0.4921356420086056,-5.4569889145889476,1381.0000000000000000,272.8949005144360171,232.0000000000000000,575.0000000000000000,1711.0000000000000000,-19.2065939949583786,400.1050994855639829,169.1050994855639829,313.8385382390269456,17.7838388503381992,494.4427957131513267,25.7224066073375006,27.3147977165260833,19.1171680629109382,134.1722916946873738,1498.3017115535299126,-2.1211682759699215,7.1471118091864980,567.8789877042694343,552.1046082843789691,-164.4223335193539981,554.0710465192420315,-36.5768621399685117,76.4339011515971976,0.3860935586233399,0.4967487819236867,,,,0.9779943585284030,0.0434703304082362,,,268.6877407068435559,0.1496988417532502,790.8420742954325533,785.5647062096226136,28.2045886857672485,24.5611550986409597,36.3235538581449191,172.3804726415908419,-16.0786530475998894,43.3934507641259728,1.9860748427613260,8.3981702080163245,37.9576819572010891,10.8882330187132510,6.3279063628854999,42.6906524274044727,-25.0664860049344043,-7.8678804463385461,-19.1922502051016863,2.0052919078690508,26.3358016430747455,9.3827896255681082,6.1323738718924972,4.9211441068355555,6.6152219591135974,4.0359847957369510,5.8527704847987110,8.9393414408622078,1.3745300143384327,5.9140509078158061,9.0407242299241233,8.8944474450695026,3.9175708953133324,-0.6611883899978608,5.8126843241283144,,,,,,,,,,,,,,,
"2016Q3",6.6609910410348299,3.3642888224320102,18.1526119134124997,751.2567468317051862,616.9514875428239975,725.6251675579151197,602.0136397779663184,582.1128309632385935,569.6027508313276257,644.4459645425561121,470.2630533923518215,480.7751857723404214,466.8725175176136872,5.9873022431300891,10.1622049770095408,668.9055858705831952,732.7930181772062497,0.2103066285894641,32.7044214202104868,0.2962274795112951,-1.0460447744515800,463.0558836028772021,380.9044216898892046,3.8770624029388046,-20.8184242696742672,22.2207070131597604,2.5928959412876447,6.6609910410348956,18.1526119134124926,24.4518979880880565,5.0510397108181255,17.1049847369458625,-0.0709646534787973,-0.0370250365977384,0.1749126467668427,0.8727145296998130,-2.4211187329327433,-2.1602263214496249,748.1713271152299285,720.8012638539928503,557.9642564841607282,607.5097238112163041,570.0048158494012114,635.2263965441845812,4.6176177601514254,6.3872355565266554,0.8389672734099102,7.0137980180810446,27.3133467311594025,6.0457541253955238,10.1495970829891640,2.1124256972506994,237.5703766114978066,1.8560743501818648,6.9932397174254657,12.3979529619603692,-5.4540595840821782,3.3642888224320102,3.0854197164756543,4.8239037039227037,24.1485744790769452,-5.4960840332488301,-0.4020650180737073,9.2195679983716623,-2.0187116360934430,-4.3794017356546284,751.2567468317057546,3.3037240905059546,12.7519723245939449,468.4190324149511753,-0.0310319512855909,2.1493742754186758,0.1723528549234618,-5.5555226218320044,6.6609910410348956,12.3979529619603692,-0.2829023368434199,-5.4540595840821782,22.2207070131597604,24.4518979880880565,-0.0709646534787973,-2.1602263214496249,2.5928959412876447,-0.0370250365977384,5.0510397108181255,-2.4211187329327433,18.1526119134124926,17.1049847369458625,0.1749126467668427,0.8727145296998130,3.3642888224320102,4.8239037039227037,3.0730678713797652,725.6251675579147786,-25.8686002046635437,0.5836909548983371,720.8012638539928503,6.0222929452314240,5.9960809530190460,24.1485744790769452,15.7767294214893603,582.1128309632387072,-4.1572300555238257,22.0963724665020536,557.9642564841607282,7.7609530313116135,7.9773761213362402,-5.4960840332488301,602.0136397779662047,9.3268254742913275,1.1379658399574573,607.5097238112163041,6.0792361537468791,6.3498331112165927,-0.4020650180737073,-1.0192095146054543,4.3794017356544730,569.6027508313270573,61.9306013836110765,21.7361269288194094,570.0048158494012114,15.4766588695411169,15.1685048031629002,9.2195679983716623,644.4459645425561121,9.3555284650273212,14.0668059468768440,635.2263965441845812,9.5715885969350580,9.9275380974228700,3.0854197164756543,1.9716263736567226,751.2567468317057546,-9.0220788520630482,3.3037240905059546,748.1713271152299285,7.0045790603883766,6.8852113292751458,-2.0187116360934430,-0.8074846544373755,616.9514875428244522,-5.9489510444647387,0.4376618432049364,618.9701991789185058,4.5668611444671523,4.6383053450149347,470.2630533923519920,10.1495970829891640,7.4403590186080661,6.2316194910587024,468.4190324149511753,7.0137980180810446,6.0026282191945359,4.7226525967208284,480.7751857723399098,27.3133467311594025,15.3040291037705440,14.6959186667408765,466.8725175176135735,6.0457541253955238,5.5721530700115682,3.7786116957675122,1.5924554260502592,-1.8440209774006608,-3.1357990649060072,-1.5089668943374788,-0.4706103217312758,-1.3734106556687549,-0.5867336094508235,-0.5915616882369801,13.5882654644920393,10.5121323799883655,17.1637496481690981,8.4642991756816262,4.1248968234616763,6.3872355565266554,2.8843070303482450,2.9083877526744217,19.1447302280567762,-3.3905358747387973,-4.1038429575900857,-2.4530077952909233,-4.2295031481487939,0.8389672734099102,-0.0046256130577525,-0.0054720224797534,17.2486588929240128,5.9873022431300518,6.1433098479510786,-0.0153259760639390,-2.1277516733145556,-0.9965876420275199,0.6656173349824706,2.1124256972506994,10.1622049770095408,1.6622049770095380,4.6176177601514254,0.8620135224166114,4.0260560719144465,7.5260055128258623,4.6121457376716810,0.6656173349827953,0.6656173349826786,668.9055858705838773,12.7519723245939449,10.0464753313399093,668.9566449010421820,6.9932397174254657,1.8560743501818648,233.1909748758425849,7.9454107322204042,3.7339741469359216,2.4765286217640532,237.5703766114978066,1.3709432858109680,1.3398866858544762,1.3023961215204114,-4.3794017356546284,732.7930181772062497,262.5299647848540872,-3.8125457256699917,1.4015509821950813,-2.1380291199935870,0.2103066285894649,32.7044214202105366,2.2072364257090626,-1.5898485876828450,2.1618416864908845,0.2962274795112953,-1.0460447744515786,463.0558836028764631,3.4274920622139078,4.7183463598244622,430.3514621826663529,1.2202556365034436,6.3081949475059300,3.8770624029388316,426.4743997797278894,-0.8651684872608544,-1.2465663957354010,380.9044216898886930,-1.6050486286413843,-8.3173030542439044,348.2000002696777301,-3.8122850543514684,-6.7274544665610101,-20.8184242696736987,369.0184245393503488,-6.8905704863892101,-9.0473696663393142,-0.0310319512855909,2.1493742754186758,0.1723528549234618,-2.8067638456190349,-0.1345450250806298,0.0000000000000000,0.1644030545688651,-0.0104928583087443,0.0000000000000000,-2.4211187329327446,0.0404636014245572,0.0000000000000000,0.8727145296998087,-2.6555453948233705,6.7981024995438730,8.2208312607658058,3.5545730662918364,0.7588419260084081,-2.2628082005489598,0.1723528549234601,12.4726104221168868,2.1493742754186762,-0.0916770318556888,0.1387731137796178,1.1736871123466848,0.1077875919502059,3.9270738663523614,-0.0500371235114329,-0.0310319512855909,-0.0987704837416059,0.6412809726619157,-0.1362598592129560,-0.0500990790081156,0.1610794177417694,0.0034543730615356,0.0710381372547061,-0.0390608324251682,-0.5607308101105700,-0.1518179015678489,0.5365695793283152,-0.0494651124598698,1.7965244523007016,-5.0591874614646031,-0.0693504466279299,0.1288851771166290,0.6316015422410448,-14.0000000000000000,,,,,,,,,,,,,,,,,,,,,,,,,,,,,,,,,,,,,,,,,,,,,,,,,,,,,,,,,,,,,,,,,,,,,,,,,,,,,,,,,,,,,,,,,,,,,,,,,,,,,,,,,,,,,,,,,,,,,,,,,,,,,,,,,,,,,,,,,,,,,,,,,,,,,,,,,,,,,,,,,,,,-1.5026682347188682,-3.4122642323452794,1355.0000000000000000,296.3513144688387797,303.0000000000000000,633.0000000000000000,1696.0000000000000000,-18.1070827205165905,375.6486855311612203,106.6486855311612345,290.4798024401528664,18.1526119134124997,385.2078768693583584,25.0555017530735000,-5.0442978907090037,45.5337276433713640,54.2386446765431032,1522.2277742213800593,6.3370513573154312,8.6361599747454640,566.1506541843012883,562.1640036486739973,-163.4318312440780119,568.5113888704330520,-34.7871840625177811,60.3708836880973010,0.5564910125426864,0.5204379384167707,,,,3.9778512596569202,-0.6811490410541006,,,268.6877407068435559,0.1496988417532502,800.2620251826833737,792.1190601854935949,26.2174159034839249,56.6647734726509142,36.3235538581449191,67.4976698181075818,66.5511081158369109,-71.5954060065459146,-8.6270577968802655,3.3589030315528419,-22.7934588053882976,0.5853977497389593,-4.0720023640763685,24.7278184309459732,9.7756174074270916,1.1444653017097295,85.7638419047582943,24.2793003989579432,9.8071308151508276,15.1042506902984570,10.6825458794897798,6.4298817399162544,7.2656176336946032,4.8359462825219026,31.4075619261235772,15.8306687709041967,6.2322491731869007,3.8509089639434393,13.6007273771055850,10.5684669296239235,8.2695870576528563,3.8045628084060610,6.1701725682116848,,,,,,,,,,,,,,,
"2016Q4",9.1676023725503804,3.0631047176080899,17.0770873913157999,751.5763084660159166,617.8315041286585938,725.0762292912216935,597.5684102756493985,577.1080109295571674,565.8874880949377939,637.0858451002796983,472.3341121637774904,486.9480818058442537,466.7435876282190179,6.4027849899002174,9.5962886409938974,670.4297531964095924,735.4757319381235448,0.0909596359473852,32.8062752767400241,0.4290781417156246,-1.0105237985287723,461.8961148692212078,390.2400668398169614,2.7760285105310345,-10.2179039608047333,20.9818613176364970,5.2628284462296806,9.1676023725503590,17.0770873913158070,24.4993069937274051,5.1131940265191984,17.1816841811367418,-0.0336590512677399,-0.0175612441397959,0.0595584947576450,-0.1641552845785639,0.1671956638502792,-3.4837866248232969,750.1128714543688147,722.3250530140161345,559.8796445349943269,609.6336104797376265,573.9344465891986147,637.5399052339108721,4.5572192198265666,7.1648269836482967,0.8403280085205903,5.7121916998309299,24.6915841340213582,-0.5157195575822157,8.2842350857026315,2.0820947101106722,237.9058084836239004,1.8179773945612723,7.5405281398708723,12.4308168391098928,-3.1524356763944592,3.0631047176080899,1.4634370116470687,2.7511762772054351,17.2283663945613519,-12.0652002040874731,-8.0469584942598917,-0.4540601336313513,-2.2790490403583936,-4.5168603503833751,751.5763084660164850,1.7626482146800428,6.0966693033043073,469.8470803399092119,0.0123750342318561,-5.4774474015515704,1.0464923487848483,-3.1195717992449348,9.1676023725503590,12.4308168391098928,-0.1107787901652202,-3.1524356763944592,20.9818613176364970,24.4993069937274051,-0.0336590512677399,-3.4837866248232969,5.2628284462296806,-0.0175612441397959,5.1131940265191984,0.1671956638502792,17.0770873913158070,17.1816841811367418,0.0595584947576450,-0.1641552845785639,3.0631047176080899,2.7511762772054351,0.6831909790396424,725.0762292912212388,-2.1957530667674412,0.0865878965268649,722.3250530140161345,6.0951566400998347,6.0316757663486245,17.2283663945613519,10.3291104399789759,577.1080109295562579,-20.0192801347241733,9.1076191573807606,559.8796445349943269,7.6615522033384238,7.8523133853888805,-12.0652002040874731,597.5684102756493985,-17.7809180092655055,-8.0546823286566056,609.6336104797376265,8.4955466740892795,6.8809559523589137,-8.0469584942598917,-5.9594554392687984,4.5168603503832037,565.8874880949384760,-14.8610509455557356,12.8533403132218975,573.9344465891986147,15.7185229591874283,15.3968931750138260,-0.4540601336313513,637.0858451002802667,-29.4404777691015447,-1.1953496995508441,637.5399052339108721,9.2540347589110414,9.6651498310622266,1.4634370116470687,-1.6378245110670318,751.5763084660164850,1.2782465372489682,1.7626482146800428,750.1128714543688147,7.7661773565622418,7.1586728327770235,-2.2790490403583936,-0.9116196161433567,617.8315041286588212,3.5200663433342925,0.9379146134277176,620.1105531690172938,4.5614159603970750,4.5983312180962823,472.3341121637775473,8.2842350857026315,4.7503172480129949,6.8071094701683359,469.8470803399092119,5.7121916998309299,3.1654611247055979,5.5190804256378492,486.9480818058447653,24.6915841340213582,12.8947812217500157,15.2098579482518854,466.7435876282189611,-0.5157195575822157,3.9131289353965570,1.9657287867907061,0.2673775392414720,-2.4870318238681728,-2.5720433858698328,-1.2880290445299214,-0.9552138443952677,-1.5318179794722511,-0.6336292952121645,-0.5941002911149856,5.1623572409186700,14.6139696420672678,16.4073490483172435,8.4027484780825787,7.4491426584192322,7.1648269836482967,3.1103657084875840,2.9201378764231913,4.5022166749862169,-5.5905245355593092,-8.7999546432816196,-4.8413806833770252,-6.4308525440796780,0.8403280085205903,0.0054429404425480,-0.0037906447508324,48.2035107120441992,6.4027849899002316,6.0056846347247932,3.2373238651950316,1.1552291550844536,1.1563930504811530,2.2526816914754519,2.0820947101106722,9.5962886409938974,1.0962886409938974,4.5572192198265666,-1.4205001625973199,3.9631189287115451,7.4773570962497224,4.5534285750757135,2.2526816914757681,2.2526816914756269,670.4297531964090240,6.0966693033043073,9.5318773205351182,671.3256704602200671,7.5405281398708723,1.8179773945612723,233.3889481332397509,0.7918930295900064,4.5500293222715058,4.2504218088961965,237.9058084836239004,1.3417274885033397,1.3538181724507694,1.2746411140781742,-4.5168603503833751,735.4757319381234311,263.1416197743454291,2.4466199579728567,-0.9619294014253219,-2.1687598388498417,0.0909596359473849,32.8062752767400667,0.4074154261178735,0.5372324273748229,0.7219848868179144,0.4290781417156256,-1.0105237985287725,461.8961148692206962,-4.6390749346223963,7.5847532794093553,429.0898395924808142,-5.0464903607417444,7.0475208520328962,2.7760285105311695,426.3138110819501776,-0.6423547911078978,-0.9951945399376928,390.2400668398151424,37.3425805997124769,15.8476235070984686,357.4337915630747489,36.9351651735929849,15.3103910797242335,-10.2179039608069839,367.6516955238813011,-5.4669160618764687,-7.6326492111798236,0.0123750342318561,-5.4774474015515704,1.0464923487848483,-1.1190396936079154,-0.0299960949562260,0.0000000000000000,-1.9716281998085812,0.0147063012419679,0.0000000000000000,0.1671956638502805,0.0377492915603306,0.0000000000000000,-0.1641552845785683,0.3281125862857728,1.9323095198659814,-6.9095320532183280,-1.4089586419406597,1.3837681680972027,-1.4715643859210186,1.0464923487848470,5.1855067123831322,-5.4774474015515544,0.6941888270091849,-0.3996958383146894,-0.1089748047730540,-0.0100078902342598,4.0217349998354095,-0.0425065576804175,0.0123750342318560,-0.0729564843057167,0.6540937252251824,-0.2005777160754185,-0.0865384060040434,0.3164631082123619,0.0096059921944908,0.0393313669829201,-0.0524895206024075,-0.5384861867691609,-0.1067285949267112,-1.7544262603730303,0.0486488996989983,0.3722498207091292,4.9795457560554155,-0.0690835015223480,0.1362968474268431,0.7345973758726558,-13.0000000000000000,,,,,,,,,,,,,,,,,,,,,,,,,,,,,,,,,,,,,,,,,,,,,,,,,,,,,,,,,,,,,,,,,,,,,,,,,,,,,,,,,,,,,,,,,,,,,,,,,,,,,,,,,,,,,,,,,,,,,,,,,,,,,,,,,,,,,,,,,,,,,,,,,,,,,,,,,,,,,,,,,,,,-2.5132008274289888,-1.3675395501015828,1347.0000000000000000,355.1283034025316283,281.0000000000000000,578.0000000000000000,1778.0000000000000000,-16.2096460714276276,371.8716965974683717,105.8716965974683575,308.5755472540970459,17.0770873913157999,482.3239010943783569,26.7196421696831017,-65.2073309145985149,171.2784697379416912,67.6772150169381348,1563.6174896868799351,10.7308550436691803,14.0534182426653533,568.0466858807501467,581.5119505390019867,-154.2924317929119979,634.9681674872280155,104.9124868087336608,63.3628995325052031,0.5446061672214111,0.5131443708332502,113.3951401148270151,27.4210965302024761,140.8162366450294769,5.8700268704853098,0.2344707844569811,,,268.6877407068435559,0.1496988417532502,808.8705126449674481,798.1860266917250328,24.2678660249257518,209.9246080532237499,36.3235538581449191,82.9474531054694495,-34.7726376105155452,-30.4346933040829626,1.2864510289067255,1.7782745356605716,-2.1718218856942144,0.0866253946681468,-18.1427084098140767,9.5352458706903178,-16.2897855997086509,-7.7388297139787738,-13.8095246717659563,13.7159405342789427,-25.5025118807417357,-1.1882337766384552,8.6370529664654612,7.0441408486194348,5.8784886402265926,5.6742226355382712,28.0071379153274336,16.4275004402579299,-0.5143920073976176,1.9851764555650249,6.2863512837740814,10.0009452781744557,0.7950367953831972,4.6551311486520746,6.6122089740581425,,,,,,,,,,,,,,,
"2017Q1",7.4249536809119396,2.9709893412644099,18.4786640617053983,753.2355949356176552,619.7974975871276229,721.7595679654785954,598.3232281334516074,578.6007890371417943,590.9743650877491064,639.6015628875903758,473.6534954818050096,488.9984491395713349,469.2416800739867995,6.2174613844038173,9.5170956879739403,671.4040499611238602,739.1065287556259591,0.0239725799426722,32.7711363051729734,0.5982071677547469,-0.9802276299385489,466.0272934305366448,397.3896276688975036,7.0489386251796304,-1.9984412331908175,20.7466994785686332,5.1569182640488300,7.4249536809120551,18.4786640617053770,24.5000000000000000,5.1689991813767175,17.2593303353183529,-0.0288899662368304,-0.0150730258628001,-0.0011210117187508,1.2204547381057935,0.0029921085349152,-3.7244105551946918,751.9795094470537151,723.8338576767592940,561.7336938734688374,611.5029138811631810,577.8354321156858759,639.8267703800416939,4.5015166121039512,7.9936258361466184,0.8442390221607664,4.2709143677004295,8.2014693349117334,9.9923697830684315,5.2775332721095793,2.0671302697209710,238.2383046416369439,1.7838724992100303,7.9867642174264137,12.4096688460583913,-4.9418731847655559,2.9709893412644099,1.2560854885640784,-2.0742897112797247,16.8670951636724489,-13.1796857477107956,13.1389329720635981,-0.2252074924505572,-1.4541163147445668,-4.9779273071749222,753.2355949356176552,0.2149808115697118,3.8971870588575825,470.9148089318348411,-0.1167834650229412,4.6733744225188154,0.6715432819350780,-4.9630211778171160,7.4249536809120551,12.4096688460583913,-0.0428419803809199,-4.9418731847655559,20.7466994785686332,24.5000000000000071,-0.0288899662368304,-3.7244105551946918,5.1569182640488300,-0.0150730258628001,5.1689991813767175,0.0029921085349152,18.4786640617053770,17.2593303353183529,-0.0011210117187508,1.2204547381057935,2.9709893412644099,-2.0742897112797247,-2.4483151812501260,721.7595679654784817,-13.2666453029694047,-2.2883296521633212,723.8338576767592940,6.0352186509700427,6.0359885297631894,16.8670951636724489,10.1163793919042000,578.6007890371412259,5.9711124303434957,-3.0174097028138114,561.7336938734688374,7.4161973538991806,7.6828651753338200,-13.1796857477107956,598.3232281334516074,3.0192714312100843,-8.5729289177746146,611.5029138811631810,7.4772136057023246,6.8459012433629676,13.1389329720635981,7.7355450735104068,4.9779273071745544,590.9743650877484242,100.3475079712430045,31.5268318083929842,577.8354321156858759,15.6039421059460572,15.5086690334004764,-0.2252074924505572,639.6015628875907169,10.0628711492443124,3.3388121689705699,639.8267703800416939,9.1474605845209229,9.4528091819996050,1.2560854885640784,-1.4062780943133597,753.2355949356176552,6.6371458784104416,0.2149808115697118,751.9795094470537151,7.4665519707407766,7.2297380952967778,-1.4541163147445668,-0.5816465258978275,619.7974975871276229,7.8639738338751961,0.0196182928026993,621.2516139018730428,4.5642429314228314,4.5734983600026080,473.6534954818052938,5.2775332721095793,3.0546744496575937,7.4157648382356358,470.9148089318348411,4.2709143677004295,2.4615251298571792,5.8506287879806047,488.9984491395722443,8.2014693349117334,4.4368353884328098,16.4735746734595274,469.2416800739870837,9.9923697830684315,6.6278401006012198,4.2218933458895096,0.0092829294168431,-2.7386865499700379,-1.0066189044071578,-1.5651360502543956,-1.0378147902453001,-1.7008717597240699,-0.6762151210053633,-0.6167366367772223,2.4266465405372539,15.3449536577670536,2.9239360628004940,9.0578098352234377,7.3513278216206022,7.9936258361466184,3.3151954099934735,3.0289118537740434,23.5096975301288822,-4.4118154078187217,4.7148365109623711,-3.1938714923455294,-5.2560544299796597,0.8442390221607664,0.0156440545624290,0.0018709048973038,35.9963566265681294,6.2174613844039532,5.8924317608193295,3.7559362545472639,1.6888059848263501,1.3411853433627754,2.3582810313371092,2.0671302697209710,9.5170956879739386,1.0170956879739383,4.5015166121039512,-2.1279410437883262,3.8847799753267389,7.5304284658779830,4.5033875170012712,2.3582810313374121,2.3582810313372815,671.4040499611235191,3.8971870588575825,7.8502382529878272,672.6009923527284400,7.9867642174264137,1.7838724992100303,233.2603773344615092,-0.5142831951121001,3.0164504252897806,4.9447621116740343,238.2383046416369439,1.3299846320520965,1.3527441538432283,1.2634854004494946,-4.9779273071749222,739.1065287556257317,265.4530332738202105,9.2456539979029948,-0.0482834894801187,-2.1877346533410651,0.0239725799426715,32.7711363051729734,-0.1405558862679269,1.0168409602826791,0.2836078369092483,0.5982071677547484,-0.9802276299385494,466.0272934305368153,16.5247142452627926,11.3327753278864058,433.2561571253635861,16.6652701315291196,10.3159343676023880,7.0489386251796891,426.2072185001843536,-0.4263703270619678,-0.7595994192426216,397.3896276688981857,28.5982433163283041,47.3207605515997898,364.6184913637243312,28.7387992025948869,46.3039195913172179,-1.9984412331903032,366.6169325969142392,-4.1390517078643780,-6.2136267942099428,-0.1167834650229412,4.6733744225188154,0.6715432819350780,-1.0605630175396348,-0.0743416440410231,0.0000000000000000,-1.2857599178183534,0.0114648561834708,0.0000000000000000,0.0029921085349178,0.0394629959929772,0.0000000000000000,1.2204547381057869,-2.6371879915874388,6.3977211893009525,19.3578496807860603,-1.3944225101812810,0.8746382675669535,-0.5424966986012083,0.6715432819350866,-6.7811756713777722,4.6733744225188030,0.3772094712870735,0.0304359110794296,-0.6302456259432773,-0.0578797003417291,4.8368014242588355,-0.0338237252010125,-0.1167834650229410,-0.2238805471704584,0.3097419868198950,-0.0054757443426986,-0.0878823274342753,0.3178399993928445,0.0107454081640677,0.0553435179739229,-0.0523071558951203,-0.5313030684873474,-0.0615294778478720,-0.8625407730857475,0.0915697966440083,5.3278009486504132,5.4606286581983454,-0.0707562112626474,0.1517489849351611,0.7811727478254682,-12.0000000000000000,,,,,,,,,,,,,,,,,,,,,,,,,,,,,,,,,,,,,,,,,,,,,,,,,,,,,,,,,,,,,,,,,,,,,,,,,,,,,,,,,,,,,,,,,,,,,,,,,,,,,,,,,,,,,,,,,,,,,,,,,,,,,,,,,,,,,,,,,,,,,,,,,,,,,,,,,,,,,,,,,,,,-10.2129283857723578,4.5173188529353183,1370.0000000000000000,312.4212230635328069,349.0000000000000000,579.0000000000000000,1846.0000000000000000,-12.3609197998182445,393.5787769364671931,129.5787769364671931,342.5703604767099932,18.4786640617053983,461.9120907360119759,25.8330837737538985,47.1599493326509958,29.7839430417564834,42.3978378848944857,1621.4324850787199921,14.5231872700096574,11.6523732023816677,568.3003899659322542,595.7001698147860225,-154.4648173105140074,671.2617266351010130,58.7021659812696726,67.1197870183335965,0.5737140554230977,0.5098902852915662,,,,2.8442752591312899,1.6096890805162398,1.8674209514082074,8.6890161326622390,52.1089444618977424,0.0000000000000000,810.4575295497602383,803.7801008073716957,22.3762964625866516,36.1502622676642176,47.3782205323892569,51.4603777267516662,-0.2149587594322746,47.3749080920832739,6.8623593070456650,0.2152120610006989,-12.4242850457418967,-2.2623459640318515,6.1529852073760338,-2.9723403428712913,3.0653136426333560,-8.2157332465337731,172.7744506751722611,37.0627025639842884,10.5865970203691262,3.3951760479287856,5.4192775889569873,7.6976575728866266,4.3634303066015718,6.0251652408592093,8.5471758927886867,17.9081501403334187,10.5086594354216061,4.3122828242018585,3.9741235929799075,8.1665932260608542,-0.5129630231985800,3.0624062050434162,6.4148143504007216,,,,,,,,,,,,,,,
"2017Q2",9.7315751688497905,3.8883604476092302,17.2991764117814988,755.2372523735773484,621.6516452272463766,725.3528000199298731,605.4324469500808164,577.3908388054817351,599.8369078185165790,644.8868041640076854,473.6875165932321465,485.9284089243340645,469.9770742023989101,6.1282446627272043,9.6661031438682521,671.9579767984041609,742.9929961602058484,0.0142984891265527,32.6960888995016887,0.8992776835044946,-0.9569805119834608,464.6122021381272589,390.5265348978148836,5.7614634944042677,-8.0533560525438475,22.0746654370226594,4.9560861436085979,9.7315751688497514,17.2991764117814952,24.5000000000000000,5.2257856226223476,17.3315452310085512,-0.0336651869478373,-0.0175644453641972,0.0464040195503397,-0.0787728387773865,-0.2521350336495499,-2.3916693760296663,753.7735485932309984,725.3118182915751504,563.5070659336154222,613.2969530273398959,581.6378835413445358,642.1137769634904089,4.4683887645834162,8.8498939788853441,0.8494465572549432,2.4187624127478715,-12.2801608609513480,2.9415765136456851,0.1360844457069883,2.0866122401493028,238.5752972948429260,1.7630206699504303,8.1662588872517379,12.3942403916138062,-2.5650315709018221,3.8883604476092302,1.4637037803471151,0.0409817283550858,13.8837728718653626,-7.8645060772584552,18.1990242771728994,2.7730272005178698,-0.7399606184080737,-5.4407311319598124,755.2372523735780305,1.7249858288573676,2.2157073491195916,471.5194995350225327,-0.1832185670555860,-1.9588860425774532,-0.7991420357134271,-2.5804600253464667,9.7315751688497514,12.3942403916138062,-0.0976336518624099,-2.5650315709018221,22.0746654370226594,24.4999999999999964,-0.0336651869478373,-2.3916693760296663,4.9560861436085979,-0.0175644453641972,5.2257856226223476,-0.2521350336495499,17.2991764117814952,17.3315452310085512,0.0464040195503397,-0.0787728387773865,3.8883604476092302,0.0409817283550858,-0.3277341914843670,725.3528000199299868,14.3729282178051623,-6.7395175891515970,725.3118182915751504,5.9118424592640846,6.0161276738899927,13.8837728718653626,8.8297942910017788,577.3908388054816214,-4.8398009266383788,-5.7612996716373353,563.5070659336154222,7.0934882405901325,7.4830477072826902,-7.8645060772584552,605.4324469500812711,28.4368752665181610,5.7505135406890258,613.2969530273398959,7.1761565847076216,7.3070382545606600,18.1990242771728994,10.9118917588345550,5.4407311319595468,599.8369078185162380,35.4501709230695852,45.7168073330916229,581.6378835413445358,15.2098057026314848,15.5022324093266306,2.7730272005178698,644.8868041640082538,21.1409651056700625,2.7797217377080798,642.1137769634904089,9.1480263337958672,9.2802775685406846,1.4637037803471151,1.0734970659433851,755.2372523735780305,8.0066297518427678,1.7249858288573676,753.7735485932309984,7.1761565847085382,7.3533662430999129,-0.7399606184080737,-0.2959842473632280,621.6516452272459219,7.4165905604696611,3.2129199233056203,622.3916058456547944,4.5599677751266707,4.5631219528513904,473.6875165932322602,0.1360844457069883,2.0003727379623788,5.9618624716274304,471.5194995350225327,2.4187624127478715,2.7969061741800125,4.8539166245913021,485.9284089243335529,-12.2801608609513480,-2.9518363330932216,11.9815598347829955,469.9770742023990238,2.9415765136456851,4.4247650081824119,4.6159952161353033,0.0828167978862460,-2.1680170582093989,2.2826779670425790,-1.1079458470353201,-0.2923866622612352,-1.8756303959474399,-0.6990345448918072,-0.6489031426417640,0.5675471136105363,12.2408923311015592,-12.4162453066599614,6.0196973631552302,3.3909983522163394,8.8498939788853441,3.4250725709561340,3.1837351799448488,-0.4582462936467566,-3.7104423908336508,2.8054920679423283,-1.3458672554922249,-4.5598889480887257,0.8494465572549432,0.0208301403788783,0.0093228805808982,-22.9322474785170023,6.1282446627272380,5.8559664598406753,3.3313384885475563,1.2447262483983574,0.8679923172914026,2.0340954611600872,2.0866122401493028,9.6661031438682521,1.1661031438682516,4.4683887645834162,-1.6601023667134114,3.8194856219416464,7.6521239445282259,4.4777116451643115,2.0340954611603905,2.0340954611602786,671.9579767984035925,2.2157073491195916,6.2403840089683875,673.3720761593912130,8.1662588872517379,1.7630206699504303,233.1345661628825212,-0.5032446863147078,1.9299439700948686,4.6133727048176949,238.5752972948429260,1.3479706128235023,1.3476565047974312,1.2805720821823212,-5.4407311319598124,742.9929961602056210,269.3054795669730197,15.4097851726135211,5.8223783507013724,-2.1924475066579716,0.0142984891265557,32.6960888995016745,-0.3001896226852685,0.5434765857183326,0.1559008477753576,0.8992776835044929,-0.9569805119834601,464.6122021381275431,-5.6603651696383199,2.4131915508041297,431.9161132386253144,-5.3601755469546868,1.8697149650843057,5.7614634944037935,426.1546497442218993,-0.2102750238478117,-0.5360421573219563,390.5265348978189195,-27.4523710843138566,9.2208510507688786,357.8304459983164065,-27.1521814616299366,8.6773744650505193,-8.0533560525400425,365.8838020508556497,-2.9325221842294362,-4.8572651100917312,-0.1832185670555860,-1.9588860425774532,-0.7991420357134271,-0.0971342230229748,-0.0750000000000274,0.0000000000000000,0.2154180126066763,0.0152364003144515,0.0000000000000000,-0.2521350336495471,0.0348081990433527,0.0000000000000000,-0.0787728387773883,1.9450538370708124,3.2178988093267478,10.7425745249867504,-1.0982038545761650,-1.4155516213683086,-0.1583140925102415,-0.7991420357134267,-14.2550161780136531,-1.9588860425774470,0.3229586800338489,0.2507170246917056,-1.0176253341012593,-0.0934553878256254,5.8372624660981627,-0.0214592454758177,-0.1832185670555860,-0.3135025535122383,0.0244573940845056,0.0963354706028638,-0.0708778280044603,0.2433704290002014,0.0067504912726839,0.0844852123740106,-0.0424645793385877,-0.5378398016041152,-0.0082357360195602,-0.5837974595944111,0.2319677376565882,1.3911215467923981,-6.5944939523109838,-0.0747756450387667,0.1734582705079679,0.7926243528488581,-11.0000000000000000,,,,,,,,,,,,,,,,,,,,,,,,,,,,,,,,,,,,,,,,,,,,,,,,,,,,,,,,,,,,,,,,,,,,,,,,,,,,,,,,,,,,,,,,,,,,,,,,,,,,,,,,,,,,,,,,,,,,,,,,,,,,,,,,,,,,,,,,,,,,,,,,,,,,,,,,,,,,,,,,,,,,-6.6667275967382977,3.9781739152359563,1424.0000000000000000,282.7245515930693500,385.0000000000000000,613.0000000000000000,1917.0000000000000000,-12.0306635356944938,438.2754484069306500,153.2754484069306784,343.9541353744776302,17.2991764117814988,569.4160836471020275,27.0586939995968017,71.7087833479745598,76.3927939683017172,77.3603709563481630,1685.6895062396499725,15.5458696183195570,4.5169019754356725,570.2063879177694616,585.4323488563489946,-136.4920323474750035,693.8261244593179526,-8.7721103429227014,97.7180062274022987,0.5673505665122918,0.5064498477224638,,,,3.5575172344055801,2.2856974868349802,,,80.9024759492389762,0.2909300224212680,812.8726267393274156,808.9224554152091287,20.5694184313497317,92.2095664650542233,80.0475336221075651,93.3774757658496242,-21.1508854445400303,92.8596687925145829,8.3358889300061634,1.7399496267118479,15.4571503130285919,-6.5174292248366186,-4.7245493518252886,-5.5984786259878803,32.8922884266804942,5.9190710016035837,42.5470178652516040,57.9594349623828862,23.5418341844512184,2.8187164789932808,0.1361770826055135,6.1431665541861804,2.4482517497878717,4.9736485252515763,-11.5560889738525816,12.7288958465633755,2.9852682317958283,4.7241906167320593,2.2404364481619581,6.4392102147545813,-0.5019805317291315,1.9486877762063557,6.3199168801594485,,,,,,,,,,,,,,,
"2017Q3",12.2760685722850003,4.3717161944415501,16.8169318616399011,757.8228186509547868,623.6208776615254692,727.6124177913392259,612.6897882599834020,576.1239198027118391,594.2413840020368525,647.9508501478611606,473.6970558583648767,485.6085717367475922,470.5896722441628981,5.7680286620444994,10.2821610033584037,672.7240450670891505,746.6574638310549972,0.0626326202421055,33.6436500617839442,1.0511229625647494,-0.9424330841309077,463.7295531693466160,391.8864056244265726,3.9253649970678453,-7.1779655896968393,23.2893269454793561,5.8036734884456562,12.2760685722851299,16.8169318616399046,24.5000000000000000,5.2844298759459472,17.4033426233206967,-0.0536940709421160,-0.0280142978829528,0.0782537630958367,-0.6646645247766638,0.5472579103826493,-1.1569789835786788,755.4882938273775608,726.7566144119500677,565.2005456878492851,615.0116982614877088,585.3241117097804818,644.4019124692621290,4.4731480311635536,9.6943097612236393,0.8543334278790364,0.0958614276054726,-1.2793487503421317,2.4503921670516271,0.0381570605307563,2.1510269028769247,238.9256245018038953,1.7622166005566922,6.8045292695375288,12.3810872526252549,0.0549434515806879,4.3717161944415501,2.3345248235766345,0.8558033793898449,10.9233741148615415,-2.3219100015032192,8.9172722922573051,3.5489376785996041,0.0937144417089656,-4.1013942648545614,757.8228186509545594,6.5660718192506877,3.0642730747441558,471.5434648919251117,-0.1986691627013319,-1.7222880018987661,-2.8217232368644991,0.0417903125921448,12.2760685722851299,12.3810872526252549,-0.1599621319209314,0.0549434515806879,23.2893269454793561,24.5000000000000142,-0.0536940709421160,-1.1569789835786788,5.8036734884456562,-0.0280142978829528,5.2844298759459472,0.5472579103826493,16.8169318616399046,17.4033426233206967,0.0782537630958367,-0.6646645247766638,4.3717161944415501,0.8558033793898449,0.4530164135737498,727.6124177913387712,9.0384710856378891,1.9872502334241344,726.7566144119500677,5.7791844814976931,5.9553505579565442,10.9233741148615415,7.0704447272377591,576.1239198027120665,-5.0676760110773573,-5.9889111605258192,565.2005456878492851,6.7739190169383026,7.2362892036893172,-2.3219100015032192,612.6897882599830609,29.0293652396096036,10.6761484820190589,615.0116982614877088,6.8589809365878551,7.5019744502712147,8.9172722922573051,5.2462334019120291,4.1013942648542612,594.2413840020378757,-22.3820952659098253,24.6386331707113477,585.3241117097804818,14.7449126737488196,15.3192958603786202,3.5489376785996041,647.9508501478613880,12.2561839354191964,3.5048856053059754,644.4019124692621290,9.1525420230920957,9.1755159250799299,2.3345248235766345,1.1149935070464521,757.8228186509545594,10.3422651095099347,6.5660718192506877,755.4882938273775608,6.8589809365895782,7.3169667121502595,0.0937144417089656,0.0374857766835858,623.6208776615250144,7.8769297371141320,6.6693901187003455,623.5271632198164298,4.5422294966489849,4.5569640408968439,473.6970558583656157,0.0381570605307563,2.7715829341159712,3.4340024660129309,471.5434648919251117,0.0958614276054726,2.6481486233806710,3.1244324769725944,485.6085717367471943,-1.2793487503421317,2.4867528635200733,4.8333859644076211,470.5896722441633528,2.4503921670516271,4.8506104882366836,3.7171547265487304,1.0473410058911450,-2.1535909664403157,0.0577043670766665,-0.3095699890396754,-0.1056426134392492,-2.0479483530004043,-0.6892718282099750,-0.6745376973315973,5.4532088960298175,11.9115158783824757,-1.3175058108740392,1.3993834983943381,2.2172061171589856,9.6943097612236393,3.3776631293549575,3.3070742046967858,2.1757498642474107,-3.1073836142023143,2.4122351065239140,0.2831522605364227,-3.9617170420813972,0.8543334278790364,0.0195474824939769,0.0153661544686804,9.6635900581111027,5.7680286620446246,5.9349031058302799,3.1198800386640118,0.9688531357873754,0.1189989135163693,1.9011599168751969,2.1510269028769247,10.2821610033583948,1.7821610033583970,4.4731480311635536,-0.5793541905714744,3.7986103338319719,7.7802222358603235,4.4885141856322495,1.9011599168755227,1.9011599168753626,672.7240450670891505,3.0642730747441558,3.8184591965058661,673.8426916411395950,6.8045292695375288,1.7622166005566922,234.8242302369485799,6.7586562962663592,1.6332553611062655,6.3837007066237712,238.9256245018038953,1.4013088278433112,1.3552478903055067,1.3312433864511348,-4.1013942648545614,746.6574638310546561,272.9604079726893247,14.6197136228672697,10.4304431878357313,-2.1796158936979522,0.0626326202421090,33.6436500617839300,3.7902446491292827,0.9392286415735039,3.4282482652270243,1.0511229625647531,-0.9424330841309096,463.7295531693466728,-3.5305958751242290,0.6736695664701297,430.0859031075623307,-7.3208405242550372,-0.2655590751047492,3.9253649970677662,426.1605381104948833,0.0235534650938013,-0.3138616692333045,391.8864056244252083,5.4394829064354031,10.9819839345347692,358.2427555626404683,1.6492382573046935,10.0427552929611501,-7.1779655896983403,365.4207211523379897,-1.8523235940710823,-3.5977033870119706,-0.1986691627013319,-1.7222880018987661,-2.8217232368644991,-0.0724640293630650,-0.0750000000000071,0.0000000000000000,0.5171895796420660,0.0199335344547249,0.0000000000000000,0.5472579103826591,0.0351128446222953,0.0000000000000000,-0.6646645247766720,0.5419287047837145,1.6158642282322049,-2.1106044210051067,-0.2165786060559691,0.1504998592018083,0.3896986890721905,-2.8217232368644858,1.8238779520317827,-1.7222880018987325,-0.2758836765086059,0.7326681738769658,-0.6575191740084420,-0.0603844139395512,0.1013308676435480,-0.0043860645305813,-0.1986691627013321,-0.3264981195204558,-0.0660060516491829,0.1003136980878692,-0.0363034986558469,0.0970715425326296,0.0008003561529878,0.1207367456609836,-0.0245020023987019,-0.5521579550448690,0.0491920404631465,3.6343438013539018,0.0977960267545857,0.3532576305371933,-1.2990156713424028,-0.0811506233457931,0.2128009865567928,0.7869463717356133,-10.0000000000000000,,,,,,,,,,,,,,,,,,,,,,,,,,,,,,,,,,,,,,,,,,,,,,,,,,,,,,,,,,,,,,,,,,,,,,,,,,,,,,,,,,,,,,,,,,,,,,,,,,,,,,,,,,,,,,,,,,,,,,,,,,,,,,,,,,,,,,,,,,,,,,,,,,,,,,,,,,,,,,,,,,,,-3.1205268077041239,3.4390289775366369,1435.0000000000000000,326.6591949872336045,408.0000000000000000,679.0000000000000000,1944.0000000000000000,-13.8503859323143139,454.3408050127663955,143.3408050127663955,308.6150620708600059,16.8169318616399011,507.8213466112264882,28.5192912812047012,54.7888373740157419,64.7655906523507241,79.6518565140000021,1748.6068048016300054,14.6578706833965953,-1.4343624228210792,574.1063886717757896,607.8407196946830027,-137.3957332666010132,695.7217207927050140,-34.8166005154331515,155.2403100643290088,0.6373503254016518,0.5155306883764912,,,,5.1205087850944402,2.7838435927490099,,,61.1983855431851396,0.1139729967608267,814.6615373559750424,813.6384367909768116,18.8639255030707318,77.5784189490047709,124.6664287217640492,95.4096925924480246,28.5752896167375994,26.2135477572781461,10.8960013205009858,6.7864348750562300,9.4595305411540238,2.0071275028966511,-4.9414111845555766,-5.8131029868103781,33.6819990786407004,11.2668834420117179,-20.0541737568316449,27.9393748448782731,13.0389020439701824,3.5670306327053822,0.0381643412631121,3.4936450821839884,0.0959073893573361,3.1737552134296578,-1.2711998720915716,4.9520989544007250,2.4806610053185665,3.7871049508026289,3.1117051653770460,3.8922992015996130,6.9922871283033032,1.6466658863763257,5.9376244802129552,,,,,,,,,,,,,,,
"2017Q4",6.9847183905202499,4.7360216133219701,18.9401460179836008,758.1353670847458943,626.1710168735204434,728.5547633325455763,610.0479110780070187,569.1063211946835736,604.5204150057888910,649.6034730344101717,474.5671632463522087,486.5068671626354444,473.0954871091733480,5.5902409969927920,10.2154914687867251,673.6804980866869528,748.3171815257474009,0.1696612934768496,35.3614686922251664,1.2192040765361967,-0.9378256548420679,462.5706145415471156,407.2656440363988395,0.9762280392004641,6.7131015237112592,22.5211762853798199,3.4036881231239873,6.9847183905202801,18.9401460179836079,24.5000000000000000,5.3361031348797452,17.4767837277506537,-0.0225872760441009,-0.0117846657622408,0.0417345147486992,1.4216277754842701,-1.9206303459934837,-1.9562364385761870,757.1533116045607130,728.1793977094479260,566.8299983173384362,616.6767160386700652,588.9192738132514933,646.6719700897768917,4.4971580996120748,10.5038461444070350,0.8580957891517803,2.8865528046914779,3.5931817035569473,10.0232594600332643,3.4804295519448658,2.2243925392063195,239.2922230673300703,1.7691436450471221,5.2133235725285809,12.3593194071290498,-5.2984945600538245,4.7360216133219701,0.9820554801845286,0.3753656230974203,2.2763228773449926,-6.6288049606619204,15.6011411925388188,2.9315029446332654,1.5173891460448523,-2.5153593815162023,758.1353670847449848,6.5590586187294617,3.8258120783884242,472.2651030930987872,-0.1606953753247941,2.2947049093985386,-0.4145283499245399,-5.3202624055500589,6.9847183905202801,12.3593194071290498,-0.0761064565550680,-5.2984945600538245,22.5211762853798199,24.5000000000000142,-0.0225872760441009,-1.9562364385761870,3.4036881231239873,-0.0117846657622408,5.3361031348797452,-1.9206303459934837,18.9401460179836079,17.4767837277506537,0.0417345147486992,1.4216277754842701,4.7360216133219701,0.3753656230974203,0.0760096052078201,728.5547633325455763,3.7693821648281629,3.4785340413225159,728.1793977094479260,5.6911331899961253,5.8543446954305312,2.2763228773449926,1.4412721031157913,569.1063211946836873,-28.0703944321064114,-8.0016897348716380,566.8299983173384362,6.5178105179597079,6.9503537823445356,-6.6288049606619204,610.0479110780069050,-10.5675087279057429,12.4795008023569522,616.6767160386700652,6.6600711087308087,7.0431055589311935,15.6011411925388188,9.9017235844916733,2.5153593815158395,604.5204150057895731,41.1161240150154654,38.6329269108537616,588.9192738132514933,14.3806484138857673,14.9848272240530793,2.9315029446332654,649.6034730344105128,6.6104915461991247,12.5176279341314558,646.6719700897768917,9.0802304820634792,9.1320648558680997,0.9820554801845286,1.0911617813088712,758.1353670847449848,1.2501937351644625,6.5590586187294617,757.1533116045607130,6.6600711087330158,7.0404401501927056,1.5173891460448523,0.6069556584179392,626.1710168735205571,10.2005568479779996,8.3395127448612882,624.6536277274758504,4.5058580306374836,4.5430745584569294,474.5671632463514698,3.4804295519448658,4.8204682916292940,2.2330510825732532,472.2651030930987872,2.8865528046914779,4.5824675608044698,2.4180227531876195,486.5068671626358423,3.5931817035569473,4.7975746844851397,-0.4412146432084364,473.0954871091731206,10.0232594600332643,7.6013778776682486,6.3518994809527891,0.2825725078447349,-2.3020601532531186,-0.5938767472513655,0.1849716706150042,-0.0889921110173804,-2.2130680422350419,-0.6604787569370092,-0.6812500627628402,9.2306923380465467,11.9397039162842784,0.1127521516110035,-2.6742657257823574,1.4358577718771501,10.5038461444070350,3.2381455327351798,3.3390191607586397,1.3327687962490020,-1.4716761371791929,6.5428299080924859,4.1188483983801945,-2.3297719263308823,0.8580957891517803,0.0150494450921322,0.0177677806313682,65.4704889936877521,5.5902409969927209,6.0610718818810865,1.0077734361888697,-1.2166191030173013,-1.1034880811213661,0.6120033876658078,2.2243925392063195,10.2154914687867251,1.7154914687867187,4.4971580996120748,0.7333498587469267,3.8159080368492138,7.8361772603706807,4.5149258802434256,0.6120033876660702,0.6120033876659942,673.6804980866871801,3.8258120783884242,3.2507448902769553,674.5838060412029336,5.2133235725285809,1.7691436450471221,236.7768636858132538,7.8105337954610636,3.3879155525740452,5.7172585667155751,239.2922230673300703,1.4663942621065986,1.3864145837063004,1.3930745490012586,-2.5153593815162023,748.3171815257469461,273.7500182793949079,3.1584412268280273,10.6083985050494380,-2.1682170129785203,0.1696612934768495,35.3614686922251451,6.8712745217648008,2.5551934154851592,5.8930721633353436,1.2192040765361933,-0.9378256548420683,462.5706145415470019,-4.6357545111971667,0.6744996723261220,427.2091458493219989,-11.5070290329640628,-1.8806937431603310,0.9762280392006424,426.2329178101217053,0.2895187985081284,-0.0808932718295212,407.2656440363958836,61.5169536478887693,17.0255771965812066,371.9041753441703122,54.6456791261200863,14.4703837810966114,6.7131015237053715,365.1910738204644531,-0.9185893274900839,-2.4606217034148483,-0.1606953753247941,2.2947049093985386,-0.4145283499245399,0.0501635161011951,-0.0750000000000232,0.0000000000000000,-1.1463511500709842,0.0158947527310479,0.0000000000000000,-1.9206303459934837,0.0374745306631127,0.0000000000000000,1.4216277754842714,1.0139482706120191,-4.1610416937532015,10.2570876908330888,1.5762364154727624,-0.3322401587458188,1.4799033693612591,-0.4145283499245309,3.8514926516732437,2.2947049093984901,-0.4516824943252580,0.1115465657641557,-0.2998562545992300,-0.0275378192999284,-8.0302569008896771,-0.0045356354751675,-0.1606953753247938,-0.2790158560297625,0.0113780659263580,0.0237122522278058,-0.0165767701294491,0.0002224433538851,-0.0025432891523784,0.1351508756554506,-0.0168512954538964,-0.5743387982742211,0.1107866304492687,3.4430262565377632,0.1216241256187873,-1.4574982589812322,11.9530164041846092,-0.0896358791242571,0.2683206799240401,0.7485019071732451,-9.0000000000000000,,,,,,,,,,,,,,,,,,,,,,,,,,,,,,,,,,,,,,,,,,,,,,,,,,,,,,,,,,,,,,,,,,,,,,,,,,,,,,,,,,,,,,,,,,,,,,,,,,,,,,,,,,,,,,,,,,,,,,,,,,,,,,,,,,,,,,,,,,,,,,,,,,,,,,,,,,,,,,,,,,,,0.4256739813299077,2.8998840398373176,1447.0000000000000000,338.8305482966144382,437.0000000000000000,680.0000000000000000,1988.0000000000000000,-12.2585869843061257,444.1694517033855618,148.1694517033855902,382.0723463628100376,18.9401460179836008,533.4972645890346712,26.2329537534237005,-107.8747777296772057,144.1639814002888045,115.1357145556129637,1777.8709204341801069,6.6388707787696148,2.1927333772880102,574.0139050620208536,646.7958333941950286,-152.0349659306650096,700.3998835990489624,38.0866101047461143,149.7120763755810060,0.6166491878476028,0.5199440145606457,134.5006987058677907,34.0035229879035086,168.5042216937713135,4.4549516096293296,-2.2062548324310498,,,207.2867169655131079,0.0250389423193811,820.4935149509714165,817.9558600674916988,17.2696931060595489,171.0407290157201885,126.3579336376972861,136.6006707227250274,-2.1424266199648248,-105.7323511097123827,1.2580413263063122,6.7789459908572951,3.8413244544792633,3.5397426959193865,-24.4748101001323874,-7.6899251700391318,-10.0283069933889664,13.2916190532634317,50.8568578773097784,47.1569133307775132,6.8338796544863243,13.3348221336736685,3.5417053213413965,2.2581702947524889,2.9286175046331806,2.4474939843019285,3.6585166631824251,-0.4402427213474596,10.5428004760965024,6.5579726093169910,3.8999385604980574,3.3041588141659872,8.1236547917955590,3.4459590449156252,5.7494477782868536,,,,,,,,,,,,,,,
"2018Q1",12.3600141192523996,6.0159732815802904,17.7162136011198008,762.7841818079328959,628.2506830323175109,735.8907537448706080,613.6274806641775967,559.5562431468390514,602.5310351716559580,653.1094331823302355,474.5449934758680115,483.9294565340199483,476.2074772389916575,5.3775803784337608,10.3655204164490868,674.5342475617491118,753.0450038335025056,0.4539023984120405,38.2001985413984357,1.5709293705179879,-0.9442485503340990,466.5375630409050132,417.0435439393048682,1.9550880921652833,13.6895876520746356,22.2431725497557693,7.8330551706166602,12.3600141192526074,17.7162136011198008,24.5000000000000000,5.4112211199399987,17.5434891246081079,-0.0915449364771243,-0.0477625755533896,0.1804124307277867,-0.0076879542160572,2.4695966262300328,-2.1652825137672460,758.8039671784866869,729.5945539718204600,568.4164439781113742,618.3273716125960391,592.4474746234228633,648.9004763719583480,4.5136251998985149,11.2877418253163047,0.8610103540998135,0.8979855576234607,-10.3096425144594708,12.4479605192705574,-0.0886790819360245,2.2636666492052231,239.6718443850730011,1.7653541921167575,2.2611585512844465,12.3677319953319369,0.3120020666787742,6.0159732815802904,3.9802146294463805,6.2961997730509198,-8.8602008312728824,-4.6998909484161162,10.0835605482338337,4.2089568103726416,2.4854114923716710,0.5730022355691277,762.7841818079335781,9.5485868723147984,3.4149979002452495,472.4895994825051275,-0.1075547889051972,2.2885244622386103,-4.8409970930790331,0.3204146548817040,12.3600141192526074,12.3677319953319369,-0.3197199427583232,0.3120020666787742,22.2431725497557693,24.5000000000000249,-0.0915449364771243,-2.1652825137672460,7.8330551706166602,-0.0477625755533896,5.4112211199399987,2.4695966262300328,17.7162136011198008,17.5434891246081079,0.1804124307277867,-0.0076879542160572,6.0159732815802904,6.2961997730509198,4.4315209070669255,735.8907537448706080,29.3439616493051219,14.1311857793915756,729.5945539718204600,5.6606250494892443,5.7606962950602947,-8.8602008312728824,-5.2755570933043838,559.5562431468393925,-38.2003121913762129,-19.0445458903025369,568.4164439781113742,6.3457826430961370,6.6827501046437083,-4.6998909484161162,613.6274806641789610,14.3182783446864903,15.3042525307280268,618.3273716125960391,6.6026222957016998,6.8244577314312904,10.0835605482338337,6.9890246189828309,-0.5730022355693474,602.5310351716555033,-7.9575193365340109,11.5566700839089869,592.4474746234228633,14.1128032406848511,14.6120425077376819,4.2089568103726416,653.1094331823311450,14.0238405916836619,13.5078702947410925,648.9004763719583480,8.9140251287283139,9.0737059919199243,3.9802146294463805,3.3235513386366939,762.7841818079335781,18.5952588927506071,9.5485868723147984,758.8039671784866869,6.6026222957037008,6.8244577314336556,2.4854114923716710,0.9941645969486748,628.2506830323176246,8.3186646351867619,8.4531854451891988,625.7652715399465251,4.4465752498824971,4.5136576380718330,474.5449934758680683,-0.0886790819360245,5.0212766621268967,0.8914979940623664,472.4895994825051275,0.8979855576234607,5.6772718960459807,1.5747905506684252,483.9294565340206304,-10.3096425144594708,0.2715071365665684,-5.0689926055507240,476.2074772389918280,12.4479605192705574,8.5839859293281062,6.9657971650036687,3.2987721506714616,-2.0553939933628937,0.9866646395609526,0.6832925566069997,0.3175002699517420,-2.3728942633140275,-0.6393048843139033,-0.6720225035898910,13.2514320259670235,9.3844630581523933,-10.2209634325248153,-5.9604905996133546,-1.9032787671634637,11.2877418253163047,3.1355827236380112,3.2941159891696397,20.9417598457751737,1.6624837631232356,12.5366396012101475,6.0742991709423029,0.8014734090237643,0.8610103540998135,0.0116582597923163,0.0167713319388280,41.8083396835410213,5.3775803784341294,6.1379869647895999,-0.2996915176117376,-2.5633581668168204,-2.4698139035999582,-0.6042934871503451,2.2636666492052231,10.3655204164490833,1.8655204164490815,4.5136251998985149,2.2431049909232064,3.8416026963086174,7.8077411890681603,4.5303965318373454,-0.6042934871499819,-0.6042934871501475,674.5342475617486571,3.4149979002452495,3.1301976006239451,675.1457624913916789,2.2611585512844465,1.7653541921167575,240.2448466206414537,13.8719317393132862,6.9844692861805289,5.2847477907430971,239.6718443850730011,1.5184852709711201,1.4335397434359958,1.4425610074225563,0.5730022355691277,753.0450038335028466,278.5000103576340962,18.9999683129614247,13.0469770838142392,-2.1852295028312372,0.4539023984120407,38.2001985413983007,11.3549193966930542,5.4290622362255938,9.4799880632781424,1.5709293705179894,-0.9442485503340980,466.5375630409046153,15.8677939974354825,0.5102696103694644,428.3373644995070890,4.5128746007407914,-4.9187926258573711,1.9550880921651690,426.3822764073420899,0.5974343888856042,0.1750579071579023,417.0435439393054935,39.1115996116293942,19.6539162704077768,378.8433453979072851,27.7566802149365230,14.2248540341820657,13.6895876520758524,365.1537577458307169,-0.1492642985230017,-1.4631748510845020,-0.1075547889051972,2.2885244622386103,-4.8409970930790331,1.1479624749193054,-0.0749999999999969,0.0000000000000000,-0.7959170067639718,0.0419231418042768,0.0000000000000000,2.4695966262300235,0.0314732341349013,0.0000000000000000,-0.0076879542160722,5.1156361797133343,-11.2443451743841365,-0.3079523935526112,3.0208371237407912,0.6575670011689105,1.8784558339537445,-4.8409970930790607,-10.5575307183212601,2.2885244622386836,-1.0197635951170252,0.3215780945410396,0.0936345557734799,0.0085990918567476,10.6689739234611149,-0.0318071179753739,-0.1075547889051974,-0.2077406568636146,0.0895839395953035,-0.0737971371301458,-0.0217187314466784,0.0232254712145887,-0.0018862407906791,0.1254107219698415,-0.0268750884256519,-0.6045244062200080,0.2944207825438004,5.4618472333575845,0.3136723613277106,1.3498267078605863,8.7890235397686354,-0.1002054609762312,0.3368674702278414,0.6774660962238981,-8.0000000000000000,,,,,,,,,,,,,,,,,,,,,,,,,,,,,,,,,,,,,,,,,,,,,,,,,,,,,,,,,,,,,,,,,,,,,,,,,,,,,,,,,,,,,,,,,,,,,,,,,,,,,,,,,,,,,,,,,,,,,,,,,,,,,,,,,,,,,,,,,,,,,,,,,,,,,,,,,,,,,,,,,,,,11.6935361034174434,2.5771716763357659,1600.0000000000000000,254.3343394435351854,396.0000000000000000,692.0000000000000000,2025.0000000000000000,-13.2569443965135303,468.6656605564647862,186.6656605564648146,359.2625516060959967,17.7162136011198008,585.2965678812232682,29.7640403141305008,51.5306358457122968,73.8993806422221837,100.6039997871928193,1863.9441611551899314,18.9112892310204188,-5.7103178683513445,581.5633753274540823,656.7944211310240235,-103.8259591284719932,724.8161930826620392,47.7795370109404303,201.2563355368019984,0.6693977397564573,0.5266800827329424,,,,5.5467102072926702,0.7973306303794390,1.5954786370653493,8.0210082919182746,69.8557800614798055,0.2375075001593397,822.3846876319706780,821.9031798154235275,15.7892789917273149,86.9312216504172426,87.9816221978570923,118.3450866355732245,-23.4945360064208835,75.0251718521331838,20.4365158780164222,10.0193274788327642,34.1032200738100073,15.1783784732211160,-31.7507077481983231,-17.3409160329219389,15.3940703650018236,16.5374535799251561,-7.6491424359960121,12.2509384369135432,15.0548063628729949,14.4626866314474682,-0.0886397736584286,0.8954836727068027,0.9020295436718300,1.5872557245609471,-9.7960010048577146,-4.9426627124435925,13.2558921903738849,7.2141415776330859,3.4739784331787860,3.1797034794542611,14.8801606116931993,7.2341626011839253,5.5247993026017683,,,,,,,,,,,,,,,
"2018Q2",7.3492689499818100,3.0275449506088901,19.2665881540652002,762.7379402475585266,628.7922410308265171,734.1663027558868180,613.1443956266456325,567.7637456520553769,606.9272509858870990,646.9963456663097077,476.1313107287953699,487.9622576265156795,481.4673250091454975,5.4882181384351840,10.1409062942017449,675.3831877547410159,754.4130127728215029,0.7196892290763373,39.8480398406786804,1.8592745357313751,-0.9630237832616733,466.7085031265556267,427.1739117425370864,0.2407516769582685,22.0540055943521907,22.1295932456944335,4.4862638583522889,7.3492689499815516,19.2665881540652677,24.5000000000000000,5.4584494399971319,17.6098408977637924,-0.0531081870802127,-0.0277086193463040,0.0596427194403262,1.5971045368611576,-0.9444769622985076,-2.3172985672255035,760.4288886353688213,730.9961640750119614,569.9612512780104225,619.9522930694786282,595.8974505067404834,651.0930084953104142,4.5467779216398165,12.0289911735192518,0.8621898338324177,3.0710149032049192,16.1312043699809458,21.0393910806103825,6.3452690117089920,2.3170836075314010,240.0668699561690858,1.7790102206272287,1.3162552917897203,12.3486085422333645,-4.8588800663850975,3.0275449506088901,2.3090516121893372,3.1701386808756884,-2.1975056259558658,-6.8078974428319246,11.0298004791485038,-4.0966628290008451,1.9343112306077088,1.9070044309435465,762.7379402475580719,7.5006878739804419,3.3957607719681611,473.2573532083068812,-0.1327566921468617,9.2915054893026738,-1.5211061952866876,-4.8780035194837454,7.3492689499815516,12.3486085422333645,-0.1404595258668647,-4.8588800663850975,22.1295932456944335,24.5000000000000320,-0.0531081870802127,-2.3172985672255035,4.4862638583522889,-0.0277086193463040,5.4584494399971319,-0.9444769622985076,19.2665881540652677,17.6098408977637924,0.0596427194403262,1.5971045368611576,3.0275449506088901,3.1701386808756884,2.1459296434816157,734.1663027558872727,-6.8978039559320639,8.8135027359568401,730.9961640750119614,5.6064404127661476,5.6843457834360320,-2.1975056259558658,-1.1876458499511617,567.7637456520549222,32.8300100208596959,-9.6270931534276016,569.9612512780104225,6.1792291995910871,6.4541853443941966,-6.8078974428319246,613.1443956266447231,-1.9323401501317221,7.7119486765639191,619.9522930694786282,6.4996858275272622,6.6553400421372313,11.0298004791485038,7.7846488167925365,-1.9070044309439060,606.9272509858880085,17.5848632569288021,7.0903431673735557,595.8974505067404834,13.7999035332673383,14.2595669653968393,-4.0966628290008451,646.9963456663092529,-24.4523500640835181,2.1095415023015249,651.0930084953104142,8.7701284934054602,8.9792315318221974,2.3090516121893372,2.2032191708411557,762.7379402475580719,-0.1849662414939637,7.5006878739804419,760.4288886353688213,6.4996858275295510,6.6553400421391160,1.9343112306077088,0.7737244922430779,628.7922410308265171,2.1662319940357087,7.1405958035807036,626.8579298002194946,4.3706330410946759,4.4663239545638227,476.1313107287952562,6.3452690117089920,6.7130377223882984,2.4437941355624426,473.2573532083068812,3.0710149032049192,5.6862442231669101,1.7378536732825949,487.9622576265153953,16.1312043699809458,10.5120213013530694,2.0338487021819724,481.4673250091456680,21.0393910806103825,9.6177302289561499,11.4902508067446583,2.2286421759405850,-2.8739575204886219,-3.2742541085022481,-0.7059404622790753,-0.3500696402363761,-2.5238878802515901,-0.6039744677484679,-0.6482574843040432,8.4070236847042992,11.8309468977200005,9.7859353582701818,-0.4099454333811789,-0.1980442757993401,12.0289911735192518,2.9649973928118958,3.1790971946336377,5.1186498844333208,5.3360142803495298,14.6941220689049370,9.0464566711820655,4.4738244465167387,0.8621898338324177,0.0047179189315416,0.0127432765767703,42.4733878404985887,5.4882181384351192,6.2598870614225097,-0.1980260847310586,-2.5151096922621932,-2.1895181796797081,-0.5486118854775017,2.3170836075314010,10.1409062942017520,1.6409062942017454,4.5467779216398165,2.0570031683963048,3.8985204373357774,7.7258751162734178,4.5595211982166006,-0.5486118854772106,-0.5486118854772655,675.3831877547403337,3.3957607719681611,3.4252109563362900,676.1114661380214557,1.3162552917897203,1.7790102206272287,241.9738743871120334,6.9161110658837615,8.8393082242301944,2.1196023013431540,240.0668699561690858,1.5801022843850985,1.4915726613262650,1.5010971701658380,1.9070044309435465,754.4130127728216166,278.2817020440254510,-0.8732332544260413,8.9762224770547867,-2.1685116215066320,0.7196892290763350,39.8480398406786946,6.5913651971211236,7.1519509411771161,5.6691447036205673,1.8592745357313718,-0.9630237832616720,466.7085031265556267,0.6837603426044616,2.0963009884292387,426.8604632858766763,-5.9076048545181834,-5.0556499527490573,0.2407516769577834,426.6197116089193742,0.9497408063159649,0.4650618646975209,427.1739117425373138,40.5214712129321484,36.6473768447215917,387.3258719018581360,33.9301060158082208,29.4954259035449340,22.0540055943536331,365.2718663075036716,0.4724342466949568,-0.6119357433496381,-0.1327566921468617,9.2915054893026738,-1.5211061952866876,-2.4804416901812552,-0.0749999999999991,0.0000000000000000,-0.8016008075883292,0.0177893760541152,0.0000000000000000,-0.9444769622985021,0.0317866644017629,0.0000000000000000,1.5971045368611705,-0.2195618027211594,3.7766539313084309,3.8781784678862437,-4.0645340556304683,-2.0622545064398565,0.9401466336590141,-1.5211061952867269,16.1479963174192029,9.2915054893026934,-0.6518664014988369,-0.0380620806024270,0.1270406661418475,0.0116669999518025,-14.6525243490551578,0.0002220042166772,-0.1327566921468613,-0.2108676192485365,0.0311371467185750,-0.0597986867844167,-0.0033863999631930,-0.0550533314241266,-0.0057745148815444,0.1375412769625394,-0.0098085522778701,-0.6330403904038375,0.2930209745690169,-2.8886228661571280,0.2678784972583675,-0.9714029401846460,12.0606066083390715,-0.1132000879609727,0.4120498563199375,0.6067721153644570,-7.0000000000000000,,,,,,,,,,,,,,,,,,,,,,,,,,,,,,,,,,,,,,,,,,,,,,,,,,,,,,,,,,,,,,,,,,,,,,,,,,,,,,,,,,,,,,,,,,,,,,,,,,,,,,,,,,,,,,,,,,,,,,,,,,,,,,,,,,,,,,,,,,,,,,,,,,,,,,,,,,,,,,,,,,,,9.9988913825897328,1.9830324263792534,1587.0000000000000000,252.3999969628887925,422.0000000000000000,660.0000000000000000,2056.0000000000000000,-10.3763035554380476,454.6000030371112075,163.6000030371112075,411.5537958825701708,19.2665881540652002,584.4994934125276131,26.3760590063411016,36.2301374750912899,73.2001781823647661,63.5153818725013366,1889.6182957345299656,5.4720357572759895,3.6008986467558235,584.8915797723981314,657.5978414497830045,-83.0396139577365062,740.4723418035709983,-30.0873528613943790,206.5393484684240093,0.6406437487217107,0.5363192627993018,,,,3.3747037019938002,0.9470202973791197,,,58.9225011489774388,0.1559504786415972,823.9525245708626926,825.5104366397439435,14.4290272972816638,85.3808004629836006,85.5721390749407504,74.0844391454328388,-27.5920838057337718,63.8222212808250617,-0.1847952843620675,7.7891565394746038,-6.6652823431550559,9.2135580256218503,38.8605630606065233,-9.1782082141613586,-1.9137901331481544,8.0171134837297302,19.2257576025388630,7.3477556931914876,-21.6922414675954798,2.1319496211853419,6.5509075499422096,2.4738995220999556,3.1186570140004761,1.7530422074965060,17.5051579053883870,2.0546723390593371,23.4164114800656193,12.1764069293778050,3.4540749257071894,3.4845468283046728,7.1608842848095691,9.2417447542361089,5.6416141855648139,,,,,,,,,,,,,,,
"2018Q3",7.0553205761015203,4.5453221192856201,20.4346021175588000,764.7484276289828813,628.0193979230037939,732.9579844773610375,618.0741685909024454,572.7685183084404343,613.5282349821889056,654.1361553137126066,475.4521491220681355,485.2607411758812077,481.4052458291504308,5.4771290338609218,10.3599045632832123,676.3842002715125545,757.2086895007269050,0.9672792329621629,39.9948902191502640,2.0553978947748979,-0.9952593404558516,459.6190543257863510,429.4598746832999723,-7.3333789450393851,23.9479355873227746,22.8886074972308649,4.6013151964294572,7.0553205761015292,20.4346021175587929,24.5000000000000000,5.5135931088610395,17.6705999447138780,-0.0648608113717954,-0.0338404233245233,0.0686819620689893,2.6953202107759422,-0.8784374891070614,-1.5465316913974874,761.9283923519421933,732.3472748493029485,571.4200312061942668,621.4517967860515455,599.1703150897120622,653.3106984818076626,4.5487425767482339,12.7605172878710338,0.8627403664434428,-1.2853280490259520,-10.8060658025339880,-0.2483167199857615,-2.7166464269100636,2.3111663259621635,240.4722937917132128,1.7658150913501918,1.0782375901887278,12.3429931641471846,-5.1202893912804512,4.5453221192856201,2.8200352770409243,0.6107096280589730,1.3484871022444873,-3.3776281951482767,14.3579198924765361,0.8254568319052364,0.0882962353306482,2.9707755028988867,764.7484276289828813,6.9256089780288903,4.0040500670896799,472.9360211960510014,-0.2832786028582600,-8.4419771686418486,-4.6599640428358251,-5.1259047693666542,7.0553205761015292,12.3429931641471846,-0.1673831967653484,-5.1202893912804512,22.8886074972308649,24.5000000000000142,-0.0648608113717954,-1.5465316913974874,4.6013151964294572,-0.0338404233245233,5.5135931088610395,-0.8784374891070614,20.4346021175587929,17.6705999447138780,0.0686819620689893,2.6953202107759422,4.5453221192856201,0.6107096280589730,0.4577362111107370,732.9579844773611512,-4.8332731140986276,5.3455666860228863,732.3472748493029485,5.4044430971677002,5.5906604373534865,1.3484871022444873,1.0389461533288755,572.7685183084396385,20.0190906255424608,-3.3554014942720602,571.4200312061942668,5.8351197127424612,6.2194855183451168,-3.3776281951482767,618.0741685909016496,19.7190918570263527,5.3843803309196145,621.4517967860515455,5.9980148662919506,6.4400985245629254,14.3579198924765361,10.1590691442781189,-2.9707755028990772,613.5282349821876551,26.4039359852063917,19.2868509801526784,599.1703150897120622,13.0914583318902782,13.8462033799320050,0.8254568319052364,654.1361553137135161,28.5592385896143348,6.1853051658504912,653.3106984818076626,8.8707599459914341,8.9087860125470861,2.8200352770409243,2.0466545584049292,764.7484276289828813,8.0419495257012770,6.9256089780288903,761.9283923519421933,5.9980148662939952,6.4400985245649238,0.0882962353306482,0.0353184941322580,628.0193979230039076,-3.0913724312949160,4.3985202614784296,627.9311016876733902,4.2926875498163453,4.4039384678556548,475.4521491220682492,-2.7166464269100636,2.5522748207383938,1.7550932637026002,472.9360211960510014,-1.2853280490259520,2.6354271688426176,1.3925563041249145,485.2607411758812646,-10.8060658025339880,2.1623578162641239,-0.3478305608658205,481.4052458291500329,-0.2483167199857615,2.5089580682025159,10.8155735849856942,2.8501833222131112,-2.5161279260171412,1.4313183778860894,-0.3625369595768261,0.1567194020701743,-2.6728473280865757,-0.5958377913381159,-0.6248989750861618,2.9697562387992567,9.8085920538129461,-8.0894193756255728,-2.1029238245683333,-2.9519252340583826,12.7605172878710338,2.9261044574088366,3.0662075266468678,-23.8048240004483418,5.9530967070814587,2.4683297069277330,9.0604803212830536,5.0903563406379364,0.8627403664434428,0.0022021304442375,0.0084069385644686,11.1435161324618832,5.4771290338609662,6.2640711113720355,2.8417018650188726,0.5305355390567645,-0.4655361124357980,1.3943684508478440,2.3111663259621635,10.3599045632832105,1.8599045632831994,4.5487425767482339,0.0363627056904066,3.9238436016620684,7.6149501033950804,4.5571495153127026,1.3943684508481475,1.3943684508480318,676.3842002715126682,4.0040500670896799,3.6601552044223395,677.0947697857159255,1.0782375901887278,1.7658150913501918,243.4430692946116039,5.8767796300002528,8.6188390576634717,0.7304779729628716,240.4722937917132128,1.6216953421766536,1.5466692899095937,1.5406105750678123,2.9707755028988867,757.2086895007265639,281.7565403786577463,13.8993533385323360,8.7961324059705088,-2.2022826090094840,0.9672792329621609,39.9948902191501716,0.5874015138862683,6.3512401573662673,0.8659737570325321,2.0553978947749019,-0.9952593404558514,459.6190543257858394,-28.3577952030815368,-4.1104988435590437,419.6241641066355896,-28.9451967169691251,-10.4617390009263787,-7.3333789450400033,426.9575430516760548,1.3513257710267046,0.7970049411818065,429.4598746832988923,9.1438517630543750,37.5734690588753679,389.4649844641479035,8.5564502491669039,31.2222289015099186,23.9479355873228670,365.5170488768247310,0.9807302772852304,0.0963277244903338,-0.2832786028582600,-8.4419771686418486,-4.6599640428358251,0.5315496439811751,-0.0749999999999838,0.0000000000000000,0.0755773056602749,0.0280661408637551,0.0000000000000000,-0.8784374891070623,0.0268574559276971,0.0000000000000000,2.6953202107759360,-0.5929745324913824,3.1211812641971051,6.3042107105630407,0.4105803813278710,0.2189796424937445,-0.6854282569124304,-4.6599640428358420,-15.0029614973308956,-8.4419771686418468,-0.2877881596083696,0.3830888985016377,0.2174313084781307,0.0199681813908496,11.5553882878431722,-0.0485950764783205,-0.2832786028582600,-0.3967513347672008,-0.3800533326117519,0.1775345693581280,-0.0312591944219351,0.0595805309163300,-0.0020439965941526,0.1205981720108049,-0.0352941072143104,-0.6502321146519144,0.2907713576304022,-5.0817431897340839,0.1900739493492200,-7.4826449847540388,7.8485115034453088,-0.1285379355203410,0.4965590453421204,0.5555394552571213,-6.0000000000000000,,,,,,,,,,,,,,,,,,,,,,,,,,,,,,,,,,,,,,,,,,,,,,,,,,,,,,,,,,,,,,,,,,,,,,,,,,,,,,,,,,,,,,,,,,,,,,,,,,,,,,,,,,,,,,,,,,,,,,,,,,,,,,,,,,,,,,,,,,,,,,,,,,,,,,,,,,,,,,,,,,,,8.3042466617620505,1.3888931764226982,1560.0000000000000000,303.0459413970671676,494.0000000000000000,753.0000000000000000,2080.0000000000000000,-11.0415147206985598,475.9540586029328324,148.9540586029328040,403.3688296451130100,20.4346021175588000,529.0467794008636702,27.4309009697253998,14.8292002425915186,21.7532004639352401,89.0955490492238482,1943.1912892744001056,11.1827069116216080,-0.4506138353384058,584.9943613776484881,666.8613781862310361,-94.4812317949278935,789.2125823201420189,25.7602165176159588,224.1492141261180109,0.6169275421612551,0.5499601371351519,,,,1.6979207714490900,0.8120776853668101,,,-24.7800231643772548,-1.1283252247405011,823.2961588968283877,828.8079720878098442,13.1901417922636028,25.1202469093025194,147.1915236135682790,102.8861106827447998,40.5804512367903101,-25.7512509941987915,8.3741596791570174,7.1710628148191660,-4.7183297460106814,5.4910223248527927,22.1635953845644735,-3.2997322773513815,21.7976552851843763,5.5319751827902053,30.2179448882709210,21.2723321804588323,33.0549993758982055,6.3806008713003024,-2.6800774857960903,1.7705855273677713,-1.2771029854540217,1.4022975342754478,-10.2426850235724771,-0.3472263311386996,-0.2480086690520409,11.4221256069442632,4.0852928580654435,3.7279636536814422,6.0528953399915792,9.0011656888115965,5.6299001259981107,,,,,,,,,,,,,,,
"2018Q4",11.0020033752758000,5.8074040216837801,18.6025755431186006,766.7500914831615546,629.8196977370223522,736.9251841212212639,628.9209887900996137,572.6507990577985083,607.5750603809806307,658.2103044948410115,474.8876484359539063,478.6087247373151286,481.2037752427007149,5.3531981191025109,10.0847243946335574,677.4550035831758805,761.7743587987019964,1.1964800517936141,39.7845082089253310,2.3293259969292142,-1.0410874394033094,458.8249599806194396,416.5696707022901251,-8.3677890705375262,10.9104239147336557,25.1883481469356916,4.4162307714586619,11.0020033752757875,18.6025755431186148,24.5000000000000000,5.5790905415612357,17.7210547932908291,-0.0786929478890106,-0.0410571902030761,0.1236363941998118,0.7578843556279444,-1.1218025798994762,0.7670410948245648,763.3286589662415054,733.6599959408140421,572.8034871630286489,622.8520634003507439,602.2868659127769888,655.5393902120935081,4.5654405269319147,13.4714807352171118,0.8624658266767085,2.5720496599502525,-26.6080657542607319,-0.8058823458072705,-2.2580027444589268,2.3115356878321869,240.8891630107794413,1.7685200947838329,0.9552603381091446,12.3580357482703800,-1.1126458407028315,5.8074040216837801,3.4214325169200310,3.2651881804074789,-0.1526881052311520,6.0689253897492916,5.2881944682036366,2.6709142827475940,0.8324821834338199,2.7713151702823491,766.7500914831614409,8.6147243984159338,4.2832132466504360,473.5790336110394492,-0.2449398841628879,-1.8633561332419268,-0.7816364023760206,-1.0976032565796348,11.0020033752757875,12.3580357482703800,-0.2433865322919593,-1.1126458407028315,25.1883481469356916,24.5000000000000320,-0.0786929478890106,0.7670410948245648,4.4162307714586619,-0.0410571902030761,5.5790905415612357,-1.1218025798994762,18.6025755431186148,17.7210547932908291,0.1236363941998118,0.7578843556279444,5.8074040216837801,3.2651881804074789,2.9259662273100284,736.9251841212218324,15.8687985754419500,8.3704207886766220,733.6599959408140421,5.2508843660445521,5.4805982313654793,-0.1526881052311520,0.6443281629222408,572.6507990577981673,-0.4708770025666258,3.5444778631138307,572.8034871630286489,5.5338238273356186,5.9734888456890793,6.0689253897492916,628.9209887900990452,43.3872807967888861,18.8730777120928899,622.8520634003507439,5.6010664571966498,6.1753473616791421,5.2881944682036366,4.1408110014704489,-2.7713151702824366,607.5750603809802897,-23.8126984048283106,3.0546453751931013,602.2868659127769888,12.4662032922628079,13.3675920995263571,2.6709142827475940,658.2103044948408979,16.2965967245143553,8.6068314604300298,655.5393902120935081,8.9147669211444196,8.8674201223172169,3.4214325169200310,3.4544655199053405,766.7500914831614409,8.0066554167169333,8.6147243984159338,763.3286589662415054,5.6010664571976641,6.1753473616808137,0.8324821834338199,0.3329928733735287,629.8196977370221248,7.2011992560694598,3.6486808635013075,628.9872155535887259,4.2244554636598375,4.3335878261112413,474.8876484359539063,-2.2580027444589268,3.7424056279765145,0.3204851896014174,473.5790336110394492,2.5720496599502525,5.0942644224875355,1.3139305179395335,478.6087247373154696,-26.6080657542607319,-2.3079048627678533,-7.8981424253206729,481.2037752426998054,-0.8058823458072705,2.3644316084772754,8.1082881335253170,3.2914090475934659,-1.3086148249143854,4.8300524044112167,0.9934453283388537,1.5089341641489868,-2.8175489890627379,-0.5788066439026194,-0.6044809468275552,1.7742083294859767,3.7210763013615562,-24.3500630098031756,-8.2186276149222746,-9.7504044338555182,13.4714807352171118,2.8438537893858449,2.9676345908096242,1.0592282607813637,6.3161268067455039,1.4521203986553766,7.7878029439242287,5.4536609800689151,0.8624658266767085,-0.0010981590684249,0.0043700375239508,-49.7981298760515045,5.3531981191023101,6.2981695708612833,0.2589336966152977,-2.0526019912167044,-1.5482413473346519,0.0364830472993165,2.3115356878321869,10.0847243946335556,1.5847243946335536,4.5654405269319147,1.2655811967600443,3.9609595801043520,7.5330751177415154,4.5698105644558664,0.0364830472996651,0.0364830472994961,677.4550035831761079,4.2832132466504360,3.7745054964879214,678.2370415736723999,0.9552603381091446,1.7685200947838329,243.6604781810610518,0.8696355457992277,6.8836144952481799,-2.1796131980134525,240.8891630107794413,1.6674768762649097,1.5969399434494678,1.5841030324516741,2.7713151702823491,761.7743587987021101,286.8867103627480901,20.5206799363633685,13.1366920833545056,-2.1995579897446111,1.1964800517936143,39.7845082089252955,-0.8415280408996330,4.4230395167003298,-0.2771698867960128,2.3293259969292146,-1.0410874394033072,458.8249599806189849,-3.1763773806682103,-3.7456545609262362,419.0404517716937676,-2.3348493397702104,-8.1686940776276753,-8.3677890705373219,427.4082408422312938,1.8027911622244164,1.1753230321108648,416.5696707022862597,-51.5608159240473896,9.3040266658906887,376.7851624933600192,-50.7192878831482830,4.8809871491911201,10.9104239147294990,365.8747385786298878,1.4307588072229895,0.6836647581714395,-0.2449398841628879,-1.8633561332419268,-0.7816364023760206,1.0347429620409700,-0.0749999999999710,0.0000000000000000,1.8496132788028206,0.0411770881432328,0.0000000000000000,-1.1218025798994855,0.0171608480241450,0.0000000000000000,0.7578843556279544,2.4619895376609549,-1.5452024318571347,-4.9576605114992489,-0.2509068847017100,-0.6771184891215398,0.7971636893015634,-0.7816364023760123,-20.9800810695541209,-1.8633561332419788,-0.7287358100570041,-0.0891897123213274,0.1818941217428873,0.0167045622008774,7.8710142952159918,-0.0154765684608787,-0.2449398841628878,-0.3711432076678408,-0.3322854309309926,0.1259416645544010,-0.0163294338358152,0.0123335047561022,-0.0030800764681914,0.1268663011970896,-0.0207134874313411,-0.6561078077857553,0.2872375728091740,-1.7075017979323057,0.2776848604121662,-3.8210941246128627,-6.5715690640160886,-0.1453540329930443,0.5865979683000629,0.5481015576637697,-5.0000000000000000,,,,,,,,,,,,,,,,,,,,,,,,,,,,,,,,,,,,,,,,,,,,,,,,,,,,,,,,,,,,,,,,,,,,,,,,,,,,,,,,,,,,,,,,,,,,,,,,,,,,,,,,,,,,,,,,,,,,,,,,,,,,,,,,,,,,,,,,,,,,,,,,,,,,,,,,,,,,,,,,,,,,6.6096019409342830,0.7947539264661714,1602.0000000000000000,328.6830412270530815,440.0000000000000000,772.0000000000000000,2138.0000000000000000,-13.4198381013785895,538.3169587729469185,214.3169587729469185,402.5055416789284664,18.6025755431186006,660.5560673825417553,29.9519077080801992,-124.4215440464896574,237.0154312830417211,145.4566384670611967,2033.9674794038799064,18.2626771919003659,-4.7942740820032048,589.1316620516458897,675.4503751310729740,-102.4213339669079943,822.2705556670620126,64.2330485741889561,221.0931135088360122,0.6842587234012671,0.5571058932071675,142.3559487606172524,35.0336172590982926,177.3895660197155451,6.6944370649945801,-1.4998377114025603,,,241.6050275897267170,-3.3337487809235000,829.5190648671621148,831.8251540119354104,12.0687276965022647,270.7864473479684762,143.4527704452696639,166.1819492530717355,40.2785744594243624,-164.7001185059140198,8.3359167342793086,8.9966807545381613,17.1972217600027335,8.7307229335164891,-0.4697701148503199,3.6080432768575719,54.3222570018294277,20.7715763995692981,-21.1897391720217314,3.1017783580709875,17.6996632568980630,8.9880780536269071,-2.2327006608752669,0.3209992924463165,2.6054122774520323,1.3226005159384471,-23.3622689102542012,-7.5942910663824961,-0.8026438194408172,8.4460774399123437,4.3762666279086915,3.8466447262173915,0.8734278608471016,7.1260663299812990,5.4990731088174982,,,,,,,,,,,,,,,
"2019Q1",12.4806240865404003,4.9715054298364301,19.2433745621377987,769.0575546796186472,632.4201551012786240,734.1201250600273625,629.7327774163004506,582.1829598547446949,612.6855502701647538,658.2245020936379660,475.4741710862069795,481.1448602452167620,477.8658164605885190,5.3762576164713751,10.1159234835890466,678.6350414289115633,764.5232304322248638,1.8467748374921058,38.7719617556854388,2.4074535441175340,-1.0998933853365196,459.6135685608021504,410.5987750275788244,-7.1380849202501508,5.4814772743945923,24.7994727586690438,6.9245258900091287,12.4806240865404501,19.2433745621377774,24.5000000000000000,5.6512260499028004,17.7698709251852023,-0.1014296674754089,-0.0529198265090213,0.0810556838714271,1.3924479530811527,1.3262196666153478,0.4009024261443546,764.6475691372036181,734.9416102143935632,574.1194740230864682,624.1709735713127429,605.2692843123584225,657.7722029477240540,4.5886788146276709,14.1609562609361568,0.8611794184834717,2.1284114848425242,10.1445420316104418,-13.3518351284528816,2.3460906010099873,2.3112863499502727,241.3180605285018032,1.7813691679415087,1.9298487458995406,12.3813551247176008,0.3346741396785093,4.9715054298364301,4.4099855424154999,-0.8214851543664670,8.0634858316578644,5.5618038449887965,7.4162659578059653,0.4522991459134389,2.3955567874523211,1.9778061738446042,769.0575546796186472,6.2733728716870205,4.7201513829431763,474.1111364822506289,-0.2234863613184825,-12.5177054543332869,-1.6428833278543444,0.3579935161257288,12.4806240865404501,12.3813551247176008,-0.2354051778558939,0.3346741396785093,24.7994727586690438,24.4999999999999964,-0.1014296674754089,0.4009024261443546,6.9245258900091287,-0.0529198265090213,5.6512260499028004,1.3262196666153478,19.2433745621377774,17.7698709251852023,0.0810556838714271,1.3924479530811527,4.9715054298364301,-0.8214851543664670,-0.2173036801717511,734.1201250600271351,-11.2202362447730408,-1.7706286848431239,734.9416102143935632,5.1264570943219727,5.3470562425736272,8.0634858316578644,5.5238505502383344,582.1829598547448086,38.1286431877925480,22.6267167079058922,574.1194740230864682,5.2639474402370441,5.7030300449741986,5.5618038449887965,629.7327774163002232,3.2471545048017925,16.1052967521227544,624.1709735713127429,5.2756406838479375,5.8436019587153689,7.4162659578059653,5.5681752893448380,-1.9778061738447401,612.6855502701638443,20.4419595567366414,10.1545150985098918,605.2692843123584225,11.9296735983258735,12.8218096889365327,0.4522991459134389,658.2245020936378523,0.0567903951906334,5.1150689113071817,657.7722029477240540,8.9312509425284947,8.8717265757674930,4.4099855424154999,1.6791443012145562,769.0575546796186472,9.2298527858310280,6.2733728716870205,764.6475691372036181,5.2756406838496330,5.8436019587176418,2.3955567874523211,0.9582227149809291,632.4201551012788514,10.4018294570217691,4.1694720689600677,630.0245983138264592,4.1495310409507793,4.2593267738783123,475.4741710862064110,2.3460906010099873,4.3093293925916347,0.9291776103379119,474.1111364822506289,2.1284114848425242,3.5644145383650381,1.6215369997441713,481.1448602452168188,10.1445420316104418,10.1033960613314466,-2.7845962888030487,477.8658164605877232,-13.3518351284528816,-0.6705341590597653,1.6583392215943671,3.9235496687019364,-1.3630346039558234,-0.2176791161656824,0.6923593894070827,1.5947536121787762,-2.9577882161339271,-0.5609569082829891,-0.5848939528199181,-1.0456245009061964,5.6706891590105748,7.7984514305988970,-3.7137738991414220,-8.4902671019255482,14.1609562609361568,2.7579021028783153,2.8732144356197478,7.1920511114035035,2.3916453743806940,-15.6979257294589800,0.7291616112571586,1.5304659558973435,0.8611794184834717,-0.0051456327727220,0.0001690643830578,-22.2055997867588850,5.3762576164712756,6.3390082562947265,1.8118430781066817,-0.4994432718434029,-0.5109706108238112,1.1049528727656868,2.3112863499502727,10.1159234835890484,1.6159234835890441,4.5886788146276709,0.5161863457206927,4.0037848618077492,7.4618932502473845,4.5888478790107357,1.1049528727659781,1.1049528727658515,678.6350414289117907,4.7201513829431763,4.1007938671624871,679.5687016637946272,1.9298487458995406,1.7813691679415087,243.2958667023456485,-1.4584459148599274,3.0510200817048152,-1.7451758760417164,241.3180605285018032,1.7155900708897729,1.6462161434290561,1.6298105673452761,1.9778061738446042,764.5232304322246364,289.0490593460176001,8.6493959330802301,10.5490489883841700,-2.1725887368067096,1.8467748374921051,38.7719617556854459,-4.0501858129597732,0.5717632142871365,-2.8440961044441844,2.4074535441175344,-1.0998933853365180,459.6135685608023209,3.1544343207310703,-6.9239944801021780,420.8416068051164416,7.2046201336893416,-7.4957576943905497,-7.1380849202499244,427.9796917253664787,2.2858035325427482,1.5974153180250001,410.5987750275758685,-23.8835826988479560,-6.4447689117283185,371.8268132718891366,-19.8333968858898970,-7.0165321260136473,5.4814772743910556,366.3453359974977275,1.8823896754754530,1.1915782516685729,-0.2234863613184825,-12.5177054543332869,-1.6428833278543444,-0.4321965810054600,-0.0750000000000419,0.0000000000000000,-0.1360263402328457,0.0510900354196539,0.0000000000000000,1.3262196666153523,0.0160266798272979,0.0000000000000000,1.3924479530811471,-3.8048576718686675,7.3375322514325561,3.0293458674583178,-2.2880763640686816,1.3241647702885597,2.0625639140787917,-1.6428833278543493,16.2821530851373453,-12.5177054543332780,-0.4743866747386709,0.1896715284188453,0.0303870752407349,0.0027906497670063,-8.9913998831922139,0.0090405271386326,-0.2234863613184823,-0.3547885036299420,-0.2748228372218922,0.1006190595431398,-0.0081193013053737,0.0004074194692651,-0.0041572896111285,0.1314870384381011,-0.0102989173639366,-0.6764465615696071,0.7220835888061066,-3.7730159261636977,0.0955807105538865,-1.9500556965166140,-2.4831321833627840,-0.1629146898735441,0.6632914865409544,0.5947067489754083,-4.0000000000000000,,,,,,,,,,,,,,,,,,,,,,,,,,,,,,,,,,,,,,,,,,,,,,,,,,,,,,,,,,,,,,,,,,,,,,,,,,,,,,,,,,,,,,,,,,,,,,,,,,,,,,,,,,,,,,,,,,,,,,,,,,,,,,,,,,,,,,,,,,,,,,,,,,,,,,,,,,,,,,,,,,,,7.4066182822499229,-2.2094833701291350,1583.0000000000000000,312.8923780668458221,426.0000000000000000,722.0000000000000000,2152.0000000000000000,-12.0753802801480568,552.1076219331541779,217.1076219331541495,411.9108168204426192,19.2433745621377987,660.9209203706961944,31.7932261131049003,107.5936616449881740,48.9333320436789307,92.4831098615864704,2090.6541874311901665,10.9954865340914694,1.7079717219615005,592.3209487544501144,773.0995972212959941,-158.7486088328180074,881.1009211336399858,81.4669748064658279,146.1553228766420034,0.6402472551579926,0.5778966529534205,,,,3.1875814109688299,4.3215372457351400,1.6344405047577375,7.3579579523970189,62.6095709711111539,0.1187537500796699,831.0704231755270257,834.5879053811904669,11.0510054770202260,55.2497417318338009,76.1807430975892430,104.4210095860315732,-5.3861161768035046,112.9797778217916857,9.6692166381344862,6.4743290920317236,-10.6136645179397959,-1.7550451661142432,46.4166929436172211,25.3910624170060544,3.3004498632358974,17.4747190612745555,22.6812810692067046,10.6879893981303127,0.0568065239886266,5.2481478834915976,2.3738277950410236,0.9335078670294195,2.1512237207000737,1.6347552606339519,10.6769509613424702,-2.7461837766286692,-12.4988588753096650,1.6721659923098429,4.8333241441823418,4.1860376500057299,-1.4478621079340002,3.0980406837651060,5.5234034699269907,,,,,,,,,,,,,,,
"2019Q2",11.2847510759085008,2.7369546222139598,18.5115586652752988,774.5172540590608605,634.0923001790749822,737.5141930487127411,643.7477212856921369,604.8737529948683687,619.0489996055924848,666.6609710007369358,476.3955625523323079,484.7780162231911731,477.1985245958956057,5.2355261053878710,10.0566092032230276,679.6650956238760273,767.5107896166266528,2.1839385772034774,38.0695138183353734,2.3228126119207242,-1.1699758279798012,460.4757873550702243,417.4168324270740982,-6.2682790409569407,12.4112578757824394,27.0238363260557684,2.7724734151279460,11.2847510759084493,18.5115586652753130,24.5000000000000000,5.7113645294099209,17.8126837547101218,-0.1979241858148892,-0.1032647925991878,0.2277883421627654,0.4710865684024554,-2.8356263216827764,2.7217605118705963,765.9118546757979402,736.2058361324083080,575.3762659096438483,625.4352591099074061,608.1403256664674473,659.9976257504342811,4.5954157625912426,14.8441533289641114,0.8601942653486098,2.0320211614911110,14.5326239118957350,-2.6691674587745204,3.6855658645008926,2.2666894309282966,241.7544583445865953,1.7783535577858096,1.7961364636261812,12.3986807746998302,-0.5849523782146857,2.7369546222139598,8.6053993832627196,1.3083569163046080,29.4974870852234723,18.3124621757848587,10.9086739391259773,6.6633452503027257,3.0519007729288488,1.3610093250006874,774.5172540590609742,11.7793138115022984,4.1202167798576950,474.6191417726244595,-0.1748338754484272,-3.0523801365011103,-3.8733685118534704,-0.5676267282325302,11.2847510759084493,12.3986807746998302,-0.5289773205768944,-0.5849523782146857,27.0238363260557684,24.4999999999999893,-0.1979241858148892,2.7217605118705963,2.7724734151279460,-0.1032647925991878,5.7113645294099209,-2.8356263216827764,18.5115586652753130,17.8126837547101218,0.2277883421627654,0.4710865684024554,2.7369546222139598,1.3083569163046080,2.6510490285559882,737.5141930487124000,13.5762719547418076,3.3478902928255434,736.2058361324083080,5.0569036720555909,5.2096720573961521,29.4974870852234723,20.7777045414146890,604.8737529948688234,90.7631725604953914,37.1100073428143702,575.3762659096438483,5.0271675462322474,5.4150146316345582,18.3124621757848587,643.7477212856912274,56.0597754775591071,30.6033256590453036,625.4352591099074061,5.0571421543747546,5.4829660404273621,10.9086739391259773,7.7182200652851733,-1.3610093250008450,619.0489996055930533,25.4537973417171131,12.1217486197093187,608.1403256664674473,11.4841654164375555,12.2428751597292695,6.6633452503027257,666.6609710007375043,33.7458756283984869,19.6646253344281732,659.9976257504342811,8.9016912108404167,8.9046172551261176,8.6053993832627196,6.2557539860886058,774.5172540590609742,21.8387975177672757,11.7793138115022984,765.9118546757979402,5.0571421543769830,5.4829660404293694,3.0519007729288488,1.2207603091715415,634.0923001790752096,6.6885803111828839,5.3000591482468824,631.0403994061466619,4.0632043692797861,4.1824696059245934,476.3955625523323079,3.6855658645008926,6.7703411151472785,0.2642518235359696,474.6191417726244595,2.0320211614911110,6.2514994850357564,1.3617885643158636,484.7780162231906615,14.5326239118957350,10.7189869733276772,-3.1842414033241204,477.1985245958956057,-2.6691674587745204,3.5047369585129520,-4.2688004132518120,7.1565213716110412,-1.7764207797079226,-1.6535447030079338,1.0975367407806438,1.3203548912815926,-3.0967756709888219,-0.5559498194175081,-0.5728877907372147,-0.4351662338818650,8.3824536708586965,10.8470580473931868,-3.4484932268604096,-6.4616996581056707,14.8441533289641114,2.7327882721119559,2.8151621554449044,6.3327953748191348,0.8029620435626994,-6.3547333232717307,-4.5330522367869186,-0.0572322217858065,0.8601942653486098,-0.0039406125391171,-0.0019955684843274,27.8359653785546080,5.2355261053878568,6.3061553741018255,-1.0159733796473569,-3.2826628105755855,-2.6778484575025217,-1.1212392542790224,2.2666894309282966,10.0566092032230276,1.5566092032230272,4.5954157625912426,2.8178233027450177,4.0225279718540783,7.4105779180361484,4.5934201941069697,-1.1212392542787173,-1.1212392542788130,679.6650956238756862,4.1202167798576950,4.2819078691349679,680.6702398035445185,1.7961364636261812,1.7783535577858096,243.1154676695865078,-0.7215961310349310,1.1415932824752395,-3.5514990772264978,241.7544583445865953,1.7455912643392453,1.6875883884174958,1.6583117011222863,1.3610093250006874,767.5107896166269938,291.1152270642934354,8.2646708731074394,12.8335250202674374,-2.1772832390911732,2.1839385772034796,38.0695138183353734,-2.8097917494002860,-1.7785260223432748,-1.8517808535966611,2.3228126119207220,-1.1699758279798020,460.4757873550701106,3.4488751770718071,-6.2327157714859505,422.4062735367348864,6.2586669264705099,-4.4541897491441125,-6.2682790409568030,428.6745525776918839,2.7794434093004496,2.0548409687713298,417.4168324270738708,27.2722295979876925,-9.7570793154619171,379.3473186087379077,30.0820213473867213,-7.9785532931191554,12.4112578757826384,366.9360607329546724,2.3628989418315185,1.6641944254515035,-0.1748338754484272,-3.0523801365011103,-3.8733685118534704,-2.2487980927042552,-0.0750000000000333,0.0000000000000000,2.4411288135695344,0.0426997820022681,0.0000000000000000,-2.8356263216827786,0.0105115387767435,0.0000000000000000,0.4710865684024568,0.1510251466213788,22.5081615018002736,5.1607176283921206,-4.5013278509747607,-0.4203093225752603,2.0936780579479222,-3.8733685118534700,8.7436845040697211,-3.0523801365011387,-1.3472046305982415,0.1022780679928856,-0.0702670583447227,-0.0064530971949234,-4.8341361167999723,-0.0199263027899380,-0.1748338754484273,-0.3351858298910803,-0.2106278098701990,0.0553995075402385,-0.0222968122679775,0.0526501065596481,0.0006904569563488,0.1157806969939625,-0.0248786933615503,-0.7028336950733541,0.4479702299608974,0.0343043550440036,-0.0632813914718464,-1.8426663904017460,8.4097794654760776,-0.1800717811769319,0.7222202300117568,0.6687482339046742,-3.0000000000000000,,,,,,,,,,,,,,,,,,,,,,,,,,,,,,,,,,,,,,,,,,,,,,,,,,,,,,,,,,,,,,,,,,,,,,,,,,,,,,,,,,,,,,,,,,,,,,,,,,,,,,,,,,,,,,,,,,,,,,,,,,,,,,,,,,,,,,,,,,,,,,,,,,,,,,,,,,,,,,,,,,,,4.1545926540164828,-1.2918638593021683,1642.0000000000000000,408.0112428996084191,459.0000000000000000,798.0000000000000000,2347.0000000000000000,-12.8827496318879735,635.9887571003915809,276.9887571003915809,452.4178526334395656,18.5115586652752988,742.1760039520427199,29.6852300858532985,81.4098213390718968,140.6100028530875647,67.7383271264436502,2154.0560875513701831,11.9502367376071561,10.8153297473198986,596.6168259683902306,742.2770422266420383,-140.9209395971849972,827.2399884070390499,-111.2061916773661778,230.2642467127670045,0.5770594639965915,0.5542753999845670,,,,5.8777709383428203,2.6700255153517212,,,142.1792598208950267,0.8937610021257304,834.5064819911550558,837.1207078589294497,10.1312099109559313,157.1332927619781401,147.6261198996352846,75.6983583784373053,10.3718889114349260,71.0379324276369744,24.4069642139987479,12.5011365323378243,14.5410077926182453,3.4045628161352539,147.8445937382569468,44.9328105361608721,75.1719285973048841,35.8027469160277008,28.9865531015209967,12.8870399401532580,40.1381809006691128,21.7313344007237674,3.7543249630814159,0.2646012764112555,2.0528072654379486,1.3711031383610788,15.6416777125376569,-3.1340782848496360,-2.6338600198762947,-4.1789698910777417,4.2062755784730683,4.3749041324855114,-0.7189988771360163,1.1481343255939294,5.3750032371148171,,,,,,,,,,,,,,,
"2019Q3",11.5451586556145998,4.2861269461681202,19.1163364285063011,775.1261805184188916,633.9969179017090255,739.1091873730249517,626.2096197193011449,612.2001162061944797,632.7461314105992187,675.0323617434905827,477.8424709446285306,488.3913025059971460,479.8130027215495375,5.3282443582218297,9.6286326739928363,680.9007541741589193,770.2287843025748089,2.2052723288255578,37.7041602526115938,2.0031359304953833,-1.2485100078331113,458.6934871582798223,408.9999953924971692,-8.5016920670736909,3.6382768320588070,22.3056090393610695,8.3558860447595791,11.5451586556144292,19.1163364285062869,24.5000000000000000,5.8009770225342718,17.8533419651543923,-0.1819067554753528,-0.0949078724220363,0.2548096953985735,1.0081847679533471,2.6498168946473251,-2.0124842051637097,767.2171911499185626,737.4921408850176476,576.6097913713182379,626.7405955840282559,610.9916522007428057,662.1614700480831743,4.5981193213476557,15.5226061575616310,0.8597012489815431,3.6161323051661207,14.4531451312276094,10.4579125026078916,5.7876335691839378,2.1942881152854286,242.1947600901447402,1.7696514899973241,2.3675337261608891,12.4476350573799586,-0.3708520784697504,4.2861269461681202,7.9089893685000892,1.6170464880077364,35.5903248348751475,-0.5309758647269505,21.7544792098576956,12.8708916954074315,1.9622890635434227,0.8869794877093835,775.1261805184186642,10.3777528894358042,4.9426342011331448,475.5231748489168808,-0.0204427859111696,6.7473392464918405,-2.2509002686141928,-0.3218977957896034,11.5451586556144292,12.4476350573799586,-0.5316243232960018,-0.3708520784697504,22.3056090393610695,24.5000000000000533,-0.1819067554753528,-2.0124842051637097,8.3558860447595791,-0.0949078724220363,5.8009770225342718,2.6498168946473251,19.1163364285062869,17.8533419651543923,0.2548096953985735,1.0081847679533471,4.2861269461681202,1.6170464880077364,1.8284854921565494,739.1091873730244970,6.3799772972526014,6.1512028956631966,737.4921408850176476,5.1452190104397877,5.1448660357141414,35.5903248348751475,24.0466418551293550,612.2001162061944797,29.3054528453074816,39.4315978977551040,576.6097913713182379,4.9341018467018323,5.1897601651243344,-0.5309758647269505,626.2096197192998943,-70.1524062655618508,8.1354511283983619,626.7405955840282559,5.2213458964845554,5.2887987979754696,21.7544792098576956,14.7402592451906891,-0.8869794877098056,632.7461314105997872,54.7885272200315896,19.2178964284145337,610.9916522007428057,11.4053061371005722,11.8213371110317276,12.8708916954074315,675.0323617434912649,33.4855629710202862,20.8962064297790100,662.1614700480831743,8.6553771906015609,8.8507715662787536,7.9089893685000892,5.3327607572013189,775.1261805184186642,2.4357058374357585,10.3777528894358042,767.2171911499185626,5.2213458964858486,5.2887987979773872,1.9622890635434227,0.7849156254173701,633.9969179017091392,-0.3815291094704705,5.9775199787029454,632.0346288381657587,3.9769177280741834,4.1035271504890565,477.8424709446289853,5.7876335691839378,7.1666573241006635,2.3903218225594522,475.5231748489168808,3.6161323051661207,6.2815117349825575,2.5871536528638361,488.3913025059966913,14.4531451312276094,11.7325245070008854,3.1305613301165058,479.8130027215491964,10.4579125026078916,6.6590394712282777,-1.5922431076032493,6.5045873923425415,-2.3192960957119331,-2.1715012640160949,0.1968318303050712,0.9155442237394712,-3.2348403194506994,-0.5522585938459155,-0.5619929913641926,1.7200129560045083,10.5488315613682211,8.6655115620421626,0.7402395075564997,-4.9737745961935271,15.5226061575616310,2.7138113143933329,2.7620888696905839,-3.9475692402240750,1.9705317769200070,4.6702789334274346,-3.9825649301624844,1.1108305279379886,0.8597012489815431,-0.0019720654686914,-0.0030391174626194,-32.8216246905034623,5.3282443582217480,6.2401488427869500,-0.9532673767602767,-3.1475554920456075,-2.2119392442984558,-1.0833065703051938,2.1942881152854286,9.6286326739928363,1.1286326739928345,4.5981193213476557,2.3666474699740259,4.0361263299834711,7.3602081910382458,4.5950802038850496,-1.0833065703048796,-1.0833065703049700,680.9007541741592604,4.9426342011331448,4.5165539026456258,681.8320059593943370,2.3675337261608891,1.7696514899973241,243.0817395778535968,-0.1349123669300059,-0.3613297167573657,-2.3155520766025193,242.1947600901447402,1.7612069822328602,1.7224662984315251,1.6731466331212106,0.8869794877093835,770.2287843025749225,292.3863133579461078,5.0843451746143860,10.6297729792879210,-2.1998361118465146,2.2052723288255596,37.7041602526115085,-1.4614142628955824,-2.2907299665388003,-0.7730788643928267,2.0031359304953833,-1.2485100078331119,458.6934871582803339,-7.1292007871588616,-0.9255671675059132,420.9893269056682925,-5.6677865242647254,1.3651627990313786,-8.5016920670734812,429.4910189727419834,3.2658655802047960,2.5334759210659197,408.9999953924988176,-33.6673481382964042,-20.4598792907998543,371.2958351398863783,-32.2059338754009730,-18.1691493242615891,3.6382768320608796,367.6575583078251270,2.8859902994858762,2.1405094310014414,-0.0204427859111696,6.7473392464918405,-2.2509002686141928,0.4176496350611406,-0.0749999999999646,0.0000000000000000,-3.9177165634730677,0.0751807195948385,0.0000000000000000,2.6498168946473371,0.0087850479913942,0.0000000000000000,1.0081847679533387,-0.8430395893729035,14.7751143681174071,13.8248635532378046,4.3504414566839067,2.0794467875296467,0.7415287543718918,-2.2509002686141870,6.4245681784939777,6.7473392464918156,-0.9925612621791614,-0.2723156089078943,0.0506937839704087,0.0046555515891194,-1.9548013486609095,-0.0382541234892644,-0.0204427859111696,-0.2033106301169426,0.1337456835867550,-0.1628327675949644,-0.0256565066787750,0.0562755965308019,0.0015744858165450,0.1028952811105850,-0.0308667120099072,-0.7200589989421632,0.1523700662542902,0.3903665907009959,-0.3025491873101990,-4.6153590616801523,-5.4219414172600295,-0.1955317626512929,0.7643665118343401,0.7593812518380987,-2.0000000000000000,,,,,,,,,,,,,,,,,,,,,,,,,,,,,,,,,,,,,,,,,,,,,,,,,,,,,,,,,,,,,,,,,,,,,,,,,,,,,,,,,,,,,,,,,,,,,,,,,,,,,,,,,,,,,,,,,,,,,,,,,,,,,,,,,,,,,,,,,,,,,,,,,,,,,,,,,,,,,,,,,,,,0.9025670257830427,-0.3742443484753437,1685.0000000000000000,489.5923790453160791,567.0000000000000000,921.0000000000000000,2355.0000000000000000,-12.6737334689632331,533.4076209546839209,198.4076209546838925,431.7306813936430103,19.1163364285063011,674.9341296068054135,30.4554428533549988,79.0259509046454127,70.7305549847731925,93.4469423237438122,2213.4061293448398828,10.8719787437926243,-0.1332359691903084,599.7616649926651462,712.1081501174400046,-129.2600811055089878,816.4047584684319645,-33.0553710705962658,235.0041517301179965,0.6520768931210190,0.5806155282475481,,,,5.3677598422831698,1.8912718671633098,,,80.0172123209122645,-0.2028704455959349,836.3895773300347400,839.4458446821283815,9.3005472927957271,78.0715250851237101,95.3048627984258161,103.1455967414203485,128.7147658587499564,-49.6888149541045436,2.4656114627905623,10.9353628332466144,6.5878959618344197,6.3443288565060669,34.0515884696319517,48.3369188110138737,-50.4170946892332452,8.4755386434588189,72.9591532413699326,21.1887382116568830,39.7738578731714654,23.2398245750605952,5.9583954891198658,2.4191190053111029,3.6823096465877541,2.6209109620820357,15.5498036321832842,3.1800787751486723,11.0243238416013440,-1.5796339286658139,5.0668199258239213,4.6201032675322438,-0.1348214011088942,-0.3606777064750162,5.4727504067713761,,,,,,,,,,,,,,,
"2019Q4",13.2164266429895996,4.6435786425251901,19.2350543385629003,774.3834143943398658,633.8028731542651713,736.9359344271814507,630.6761598653876035,614.1797148607992085,636.4630277177199105,677.3558654225356577,480.8177492238859827,497.8210120377636372,481.9672305540955790,5.3350670168353442,9.9770908887732670,682.2536418474480797,774.9725637322783314,1.9067121886452725,37.6209265236369035,1.5938963801502504,-1.3314419199008467,460.7430719827296457,409.9348740405676494,-7.3012233505596100,3.7857162358247365,23.6600286696043121,8.7914523119480865,13.2164266429894965,19.2350543385629180,24.5000000000000000,5.8576354977410574,17.8916550266257417,-0.1284094151687123,-0.0669962166098753,0.1675258761350250,1.1758734358021672,3.0008130308168939,-0.7115619152271276,768.8003963435204469,738.8954789782769694,577.9225125936122822,628.3238007776300265,614.0456808077581172,664.1258571339151331,4.5954159540278603,16.2000269431956063,0.8595253622335965,6.9321661784811717,37.7188381270666397,8.6169113301809634,11.9011131170290572,2.0866384894594119,242.6318272792478581,1.7572250907681342,2.9513250863670000,12.4659804711154116,1.1133776797875676,4.6435786425251901,5.5830180508201641,-1.9595445510945015,36.2572022671857539,2.3523590877593565,22.4173469099613705,13.2300082886212937,0.7909853125370269,-0.0134753017002363,774.3834143943398658,7.6333229111779870,5.4115506931564159,477.2562163935376134,0.3637910052228341,1.2330500316904875,0.0580035112015283,1.1317230935229821,13.2164266429894965,12.4659804711154116,-0.3629315079136644,1.1133776797875676,23.6600286696043121,24.5000000000000249,-0.1284094151687123,-0.7115619152271276,8.7914523119480865,-0.0669962166098753,5.8576354977410574,3.0008130308168939,19.2350543385629180,17.8916550266257417,0.1675258761350250,1.1758734358021672,4.6435786425251901,-1.9595445510945015,-0.4922112521698747,736.9359344271821328,-8.6930117833688776,0.0107503059604337,738.8954789782769694,5.6133523730387873,5.2354830374625170,36.2572022671857539,24.3933800362406004,614.1797148607986401,7.9183946184185849,41.5289158030012828,577.9225125936122822,5.2508848891767723,5.1190254305844611,2.3523590877593565,630.6761598653881720,17.8661605843479379,1.7551710752881169,628.3238007776300265,6.3328207744037837,5.4717373772772095,22.4173469099613705,14.9106975365136609,0.0134753016999865,636.4630277177196831,14.8675852284783350,28.8879673367401608,614.0456808077581172,12.2161144280608340,11.7588148949812119,13.2300082886212937,677.3558654225361124,9.2940147161786086,19.1455609276949801,664.1258571339151331,7.8575483433241269,8.5864669218235203,5.5830180508201641,4.1729668567804916,774.3834143943398658,-2.9710644963143773,7.6333229111779870,768.8003963435204469,6.3328207744044578,5.4717373772789415,0.7909853125370269,0.3163941250148122,633.8028731542651713,-0.7761789897769074,3.9831754172413603,633.0118878417285941,3.9090360142516993,4.0246722881370252,480.8177492238859827,11.9011131170290572,9.4915523757298370,5.9301007879314289,477.2562163935376134,6.9321661784811717,7.5820918889428288,3.6771827824965793,497.8210120377628982,37.7188381270666397,20.2696743141513522,19.2122873004483878,481.9672305540958064,8.6169113301809634,6.2304460062642688,0.7634553113939118,4.4637193803167428,-3.5615328303485265,-4.9689469385459830,-2.2529180054342604,-0.1888102752573031,-3.3727225550907050,-0.5515289425580465,-0.5551735660280221,3.3303470208449175,17.0032628138771322,25.8177250100363764,13.2821865125167733,0.8032358706816085,16.2000269431956063,2.7096831425362953,2.7285462079787015,11.3934339719926001,1.1494813302086788,-3.2842017868441382,-5.1666454765370045,0.2899559679751538,0.8595253622335965,-0.0007035469911449,-0.0029404644436555,4.4709300314882263,5.3350670168352314,6.1305255009289974,-2.2470248721071258,-4.3336633615664564,-2.8022740657825365,-1.3251831770087878,2.0866384894594119,9.9770908887732705,1.4770908887732739,4.5954159540278603,2.9349486423446640,4.0402423879998395,7.3239621620065565,4.5924754895842206,-1.3251831770084701,-1.3251831770085918,682.2536418474481934,5.4115506931564159,4.7986382642718572,683.1803872651165648,2.9513250863670000,1.7572250907681342,242.6183519775467516,-1.8535504012244457,-1.0421262035135201,-2.2506593177665111,242.6318272792478581,1.7482687564127650,1.7426642684687741,1.6608553185921429,-0.0134753017002363,774.9725637322778766,294.1548145083916097,7.0740046017877773,7.2681041456439495,-2.2309001599873319,1.9067121886452727,37.6209265236368964,-0.3329349158983007,-2.1635816852883947,0.1297046132049836,1.5938963801502497,-1.3314419199008447,460.7430719827295320,8.1983392978002705,1.9181120021110987,423.1221454590922235,8.5312742136970829,4.0816936873982304,-7.3012233505598862,430.4233688096527999,3.7293993476453418,3.0151279674212805,409.9348740405722538,3.7395145923031210,-6.6347966617159164,372.3139475169344905,4.0724495081990755,-4.4712149764276123,3.7857162358287364,368.5282312811051497,3.4826918931239330,2.6534927024777084,0.3637910052228341,1.2330500316904875,0.0580035112015283,0.0005151694411296,-0.0750000000000018,0.0000000000000000,0.6971770283874967,0.0467073263334616,0.0000000000000000,3.0008130308168992,0.0068464811228914,0.0000000000000000,1.1758734358021707,-4.5426774695446497,11.7046107326232374,7.7076168273019618,5.0526667568496606,1.7798439656803211,0.0060696871196573,0.0580035112015338,22.3897255097795380,1.2330500316904889,-1.0813419661230066,0.4613214821797169,0.0921486852540452,0.0084626343600653,3.8563310530696482,-0.0490205861502747,0.3637910052228343,0.2018848269118975,1.0194702899172619,-0.7266632956455159,-0.0307930768793428,0.0692266866204905,0.0010713119306067,0.0751221232915529,-0.0354612502294646,-0.7189113998001614,-0.1662438004507548,0.4401439484946259,-0.4080958903012791,-2.0301742689742639,1.1297741484249286,-0.2077829128510438,0.7901203254608524,0.8853006235856031,-1.0000000000000000,,,,,,,,,,,,,,,,,,,,,,,,,,,,,,,,,,,,,,,,,,,,,,,,,,,,,,,,,,,,,,,,,,,,,,,,,,,,,,,,,,,,,,,,,,,,,,,,,,,,,,,,,,,,,,,,,,,,,,,,,,,,,,,,,,,,,,,,,,,,,,,,,,,,,,,,,,,,,,,,,,,,-2.3494586024503690,0.5433751623515946,1742.0000000000000000,484.9885372878461567,579.0000000000000000,924.0000000000000000,2453.0000000000000000,-12.7199696151270807,571.0114627121538433,208.0114627121538433,475.5408988563993375,19.2350543385629003,823.9613249121962326,32.5889667343977010,-140.7235727630994688,362.1211708327235215,127.0228279861728709,2320.9355491580799935,18.9751177188140900,10.4906738688262031,604.8754278360429453,835.2251104269470261,-215.9698023128989917,934.7629821500579510,135.8139568053351240,191.7261654923860021,0.9671390745617611,0.5957051380881682,153.6456683671883070,39.3683496042507741,193.0140179714391309,8.6432664101172403,-0.0704184096528309,,,164.4716188468950975,-0.3308709838604119,840.1522890095814091,841.5839651965959547,8.5524820578702929,394.3337935490446284,308.0647528649927267,138.3221906411358475,-58.7814764569163657,-81.9420963061831173,-2.9273622518521165,7.9322175809056148,-8.3258842747240749,0.0107508838265318,8.2403407735831991,51.4808696468298876,19.5616086207785571,1.7706647167047720,16.0296820681897714,33.4931091101278753,9.7396051034108524,21.1011074289594944,12.6382456173504067,6.1094590506790070,7.1780904666408389,3.7456275174988320,45.8178977107851608,21.1819407708903782,8.9990644636373816,0.7663770621439028,5.5606524984118693,4.9156368490082372,-1.8364778015849481,-1.0367148823052332,5.4799466979482903,,,,,,,,,,,,,,,
"2020Q1",13.5991664399262007,3.9229883454908698,17.1565528163609997,773.0579664174218806,632.3617651701429168,740.2585673770036010,633.4993687485380178,603.7490837791327749,625.8167795783961083,680.3150954194045426,483.3129099813889979,503.8234863510343189,486.1911372180499598,5.3879943501381540,10.1983554329551573,683.3738453905164079,779.9244401333089627,0.3095725117614450,37.1076732937682792,1.1236631925987768,-1.4135633609526617,461.7474250129077973,389.3780253120759198,-6.8208147108767321,-17.2984041165016151,24.7386794532212448,6.0170398030655736,13.5991664399258543,17.1565528163609962,24.5000000000000000,5.8824708604277598,17.9255948192391479,-0.0525969756225442,-0.0274419003249167,0.1301969221697448,-0.8992389250478467,0.1620108429627250,0.2912764288436988,770.7711413903487028,740.4613395417669608,579.3627899598506019,630.2945458244586234,617.4090205467950909,665.8328141518364873,4.5938001185573132,16.8667213351766954,0.8594121810977023,6.5214119933675345,24.0098972530874377,16.8956266558128050,9.9806430300071920,1.9788664512510648,243.0639980922863685,1.7501807226587041,4.6270346376876121,12.4568760411887123,1.3525261968543241,3.9229883454908698,2.2868250270736943,-0.2027721647631563,24.3862938192809970,3.2048229240783681,8.4077590316022821,14.4822812675674744,-1.6165125364617798,-1.4690487998822419,773.0579664174215395,4.0004117378026987,4.4808141722711943,478.8865693918810393,0.5691541916769914,12.2860128799109116,0.0566387699263673,1.3434217669275013,13.5991664399258543,12.4568760411887123,-0.2102357981172582,1.3525261968543241,24.7386794532212448,24.5000000000000213,-0.0525969756225442,0.2912764288436988,6.0170398030655736,-0.0274419003249167,5.8824708604277598,0.1620108429627250,17.1565528163609962,17.9255948192391479,0.1301969221697448,-0.8992389250478467,3.9229883454908698,-0.2027721647631563,0.4086039265352519,740.2585673770031462,13.2905317992880345,6.1384423169756834,740.4613395417669608,6.2634422539619754,5.5197293273725636,24.3862938192809970,16.3660942256277337,603.7490837791332297,-41.7225243266611727,21.5661239243874299,579.3627899598506019,5.7611094649585226,5.2433159367649926,3.2048229240783681,633.4993687485361988,11.2928355325888372,3.7665913322343578,630.2945458244586234,7.8829801873131888,6.1235722531435899,8.4077590316022821,5.1272152117282328,1.4690487998816575,625.8167795783959946,-42.5849925572909029,13.1312293082343245,617.4090205467950909,13.4533589561446369,12.1397362344361852,14.4822812675674744,680.3150954194048836,11.8369199874749693,22.0905933257665019,665.8328141518364873,6.8278280716917692,8.0606112041143358,2.2868250270736943,2.5360449036182224,773.0579664174215395,-5.3017919076692435,4.0004117378026987,770.7711413903487028,7.8829801873147165,6.1235722531453227,-1.6165125364617798,-0.6466050145847134,632.3617651701430304,-5.7644319364916647,-0.0583899311370013,633.9782777066050130,3.8655594595066169,3.9536793927759799,483.3129099813891116,9.9806430300071920,7.6056603287520925,7.8387388951808568,478.8865693918810393,6.5214119933675345,6.1607151810062026,4.7754329096279156,503.8234863510346031,24.0098972530874377,15.0367003986992529,22.6786261058176351,486.1911372180496187,16.8956266558128050,6.8293879460243154,8.3253207574601902,1.5356502616829446,-4.4263405895080812,-3.4592310366382577,-3.0633059855523057,-0.9179138204363402,-3.5084267690711202,-0.5428168559197950,-0.5506385529371476,0.6991180006434337,20.5105763696461025,14.0292542230784107,14.8398872106366095,3.6438550344698415,16.8667213351766954,2.6667775679257697,2.7057650742403885,5.8303469832152057,2.8782272366605008,6.9149836258088531,0.4865818622796063,2.0188150555629343,0.8594121810977023,-0.0004527245432074,-0.0017672373863213,-83.0949992772870729,5.3879943501380616,6.0298497138883409,-0.7727208308670341,-2.7515872821181104,-1.7426501650729258,-0.0442947321173799,1.9788664512510648,10.1983554329551573,1.6983554329551562,4.5938001185573132,1.3116011406297006,4.0431615656201130,7.2995651927976457,4.5920328811709448,-0.0442947321172344,-0.0442947321172525,683.3738453905164079,4.4808141722711943,4.7388039616039883,684.5664652049210872,4.6270346376876121,1.7501807226587041,241.5949492924034416,-4.0936107405722577,-1.7009174099416220,-0.9841078535039217,243.0639980922863685,1.7286832521526567,1.7459375637844712,1.6422490895450181,-1.4690487998822419,779.9244401333087353,296.6115301519192258,9.8268625741181488,7.5624708059033035,-2.2514500982649803,0.3095725117614452,37.1076732937682792,-2.0530129194747126,-1.6642884619172618,-1.2463577896562448,1.1236631925987761,-1.4135633609526599,461.7474250129073425,4.0174121207109703,2.1338564521063867,424.6397517191383031,6.0704250401839364,3.7981449140221719,-6.8208147108777712,431.4605664300167405,4.1487904814598053,3.4808747046503572,389.3780253120783641,-82.2273949139617599,-21.2207497154999842,352.2703520183092110,-80.1743819944880016,-19.5564612535827145,-17.2984041165017111,369.5687561348103713,4.1620994148211619,3.2234201373148212,0.5691541916769914,12.2860128799109116,0.0566387699263673,-0.8988009757717251,-0.0749999999999953,0.0000000000000000,0.7893697695026560,0.0177171375737588,0.0000000000000000,0.1620108429627187,0.0028563428796381,0.0000000000000000,-0.8992389250478521,0.2732818730905606,0.1558046019441264,-5.9625784534234754,8.4150032966076989,1.8408288935562247,-1.9329066614765953,0.0566387699263631,0.8154784228813128,12.2860128799108850,-0.4922864809412903,0.3689736330592175,-0.3003186610191503,-0.0275802851956354,5.8864402002500809,-0.0416128811011841,0.5691541916769913,0.4111655123424562,1.4864469415887145,-0.9984461623642816,-0.0299758817620840,0.0300364666812842,0.0001804677488102,0.0678279335605323,-0.0313218590326125,-0.7080825834872604,-1.4827369455651096,-2.1827175326796819,-0.4895515050248587,-2.2940562335306822,-20.0619769686543350,-0.2152656330419014,0.7923310685789831,1.0276767110097289,0.0000000000000000,,,,,,,,,,,,,,,,,,,,,,,,,,,,,,,,,,,,,,,,,,,,,,,,,,,,,,,,,,,,,,,,,,,,,,,,,,,,,,,,,,,,,,,,,,,,,,,,,,,,,,,,,,,,,,,,,,,,,,,,,,,,,,,,,,,,,,,,,,,,,,,,,,,,,,,,,,,,,,,,,,,,-17.8564814191856271,-0.0058234805464394,1870.0000000000000000,390.7424024457889118,461.0000000000000000,906.0000000000000000,2405.0000000000000000,-16.6197924419927787,589.2575975542110882,191.2575975542110598,406.0174906242343695,17.1565528163609997,715.0371622505208506,30.9191520211864983,127.5568702443890743,98.5729990871951713,82.8898022947022639,2438.7585585539500244,19.8075056041225253,7.9385805860891381,610.4021486451247256,944.3351650353290552,-286.6956956287669982,1052.7728706127400073,139.5286076000373896,198.8270339013170087,0.8204799032432433,0.6471000199062218,,,,5.4373720806325299,4.2388060138028010,1.6516902914451772,8.1733154908957584,129.6157402283280362,35.5928075013670551,843.0209459409912824,843.5538085810454731,7.8793735377980738,106.1458621525416106,123.5777457066708394,89.2578049739771444,12.4057149576939949,115.1511552866950865,-5.1636981459620728,4.0815059612622377,14.2141852928212558,6.3307595705207547,-34.1127503364349991,24.0682013426032171,11.9551720157068786,3.8384264573898719,-34.6785634463236789,14.0323840958776884,12.5659628051955963,24.7206104430643734,10.4957011176281583,8.1541554776224814,6.7387548868665448,4.8912936279751165,27.1374975293689147,25.4561690593129129,18.4068354407070274,8.6816963998536067,4.5827190056221241,4.8528800862181072,-4.0109542119846253,-1.6865334781621044,5.5357891975741147,,,,,,,,,,,,,,,
"2020Q2",16.7448741729619002,5.4772928975653699,19.4532267216908004,761.3100747702944773,632.9341326486376147,730.0930788522834973,635.0665314940490589,558.0267371013610500,590.4993908499208146,644.3759810915146318,484.7066946014141422,500.5158813585337612,487.7203708332241376,5.2162565732449853,9.4243919361377380,683.9395341435947557,783.8672174474279473,-0.9648781942513551,36.8383174002632003,0.1432307091625100,-1.4888965078291212,456.8699831931310200,344.8457863824772289,-12.5553471179650273,-62.7947064413858698,28.2005935953080780,7.9975072993445657,16.7448741729618682,19.4532267216907968,24.5000000000000000,5.8877900654126645,17.9678609753934779,0.2708797140377615,0.1413285464543716,-0.5181534003905753,2.0035191466879008,1.9683886874775065,3.4297138812700485,773.0874536414936529,742.1730757197155981,580.9177799388901349,632.6108580756033462,621.0552482231930753,667.3169578510846804,4.6079400423545964,17.5036329420446144,0.8580429501698085,9.3559712660709469,-13.2304199700021634,6.1169344606933125,5.5751384800998389,1.9106797659610777,243.4966983589466167,1.7553152604807969,8.2612587389307652,12.4199290900192914,3.3945834220596356,5.4772928975653699,-11.7773788712003444,-12.0799968674311007,-22.8910428375300832,2.4556734184455071,-30.5558573732729180,-22.9409767595697147,-2.0078093180826011,-3.9444090234875575,761.3100747702936815,-13.2071792887669925,2.2627550123160263,481.2255622083989692,0.5350712626367576,6.9745901310973535,8.7161879946724952,3.3576364708901574,16.7448741729618682,12.4199290900192914,0.9303616608826663,3.3945834220596356,28.2005935953080780,24.5000000000000497,0.2708797140377615,3.4297138812700485,7.9975072993445657,0.1413285464543716,5.8877900654126645,1.9683886874775065,19.4532267216907968,17.9678609753934779,-0.5181534003905753,2.0035191466879008,5.4772928975653699,-12.0799968674311007,-9.7572701219789977,730.0930788522842931,-40.6619540988719166,-7.4211141964268883,742.1730757197155981,6.8469447117987743,5.9672395873085815,-22.8910428375300832,-17.0295588848803874,558.0267371013608226,-182.8893867110841143,-46.8470158935075602,580.9177799388901349,6.2199599161625247,5.5415140292474767,2.4556734184455071,635.0665314940481494,6.2686509820460783,-8.6811897916419394,632.6108580756033462,9.2652490045839162,7.1755989656959667,-30.5558573732729180,-20.6513293642230344,3.9444090234872982,590.4993908499194504,-141.2695549139057505,-28.5496087556725762,621.0552482231930753,14.5849107055909428,12.9149225567244947,-22.9409767595697147,644.3759810915147455,-143.7564573115586484,-22.2849899092221975,667.3169578510846804,5.9365747969948686,7.3193321006529368,-11.7773788712003444,-11.2313016456427519,761.3100747702936815,-46.9915665885099756,-13.2071792887669925,773.0874536414936529,9.2652490045836018,7.1755989656970103,-2.0078093180826011,-0.8031237272330395,632.9341326486379558,2.2894699139798824,-1.1581675304377024,634.9419419667209468,3.8546570404663405,3.9015425605725933,484.7066946014145401,5.5751384800998389,1.0896747704052094,8.3111320490806495,481.2255622083989692,9.3559712660709469,0.7111992257805673,6.6064204357727352,500.5158813585341591,-13.2304199700021634,2.6477816443449091,15.7378651353437942,487.7203708332241376,6.1169344606933125,1.7922124982049241,10.5218462373268959,-10.2107849016571031,-3.4811323930148781,3.7808327859730917,-1.7047116133071396,0.1568263244141193,-3.6379587174283636,-0.5181277934267112,-0.5411830464395508,-0.5454696283472913,15.8091867571201163,-18.8055584501031525,7.4267330862627468,-1.6944461849243293,17.5036329420446144,2.5476464274714923,2.6594796130800700,-20.4178250358042916,3.0136762318093586,0.5417959805973527,2.2107141882469463,2.1556332816394272,0.8580429501698085,-0.0054769237096250,-0.0021513151785277,-182.0180280581516286,5.2162565732447650,6.0004920148888248,4.5050573474643780,2.5943775815033590,2.5495768601051898,3.4739687962432968,1.9106797659610777,9.4243919361377415,0.9243919361377273,4.6079400423545964,-3.9244377489098889,4.0667569959150622,7.2674196554346642,4.6057887271760913,3.4739687962437058,3.4739687962435370,683.9395341435946420,2.2627550123160263,4.2744385197185801,685.6468341922976606,8.2612587389307652,1.7553152604807969,239.5522893354585676,-8.1706398277779293,-3.5631783341273215,7.0633686909543734,243.4966983589466167,1.7308010666414835,1.7422400143601260,1.6442610133094235,-3.9444090234875575,783.8672174474274925,299.1605228460132935,10.1959707763779761,8.0452957817213502,-2.2549472288363845,-0.9648781942513599,36.8383174002630724,-1.0774235740212308,-1.2311964180725410,-0.4658863132934790,0.1432307091625084,-1.4888965078291212,456.8699831931309063,-19.5097672791091128,-3.6058041619378018,420.0316657928679547,-18.4323437050893730,-2.3746077438667736,-12.5553471179653009,432.5870129108331525,4.5057859232677639,3.9124603331421444,344.8457863824835385,-178.1289557183748968,-72.5710460445927055,308.0074689822196206,-177.0515321443556047,-71.3398496265198361,-62.7947064413822957,370.8021754236011702,4.9336771551725542,3.8661146906458868,0.5350712626367576,6.9745901310973535,8.7161879946724952,1.0157987248199349,-0.0749999999999418,0.0000000000000000,3.2258203810791670,-0.0005572519936941,0.0000000000000000,1.9683886874775318,0.0115221043466855,0.0000000000000000,2.0035191466879088,-10.0847314241927677,-36.5429066368326403,-34.9425554808400705,-12.1102906277514855,-1.5565624494300501,-1.3612043034978916,8.7161879946725449,-22.5952470233054825,6.9745901310973863,1.1187229047433913,-0.6041279535218957,-1.1887491647278794,-0.1091708416586827,16.8557880986442754,-0.0266150672227041,0.5350712626367576,0.3853026165537780,1.4426163893554356,-0.9114651790104856,-0.0143817060413041,-0.0504796566235399,-0.0050694716207684,0.0885519770964626,-0.0198473899120371,-0.6842037587314714,-1.2558763553071255,0.1689342156350904,-1.0232624602872282,-8.3264419972216217,-50.1668714363356685,-0.2166894829717262,0.7718744899539474,1.1877876818380759,1.0000000000000000,,,,,,,,,,,,,,,,,,,,,,,,,,,,,,,,,,,,,,,,,,,,,,,,,,,,,,,,,,,,,,,,,,,,,,,,,,,,,,,,,,,,,,,,,,,,,,,,,,,,,,,,,,,,,,,,,,,,,,,,,,,,,,,,,,,,,,,,,,,,,,,,,,,,,,,,,,,,,,,,,,,,-12.8146844958132533,1.9641258407843054,1637.0000000000000000,278.1983416215559259,333.0000000000000000,684.0000000000000000,2173.0000000000000000,-12.9363035153284329,608.8016583784440172,228.8016583784440741,442.1141883211482764,19.4532267216908004,832.7110432922853533,36.0544489726822022,-166.1969437415185098,422.5949666734070433,134.1988320392485718,2536.8341233608598486,15.7711092564759383,5.2872932743288210,615.3871763839173354,1075.1184095466899180,-376.8262506998809727,1145.0455896905400550,63.7775291192181157,206.6869197196330106,0.8968668384261389,0.7452945229928900,,,,20.0068801494796986,-8.7392988740831683,,,253.1082505616565186,0.1000000000000000,848.3960717613864517,845.3732192165736024,7.2776425421125168,452.4938320766312359,203.2195459318020312,143.6934856268107410,-56.4117417429097969,-109.7852019986087271,-37.4945020481546436,-12.3721917712874472,-33.4102511186176372,-7.1524367025244828,-83.9408895330046505,-37.4040845826570134,6.4693016104130550,-8.3150459277056683,-75.6513930888958583,-24.8358718073534988,-76.2494517868664445,-19.9765043726382316,5.7334781560097952,8.6662769648246893,9.8076170433485572,6.8295304178045200,-12.3925547045373889,17.0438718209362463,6.3078925627580986,11.0953285338369625,2.2885495014988351,4.3671082973455384,-7.8457514558328683,-3.5004444488452862,5.3546999232348957,,,,,,,,,,,,,,,
"2020Q3",17.7635636630120004,5.6263228817557804,19.6128276644429000,771.2760037488288845,635.5249981746882213,740.7915804809259726,649.4730914440272045,525.5914999595584050,638.4729421479538587,675.5848746645785923,486.4637078223323101,505.2333063020814166,485.2810984535419152,5.1386790016697930,10.1048133027057272,685.6603131825829678,789.0826217475057547,-1.9234673062495915,37.8917458331641726,0.1132691595933700,-1.5494037006301586,459.2552924294562899,374.5082519781703922,-12.4192997236147562,-35.6242140545617190,29.3551576478834733,8.0212336795714521,17.7635636630119613,19.6128276644428929,24.5000000000000000,5.8731749489106759,18.0030203953668781,0.0962499670584402,0.0502173741173330,-0.0803181916603685,1.6901254607364180,2.0978413565434502,4.7589076808248407,775.4607849252757887,743.9185202211672276,582.4736913737305031,634.9841893593850273,624.7297534537026422,668.7680898726723626,4.6768950221872796,18.0540094389843304,0.8526990660430290,6.0822001816782301,18.8696997741929451,-9.7570895187333058,7.0280528836710507,1.9778333945626585,243.9514483706975625,1.7991870505390768,6.4219999296239170,12.3701545535437933,5.1666235766319222,5.6263228817557804,-4.1847811764471583,-3.1269397402411339,-56.8821914141736613,14.4889020846426977,13.7431886942517796,6.8167847919062936,-0.3815568662595129,-3.1455016087692296,771.2760037488285434,-3.8501767695903748,6.8831161559531822,482.7461122538196037,0.1155772216987767,-12.5098353574335679,-0.0158690794183436,5.1168490401563513,17.7635636630119613,12.3701545535437933,0.2267855328360814,5.1666235766319222,29.3551576478834733,24.4999999999999929,0.0962499670584402,4.7589076808248407,8.0212336795714521,0.0502173741173330,5.8731749489106759,2.0978413565434502,19.6128276644428929,18.0030203953668781,-0.0803181916603685,1.6901254607364180,5.6263228817557804,-3.1269397402411339,-1.4174200162406834,740.7915804809255178,42.7940065145669521,1.6823931079017642,743.9185202211672276,6.9817780058057313,6.4263793361499779,-56.8821914141736613,-36.6965942876053504,525.5914999595585186,-129.7409485672073117,-86.6086162466351084,582.4736913737305031,6.2236457393662246,5.8639000024135930,14.4889020846426977,649.4730914440270908,57.6262397999121987,23.2634717247271467,634.9841893593850273,9.4933251351256924,8.2435937753553148,13.7431886942517796,7.9048276617198230,3.1455016087690000,638.4729421479535176,191.8942051921367806,5.7268107373555139,624.7297534537026422,14.6980209220372284,13.7381012529584261,6.8167847919062936,675.5848746645787060,124.8355742922587694,0.5525129210883382,668.7680898726723626,5.8045280863555426,6.6066198245914949,-4.1847811764471583,-0.9967948945523712,771.2760037488285434,39.8637159141403856,-3.8501767695903748,775.4607849252757887,9.4933251351275345,8.2435937753577821,-0.3815568662595129,-0.1526227465038053,635.5249981746877666,10.3634621041955199,1.5280802729788152,635.9065550409479783,3.8584522969062363,3.8719262027805836,486.4637078223327080,7.0280528836710507,6.4235811214767615,8.6212368777025841,482.7461122538196037,6.0822001816782301,5.2582881308770890,7.2229374049008550,505.2333063020819282,18.8696997741929451,14.7114121274857546,16.8420037960847537,485.2810984535421426,-9.7570895187333058,0.4437221003121699,5.4680957319914905,-3.9769252629108029,-3.7175955685126363,-0.9458527019908400,-1.3982994728007370,0.0319329527119798,-3.7495285212239655,-0.4462792151803460,-0.5146882017730749,9.2778298405533093,18.7695984797495754,11.8416468905205328,8.2207669183819085,0.7155890407650647,18.0540094389843304,2.2015059877595644,2.5314032814220431,12.4698046208938536,-1.1826093687909458,-16.7851424024007798,-3.1531411457106220,-2.0353084348340227,0.8526990660430290,-0.0213755365077944,-0.0070021829385082,118.3847030665219222,5.1386790016694963,6.2084492015692749,-0.1196091292069692,-2.0974425237695336,-1.4570480716648766,0.1477652310413666,1.9778333945626585,10.1048133027057290,1.6048133027057299,4.6768950221872796,1.0707550021051011,4.1622068204141920,7.2082983036092712,4.6698928392487513,0.1477652310416961,0.1477652310415927,685.6603131825831952,6.8831161559531822,4.7595590084235271,686.5778590561627652,6.4219999296239170,1.7991870505390768,240.8059467619277427,5.0146297058777494,-2.2757928159255543,4.5935122961254375,243.9514483706975625,1.8190000470039378,1.7566882805529098,1.7280500446537421,-3.1455016087692296,789.0826217475051862,302.6189139251729330,13.8335643166408158,10.2326005672276690,-2.2048659157132415,-1.9234673062495913,37.8917458331642152,4.2137137316046696,0.1875855805526374,3.7670235312073674,0.1132691595933684,-1.5494037006301575,459.2552924294561194,9.5412369453013621,0.5618052711774872,421.3635465962921103,5.3275232136946684,0.3742196906233328,-12.4192997236145857,433.7828463199068665,4.7833336362959153,4.2918273471646451,374.5082519781715860,118.6498623827663721,-34.4917434143293207,336.6165061450062126,114.4361486511599395,-34.6793289948831287,-35.6242140545611150,372.2407201995669652,5.7541791038706309,4.5831618917401515,0.1155772216987767,-12.5098353574335679,-0.0158690794183436,0.3876764329730955,-0.0749999999999971,0.0000000000000000,2.3581079639356943,-0.0202256132313393,0.0000000000000000,2.0978413565434515,0.0048380297273088,0.0000000000000000,1.6901254607364198,4.2975787219442907,-41.9188081674088551,34.8106365005089629,10.4609452612783347,1.8162742766896676,0.4215668609735190,-0.0158690794183363,15.2146000741415577,-12.5098353574335306,-0.3656060506870444,0.7728605601817751,0.0021444404438154,0.0001969384081056,-5.7637242457952809,0.0266136634146987,0.1155772216987766,-0.0469194888862832,0.4807524438276429,-0.1968212786877201,0.0418473423738180,-0.2894020699265862,-0.0164463051691402,0.1747390336945242,0.0194033161063578,-0.6716865670593534,-1.0164818036533183,4.6796000448980983,-0.1218131505919229,-4.6349845104759595,10.2159216476495089,-0.2093968435839479,0.7281263053549520,1.3138696642187453,2.0000000000000000,,,,,,,,,,,,,,,,,,,,,,,,,,,,,,,,,,,,,,,,,,,,,,,,,,,,,,,,,,,,,,,,,,,,,,,,,,,,,,,,,,,,,,,,,,,,,,,,,,,,,,,,,,,,,,,,,,,,,,,,,,,,,,,,,,,,,,,,,,,,,,,,,,,,,,,,,,,,,,,,,,,,-7.7728875724409363,3.9340751621150218,1892.0000000000000000,221.4359330165713686,615.0000000000000000,1010.0000000000000000,2450.0000000000000000,-11.9078727237972828,732.5640669834285745,350.5640669834286314,465.5573384634433296,19.6128276644429000,871.6034197243491235,37.4206360249854981,25.4590050448978502,255.4176063772662246,125.1694698387417901,2672.6511998309701994,20.8616172003112297,6.7915700057517476,624.5870812095959081,1289.4241140048200123,-583.8667897046890403,1361.8154990720199748,197.3414305118849370,13.0343090812430003,1.1095220131428569,0.6635858084429764,,,,19.9043446169685012,-7.7671038357122804,,,103.7850194104406540,0.1000000000000000,850.5192128116467529,847.0597084451269438,6.7459569142133660,268.8226920352415164,270.3877669448772849,131.7387408015011943,232.3928306579834100,-206.9338256130855598,48.9792962769578253,-3.7769996191722015,53.4094132503787478,1.6966250410818731,-72.6761294212836333,-57.9405529487885786,77.9375389592343026,26.1920437355965845,581.3746065230951672,5.8939681876642283,248.4608651979555134,0.5540420887139277,7.2809092931894241,9.0037793719409507,6.2709736948627750,7.4901870383659457,20.7674968796199551,18.3433593298041728,-9.2961965355080878,5.6203586892151804,7.1255324800277862,4.8746446091119537,5.1424905496038349,-2.2500919862882114,5.2729999999996835,,,,,,,,,,,,,,,
"2020Q4",13.1024629263866998,4.9580243399418400,19.5559503930939016,773.4581330871236560,636.6399491416995033,740.8465775817966232,646.4950149855571908,579.1052246759211357,601.5607350293812488,660.5897896757647914,485.7746730468654164,505.7869080872378049,487.5287048109064472,5.1123591736483185,10.1025085420102130,687.5288358764933037,792.4126253101538850,-2.5724191522180888,39.5554350177017895,0.0932898048600454,-1.5879560198064899,468.1940694742540927,378.8758897615343244,-6.3817231765422093,-34.5369200794456788,28.0135041407245957,4.6449091787562429,13.1024629263869148,19.5559503930938945,24.5000000000000000,5.8381566234745712,18.0315155841702044,0.1032526154387381,0.0538709297940121,-0.2056403244090283,1.7300751333327304,-1.2471183745123302,3.4102515252857684,777.9473772366274034,745.7203591999384571,584.0734287164159468,637.4707816707363008,628.4700282294573981,670.1514666759802594,4.7350352418772736,18.5285391537979436,0.8445410081598305,-4.7929571020778319,2.2144071406290200,8.9904254294557120,-2.7561391018704384,2.0369980897784359,244.4231374285081699,1.8325356899044285,3.9359907689374687,12.3066410393043792,0.4330580174407066,4.9580243399418400,-4.4892441495035875,-4.8737816181411944,-4.9682040404967625,9.0242333148215952,-26.9092932000748881,-9.5616770002149174,-0.2309687099775399,1.1132604873859477,773.4581330871235423,-0.9252813072169332,7.4740907756393211,481.5478729783009157,0.2130635016714622,8.8329097124526790,-6.2351717115975882,0.3695445032012064,13.1024629263869148,12.3066410393043792,0.3627638696417338,0.4330580174407066,28.0135041407245957,24.4999999999999432,0.1032526154387381,3.4102515252857684,4.6449091787562429,0.0538709297940121,5.8381566234745712,-1.2471183745123302,19.5559503930938945,18.0315155841702044,-0.2056403244090283,1.7300751333327304,4.9580243399418400,-4.8737816181411944,-3.5658330140089216,740.8465775817967369,0.2199884034846615,3.9106431546152987,745.7203591999384571,7.2073559150850315,6.8248802216614326,-4.9682040404967625,-3.8712659277765873,579.1052246759202262,214.0548988654531968,-35.0744901848765878,584.0734287164159468,6.3989493707472587,6.1509161228060520,9.0242333148215952,646.4950149855578729,-11.9123058338811951,15.8188551201690952,637.4707816707363008,9.9463692454057107,9.1469808931060950,-26.9092932000748881,-17.6148457002524452,-1.1132604873862486,601.5607350293821582,-147.6488284742901271,-34.9022926883370985,628.4700282294573981,14.9610991030175509,14.4243474216977017,-9.5616770002149174,660.5897896757652461,-59.9803399552534060,-16.7660757467695340,670.1514666759802594,5.5335072132341070,6.0256095420685751,-4.4892441495035875,-4.4643876361515762,773.4581330871235423,8.7285173531811999,-0.9252813072169332,777.9473772366274034,9.9463692454077268,9.1469808931087684,-0.2309687099775399,-0.0923874839910173,636.6399491416992760,4.4598038680421368,2.8370759874335763,636.8709178516775182,3.8574512429173100,3.8590300099469825,485.7746730468647343,-2.7561391018704384,0.5182996335224477,4.9569238229774157,481.5478729783009157,-4.7929571020778319,-1.0415189562837535,4.2916565847610295,505.7869080872380323,2.2144071406290200,6.2618012705502615,7.9658960494747983,487.5287048109070724,8.9904254294557120,4.9952412513152371,5.5614742568101292,-3.3687432221250733,-4.2268000685640246,-2.0368180002055571,-0.6652672382155818,-0.3813868806126830,-3.8454131879506508,-0.3835386669049404,-0.4726906328599266,12.2420912825468555,20.0122350403733797,4.9705462424979308,3.0089722264970558,1.4836958865755907,18.5285391537979436,1.8981188592551901,2.3285122106018119,38.6740549969944141,1.7540317640414234,11.7465645313295024,0.6045504338333698,0.9094907558813494,0.8445410081598305,-0.0326322315316038,-0.0149843540737095,16.9421736184002860,5.1123591736484393,6.3884946647505112,6.1538781299325320,4.1168800401541876,1.0751281427773898,2.6776366847880748,2.0369980897784359,10.1025085420102112,1.6025085420102116,4.7350352418772736,-1.8934637159058443,4.2623446090173367,7.0635474524790620,4.7200508878035530,2.6776366847883875,2.6776366847882791,687.5288358764933037,7.4740907756393211,5.2751940290442478,687.9853646976724804,3.9359907689374687,1.8325356899044285,245.5363979158934740,18.9218046158663356,2.9180459383473671,9.3717180845999177,244.4231374285081699,1.8867562312426363,1.7913101492601751,1.7924184196804982,1.1132604873859477,792.4126253101541124,306.6379522632891508,16.0761533524687756,12.4831377548984239,-2.1760480743423258,-2.5724191522180910,39.5554350177017753,6.6547567381500627,1.9345084940648214,5.7198579364435789,0.0932898048600465,-1.5879560198064926,468.1940694742542064,35.7551081791913248,7.4509974915247481,428.6386344565522677,29.1003514410396136,5.5164889974586302,-6.3817231765423719,435.0203576330948749,4.9500452527540055,4.5969888234417837,378.8758897615379624,17.4705511334715098,-31.0589842790317618,339.3204547438355121,10.8157943953204665,-32.9934927730959586,-34.5369200794422113,373.8573748232768139,6.4666184948423586,5.3291435421727913,0.2130635016714622,8.8329097124526790,-6.2351717115975882,-0.3551371009360498,-0.0750000000000572,0.0000000000000000,0.0790161487083481,-0.0413595779905666,0.0000000000000000,-1.2471183745123338,-0.0014746072429816,0.0000000000000000,1.7300751333327296,-1.7680444144047645,33.1154012016148869,-35.2932922031492637,-5.4804111860204916,0.1869629974423139,-0.0783459634737413,-6.2351717115975944,-11.3344824981725054,8.8329097124526754,0.3577180971604731,0.1581765695750540,0.6123148001088521,0.0562329918467315,3.3127090262279930,0.0103583229747919,0.2130635016714622,0.1248826104511764,0.6363759191840717,-0.3423977767018118,0.0379280802143779,-0.2812628026902080,-0.0133942486746440,0.1587061865888893,0.0132673444192591,-0.6757238262001979,-0.7643598843434705,2.8877332069427482,-0.1133290332345585,1.3182426520987320,-8.5312438196119729,-0.1934926892393432,0.6450449800876703,1.2878573013586339,3.0000000000000000,,,,,,,,,,,,,,,,,,,,,,,,,,,,,,,,,,,,,,,,,,,,,,,,,,,,,,,,,,,,,,,,,,,,,,,,,,,,,,,,,,,,,,,,,,,,,,,,,,,,,,,,,,,,,,,,,,,,,,,,,,,,,,,,,,,,,,,,,,,,,,,,,,,,,,,,,,,,,,,,,,,,-2.7310906490686762,5.9040244834458520,1936.0000000000000000,344.7662017483521595,446.0000000000000000,842.0000000000000000,2569.0000000000000000,-14.4208863532591245,684.2337982516478405,272.2337982516478405,506.0420580676516806,19.5559503930939016,851.7611270420563869,32.4096038200719008,16.4089078800767396,195.9741337034505193,133.3360273908774047,2763.1490075739698113,13.3200142505925214,0.9760456914833853,624.4646798770908163,1289.0145207414900597,-607.6531986193380135,1399.3932847271601076,19.3967186050520013,-9.6602623697330401,0.9295674205527441,0.6249551906016931,199.0814042758955509,52.1124401041650387,251.1938443800605967,4.3352115079575499,3.8092270784873099,,,24.1545942877568862,0.1000000000000000,851.0069458882106801,848.6326768914925651,6.2918737854624851,202.4412254726613583,134.9289357465388264,137.7360791170079608,37.0964446622824795,-20.6875367822057399,9.1207818939501806,-0.9210137521686477,0.2202305555092323,3.9881153919676393,750.4105004765260674,-29.5836638282428908,-11.2301444669277544,17.1387040320760065,-77.1561507597923821,-29.4623042010683349,-45.1080456685786686,-15.4359336690285716,-2.7185041381104327,5.0818346498232074,-4.6799082318867562,4.3850798410667551,2.2391071179685298,8.2917686979637750,9.4069526231658642,5.7190314844977905,7.7604915637035958,5.4168116046592729,20.8304389891812463,2.9610380565700041,5.2452959734330840,,,,,,,,,,,,,,,
"2021Q1",14.5057813320737008,6.8944913015754299,17.8202406732790983,776.6229788954485684,639.3764402770152628,746.8246502721202660,648.7253586332149098,550.9613146237123829,605.7499820303260094,664.8685851131144773,485.4191785131136498,501.7546469155203681,487.0299550581887615,5.0513892275082810,9.6381963411581566,688.4637696247451686,796.6256853504789888,-2.6501062602038985,41.4393001655603044,0.0499875041650993,-1.5975278034231226,478.5141360120328500,408.8468588876511944,0.8107600825475743,-8.1952997994199563,27.7705335789510208,4.5554884264017872,14.5057813320737310,17.8202406732790983,24.5000000000000000,5.8147438063094299,18.0540838922373190,0.0845382705476954,0.0441069237639008,-0.1219277821757783,-0.1119154367824156,-1.3033623036715447,3.1859953084032546,780.2985558757768558,747.4808519616659623,585.5920105249530252,639.8219603098862081,632.0687837044300750,671.6255554955669140,4.7825187229320187,18.9462134200946259,0.8337814047559159,1.6218331550906251,-16.1290446868719890,-1.9949990108764193,-1.4219781350052094,2.1267715294520331,244.9133833865044494,1.8613646924892850,2.1272002083821153,12.2606599140721464,1.9945484415140813,6.8944913015754299,-3.6755769803277736,-0.6562016895445492,-34.6306959012408910,8.9033983233296077,-26.3188016741035824,-6.7569703824525620,1.5411013326378318,3.0363551367276265,776.6229788954483411,3.5650124780281747,3.7397349930103969,481.9533312670740202,-0.1666203803180524,-8.6440738518850360,1.8464448436938052,1.9485673162818316,14.5057813320737310,12.2606599140721464,0.2505729764873326,1.9945484415140813,27.7705335789510208,24.4999999999999822,0.0845382705476954,3.1859953084032546,4.5554884264017872,0.0441069237639008,5.8147438063094299,-1.3033623036715447,17.8202406732790983,18.0540838922373190,-0.1219277821757783,-0.1119154367824156,6.8944913015754299,-0.6562016895445492,-0.6639737564615649,746.8246502721211755,23.9122907613001878,6.5660828951175727,747.4808519616659623,7.0419710469108532,7.0195124198986010,-34.6306959012408910,-22.9758950305129446,550.9613146237127239,-112.5756402088281192,-52.7877691554186512,585.5920105249530252,6.0743272341486980,6.2292205651036481,8.9033983233296077,648.7253586332149098,8.9213745906321584,15.2259898846794464,639.8219603098862081,9.4047145565972645,9.5274144854274407,-26.3188016741035824,-17.0555622466351622,-3.0363551367277366,605.7499820303256683,16.7569880037737562,-20.0667975480711647,632.0687837044300750,14.3950218998864017,14.6597631576330372,-6.7569703824525620,664.8685851131144773,17.1151817494021472,-15.4465103062882214,671.6255554955669140,5.8963552783519839,5.7927413437338675,-3.6755769803277736,-3.9101292312259730,776.6229788954483411,12.6593832333042986,3.5650124780281747,780.2985558757768558,9.4047145565994370,9.5274144854292313,1.5411013326378318,0.6164405330551316,639.3764402770154902,10.9459645412601834,7.0146751068715103,637.8353389443781225,3.8576843708017927,3.8570612377707656,485.4191785131141046,-1.4219781350052094,1.7367635421640690,2.1062685317240142,481.9533312670740202,1.6218331550906251,2.4230847014735732,3.0667618751918071,501.7546469155199134,-16.1290446868719890,-2.2531391720581118,-2.0688394355154331,487.0299550581884773,-1.9949990108764193,3.1792880379458088,0.8388178401378046,-2.3331905569161520,-3.4658472460397247,3.0438112900977243,0.9604933434684917,0.4636499519863406,-3.9294971980253588,-0.3363360402967032,-0.4210704289539483,9.3142117524590908,16.3354684024063346,-14.7070665518679800,-4.1751079672398843,-2.6107450176880569,18.9462134200946259,1.6706970651853430,2.0794920849164988,40.0911778942980277,1.6107765450741240,-0.5730208758677557,-1.2674506915858523,0.7769951403180216,0.8337814047559159,-0.0430384136142618,-0.0256307763414070,114.9739904992470372,5.0513892275082535,6.5729542120870539,2.6283045260350737,0.5015329965831357,-0.3958530473943674,0.7423432937642810,2.1267715294520331,9.6381963411581566,1.1381963411581630,4.7825187229320187,-0.8857628907963112,4.3614482939780554,6.8620108078485220,4.7568879465905995,0.7423432937646061,0.7423432937645158,688.4637696247461918,3.7397349930103969,5.0899242342291817,689.3150229361331185,2.1272002083821153,1.8613646924892850,247.9497385232315878,9.6533624293525406,6.3547892308285050,5.6972902316927598,244.9133833865044494,1.9609838319851254,1.8493852942184827,1.8629346403858655,3.0363551367276265,796.6256853504787614,311.2065068373647705,18.2742182963109805,14.5949766854462268,-2.1379187289127577,-2.6501062602039012,41.4393001655603612,7.5354605914340622,4.3316268717919577,6.4244210190708504,0.0499875041650995,-1.5975278034231228,478.5141360120330205,41.2802661511146880,16.7667109991250172,437.0748358464722401,33.7448055596790439,12.4350841273318089,0.8107600825474426,436.2640757639249500,4.9748725233238202,4.8035093339078614,408.8468588876531840,119.8838765044739745,19.4688335755765713,367.4075587220922330,112.3484159130390481,15.1372067037840097,-8.1952997994183931,375.6028585215098587,6.9819347929343865,6.0341023867034007,-0.1666203803180524,-8.6440738518850360,1.8464448436938052,1.9154791316045097,-0.0750000000000073,0.0000000000000000,0.7988192407032599,-0.0315049859914067,0.0000000000000000,-1.3033623036715478,-0.0071165360911719,0.0000000000000000,-0.1119154367824171,2.8339642586195772,-30.8842986469182748,-8.6400002433378518,0.6098787111217625,2.4524779080153802,1.6334888166288515,1.8464448436938117,-18.0544774508284327,-8.6440738518850253,0.0065172191769591,-0.3040613466510343,0.1684448212419141,0.0154694223589513,2.8099551086039405,0.0225516111705288,-0.1666203803180525,-0.3662779759593322,-0.1796255558783681,0.2779201178814569,0.0330853635481415,-0.2356361811060945,-0.0136694052358098,0.1685654123046192,0.0120825715752959,-0.6746898551245754,-0.2320322571188945,1.8156026549904727,-0.1376509469328476,4.7674284520036849,17.0166518585762674,-0.1683673855972707,0.5198317958452537,1.1619781475751294,4.0000000000000000,,,,,,,,,,,,,,,,,,,,,,,,,,,,,,,,,,,,,,,,,,,,,,,,,,,,,,,,,,,,,,,,,,,,,,,,,,,,,,,,,,,,,,,,,,,,,,,,,,,,,,,,,,,,,,,,,,,,,,,,,,,,,,,,,,,,,,,,,,,,,,,,,,,,,,,,,,,,,,,,,,,,10.3017780810076829,12.5598611842755190,2035.0000000000000000,229.9832446631367588,421.0000000000000000,803.0000000000000000,2586.0000000000000000,-14.5986499219174561,703.0167553368632980,280.0167553368632412,445.9347160215152144,17.8202406732790983,806.5782326273510989,32.5137946574549019,71.5699736460181555,134.9037149329389536,154.1698280268787755,2882.0492161766501340,16.8522401613004149,1.8175495331676785,629.2811305284586751,1285.5844394299899704,-619.0027924899650316,1352.9932458076100374,-40.8832623510074882,34.9614949437746034,1.2581920981051684,0.6103182488074544,,,,6.8574968746080698,0.7537931558902011,1.2343833862777716,9.7214254922147898,-92.9655208595506224,0.4000000000000000,849.1165877363014260,850.1136873706861934,5.9240419167745131,138.0586899154585296,143.7168489753827885,157.7753769973125202,-30.4750978519323681,102.0450714979505165,13.4955941743778851,3.6293209741365899,27.0134636207051102,6.7864467025802639,-67.5593007595338122,-41.0144502489743843,9.3314322813637318,16.4462839656456197,18.2427915405311865,-18.1815956375795622,18.6670892748046526,-14.3126606122701787,-1.4119157772293960,2.1286069272270112,1.6350562578411996,3.1142714418913755,-14.8955148105506936,-2.0475857728562659,-1.9752305838449615,0.8423457743973017,3.8105430017409532,5.2216869034791102,10.1346612522986561,6.5610519126898907,5.1811475307856458,,,,,,,,,,,,,,,
"2021Q2",10.5362971979661992,4.4735111511240202,20.9861836039782013,780.2668292663296370,640.2945592553168126,740.1969329233388635,649.7333369667153420,614.3105304599904457,622.2637838003158777,667.3667428423427737,485.3350099077961772,500.3293587909905682,486.3897648864003145,5.0593754076164243,9.7854986261432515,689.2158801104123995,800.6234498531334793,-2.6085049829497819,43.6264571579434630,0.0266631117430805,-1.5721982160032377,488.1164732723420911,420.9916115105986023,7.0154750654569966,-0.0411505933417402,27.0852068492324598,4.4372739527119354,10.5362971979661921,20.9861836039782013,24.5000000000000000,5.8016965373977580,18.0776650836333168,0.0497463889776386,0.0259546377273507,-0.1861778711206405,3.0946963914655390,-1.3903772224131594,2.5354604602546891,782.4297157436110410,749.1666036572748908,587.0023788703439322,641.9531201777202796,635.4517037373644825,673.2474249703095666,4.8282937224842728,19.3178843302402541,0.8210112820781054,0.9494058992252721,-5.7011524981142117,-2.5607606871571580,-0.3366744212736170,2.2571616411549624,245.4234197261887402,1.8912217663580206,0.1536515063499224,12.2240314537644696,-1.9496131536239827,4.4735111511240202,-2.1628864772819290,-8.9696707339356827,27.3081515896456537,7.7802167889963272,-13.1879199370484539,-5.8806821279668862,1.4968003608096259,5.2282348002857075,780.2668292663296370,18.9567544960347441,3.0084419426650131,482.1906827418815737,-0.3084690200228691,-6.0025904800801611,-1.8072898335789289,-1.9862416139317567,10.5362971979661921,12.2240314537644696,0.2618788978255883,-1.9496131536239827,27.0852068492324598,24.4999999999999822,0.0497463889776386,2.5354604602546891,4.4372739527119354,0.0259546377273507,5.8016965373977580,-1.3903772224131594,20.9861836039782013,18.0776650836333168,-0.1861778711206405,3.0946963914655390,4.4735111511240202,-8.9696707339356827,-5.8579881522291082,740.1969329233385224,-26.5108693951235139,10.1038540710545011,749.1666036572748908,6.7430067824405597,6.9935279375590227,27.3081515896456537,17.5395449434841950,614.3105304599911278,253.3968633451168557,56.2837933586317263,587.0023788703439322,5.6414733815712390,6.0845989314559876,7.7802167889963272,649.7333369667160241,4.0319133340053819,14.6668054726679156,641.9531201777202796,8.5246394713394498,9.3422621021162993,-13.1879199370484539,-8.1416522962038869,-5.2282348002858345,622.2637838003157640,66.0552070799570572,31.7643929503943845,635.4517037373644825,13.5316801317369819,14.3964555141695207,-5.8806821279668862,667.3667428423425463,9.9926309169123613,22.9907617508286819,673.2474249703095666,6.4874778989706297,5.9304671192280907,-2.1628864772819290,-2.4719552810391603,780.2668292663296370,14.5754014835240451,18.9567544960347441,782.4297157436110410,8.5246394713401852,9.3422621021184042,1.4968003608096259,0.5987201443238487,640.2945592553168126,3.6724759132028382,7.3604266066772457,638.7977588945076377,3.8496798005186879,3.8558169277838621,485.3350099077958930,-0.3366744212736170,2.9573195568949502,0.6283153063809577,482.1906827418815737,0.9494058992252721,3.0669005753382437,0.9651205334805362,500.3293587909910229,-5.7011524981142117,2.0093661759972372,-0.1865225675431719,486.3897648864000871,-2.5607606871571580,3.9129383909002038,-1.3306059468246541,-0.6846622217678977,-3.1443271659145289,1.2860803205008204,0.3368052271003373,0.8597140391297238,-4.0040412050434782,-0.2981760280707467,-0.3660824876148684,9.7169245534599469,14.9943488831952507,-5.3644780768419587,-0.8148378739244163,-4.3235354470450211,19.3178843302402541,1.4866836405835986,1.8142513881944695,36.3206441537532498,1.0547549786040011,-2.2240862658800067,-1.9589212532050388,0.2337436965255086,0.8210112820781054,-0.0510804907096674,-0.0370316680915203,42.5806169151383145,5.0593754076164421,6.7872793355682255,1.9924748322785559,-0.2646868088762551,-1.0484123151731024,0.2370863109705897,2.2571616411549624,9.7854986261432479,1.2854986261432482,4.8282937224842728,0.0855046756464359,4.4622112348694127,6.6425451106786912,4.7912620543927638,0.2370863109709261,0.2370863109708101,689.2158801104120585,3.0084419426650131,5.2763459668164723,689.9897031865690451,0.1536515063499224,1.8912217663580206,250.6516545264736919,10.8076640129706263,11.0993651910156501,4.3470802510681468,245.4234197261887402,2.0401453587370320,1.9267213672420804,1.9381380908001620,5.2282348002857075,800.6234498531334793,315.2884399453375295,16.3277324318941233,16.1279170993253160,-2.0917300664229641,-2.6085049829497819,43.6264571579434630,8.7486279695323024,6.7881397576802058,7.3949549215493793,0.0266631117430828,-1.5721982160032377,488.1164732723427733,38.4093490412414909,31.2464900792126343,444.4900161143993387,29.6607210717076129,24.4583503215310074,7.0154750654576574,437.4745410489421147,4.8418611400705700,4.8875281381084630,420.9916115106000234,48.5790104917958345,76.1458251281202365,377.3651543526555656,39.8303825222618073,69.3576853704398530,-0.0411505933408598,377.4063049459961121,7.2137856979475634,6.6041295223975442,-0.3084690200228691,-6.0025904800801611,-1.8072898335789289,-1.4737344996636947,-0.0749999999999802,0.0000000000000000,0.3052637443724535,-0.0223100785962105,0.0000000000000000,-1.3903772224131616,-0.0058779696816281,0.0000000000000000,3.0946963914655390,-7.5902933056946829,50.5723260940950183,3.6562056859480379,-5.1090185759158260,0.2051715690562217,0.8803598277544920,-1.8072898335789225,-4.2906980638602779,-6.0025904800801690,-0.2731975045673134,0.2611219191008958,0.3626235826500235,0.0333021657535738,-1.2051742513152657,0.0344238627737119,-0.3084690200228691,-0.4907407987681630,-0.5051939810532273,0.5243370766381065,0.0361252301511192,-0.2149699910450100,-0.0123459184567648,0.1772107183511583,0.0159935431176720,-0.6828809277152594,-0.1174050983581147,2.3242069504615301,-0.1198381536946609,6.5128038142782572,5.9414182602357926,-0.1344231929224322,0.3644758690791597,0.9300443843070463,5.0000000000000000,,,,,,,,,,,,,,,,,,,,,,,,,,,,,,,,,,,,,,,,,,,,,,,,,,,,,,,,,,,,,,,,,,,,,,,,,,,,,,,,,,,,,,,,,,,,,,,,,,,,,,,,,,,,,,,,,,,,,,,,,,,,,,,,,,,,,,,,,,,,,,,,,,,,,,,,,,,,,,,,,,,,9.7580752278753664,11.3968849922427466,1841.0000000000000000,497.8552717356926109,536.0000000000000000,927.0000000000000000,2665.0000000000000000,-11.7387346392949823,717.1447282643073322,253.1447282643073891,589.5689167343954296,20.9861836039782013,893.3047224466415628,31.3949588689151007,84.3459780518311106,70.9769851158309280,148.4128425445841799,2999.6008192031699764,15.9910580106179623,-1.9936759851530041,628.1544862301451531,1240.5314395685199997,-548.0148995958610385,1360.2820805157200539,-10.3363932203903914,200.6546232305969966,1.1222573128970235,0.5846182534283431,,,,2.7681346520147301,3.2946513948274490,,,83.2987914613737814,0.4800000000000000,850.8120392995054999,851.5257866158463003,5.6483969806404275,72.0926537290081910,76.2831348175492252,150.7457050907911480,-121.0540118431177632,205.3999898949488738,15.6911569963168205,20.8726764633583031,-23.2877436138393108,10.6319279272891123,1160.3425391144030527,75.5647849098836275,4.1142984618011980,15.7969516718093246,93.5860771652454844,37.3886973506088509,10.5089480113086609,25.8483742695101455,-0.3361083084411689,0.6302933476106602,0.9539270537413103,0.9697928407366874,-5.5416816999580334,-0.1863487223058229,-2.5282512977149167,-1.3217925198638341,3.0541528006404519,5.4180259477246437,11.4133129422052946,11.7387813553713443,5.1895478220940428,,,,,,,,,,,,,,,
"2021Q3",14.0354182936714000,5.3521220383357297,17.9547894586048002,780.7856657043106452,641.1503568156520032,741.6854600082705247,648.3139110278307271,614.1322498609337117,614.1864428663280933,667.4340641869054025,485.8734505843380020,499.2329102853960876,489.1526525550467568,5.0609530810086785,10.0794523349066303,690.1322010481276266,804.6863546869502670,-2.4493734029915117,44.6108790630030541,0.0466557811642417,-1.5087160294646698,486.5805320490671875,427.2593583843183183,3.3568524363242318,3.4567536352230377,26.5812586312465839,5.4089491210295204,14.0354182936713627,17.9547894586048002,24.5000000000000000,5.8001364094027741,18.0912938878123306,0.0793074004594880,0.0413777741526630,-0.2235481934588133,0.0870437642512852,-0.4325650625259196,2.0019512307870078,784.2338135503703143,750.7416892202016925,588.2398556784067978,643.7572179844789844,638.5143322892445212,675.0858118526574572,4.8626865299453153,19.6597183709925609,0.8070486518022315,2.7085550508508360,-4.3857940223766683,11.0515506745788290,2.1537627061679498,2.4157928938729718,245.9524801008527106,1.9140794996135511,0.0838544644839723,12.2088425215904692,1.4823424040098214,5.3521220383357297,-3.4481478460580317,-9.0562292119308943,25.8923941825260115,4.5566930433516273,-24.3278894229163534,-7.6517476657516159,1.3904630815086947,5.9227785056828610,780.7856657043114410,9.5096619554831552,3.6652837508616769,482.8678215045946445,-0.4671174995078615,6.0931316812828076,1.1963352754853089,1.4671534718357577,14.0354182936713627,12.2088425215904692,0.3442333680709225,1.4823424040098214,26.5812586312465839,24.4999999999999964,0.0793074004594880,2.0019512307870078,5.4089491210295204,0.0413777741526630,5.8001364094027741,-0.4325650625259196,17.9547894586048002,18.0912938878123306,-0.2235481934588133,0.0870437642512852,5.3521220383357297,-9.0562292119308943,-6.5626956670602441,741.6854600082705247,5.9541083397294869,0.8938795273449696,750.7416892202016925,6.3003422517087904,6.8231689990348565,25.8923941825260115,16.0081823413409126,614.1322498609338254,-0.7131223962234241,88.5407499013769694,588.2398556784067978,4.9499072322552600,5.7661643046781563,4.5566930433516273,648.3139110278297039,-5.6777037555442735,-1.1591804161966865,643.7572179844789844,7.2163912270332489,8.7730286250937652,-24.3278894229163534,-15.2936642119856749,-5.9227785056831213,614.1864428663275248,-32.3093637359506971,-24.2864992816266962,638.5143322892445212,12.2505142075170603,13.7845788355394578,-7.6517476657516159,667.4340641869058572,0.2692853782517091,-8.1508104776738097,675.0858118526574572,7.3535475293899921,6.3177219799867208,-3.4481478460580317,-4.6571555676050060,780.7856657043114410,2.0753457519334191,9.5096619554831552,784.2338135503703143,7.2163912270352020,8.7730286250954421,1.3904630815086947,0.5561852326034737,641.1503568156515485,3.4231902413380464,5.6253586409628928,639.7598937341435885,3.8485393585449086,3.8533386931935292,485.8734505843380589,2.1537627061679498,2.5154014813320549,-0.5902572379949479,482.8678215045946445,2.7085550508508360,2.0339728869270899,0.1217092507736964,499.2329102853959739,-4.3857940223766683,3.0897355130948050,-6.0003960166857535,489.1526525550466431,11.0515506745788290,6.6927721215052447,3.8715541015033343,-1.5739625757092703,-3.0056290797434082,0.5547923446848524,0.7119664887693241,1.0667784018207591,-4.0724074815633848,-0.2734651060773944,-0.3228789603392300,5.4867298724426119,13.3594597010582135,-6.5395567285460450,-5.4101387786913762,-6.3002586699343803,19.6597183709925609,1.3673361630095529,1.6057089320068518,-7.5069593750045476,3.2792019707079980,8.8977879684146757,4.4618113394989285,2.4721533189058551,0.8070486518022315,-0.0558505211053670,-0.0456504142409592,19.6959613716788589,5.0609530810086980,7.0050143177406134,3.0269801940820273,0.6111873002091702,0.0046057019827174,1.5840580368898407,2.4157928938729718,10.0794523349066303,1.5794523349066287,4.8626865299453153,-1.1844025540692087,4.5398075696060483,6.4683954619521176,4.8170361157043180,1.5840580368901456,1.5840580368900103,690.1322010481271718,3.6652837508616769,4.4718878655436187,690.9816943646094387,0.0838544644839723,1.9140794996135511,251.8752586065350556,4.8944163202475028,11.0693118446082579,2.5230596520859865,245.9524801008527106,2.1162414986569398,2.0010317301553626,2.0104294237240952,5.9227785056828610,804.6863546869510628,318.8129041026122650,14.0978566291030631,16.1939901774406074,-2.0503526440450108,-2.4493734029915126,44.6108790630030043,3.9376876202382287,6.7191332298385387,3.5462026421141042,0.0466557811642424,-1.5087160294646700,486.5805320490671875,-6.1437648930996733,27.3252396196118745,441.9696529860639771,-10.0814525133393982,20.6061063897717283,3.3568524363240710,438.6128005497402569,4.5530380031965985,4.8299542298336853,427.2593583843199667,25.0709874948832407,52.7511064061480326,382.6484793213161311,21.1332998746451324,46.0319731763097550,3.4567536352241550,379.1917256860909333,7.1416829603830596,6.9510054865253945,-0.4671174995078615,6.0931316812828076,1.1963352754853089,0.6153664627737196,-0.0750000000000037,0.0000000000000000,0.2271289086087052,-0.0114753011250836,0.0000000000000000,-0.4325650625259194,-0.0155945449846845,0.0000000000000000,0.0870437642512836,-2.7446962299303941,8.7700580013813294,-16.2054851440722416,-4.1603308168801991,1.6324053913478687,0.7917429371848419,1.1963352754853149,-2.9180214218513445,6.0931316812828129,0.0346324181868808,0.4225035713777020,0.4104592275851745,0.0376952351863937,1.7223435934934428,0.0342314889108512,-0.4671174995078616,-0.7710957881355739,-0.9661852255312009,0.8288402174697806,0.0293205380151570,-0.1687053864774959,-0.0098780794666793,0.1781034078567537,0.0119799098913395,-0.6776177134625591,0.0026212809812860,-3.4572673013110986,-0.0776873114725866,-0.9927421042594773,3.4867935683637370,-0.0937376350617558,0.1953629771331171,0.6492758322306962,6.0000000000000000,,,,,,,,,,,,,,,,,,,,,,,,,,,,,,,,,,,,,,,,,,,,,,,,,,,,,,,,,,,,,,,,,,,,,,,,,,,,,,,,,,,,,,,,,,,,,,,,,,,,,,,,,,,,,,,,,,,,,,,,,,,,,,,,,,,,,,,,,,,,,,,,,,,,,,,,,,,,,,,,,,,,9.2143723747429647,10.2339088002098606,1869.0000000000000000,568.6137805968861585,541.0000000000000000,984.0000000000000000,2756.0000000000000000,-13.2896430238107843,760.3862194031138415,254.3862194031138699,483.7836439759783502,17.9547894586048002,855.1659090160469532,32.3203012974125983,-91.7121065141560052,334.6474285112952316,128.4469430429294050,3123.9813682381700346,16.2516193352671507,7.4686863352915722,642.0851982343112923,1300.6830320778599344,-581.5798613257229590,1394.4808906876201036,14.5397053886345020,192.1331657517769997,1.4724750924528303,0.5692985844256658,,,,25.1515070696449001,-16.4682108143092307,,,-61.5870982655065546,280.3999999999999773,849.5612816745468763,852.8913981728401268,5.4624462279753061,336.8072451632357343,574.7912913415965477,129.2759404379164323,46.4197847771383749,-138.1318912912943802,2.0970308053626354,9.9765108808160790,6.1349363921438425,0.8978865608438014,-0.7105857119330494,142.3971956437665938,-5.5195298149962326,-1.1524878047846698,-27.6093933458373755,-21.5622596792330796,0.2696482769977138,-7.8274760553665317,2.1771235863395475,-0.5885186423706870,2.7455698361143845,0.1217833465397433,-4.2910088205297541,-5.8239195953060090,11.6853667683747489,3.9474753657301278,3.7332835268829143,4.5733840479793173,5.0161711436077923,11.7052051579773746,5.1912073826926530,,,,,,,,,,,,,,,
"2021Q4",21.3479482997888006,5.8679118608507501,19.2723513802848991,783.1156723916847113,641.3926803049001819,746.7831253678890562,662.2683258520227128,578.0530968359400958,629.9967684047153398,674.9137840311292393,486.8757843672172498,496.5591638745269165,490.8257429019987512,5.0426457814302541,10.2552106782778054,691.3927860013282043,808.8304915836454256,-2.1728392872504116,44.9115744791700280,0.0533191161658735,-1.4059217821021741,488.3855490127295980,436.0460418693787688,3.8296885337287563,10.2513607781765472,29.6036047468198511,11.0166949332538824,21.3479482997888361,19.2723513802848920,24.5000000000000000,5.7971954622876343,18.1060584320700571,0.0609234713522110,0.0317861589662556,-0.1315197613325896,1.2978127095474474,5.1877133119999881,5.0426812754675501,785.7645189722092027,752.2275670350716155,589.3282152651515844,645.2879234063187823,641.3167984583146790,677.1153723171225920,4.8855314966602910,19.9859874502918551,0.7921367959229013,6.7684661645462549,-10.6949856434756434,6.6923613878060673,4.0093351315147396,2.5949767099835830,246.4966529908139989,1.9330415102324727,0.2563068606909393,12.1911370302175666,8.9325818779201303,5.8679118608507501,-2.6488465805240176,-5.4444416671818781,-11.2751184292128404,16.9804024457059519,-11.3200300535981473,-2.2015882859924623,0.6675092046601246,5.2477694439521310,783.1156723916855071,9.6575393045627056,5.0423398128030872,484.5599380457322241,-0.4034171875394818,-1.2780758176769063,2.6929508333195384,8.9148763865471938,21.3479482997888361,12.1911370302175666,0.2242293916510023,8.9325818779201303,29.6036047468198511,24.4999999999999858,0.0609234713522110,5.0426812754675501,11.0166949332538824,0.0317861589662556,5.7971954622876343,5.1877133119999881,19.2723513802848920,18.1060584320700571,-0.1315197613325896,1.2978127095474474,5.8679118608507501,-5.4444416671818781,-2.9990824668376614,746.7831253678890562,20.3906614384799560,5.9365477860937785,752.2275670350716155,5.9435112594820048,6.5072078351341691,-11.2751184292128404,-7.1476301325609954,578.0530968359397548,-144.3166120999745488,-1.0521278399793772,589.3282152651515844,4.3534383469814939,5.2547865487367282,16.9804024457059519,662.2683258520231675,55.8176592967747638,15.7733108664678987,645.2879234063187823,6.1228216873586980,7.8171417355818171,-11.3200300535981473,-7.1156437241255217,-5.2477694439521025,629.9967684047151124,63.2413021535543152,28.4360333753334125,641.3167984583146790,11.2098646762813061,12.8467702288555525,-2.2015882859924623,674.9137840311300351,29.9188793769047265,14.3239943553656381,677.1153723171225920,8.1182418578680000,6.9639056411451410,-2.6488465805240176,-1.5255677326356256,783.1156723916855071,9.3200267494986839,9.6575393045627056,785.7645189722092027,6.1228216873606183,7.8171417355836361,0.6675092046601246,0.2670036818640454,641.3926803048999545,0.9692939569917272,4.7527311632002691,640.7251711002404591,3.8611094643891359,3.8542532485614860,486.8757843672169088,4.0093351315147396,4.7822521968358283,1.1011113203514418,484.5599380457322241,6.7684661645462549,5.2300070711221371,3.0120650674296909,496.5591638745264049,-10.6949856434756434,2.2767052739000624,-9.2277442127120572,490.8257429019992628,6.6923613878060673,5.4959955198623174,3.2970380910910402,-1.0695233756282065,-2.3158463214850165,2.7591310330336429,1.9109537470790798,1.8216761624646045,-4.1375224839489340,-0.2604600095404131,-0.2921092959981168,4.0684299176252567,9.6833795073097040,-14.7043207749916718,-10.3288555330635674,-10.3026079429822754,19.9859874502918551,1.3050763171988058,1.4574482964929210,7.5253106339819356,3.9499585347814525,2.6830262562951654,2.1959267707403649,3.1578217388582632,0.7921367959229013,-0.0596474235156826,-0.0524042122368032,31.4476710754620186,5.0426457814303705,7.2200481971031722,-0.1873612896912378,-2.7823379996747564,-1.6541711030934847,0.1010395751847764,2.5949767099835830,10.2552106782778019,1.7552106782778041,4.8855314966602910,0.5214593110641359,4.5934222006621503,6.3429797931531979,4.8331272844234636,0.1010395751851065,0.1010395751849920,691.3927860013275222,5.0423398128030872,3.8639501248347905,692.2242233783020993,0.2563068606909393,1.9330415102324727,251.7444224347655677,-0.5233446870766087,6.2080245188724783,-1.8208909995729288,246.4966529908139989,2.1766915598455641,2.0735155623062118,2.0678569818532777,5.2477694439521310,808.8304915836455393,321.9547072164278347,12.5672124552731468,15.3167549531415990,-2.0035683198253351,-2.1728392872504090,44.9115744791699072,1.2027816646674707,5.3561394614680058,1.3582778776575453,0.0533191161658715,-1.4059217821021728,488.3855490127295980,7.2200678546536938,20.1914795384778394,443.4739745335593284,6.0172861899847163,14.8353400770082899,3.8296885337290187,439.6442859998307995,4.1259418003689561,4.6239283667375224,436.0460418693784845,35.1467339402408143,57.1701521078418438,391.1344673902078171,33.9439522755735439,51.8140126463741737,10.2513607781764442,380.8831066120308719,6.7655237037641767,7.0257317887549764,-0.4034171875394818,-1.2780758176769063,2.6929508333195384,0.6918508416828857,-0.0750000000000046,0.0000000000000000,3.6413154139165727,-0.0129341266449799,0.0000000000000000,5.1877133119999908,-0.0143225168641840,0.0000000000000000,1.2978127095474576,-1.2467385024394773,-28.9025328322135593,4.0953959686836470,0.2560133367764317,0.7647411643210713,0.1113239720566432,2.6929508333195402,-12.2835871010098785,-1.2780758176768998,-0.4693226942311286,0.3337035768618299,0.5645710749063830,0.0518483640220153,-0.3717553435454929,0.0437761329903684,-0.4034171875394816,-0.7105768315591346,-0.7897271287579142,0.7707683970493892,0.0212119780151823,-0.1235525024715971,-0.0093819545208563,0.1662621361214675,0.0103699605802777,-0.6641352540393072,0.1295717115616096,-2.3434209774467085,-0.0900170124210572,1.7484400232080475,7.7279306244632266,-0.0480773555839722,0.0282075974920418,0.3380090394206372,7.0000000000000000,,,,,,,,,,,,,,,,,,,,,,,,,,,,,,,,,,,,,,,,,,,,,,,,,,,,,,,,,,,,,,,,,,,,,,,,,,,,,,,,,,,,,,,,,,,,,,,,,,,,,,,,,,,,,,,,,,,,,,,,,,,,,,,,,,,,,,,,,,,,,,,,,,,,,,,,,,,,,,,,,,,,8.6706695216105629,9.0709326081770030,2099.0000000000000000,409.3990184546486262,638.0000000000000000,1098.0000000000000000,2936.0000000000000000,-12.2632262632884839,887.6009815453513738,424.6009815453513738,567.3794996315027674,19.2723513802848991,1172.2467249741121122,39.7603243993619984,13.6359846619548790,420.9652472722070797,170.2659934084473150,3256.1634185537100166,16.5765475867806344,6.8454799639258539,644.2528583173682364,1322.7306118321801023,-525.5588344333499435,1398.0633221134301039,-26.8772909378467375,265.3006046947820096,1.1509773460831063,0.5685632559396794,200.6789602836925042,56.3612072866825571,257.0401675703750470,7.9614972344842796,7.5185392044537709,,,72.9941159969827424,0.4800000000000000,851.0419943444148885,854.2324994954625481,5.3644052904896853,418.3748082443283920,187.5657522449509713,169.2182497352965811,-27.2882943482142508,40.9242790101691298,9.7681543190104350,10.1392615357356703,22.6183640195759779,6.1163001460743658,-76.3821197002256582,-1.0466123353554906,74.7483220309314902,17.0853662306031282,88.2146764783084620,32.8911696229286008,34.8764237721358086,15.4006664909028359,4.0907939782175902,1.1071958630728460,7.0027834455692783,3.0578866488121861,-10.1429270599352748,-8.8147871746751321,6.9213801959319596,3.3519926869162617,5.1716296832151585,3.9395715244627212,-0.5219776246250944,6.4047726012855293,5.1719514758990837,,,,,,,,,,,,,,,
"2022Q1",13.1655983935579002,8.3700944690669008,21.0079519466397997,784.2031934315259605,640.5243109696294823,745.9368476678185971,658.5793206363354102,587.2154511771215084,638.2611444403595442,679.3244375377671531,491.1697082770989482,505.8937997010667118,497.2235693261412166,5.1566821057077767,10.1354532029031219,692.3159091085885848,815.4529509710473576,-1.4367640280810292,45.5551813958566143,0.3028742060009465,-1.2650506132375352,501.4004557997293432,455.7586853690514204,15.3087472383744512,27.7969099081206537,28.3617079203824147,5.8118424198153500,13.1655983935578682,21.0079519466397819,24.5000000000000000,5.7346720829011515,18.1175609702692704,0.0688764161259652,0.0359355214569100,-0.1524333098503661,3.0428242862209038,0.0412348154572836,3.7928315042562599,787.1978202196047505,753.6936449634999917,590.3587767103578017,646.7212246537138753,644.0203924132717930,679.2343052945427644,4.8895576998915349,20.3231443095375930,0.7772207331310843,12.3369499097132582,37.3385433061647376,25.5913056965628520,17.1756956395256957,2.7735441525450146,247.0477142377857831,1.9445620272903905,1.5275545175942558,12.1171111126318802,0.7912420334926900,8.3700944690669008,-2.9946267880786759,-7.7567972956810465,-3.1433255332374062,11.8580959826224195,-5.7592479729111457,0.0901322432244788,-1.1751757926254296,3.1792007434993144,784.2031934315256194,7.5802145360784001,3.6924924290444858,487.6441755231613229,-0.1436272906890046,13.5125966671272071,5.4829436747901257,0.7172161159069521,13.1655983935578682,12.1171111126318802,0.2572452474331906,0.7912420334926900,28.3617079203824147,24.5000000000000355,0.0688764161259652,3.7928315042562599,5.8118424198153500,0.0359355214569100,5.7346720829011515,0.0412348154572836,21.0079519466397819,18.1175609702692704,-0.1524333098503661,3.0428242862209038,8.3700944690669008,-7.7567972956810465,-4.8302558983647570,745.9368476678192792,-3.3851108002776584,-0.8878026043004787,753.6936449634999917,5.8643117137170346,6.2127930018356814,-3.1433255332374062,-2.1029416586299616,587.2154511771213947,36.6494173647323365,36.2541365534109445,590.3587767103578017,4.1222457808297372,4.7667661854070502,11.8580959826224195,658.5793206363365471,-14.7560208627491072,9.8539620031221808,646.7212246537138753,5.7332049895819219,6.8992643438277099,-5.7592479729111457,-3.6887827339304788,-3.1792007434995742,638.2611444403597716,33.0575041425758727,32.5111624100337551,644.0203924132717930,10.8143758198266973,11.9516087088406149,0.0901322432244788,679.3244375377674942,17.6426140265542628,14.4558524246532460,679.2343052945427644,8.4757319096850416,7.6087497989784350,-2.9946267880786759,-2.4883295403982770,784.2031934315256194,4.3500841593686985,7.5802145360784001,787.1978202196047505,5.7332049895842037,6.8992643438300476,-1.1751757926254296,-0.4700703170501728,640.5243109696295960,-3.4734773410840312,1.1478706926142213,641.6994867622557877,3.8972626480612025,3.8641478178763404,491.1697082770987208,17.1756956395256957,9.9531085383023115,5.7505297639840904,487.6441755231613229,12.3369499097132582,7.7231359638148867,5.6908442560853381,505.8937997010665981,37.3385433061647376,20.5580856887908539,4.1391527855472985,497.2235693261411029,25.5913056965628520,10.7690087871561708,10.1936142679509132,-1.7598612817623529,-3.5255327539377630,-4.8387457298105945,-0.0596855078980154,0.6793207108538272,-4.2048534647909959,-0.2693239233660276,-0.2753562667654060,4.0626751079045142,14.7240914239688134,20.1628476666382142,-1.6113769784370362,-5.5990528855688639,20.3231443095375930,1.3486274369831270,1.3769308894424164,51.5968612868338568,6.0538610490418705,8.4156100570408761,4.4430845039671079,5.2766403159106154,0.7772207331310843,-0.0596642511678637,-0.0565606716254373,74.4545312998742617,5.1566821057077998,7.3937779290702483,-2.5664538581067204,-5.3399980106516018,-2.8629611344754515,-1.2275079315718782,2.7735441525450146,10.1354532029031219,1.6354532029031255,4.8895576998915349,2.0537290755718214,4.6142014331261247,6.2664885893339699,4.8329970282661083,-1.2275079315715038,-1.2275079315716626,692.3159091085893806,3.6924924290444858,3.8521394838431759,693.5457377057377926,1.5275545175942558,1.9445620272903905,250.2269149812847218,-6.0700298139230080,2.2771764580535119,-1.4248521478597276,247.0477142377857831,2.2042449878864780,2.1343308512812840,2.0940327384921478,3.1792007434993144,815.4529509710478123,324.2832426939486936,9.3141419100842899,13.0767358565849481,-1.9578375977294071,-1.4367640280810312,45.5551813958566569,2.5744276667471269,4.1158812302962460,2.4555946793212473,0.3028742060009463,-1.2650506132375343,501.4004557997298548,52.0596271479985049,22.8863197876984650,455.8452744038728497,49.4851994812500351,18.7704385574007304,15.3087472383745240,440.5365271654986259,3.5689646626713256,4.2724514015744797,455.7586853690511361,78.8505739986908054,46.9118264813990038,410.2035039731937900,76.2761463319418311,42.7959452511033049,27.7969099081193214,382.4065940650738753,6.0939498121711937,6.8037355435657103,-0.1436272906890046,13.5125966671272071,5.4829436747901257,2.9361385386415257,-0.0749999999999884,0.0000000000000000,0.2629546114290768,-0.0726636062721153,0.0000000000000000,0.0412348154572935,-0.0174368774800798,0.0000000000000000,3.0428242862209016,-3.9210396765300928,4.5540935928233175,1.3939606216533775,2.4230058764463021,1.9779337053098012,-1.4421794744894791,5.4829436747901328,20.3757591770949205,13.5125966671272266,-0.7293000118641011,0.0557635924530904,0.0193586744095231,0.0017778374457725,-1.0397189622318002,0.0474009632885911,-0.1436272906890046,-0.3751239567008481,-0.1965989305386369,0.4017988368123370,0.0046777112029456,-0.0239675214575956,-0.0059815700036207,0.1363880060331949,0.0048246680811763,-0.6380381550426221,0.6057049019343578,1.2161497890895614,0.1532079091624756,12.9343403474625092,20.3134165400504827,0.0002789906544148,-0.1443829576608036,0.0049784787826030,8.0000000000000000,,,,,,,,,,,,,,,,,,,,,,,,,,,,,,,,,,,,,,,,,,,,,,,,,,,,,,,,,,,,,,,,,,,,,,,,,,,,,,,,,,,,,,,,,,,,,,,,,,,,,,,,,,,,,,,,,,,,,,,,,,,,,,,,,,,,,,,,,,,,,,,,,,,,,,,,,,,,,,,,,,,,10.0737291670374987,9.7710358588508370,2142.0000000000000000,433.9874329439315943,651.0000000000000000,1090.0000000000000000,3023.0000000000000000,-11.7991388320469834,886.0125670560684057,326.0125670560684057,609.0247199296675262,21.0079519466397997,1003.8909356677165761,34.4311563014147026,83.0891953410208401,99.8892825967914035,211.8877378002367777,3479.1020564260102219,26.4898375496077279,19.3971177419713499,646.8477143153581892,1323.3000660115299070,-478.6332273071059831,1491.9577315436099525,96.9538276054956896,361.9004393924009833,1.2992645833278200,0.6075713372535606,,,,4.2549192928382604,0.5405846316527390,1.2469169322845577,9.4942223853319980,-163.2447907397377094,0.4800000000000000,847.6996710203328576,855.5689867146970755,5.3459488769381096,98.3623969772573616,129.6838422055207047,208.6488684101269087,49.2519358241284380,33.8372595168924022,4.4460873323333630,7.8749117523835253,-3.3284569886298669,-0.8838732738101527,44.2667995033272064,43.6976661063818312,-13.7189511877808741,10.3558126535677815,39.1768222781198006,38.4185145779238724,19.2946312807715401,15.5529319467664777,18.7389210787386418,5.9190881851683912,13.1302358929089138,5.8558887017658350,45.2644129019346906,4.2260099531377051,29.1640423919976115,10.7312759444445476,3.7615118222650921,3.9272963197261959,-5.8894751491213668,2.3033020529008752,5.2919541138271464,,,,,,,,,,,,,,,
"2022Q2",12.7350175544279001,7.0085506070286803,17.7477072461952012,787.6632950142752634,642.3961571412023659,757.6044187518040189,651.8396402713292446,595.8519732535561388,644.5515489699580485,688.1713615979725773,496.7091379041232813,515.4035873592232520,503.6903712717664234,5.3613434113930234,9.7446760794886522,692.9738548517482286,820.6003730445956990,-0.8069978474416359,44.9517979226561266,1.0906968838674400,-1.0902597197910204,508.4273138273619566,469.5226283777698768,22.2160685363462562,40.8760889681522031,25.7097646139658060,4.7729601866572100,12.7350175544278077,17.7477072461951835,24.5000000000000000,5.6812217933765572,18.1153433391690548,0.0238915872785379,0.0124651759712954,0.0489411911247666,-0.4165772840986181,-0.9207267826906550,1.1858730266870861,788.7020596785529278,755.2076528187533313,591.4051417816364165,648.2254641126627348,646.7833530438874732,681.3454793956933599,4.8858181681879129,20.6695956443031150,0.7619705556958571,18.6011632983508761,38.0391506326263098,25.8672077824960205,22.1577185080951935,2.9687751570337015,247.6016547829162278,1.9540608053282076,5.6039970588409469,12.0658784542075477,0.6817235280950602,7.0085506070286803,-1.0387646642775610,2.3967659330512219,4.4468314719189088,3.6141761586674748,-2.2318040739284672,6.8258822022793195,-0.2950875155738014,-1.9704683562614376,787.6632950142748086,7.3964657479475742,2.6317829726345248,492.2944663477500171,0.1233319850851313,9.7819327774555926,7.6750805167655649,0.6304908696707505,12.7350175544278077,12.0658784542075477,-0.0125844278749717,0.6817235280950602,25.7097646139658060,24.5000000000000462,0.0238915872785379,1.1858730266870861,4.7729601866572100,0.0124651759712954,5.6812217933765572,-0.9207267826906550,17.7477072461951835,18.1153433391690548,0.0489411911247666,-0.4165772840986181,7.0085506070286803,2.3967659330512219,2.1879609904242905,757.6044187518039053,46.6702843359444302,17.4074858284665623,755.2076528187533313,6.0560314210144508,6.0410491614790622,4.4468314719189088,3.4312832444480028,595.8519732535557978,34.5460883057408239,-18.4585572064333476,591.4051417816364165,4.1854602851171219,4.4027629112934363,3.6141761586674748,651.8396402713284488,-26.9587214600258065,2.1063033046132817,648.2254641126627348,6.0169578357931215,6.2723439349414623,-2.2318040739284672,-2.3736864987739401,1.9704683562612573,644.5515489699577074,25.1616181183945216,22.2877651696430235,646.7833530438874732,11.0518425224623158,11.3316493065217401,6.8258822022793195,688.1713615979729184,35.3876962408223861,20.8046187556311253,681.3454793956933599,8.4446964046028477,8.0980544253865272,-1.0387646642775610,1.4662221339587846,787.6632950142748086,13.8404063309988246,7.3964657479475742,788.7020596785529278,6.0169578357941536,6.2723439349434527,-0.2950875155738014,-0.1180350062295209,642.3961571412024796,7.4873846862863243,2.1015978858851101,642.6912446567768029,3.9670315780829855,3.8934857622674084,496.7091379041229402,22.1577185080951935,12.2838549429339032,11.3741279963263811,492.2944663477500171,18.6011632983508761,11.5884117479246420,10.1037836058667274,515.4035873592226835,38.0391506326263098,16.6352225353993433,15.0742285682326269,503.6903712717665371,25.8672077824960205,10.1026297038977315,17.3006063853644143,-1.2251054026738601,-4.4146715563734267,-3.5565552097425321,-1.2703443904589318,-0.1406242571969232,-4.2740472991757734,-0.2767753375372175,-0.2700060941321126,-1.9975131006902478,18.6944494551005320,15.8814321245295247,3.7001005719062121,-1.9751461892021487,20.6695956443031150,1.3858053390631111,1.3517113140624042,27.2943527677946349,6.9812333676429645,3.7094892744046546,5.9264783890386328,6.2192628119470861,0.7619705556958571,-0.0610007097402577,-0.0590407263829897,50.5349777672187059,5.3613434113931335,7.5778179876841421,-6.2270683365312332,-9.1958434935648246,-4.4124389337337124,-3.1677628542445104,2.9687751570337015,9.7446760794886522,1.2446760794886498,4.8858181681879129,2.7153211897387153,4.6158120740558060,6.2375294822503458,4.8267774418049498,-3.1677628542441738,-3.1677628542442742,692.9738548517480012,2.6317829726345248,3.7579747413357514,695.0061706328056061,5.6039970588409469,1.9540608053282076,245.6311864266542671,-18.3829142185193533,-5.0204680998188245,-3.9219616582624020,247.6016547829162278,2.2157621805226384,2.1782350567277238,2.1049740714964953,-1.9704683562614376,820.6003730445958126,323.8912351404722472,-1.5680302139011972,8.6027951951361068,-1.9148789040184440,-0.8069978474416369,44.9517979226560840,-2.4135338928025405,1.3253407647124913,-1.5347745683184844,1.0906968838674409,-1.0902597197910187,508.4273138273613881,28.1074321105297500,20.3108405550208531,463.4755159047052189,30.5209660033306527,18.9854997903068323,22.2160685363460892,441.2594473683590195,2.8916808114478463,3.7849063194186665,469.5226283777662957,55.0557720348622937,48.5310168671660804,424.5708304551095580,57.4693059276628304,47.2056761024542766,40.8760889681481103,383.6947414869607655,5.1525896875548227,6.2884365409655087,0.1233319850851313,9.7819327774555926,7.6750805167655649,0.3235033724952299,-0.0749999999999689,0.0000000000000000,-1.4691090262922160,-0.0667166853795255,0.0000000000000000,-0.9207267826906484,-0.0310420213975559,0.0000000000000000,-0.4165772840986186,7.1720381052579540,6.2863960855033625,2.1479001339499746,3.7481683054410229,-1.4598530735780546,0.1749828014763559,7.6750805167655525,10.4412093196495448,9.7819327774556086,-0.8896923696756733,-0.2272318031241676,-1.0981114360298316,-0.1008469686149846,-12.4820439350224479,0.0492020071132173,0.1233319850851314,-0.0922765145693044,0.4165821857289291,0.0311477825039066,-0.0026854034087931,-0.0259856271835424,-0.0073028836891437,0.1217294420304795,0.0039549807668585,-0.5971917719584898,0.5435603389545278,-4.8691285721237687,0.7039532516856448,12.7246452485539265,20.5843447352206681,0.0482858321227684,-0.3203873849562808,-0.3319651433972703,9.0000000000000000,,,,,,,,,,,,,,,,,,,,,,,,,,,,,,,,,,,,,,,,,,,,,,,,,,,,,,,,,,,,,,,,,,,,,,,,,,,,,,,,,,,,,,,,,,,,,,,,,,,,,,,,,,,,,,,,,,,,,,,,,,,,,,,,,,,,,,,,,,,,,,,,,,,,,,,,,,,,,,,,,,,,8.2350377960020182,7.3817199049446742,2495.0000000000000000,528.9370045492572672,766.0000000000000000,1372.0000000000000000,3283.0000000000000000,-13.0711616449617658,865.0629954507427328,339.0629954507427328,617.8107823726734296,17.7477072461952012,1073.6335258316585168,30.4103539469445998,119.9366364502174491,22.3024218340997891,313.5836851746678917,3662.8753416859599383,20.5896882941933654,21.6849581841737518,650.6843228309749065,1498.6056325548699988,-592.3997218319630065,1677.0502330204199097,184.0766671529509040,337.6366594682730238,1.1183844833384100,0.6203038783366310,,,,0.7229925103925730,5.0034744370066466,,,161.7666329888457426,0.4800000000000000,851.0122258407714071,856.9187618958081885,5.3991007244444518,21.8174913909161567,139.7890433846972940,306.7653101767381827,68.8779549536033500,51.0586814966140992,14.8439498800784406,7.6768749102104294,59.4727449149767722,19.0144654673154463,41.2640831884549470,-16.8551211934039600,-23.6305328707674676,2.1286424403005810,28.6102312273605150,24.9667669662988487,42.4579898816580226,23.1270037589755191,24.8043574847583983,12.0462201359360535,20.4436271483417613,10.6318499703208289,46.2857195183857755,16.2696975809490709,29.5209007426764458,18.8873314215953343,2.6667201980017410,3.8294795104529413,-16.7922041296037179,-4.8965254163207561,5.5076666666667773,,,,,,,,,,,,,,,
"2022Q3",16.9987054267348014,4.2604748957517602,17.5146738132731983,790.2364375754793855,642.2854510256748881,758.1546619880014077,657.3860780755958331,590.8704694260866290,645.9302820992688794,688.5603846805075818,501.0936389762939598,525.3086527346074490,506.5763658251586321,5.8712206079331697,9.1172243457960320,694.2232377876515557,822.9548220205039115,-0.2798816518045584,43.5461961858410760,2.7096225661701165,-0.8877279774202947,494.1486906105539560,455.8857600063425366,8.8099565276568796,27.6420884323708833,26.4828213771620256,8.0305578628459298,16.9987054267347304,17.5146738132732516,24.5000000000000000,5.6347747979088991,18.1150642947713862,0.0029220142778037,0.0015245291883033,0.0446764596566361,-0.6450669411547512,2.3942585357487434,1.9798993628840857,790.3634816745077387,756.8016971091514051,592.5082382797561422,649.8868861086168636,649.6904253375258804,683.3967574986805857,4.8881128656933086,21.0128212932028759,0.7457350086133363,13.5659172875319172,39.6202615015368238,11.5439782135597167,17.5380042886807743,3.1885925752089221,248.1595903979215905,1.9561652156075107,9.5335687015524151,12.0197105031375120,5.0192248397876487,4.2604748957517602,-0.1270440990281976,1.3529648788502449,-1.6377688536702433,7.4991919669794713,-3.7601432382569642,5.1636271818275112,-1.4196842612973022,-6.0761020940629882,790.2364375754796129,9.4507718711686657,4.9975317436103337,495.6859456696329858,0.2613440037346966,1.7987214548969139,2.3988124236402117,4.9730568887176290,16.9987054267347304,12.0197105031375120,-0.0402299161905909,5.0192248397876487,26.4828213771620256,24.4999999999999858,0.0029220142778037,1.9798993628840857,8.0305578628459298,0.0015245291883033,5.6347747979088991,2.3942585357487434,17.5146738132732516,18.1150642947713862,0.0446764596566361,-0.6450669411547512,4.2604748957517602,1.3529648788502449,1.3940742489025149,758.1546619880016351,2.2009729447946902,16.4692019797329969,756.8016971091514051,6.3761771615965950,6.0600078889510476,-1.6377688536702433,-0.6949368229431006,590.8704694260865153,-19.9260153098757442,-23.2617804348459600,592.5082382797561422,4.4123859924809787,4.2683826013498827,7.4991919669794713,657.3860780755946962,22.1857512170642934,9.0721670477667491,649.8868861086168636,6.6456879838166110,6.1296681241375062,-3.7601432382569642,-3.8135282512263027,6.0761020940627937,645.9302820992677425,5.5149325172377006,31.7438392329407044,649.6904253375258804,11.6282891745491703,11.1760930482799559,5.1636271818275112,688.5603846805072408,1.5560923301400131,21.1263204936035223,683.3967574986805857,8.2051124119464713,8.3109456460256297,-0.1270440990281976,0.2430025981607478,790.2364375754796129,10.2925702448186147,9.4507718711686657,790.3634816745077387,6.6456879838192382,6.1296681241396413,-1.4196842612973022,-0.5678737045189166,642.2854510256747744,-0.4428244621125508,1.1350942100224506,643.7051352869732455,4.0555625207844956,3.9452415528273108,501.0936389762936187,17.5380042886807743,9.7237762879526191,15.2201883919544869,495.6859456696329858,13.5659172875319172,8.4381662204318726,12.8181241650369486,525.3086527346082448,39.6202615015368238,17.9998839382223750,26.0757424492108569,506.5763658251580068,11.5439782135597167,5.1501068036336104,17.4237132701099604,-1.3168556980342836,-5.4076933066604047,-3.9720870011471732,-2.4020642269168966,-1.0651947852705008,-4.3424985213891434,-0.2738048888510348,-0.2700910398256471,-2.8566176636725578,24.2150137583141998,22.0822572128542376,10.8555540572556097,3.2021924651115965,21.0128212932028759,1.3729025955977161,1.3531029222094311,-54.8343582139818579,5.4827268488636021,-5.9940260751173113,2.2035248781556795,4.7369918402501572,0.7457350086133363,-0.0649421883286239,-0.0613136431887323,-55.5837571062783198,5.8712206079331706,7.8029005520509305,-2.5669456124981891,-5.7555381877070433,-2.8313465248951517,-2.2141221790986805,3.1885925752089221,9.1172243457960320,0.6172243457960293,4.8881128656933086,1.1866520231192490,4.6180218258676256,6.2412157879027008,4.8267992225045342,-2.2141221790983265,-2.2141221790984567,694.2232377876505325,4.9975317436103337,4.0910367395227638,696.4592973133386522,9.5335687015524151,1.9561652156075107,242.0834883038581040,-14.1907924911827195,-9.7917703026763547,0.6143933022930623,248.1595903979215905,2.2317424600228444,2.2071102970694008,2.1201553370217021,-6.0761020940629882,822.9548220205041389,321.8611830442096107,-8.1202083850457765,3.0482789415991984,-1.9123560031160740,-0.2798816518045590,43.5461961858410760,-5.6224069472601688,-1.0646828771618120,-4.1018730118844156,2.7096225661701161,-0.8877279774202930,494.1486906105539560,-57.1144928672327126,7.5681585614879587,450.6024944247130293,-51.4920859199746133,8.6328414386481533,8.8099565276571496,441.7925378970560928,2.1323621147856167,3.1797373473158381,455.8857600063413997,-54.5474734857064902,28.6264016220238808,412.3395638204999614,-48.9250665384495633,29.6910844991856244,27.6420884323682152,384.6974753881310107,4.0109356046821043,5.5057497020402195,0.2613440037346966,1.7987214548969139,2.3988124236402117,-1.7438004077625806,-0.0750000000000339,0.0000000000000000,1.1497882442031084,-0.0623859057988497,0.0000000000000000,2.3942585357487527,-0.0291256110059765,0.0000000000000000,-0.6450669411547505,-1.6442005979158125,-5.4701712418295685,-1.0102856758481380,1.3832875390282775,-0.0973613122863224,-1.3016492550677752,2.3988124236402051,19.9138853252259871,1.7987214548969206,-0.2581489531784477,-0.5029841257437609,-1.5343552793168382,-0.1409101787127708,-10.3943131180779869,0.0130620836757219,0.2613440037346967,0.0745954137215199,0.7674354703118569,-0.1789524803243546,0.0029748726298559,-0.0723484825208496,-0.0100415495623466,0.1267683885263405,-0.0024895091878669,-0.5644759732744098,0.4786963247905787,-4.0876323789418603,1.5744473900151634,-4.9640059648775008,-2.1974565143811446,0.0935057703916191,-0.4701506155172173,-0.6263951141162600,10.0000000000000000,,,,,,,,,,,,,,,,,,,,,,,,,,,,,,,,,,,,,,,,,,,,,,,,,,,,,,,,,,,,,,,,,,,,,,,,,,,,,,,,,,,,,,,,,,,,,,,,,,,,,,,,,,,,,,,,,,,,,,,,,,,,,,,,,,,,,,,,,,,,,,,,,,,,,,,,,,,,,,,,,,,,6.3963464249666799,4.9924039510385967,2571.0000000000000000,616.1887061173827078,825.0000000000000000,1440.0000000000000000,3584.0000000000000000,-12.5561470542365274,1012.8112938826172922,324.8112938826172922,616.1841617343861799,17.5146738132731983,1209.8960307186857790,35.0026426711018033,372.5492359132997535,93.3842729288531217,127.7783601421467097,3750.1391322331601259,9.4177959036328502,18.7852262070024523,649.2730920031959840,1435.2119205712599523,-496.4336208830039823,1611.2882882888900440,-93.5272091504707532,467.7431729862279894,1.4107193544363841,0.6269332746140578,,,,5.5666126209170299,7.1716179100660122,,,27.8984262762252087,0.8159999999999999,851.5725807810662218,858.2948087817518399,5.5041875437746057,90.2195232898397279,92.3160579557357295,123.4480108611529801,131.2684379993994526,241.2807979139003010,10.8409053937536584,9.9117646872474126,2.2253730386512274,17.9029944907703680,-18.0663287380397435,-20.7543610960832439,24.8393484312988306,9.4964201979249339,5.6698394564865424,37.3604617677724775,1.5682624912104899,23.5237432867982506,19.1699027301708895,16.4395285389125547,14.5291480664706540,13.6759012107180240,48.6170407487641398,29.7912785391025920,12.2366925973921497,19.0337800373342674,5.1245148630244728,4.1758725812468782,-13.2298853532512197,-9.3276478715155662,6.0470000000000024,,,,,,,,,,,,,,,
"2022Q4",8.1942737474763696,4.0356123458128401,16.7272779113095993,790.1530148513961649,643.5399475934370912,759.5974402796965705,632.4828303345447011,606.9072723600986592,647.9294764766226535,684.4212838664668652,505.9387678444045946,535.5142802266117315,509.7506494908495824,6.6199640714203687,8.6864735012633076,696.5136406038175210,825.5236892877338732,0.1487480260122567,42.4821571165008294,4.0981981721620357,-0.6655042241156702,492.4802769699317082,444.4968830278218661,7.8689447703666815,16.6244560766985501,20.0296668727505676,4.8918847860357220,8.1942737474767160,16.7272779113095638,24.5000000000000000,5.5667309188180800,18.1153632770858977,0.0460000000001159,0.0239999999999490,-0.0323183787503203,-1.3557669870259943,-0.6988461327823046,-4.5163331272496885,792.1530148513969607,758.4647887534318897,593.6612976887196282,651.6764192855064266,652.7103161219004051,685.4063167107304935,4.9187727967015435,21.3124354874545965,0.7272835582150281,15.5989148667650657,40.8225099680186005,12.6971346627609964,19.3805154724430722,3.4582233478989988,248.7286250655620563,1.9613958349797067,12.9551897079898986,11.9513676417322081,-3.8594122730060008,4.0356123458128401,-2.0000000000000000,1.1326515262662680,13.2459746713796811,-19.1935889509583113,-4.7808396452773518,-0.9850328442624272,-1.2092620748956606,-9.3185017315683094,790.1530148513976428,7.0373424597133880,9.1616112646702952,499.5856743863253655,0.2333949657082225,6.5988544143026742,7.0248796201346684,-3.9277551344113624,8.1942737474767160,11.9513676417322081,0.1023183787503427,-3.8594122730060008,20.0296668727505676,24.5000000000000178,0.0460000000001159,-4.5163331272496885,4.8918847860357220,0.0239999999999490,5.5667309188180800,-0.6988461327823046,16.7272779113095638,18.1153632770858977,-0.0323183787503203,-1.3557669870259943,4.0356123458128401,1.1326515262662680,-0.7465696471066741,759.5974402796979348,5.7711131667885134,12.8143149118099089,758.4647887534318897,6.6523665771231357,6.2372217183612957,13.2459746713796811,7.4364520074414546,606.9072723600999097,64.1472117360568888,28.8541755241622937,593.6612976887196282,4.6122376358590076,4.3330824235692456,-19.1935889509583113,632.4828303345472023,-99.6129909641972375,-29.7854955174761180,651.6764192855064266,7.1581327075544623,6.3884958791862125,-4.7808396452773518,-4.7335783838815351,9.3185017315680732,647.9294764766219714,7.9967775094114604,17.9327080719053669,652.7103161219004051,12.0795631374924444,11.3935176635827240,-0.9850328442624272,684.4212838664681158,-16.5564032561559848,9.5074998353382316,685.4063167107304935,8.0382368482045461,8.2909443936097720,-1.9999999999986346,-3.6365552912903536,790.1530148513976428,-0.3336908963241818,7.0373424597133880,792.1530148513969607,7.1581327075566765,6.3884958791883459,-1.2092620748956606,-0.4837048299582616,643.5399475934369775,5.0179862710455296,2.1472672885359287,644.7492096683329237,4.1762975254420773,4.0240385680905524,505.9387678444052199,19.3805154724430722,8.6852227223304830,19.0629834771865454,499.5856743863253655,15.5989148667650657,7.3120640823654615,15.0257363405915854,535.5142802266124136,40.8225099680186005,16.8361501982549875,38.9551163520842252,509.7506494908495824,12.6971346627609964,5.4068904061594143,18.9249065888487173,-3.4637003463117675,-6.3530934580795702,-3.7816006056760623,-4.0372471365943161,-1.9512147374039746,-4.4018787206747865,-0.2375207971404150,-0.2643562367255649,2.6293163167460163,29.5755123822075703,21.4419944955739439,19.8921328748974915,8.2630768947526967,21.3124354874545965,1.1984567770074614,1.3264480371612155,0.3012468617327695,3.8118816464440601,-6.6833808096783862,-0.1380768883372785,3.0845980882289763,0.7272835582150281,-0.0738058015928829,-0.0648532377080353,-41.2774981103987741,6.6199640714205206,8.1394753474598769,-0.6921000109442926,-4.1503233588431625,-1.2580387687432812,-1.0715652674795035,3.4582233478989988,8.6864735012632970,0.1864735012632928,4.9187727967015435,-0.6437339552357468,4.6544165599759735,6.2452208338627200,4.8539195589935185,-1.0715652674791976,-1.0715652674792986,696.5136406038171799,9.1616112646702952,5.1208546024896959,698.6624316891027320,12.9551897079898986,1.9613958349797067,239.4101233339931696,-10.6934598794570377,-12.3342991007714051,6.0767475075943018,248.7286250655620563,2.2761386705631139,2.2319720747484961,2.1623317370349424,-9.3185017315683094,825.5236892877345554,319.5849214433293355,-9.1050464035173917,-2.3697857730986240,-1.9432817600668979,0.1487480260122586,42.4821571165008081,-4.2561562773610540,-2.4294173626689490,-3.0088724759651830,4.0981981721620402,-0.6655042241156692,492.4802769699321061,-6.6736545624872736,4.0947279572023723,449.9981198534308646,-2.4174982851279871,6.5241453198699855,7.8689447703671185,442.1291750830641831,1.3465487440348909,2.4848890832323631,444.4968830278206724,-45.5555079140851049,8.4508411584412340,402.0147259113189193,-41.2993516367252980,10.8802585211103473,16.6244560766968164,385.3902698346219040,2.7711777859697713,4.5071632225921476,0.2333949657082225,6.5988544143026742,7.0248796201346684,-0.5946251020630395,-0.0750000000000042,0.0000000000000000,-5.9022626812685886,-0.0863051391953965,0.0000000000000000,-0.6988461327822990,-0.0285503747377662,0.0000000000000000,-1.3557669870260010,1.5280066118688982,15.1925311696784178,-0.5176706018989421,-0.4697354370886028,0.4682953909707750,-0.6413883703767347,7.0248796201346542,17.0179028942591231,6.5988544143027070,0.5295886648391765,-0.3690284099531362,-1.4785465900219998,-0.1357848909203881,-3.6758511017024356,-0.0201342840872358,0.2333949657082224,0.0588676351039661,0.6710851137726550,-0.1182232510427491,0.0315695758832262,-0.2351818319922838,-0.0153578320970534,0.1559833335414083,0.0008471409329558,-0.5145657227780355,0.4118367787085393,-0.1542832654765114,1.4250435978195426,2.4067717232197765,-3.5542684789329542,0.1334509555625901,-0.5725771592720782,-0.8386642582423534,11.0000000000000000,,,,,,,,,,,,,,,,,,,,,,,,,,,,,,,,,,,,,,,,,,,,,,,,,,,,,,,,,,,,,,,,,,,,,,,,,,,,,,,,,,,,,,,,,,,,,,,,,,,,,,,,,,,,,,,,,,,,,,,,,,,,,,,,,,,,,,,,,,,,,,,,,,,,,,,,,,,,,,,,,,,,4.5576550539314269,2.6030879971324339,2864.0000000000000000,716.2896760979389228,842.0000000000000000,1403.0000000000000000,3830.0000000000000000,-10.6212194949232863,810.7103239020610772,246.7103239020610488,641.0262746800674449,16.7272779113095993,928.3226609131812666,24.5932044841410011,61.2239585224205598,81.2022030582886032,144.8702246524047155,3847.7232659923402025,10.2754690689198469,18.0138077861820847,656.1539483813176048,1346.6030194355500953,-374.3058054185900119,1529.1346083519799777,-139.4419407419652543,652.0549369763980394,1.1336084791644907,0.6573311610897619,171.9454608812842196,57.6674717654220572,229.6129326467062413,1.1805494737703599,2.9781119278931696,,,365.5513672990028908,0.8159999999999999,858.6387077571187092,859.7064195304494660,5.6464429947905046,76.6738913644157236,74.1355759185968850,136.7914101907259976,86.9321918486090226,-25.7082333261884628,-0.3331347670089997,7.2908756977483336,5.9408921816615674,13.6715710902559380,89.9274777699966990,33.4480069897341821,-63.0694073617476079,-25.7590985475481489,8.3252159413616624,19.6412003476088728,-15.2584400723915508,9.9741330822251655,21.3859745076305359,21.0011465001807380,16.8813519837095924,16.2133294826983985,50.4145705782865434,47.6318019773057983,13.5384484720951122,20.8341871748867362,9.5944022266051689,5.2542373924618460,-10.1415560425889737,-11.6039579916191542,6.8440000000001611,,,,,,,,,,,,,,,
"2023Q1",9.2180037942347006,3.4026009863333702,18.9281125018531995,792.8620526249674185,641.6793703322961164,753.6863478094331867,649.7034608233545896,591.7257337131435406,662.5290795390142193,680.7262291907720737,509.6542350480838195,546.0280164557327680,509.8504764741796862,7.0989146411406949,7.7200947221774907,699.6513032390611215,828.5101833746671218,0.5009815464534597,42.5562007465529746,4.6692727991982350,-0.4323451370889165,495.8661556595690740,437.6523791198219442,11.0417134323249684,9.3303031755197026,23.8026809787122886,4.3434353173756133,9.2180037942347450,18.9281125018532066,24.5000000000000000,5.4964207772516476,18.1229484279549062,0.0260637790521503,0.0135984934184044,-0.1405843808209013,0.9457484547192230,-1.1665839532944502,-0.7233828003398395,793.9952604098384654,760.1672743313326919,594.8319698616885489,653.5186648439479313,655.7693806376723842,687.4177470009002491,4.9813204968458287,21.5260977586235924,0.7050388102139862,10.5883707049072058,42.0549449164877061,0.3993079333145727,14.8618688147141462,3.7790376054034156,249.3168575591492697,1.9760992668610147,13.1309039359821202,11.8734723492967351,-2.8357152083534354,3.4026009863333702,-1.1332077848693956,-6.4809265218975982,-3.1062361485460204,-3.8152040205908708,6.7596989013432962,-6.6915178101271362,-4.1505455133671818,-9.3421206360876781,792.8620526249688965,8.6588591934429555,12.5506505409733187,502.2327670625526821,0.1285907554399081,-4.5735369070697969,1.5409127836104077,-2.9136105007891340,9.2180037942347450,11.8734723492967351,0.1802466532914518,-2.8357152083534354,23.8026809787122886,24.4999999999999183,0.0260637790521503,-0.7233828003398395,4.3434353173756133,0.0135984934184044,5.4964207772516476,-1.1665839532944502,18.9281125018532066,18.1229484279549062,-0.1405843808209013,0.9457484547192230,3.4026009863333702,-6.4809265218975982,-5.0055604013630806,753.6863478094347784,-23.6443698810482807,7.7495001416158935,760.1672743313326919,6.8099423116050328,6.4736293678332908,-3.1062361485460204,-2.7685157072023738,591.7257337131436543,-60.7261545878160049,4.5102825360238779,594.8319698616885489,4.6826886918873969,4.4731931513336001,-3.8152040205908708,649.7034608233554991,68.8825219552387864,-8.8758598129808295,653.5186648439479313,7.3689822337698532,6.7974401902331794,6.7596989013432962,3.0562626729658846,9.3421206360869622,662.5290795390158110,58.3984122495722531,24.2679350986527993,655.7693806376723842,12.2362580630875009,11.7489882243980475,-6.6915178101271362,680.7262291907730969,-14.7802187027754837,1.4017916530048895,687.4177470009002491,8.0457211606836481,8.1834417063593250,-1.1332077848693956,-4.3913828068970453,792.8620526249688965,10.8361510942941184,8.6588591934429555,793.9952604098384654,7.3689822337728197,6.7974401902355712,-4.1505455133671818,-1.6602182053468684,641.6793703322960027,-7.4423090445607905,1.1550593626667274,645.8299158456634359,4.3228247093283922,4.1304290834073480,509.6542350480835353,14.8618688147141462,7.6785748791619728,18.4845267709836918,502.2327670625526821,10.5883707049072058,6.0302350576823800,14.5885915393897676,546.0280164557329954,42.0549449164877061,17.7346328700501594,40.1342167546650757,509.8504764741790609,0.3993079333145727,3.1094700646123465,12.6269071480366915,-2.7749903551130770,-7.4214679855310646,-4.2734981098058116,-3.8959352315931479,-2.9780366700467296,-4.4434313154836786,-0.1662103792335070,-0.2385778506925575,10.4938950868331151,36.3737814076500001,27.1930761017720357,21.6496899836806804,14.8476836490269068,21.5260977586235924,0.8546490846761545,1.2029534490845413,24.2058291985748859,0.1962414260951067,-14.4625608813958966,-5.8576196229463608,-0.5087973841185843,0.7050388102139862,-0.0889789920034206,-0.0721819229171024,-18.6054851306638867,7.0989146411410156,8.5941477230155101,1.0686795834588514,-2.7103580219443217,-1.5364406170669782,-2.3163458948889777,3.7790376054034156,7.7200947221774836,-0.7799052778225105,4.9813204968458287,-0.2660943510179565,4.7427426461532631,6.1842739459303866,4.9091385739287352,-2.3163458948887059,-2.3163458948887898,699.6513032390613489,12.5506505409733187,7.3353941304715589,701.3074963539581859,13.1309039359821202,1.9760992668610147,239.9747369230611582,2.2584543562742256,-10.2521780582220039,10.0273978398642960,249.3168575591492697,2.3529299743487520,2.2691433213642913,2.2352834756313174,-9.3421206360876781,828.5101833746676903,318.8559483265836434,-2.9158924669792698,-5.4272943673649472,-1.9856049210046758,0.5009815464534636,42.5562007465529888,0.2961745202090914,-2.9989806493035713,0.6329921620907757,4.6692727991982368,-0.4323451370889148,495.8661556595691877,13.5435147585516695,-5.5343001401596634,453.3099549130162131,13.2473402383413337,-2.5353194908575496,11.0417134323252366,442.2682414806914153,0.5562655905110052,1.7317143151923442,437.6523791198179651,-27.3780156320124313,-18.1063062492320235,395.0961783732644790,-27.6741901522221951,-15.1073255999297675,9.3303031755166845,385.7658751977476186,1.5024214525065918,3.3592811326755672,0.1285907554399081,-4.5735369070697969,1.5409127836104077,-1.1152051865730499,-0.0750000000000684,0.0000000000000000,2.4380503887348794,-0.0919735956255218,0.0000000000000000,-1.1665839532944506,-0.0212612163601580,0.0000000000000000,0.9457484547192276,-6.4937404212876046,-11.2840711423398865,11.5853743340560413,-5.8945579251300559,1.4416545234306923,-3.6668406834089131,1.5409127836103771,10.9792299115291172,-4.5735369070698368,0.1933047950409099,-0.9477314289594885,-0.8439354099391514,-0.0775042723413499,-0.1646018268247789,-0.0346242637692703,0.1285907554399078,-0.0605403700767800,0.3990697745716620,0.0477928469912208,0.0665233381201067,-0.4219882875923489,-0.0225537705697399,0.1905982373137926,0.0108430153792936,-0.4646265426177906,0.3611584020019347,3.3050469961743580,0.6769713991634176,6.1629676746978674,-2.8055497604733546,0.1666086646151714,-0.6556282791204064,-0.9916385548651334,12.0000000000000000,,,,,,,,,,,,,,,,,,,,,,,,,,,,,,,,,,,,,,,,,,,,,,,,,,,,,,,,,,,,,,,,,,,,,,,,,,,,,,,,,,,,,,,,,,,,,,,,,,,,,,,,,,,,,,,,,,,,,,,,,,,,,,,,,,,,,,,,,,,,,,,,,,,,,,,,,,,,,,,,,,,,0.0950036799003726,-4.9924745396811829,2790.0000000000000000,560.9798551724609297,891.0000000000000000,1320.0000000000000000,3905.0000000000000000,-5.4211086393503161,983.0201448275390703,353.0201448275390703,704.3535197016533402,18.9281125018531995,1070.8622158291864253,28.1923819266399995,-242.5195788092238445,500.5083716407350494,108.5199032960219228,3964.3684245285899124,11.9459763477329943,8.6783190998407918,660.2318405804792292,1341.5557814523699562,-345.3713115551680062,1483.0567501785699278,-67.8537155991689360,689.5511329102979516,1.4830665564916772,0.7278793032087169,,,,15.7366891893165004,-9.9212863814151699,1.7264376984759024,10.4884662600922027,-232.7591548305039169,0.5676000000000000,854.1975687741620504,861.1586849073220264,5.8090615074902416,457.9988035441837724,434.3731149036145212,99.3030060763592104,-202.1103385364731935,-40.4092402727506510,11.4450558643697065,9.0447968333607918,-21.0569673082738831,8.0576831091173347,-45.5159150307825726,4.6135423630276193,99.1374730450417587,-8.4933554334755286,79.3168420585368779,27.4659840163615314,-13.7398268121185794,1.4116628226769308,16.0230495210471986,20.3032277785922162,11.1692586977481909,15.7064177309839152,52.2798025902249037,49.3828320633835176,0.4001062296424607,13.4587412329590705,13.3722544266211116,7.6111349773185992,2.2841505174078947,-9.7441508710587925,7.3569573722648052,,,,,,,,,,,,,,,
"2023Q2",13.0346754361349007,5.7217664246454598,17.1722384571849993,793.9845995480897045,642.2342268916759167,758.5630974266631483,676.8116437840826620,554.1267401757479547,664.4764173497898128,693.9661452340728829,510.8241657129743771,549.2066375771105413,509.0277073572342488,7.4585252914809139,7.8479122812027615,703.6338120156123068,833.6579208974894755,0.7526335288299322,43.7576052359187955,5.1326627165340630,-0.1969675829320787,494.3718299595060444,433.6989117478534581,8.4006869888627307,4.1138743780640539,30.5589463484898971,-0.3520324551700746,13.0346754361347941,17.1722384571850277,24.5000000000000000,5.4328941281842482,18.1284789961716868,0.0420195865820760,0.0219232625644448,-0.0493425795647724,-0.9068979594218782,-5.8068498459187756,6.0169267619077438,795.8115380951301177,761.8781481946386975,595.9975990518080380,655.3349425292398109,658.7732524948595483,689.4700118021238495,5.0702001022384282,21.6227416472340614,0.6782416547995536,3.7396737129417756,12.7144844855113934,-3.2910764677866995,4.6797226595597943,4.1284865733406360,249.9283294638848076,2.0018609182777931,9.8564415266951801,11.8044151320125970,1.1169748754107933,5.7217664246454598,-1.8269385470396018,-3.3150507679751402,-41.8708588760602538,21.4767012548439773,5.7031648549321297,4.4961334319497119,-4.7240237967034622,-5.7045977031419204,793.9845995480899319,6.3213045338161411,15.9300351062071570,503.1676854907888128,0.0124469493024303,-5.8489240958175364,-4.2788437749330672,1.0479176581266860,13.0346754361347941,11.8044151320125970,0.1132854287112629,1.1169748754107933,30.5589463484898971,24.4999999999999680,0.0420195865820760,6.0169267619077438,-0.3520324551700746,0.0219232625644448,5.4328941281842482,-5.8068498459187756,17.1722384571850277,18.1284789961716868,-0.0493425795647724,-0.9068979594218782,5.7217664246454598,-3.3150507679751402,-0.7445671492336525,758.5630974266634894,19.5069984689193241,0.9586786748592855,761.8781481946386975,6.8434954532253407,6.6704953758861540,-41.8708588760602538,-26.2344913011777727,554.1267401757477273,-150.3959741495765172,-41.7252330778065357,595.9975990518080380,4.6625167604791766,4.5924572701739450,21.4767012548439773,676.8116437840826620,108.4327318429148761,24.9720035127559328,655.3349425292398109,7.2651107411675326,7.1094784165768932,5.7031648549321297,3.1218451633645961,5.7045977031415394,664.4764173497908359,7.7893512431034821,19.9248683798304889,658.7732524948595483,12.0154874287448958,11.9898994509685703,4.4961334319497119,693.9661452340740198,52.9596641732044731,5.7947836361002345,689.4700118021238495,8.2090592048946078,8.1245324064322535,-1.8269385470396018,-0.2030728359089182,793.9845995480899319,4.4901876924957476,6.3213045338161411,795.8115380951301177,7.2651107411692255,7.1094784165793934,-4.7240237967034622,-1.8896095186813797,642.2342268916760304,2.2194262375131260,-0.1619302495265647,646.9582506883799624,4.5133393708614360,4.2670060316019391,510.8241657129740361,4.6797226595597943,6.3444655150268092,14.1150278088502006,503.1676854907888128,3.7396737129417756,6.5309892409542645,10.8732191430379146,549.2066375771105413,12.7144844855113934,6.6194348497016886,33.8030502178861241,509.0277073572339077,-3.2910764677866995,3.5654330511911771,5.3373360854655960,-2.6024703782596266,-7.6564802221851114,-0.9400489466160363,-3.2418086658114809,-3.1957141273954308,-4.4607660947890615,-0.0693391172192676,-0.1867187956130490,18.2897654447270774,38.3824718641370595,8.0347618259502518,19.6880224090357316,16.7597302169032965,21.6227416472340614,0.3865755544422928,0.9531460029292701,8.1815743425371696,-1.7964583557409797,-7.9707991273426710,-8.7776917233835920,-2.4747000105402881,0.6782416547995536,-0.1071886216570866,-0.0837289008960567,-2.6137992495150635,7.4585252914809637,9.1293475583595605,0.9275360505268667,-3.2009505228137840,-3.4066777154867136,-4.0587654342835844,4.1284865733406360,7.8479122812027589,-0.6520877187972477,5.0702001022384282,1.6505477029283213,4.8834813066253897,6.0233461051676986,4.9864712013424031,-4.0587654342832327,-4.0587654342834210,703.6338120156127616,15.9300351062071570,10.6599571638647088,704.4445957747022931,9.8564415266951801,2.0018609182777931,244.2237317607420266,16.9959793507263406,-1.4074546659112874,9.1928911011687653,249.9283294638848076,2.4458876189420198,2.3266746809689924,2.3235932379949125,-5.7045977031419204,833.6579208974894755,322.8337551845148141,15.9112274317300564,-1.0574799559572767,-2.0280915790235663,0.7526335288299371,43.7576052359186818,4.8056179574627373,-1.1941926867376669,4.2405469118936105,5.1326627165340639,-0.1969675829320758,494.3718299595059307,-5.9773028002539803,-14.0554838678558749,450.6142247235871423,-10.7829207577182196,-12.8612911811199258,8.4006869888627342,442.2135377347243548,-0.2188149838648161,0.9540903663644420,433.6989117478567550,-15.8138694878513792,-35.8237166299101091,389.9413065119370003,-20.6194874453155919,-34.6295239431722095,4.1138743780668383,385.8274321338696495,0.2462277444902009,2.1326906469110440,0.0124469493024303,-5.8489240958175364,-4.2788437749330672,1.5204659314787747,-0.0749999999999941,0.0000000000000000,6.5232947221455788,-0.0887056102047835,0.0000000000000000,-5.8068498459187943,-0.0232399475037009,0.0000000000000000,-0.9068979594218973,0.5950832227072169,-40.0494818622446189,2.2244900510400072,4.1691884565154034,1.6383534989008908,-3.0638055913565845,-4.2788437749330654,-11.8236930260464028,-5.8489240958175799,-0.3695298399244078,0.0498270312430185,0.3943075249780748,0.0362119155592110,16.2474917171925135,-0.0390200769441607,0.0124469493024303,-0.1476408047119999,0.0294389609136583,0.2040207943469966,0.0991100133828786,-0.5806348947280402,-0.0271075288539263,0.2106041433107098,0.0233715781028993,-0.3913336281937950,0.2817108751636800,4.1726257953721593,0.5978404208148633,1.5548246608210228,-2.6972469400610066,0.1921430404479381,-0.7194540153249303,-1.1059515627661622,13.0000000000000000,,,,,,,,,,,,,,,,,,,,,,,,,,,,,,,,,,,,,,,,,,,,,,,,,,,,,,,,,,,,,,,,,,,,,,,,,,,,,,,,,,,,,,,,,,,,,,,,,,,,,,,,,,,,,,,,,,,,,,,,,,,,,,,,,,,,,,,,,,,,,,,,,,,,,,,,,,,,,,,,,,,,-0.0080773441126780,-3.9752605582032743,3157.0000000000000000,317.7191706280719927,1031.0000000000000000,1726.0000000000000000,3972.0000000000000000,-9.3936103426191018,1192.2808293719281210,391.2808293719280073,726.6959815952789086,17.1722384571849993,1297.3767991854915635,30.2089053401228007,39.0139598191164794,201.5281001067176021,330.1387576643785451,4173.7876378661603667,20.5909500912894146,6.7352919702270810,665.2604412392702216,1641.4019110043800538,-513.3201945173259446,1927.1220379512199088,360.2715619678504027,577.4931938391670201,1.2780125536505540,0.8063784826861453,,,,5.4911163287353801,1.8217926827540607,,,252.3036073741371865,-60.5649999999999977,859.0028005860688154,862.6560283579323141,5.9893738024411505,177.2118633953665210,21.1451252649677457,290.3044508123446121,94.1306197917505472,-55.1166599726340678,4.5925225474008187,6.5253762406024265,21.5396042627672415,0.9632887189271173,-77.7751630621741583,-34.1145350338933042,195.7449727537263584,28.3665984992219933,8.1007538675941220,22.0485443119145401,69.8247168412945314,5.9659718561551927,4.7909499358033827,15.1597694882150194,3.8104793865884687,11.4863740294457415,13.5581489006038680,40.2183272398014253,-3.2375097943585303,5.4823401374844281,17.2690112512153320,11.2488693253140326,18.5257195327516797,-1.3975963274717600,7.7437194268263010,,,,,,,,,,,,,,,
"2023Q3",10.3403195713759004,5.0294130831506996,17.3800189698842011,797.2988152590979780,644.9337758396301297,763.4141309517705167,657.9546602005682416,571.5704056117945129,668.3557046351652389,688.7849578609052514,513.1084677107172638,552.8473251305734948,509.6236447000752037,7.6897619716663801,7.0947507547317787,708.6284902977521369,839.8581253050306259,0.9076362853733997,45.7750220526281453,5.3888257888864146,0.0326797980765520,489.0522456374911258,444.1785782412596291,1.3014580240154032,12.8196434498007648,24.7944345319141526,2.9259040093459450,10.3403195713758826,17.3800189698842225,24.5000000000000000,5.4308127761920666,18.1360376449945626,0.0093268463106579,0.0048661806837088,-0.0269776642143635,-0.7290410108959481,-2.5097749475298068,0.2851076856033894,797.7043303160758114,763.6325296119657651,597.2211145562037018,657.2277347501858458,661.8109845274447025,691.4927210529851891,5.1819211873153490,21.5827732101697158,0.6462900128097716,8.6220741251349313,14.5627502138507463,2.3837493713625206,9.1372079909715023,4.4837505610100035,250.5595369354433330,2.0524823710100026,6.3466441399748152,11.7947751311975146,-1.4956262510304503,5.0294130831506996,-0.4055150569783970,-0.2183986601951769,-25.6507089444093168,0.7269254503835150,6.5447201077205914,-2.7077631920801015,-3.2062741465074898,-1.4792286071359166,797.2988152590978643,7.0623776836193288,19.9787131285588160,505.3232040220738099,0.1546016808507584,-3.5172282463608964,0.6331704902039307,-1.5052662518456446,10.3403195713758826,11.7947751311975146,0.0411706912086893,-1.4956262510304503,24.7944345319141526,24.4999999999999929,0.0093268463106579,0.2851076856033894,2.9259040093459450,0.0048661806837088,5.4308127761920666,-2.5097749475298068,17.3800189698842225,18.1360376449945626,-0.0269776642143635,-0.7290410108959481,5.0294130831506996,-0.2183986601951769,0.3781119153605549,763.4141309517705167,19.4041341004341312,5.2594689637698053,763.6325296119657651,7.0175256693129597,6.8308325028151646,-25.6507089444093168,-16.1803292811346324,571.5704056117945129,69.7746617441905244,-19.3000638142897678,597.2211145562037018,4.8940620175871690,4.7128762764505625,0.7269254503835150,657.9546602005682416,-75.4279343340609074,0.5685821249726271,657.2277347501858458,7.5711688837828897,7.3408486415685026,6.5447201077205914,4.4186681800423475,1.4792286071356688,668.3557046351652389,15.5171491415000649,22.4254225358958053,661.8109845274447025,12.1509281303441199,12.1205591899170262,-2.7077631920801015,688.7849578609052514,-20.7247494926710090,0.2245731803978277,691.4927210529851891,8.0908370034483124,8.0959635543077191,-0.4055150569783970,-0.2172318741365324,797.2988152590978643,13.2568628440306906,7.0623776836193288,797.7043303160758114,7.5711688837852575,7.3408486415708794,-3.2062741465074898,-1.2825096586029945,644.9337758396301297,10.7981957918164824,2.6483248139556883,648.1400499861380240,4.7271971910357449,4.4349146991647377,513.1084677107173775,9.1372079909715023,8.8019022853354478,12.0148287344226343,505.3232040220738099,8.6220741251349313,9.2131531055752269,9.6372583524384972,552.8473251305729264,14.5627502138507463,7.5982010061536336,27.5386723959641735,509.6236447000754310,2.3837493713625206,6.8969863280351449,3.0472788749161706,-0.6202577670094173,-7.7852636886437665,-0.5151338658344297,-2.3775703819832992,-3.3354217625948808,-4.4498419260481699,0.0436966749653498,-0.1073434046589204,25.5235505091608559,39.7388574198558260,5.4255422228776773,15.5238436615414237,18.1560842096864477,21.5827732101697158,-0.1598737482564648,0.5699519169660323,-3.0769357734524183,-3.4848230106423981,-6.7534586196051727,-8.9675498595061764,-4.1311130234522677,0.6462900128097716,-0.1278065679577854,-0.0994449958033727,60.1751235531768387,7.6897619716664618,9.7093684232904405,-1.5233911339084090,-6.0071416949182970,-4.5875961434764143,-5.9928453887441480,4.4837505610100035,7.0947507547317787,-1.4052492452682273,5.1819211873153490,2.7928874487821940,5.0745777826564300,5.7518731042813904,5.0824761915120096,-5.9928453887438096,-5.9928453887439144,708.6284902977517959,19.9787131285588160,14.4052525101018691,708.6799228011133209,6.3466441399748152,2.0524823710100026,249.0803083283068986,19.4263062702600493,6.9968200244496730,6.4884363714689730,250.5595369354433330,2.5248298862352119,2.3999465375221902,2.3985883919234507,-1.4792286071359166,839.8581253050302848,326.7496575943128505,15.6636096391946840,4.8884745501031510,-2.0165068296214965,0.9076362853734004,45.7750220526280458,8.0696672668372820,2.2288258667868757,6.8517863593933743,5.3888257888864146,0.0326797980765531,489.0522456374911258,-21.2783372880583386,-5.0964449730620043,443.2772235848629521,-29.3480045548972939,-7.3252708398504245,1.3014580240153191,441.9757655608483446,-0.9510886955040508,0.1832276637917017,444.1785782412575259,41.9186659736155036,-11.7071817650854850,398.4035561886288406,33.8489987067767402,-13.9360076318720143,12.8196434497992691,385.5839127388288148,-0.9740775801592176,0.8864373507003425,0.1546016808507584,-3.5172282463608964,0.6331704902039307,-0.3314701291720299,-0.0750000000000101,0.0000000000000000,-3.9267410477320439,-0.0304366455829765,0.0000000000000000,-2.5097749475298050,-0.0211565612154191,0.0000000000000000,-0.7290410108959525,1.7945193744720029,1.2729577353278287,2.8612177878312082,-0.0536349735418845,0.6101268673091496,-1.3166646278261076,0.6331704902039208,3.5988801036610809,-3.5172282463608866,-0.8730043316046840,-0.8183702983507030,1.7093490983635742,0.1569810396456346,0.2466805026312656,0.0108026646749078,0.1546016808507584,0.1030677872338363,0.3746117651383514,-0.0693725490996949,0.1308394536064499,-0.7058180202163704,-0.0313368084664366,0.2012366482402952,0.0508075445599831,-0.3298875372459207,0.2001607682732638,3.8291203549434059,0.4137830716981646,-3.9069679090794978,9.8165151538119062,0.2099506227154201,-0.7541552100255919,-1.1956825501997161,14.0000000000000000,,,,,,,,,,,,,,,,,,,,,,,,,,,,,,,,,,,,,,,,,,,,,,,,,,,,,,,,,,,,,,,,,,,,,,,,,,,,,,,,,,,,,,,,,,,,,,,,,,,,,,,,,,,,,,,,,,,,,,,,,,,,,,,,,,,,,,,,,,,,,,,,,,,,,,,,,,,,,,,,,,,,-0.1111583681258139,-2.9580465767254793,3080.0000000000000000,930.9801459246689319,1055.0000000000000000,1800.0000000000000000,4246.0000000000000000,-6.2427537269383642,980.0198540753310681,318.0198540753310681,726.1411322097083030,17.3800189698842011,1155.9532576523868102,28.1295787566731015,169.5926982502569444,88.5772553242969423,171.6421718681246489,4440.7619588240104349,24.8008176301646017,5.5773379862534682,667.5810567166953433,1480.4329260344500199,-394.4092026919379919,1908.5641133239200826,-109.2886597778956457,697.0230591917079437,1.3131316339613754,0.8449035738809527,,,,4.5237503332198798,0.7871561550053210,,,-47.3270218765855901,0.0000000000000000,858.1188551382751939,864.1985226302599585,6.1699770893105779,74.0948099541250258,74.9929004609707164,143.5785525089920043,-79.3357765893946976,248.9284748396516420,14.1757370428027230,7.3177395712850313,21.4146475953444764,5.4002360455171186,100.9220061054298583,-17.5518551998039953,-52.9650546911577038,0.5702016210703817,16.7858221592098005,25.1389113839478142,-18.7181543352923967,0.2248255348360289,9.5676608676874793,12.7664057490073759,9.0046920071053904,10.1169265097881720,15.6765215218632505,31.7039907283037792,2.4123877799038240,3.0941836450184610,22.1142787396064051,15.4944770522503603,21.4415708418265467,7.2474076298544787,7.9931507038962568,,,,,,,,,,,,,,,
"2023Q4",9.7096655035014106,3.9335251242048299,16.5637517311523013,799.7748709580582727,646.5523140116656577,765.9023523412441818,652.0443887946413497,582.5138549781711390,670.8279177484944285,689.2446308815876819,514.3773791217287226,552.4594095597697105,511.8364541368745222,7.9271901586886084,6.7278540895802728,712.8468740017262917,846.5485348916580506,0.9694517323600564,47.4231567218687431,5.3730322420967713,0.2504365910821684,489.8337927886021816,439.9562632915635731,0.8397589626222270,7.4862462897345381,22.6139894846433940,3.6594277500103241,9.7096655035013608,16.5637517311523297,24.5000000000000000,5.4537773317420486,18.1455628343513595,-0.0028631939670004,-0.0014938403307232,-0.0171864370669447,-1.5646246661320580,-1.7928557414010027,-1.8831473213897307,799.6503842638342121,765.4184825351408108,598.4931149455130708,659.1737886979432233,664.8572328712810986,693.4917323190362595,5.2443775774029078,21.4677330794461518,0.6117360450926175,6.0952615391692690,-1.5516622832082552,8.8512377471954959,5.0756456440439086,4.7488311130797198,251.1952083722720204,2.0828430620471785,3.6343127180980863,11.8082144973907059,-2.1113783966587008,3.9335251242048299,0.1244866942240910,0.4838698061034596,-15.9792599673424185,-7.1293999033016426,5.9706848772147820,-4.2471014374491878,-2.8234903678198737,2.2278029444562719,799.7748709580582727,9.6218561066617720,16.8735348158943488,506.8470194068666501,0.1155589989537954,1.7704939047709531,-2.7484892943277441,-2.0979390304655183,9.7096655035013608,11.8082144973907059,0.0128294027691835,-2.1113783966587008,22.6139894846433940,24.4999999999999822,-0.0028631939670004,-1.8831473213897307,3.6594277500103241,-0.0014938403307232,5.4537773317420486,-1.7928557414010027,16.5637517311523297,18.1455628343513595,-0.0171864370669447,-1.5646246661320580,3.9335251242048299,0.4838698061034596,0.4716631695082354,765.9023523412441818,9.9528855578951347,6.3049120615471610,765.4184825351408108,7.1438116926992477,6.9536937817092106,-15.9792599673424185,-10.1049275469098809,582.5138549781711390,43.7737974655078190,-24.3934173819259250,598.4931149455130708,5.0880015572417836,4.8318172567962430,-7.1293999033016426,652.0443887946413497,-23.6410856237080758,19.5615584600961583,659.1737886979432233,7.7842157910322491,7.4973694124373225,5.9706848772147820,4.7022659899556514,-2.2278029444566281,670.8279177484944285,9.8888524533222650,22.8984412718731072,664.8572328712810986,12.1849933753437885,12.1469167493801269,-4.2471014374491878,689.2446308815876819,1.8386920827306437,4.8233470151199063,693.4917323190362595,7.9960450642075784,8.0854156083084749,0.1244866942240910,-0.0797453168829587,799.7748709580582727,9.9042227958435447,9.6218561066617720,799.6503842638342121,7.7842157910327527,7.4973694124394035,-2.8234903678198737,-1.1293961471279499,646.5523140116655441,6.4741526881420892,3.0123664182298251,649.3758043794859987,4.9430175733947710,4.6265947111529044,514.3773791217286089,5.0756456440439086,6.7212116557857779,8.4386112773229005,506.8470194068666501,6.0952615391692690,7.7847091892806688,7.2613450205397525,552.4594095597700516,-1.5516622832082552,0.7915427852948702,16.9451293331580466,511.8364541368754885,8.8512377471954959,8.3664371243809565,2.0858046460251414,0.5451499442711418,-7.5303597148619810,1.0196158951272924,-1.1772662567824645,-3.1069508297745090,-4.4234088850867774,0.1057321638474460,-0.0215301644118103,20.9233877455404595,38.0820304380419117,-6.6273079272534527,8.5065180558348867,16.6142973585959908,21.4677330794461518,-0.4601605228929259,0.1552975919906719,18.5106988132254955,-2.5409249848537909,3.7755921031555899,-6.3528066312972804,-3.1526610299462297,0.6117360450926175,-0.1382158708676822,-0.1155475131220156,-0.6541489294352218,7.9271901586885596,10.0989408543298360,0.1424809694082194,-4.6063501436714560,-3.8534073958806649,-5.6255533062998939,4.7488311130797198,6.7278540895802728,-1.7721459104197272,5.2443775774029078,1.7773386106043048,5.2228474129910891,5.3996751693935510,5.1288300642808844,-5.6255533062995511,-5.6255533062997065,712.8468740017259506,16.8735348158943488,16.3332333979078790,713.0380245905708989,3.6343127180980863,2.0828430620471785,253.4230113167274681,17.3708119536862853,14.0128879827355473,4.4630483069626834,251.1952083722720204,2.5426857473161815,2.4665833067104197,2.4155514599503634,2.2278029444562719,846.5485348916575958,332.1711557699292143,21.6859927024698464,12.5862343266001062,-2.0040579907425409,0.9694517323600557,47.4231567218687147,6.5925386769624321,4.9409996053678018,5.6700834874936437,5.3730322420967722,0.2504365910821697,489.8337927886025795,3.1261886044447276,-2.6464841813287237,442.4106360667335593,-3.4663500725194600,-7.5874837866980478,0.8397589626222911,441.5708771041117870,-1.6195538269431859,-0.5582979789527220,439.9562632915630616,-16.8892597987783972,-4.5406197362567351,392.5331065696934729,-23.4817984757433393,-9.4816193416247323,7.4862462897348019,385.0468602799581959,-2.1482098354811852,-0.3434095546612715,0.1155589989537954,1.7704939047709531,-2.7484892943277441,-1.0811814173705203,-0.0750000000000094,0.0000000000000000,-2.0827227013120790,-0.0054948056404270,0.0000000000000000,-1.7928557414010031,-0.0191144341932593,0.0000000000000000,-1.5646246661320617,0.5628610233725766,0.4209390316183743,0.9802206985984583,-0.0640787758870718,0.7238046916545784,-1.5409807092168766,-2.7484892943277401,-11.5049101948918668,1.7704939047709445,-0.6759483238241175,-0.5074215896783263,1.6182418246203571,0.1486140451181962,7.4747443234034332,0.0128252290920019,0.1155589989537954,0.0770393326358611,0.2800083436187863,-0.0518533969664432,0.0927468671247650,-0.5143004224239025,-0.0231899597056526,0.1440973553927361,0.0356089281381751,-0.2851534110263448,0.1162736241090554,-0.2592476824310328,0.1546346061737779,0.0328549877326765,-1.8720934286191380,0.2210247728132737,-0.7635740009895453,-1.2715400133391723,15.0000000000000000,,,,,,,,,,,,,,,,,,,,,,,,,,,,,,,,,,,,,,,,,,,,,,,,,,,,,,,,,,,,,,,,,,,,,,,,,,,,,,,,,,,,,,,,,,,,,,,,,,,,,,,,,,,,,,,,,,,,,,,,,,,,,,,,,,,,,,,,,,,,,,,,,,,,,,,,,,,,,,,,,,,,-0.2142393921389782,-1.9408325952476275,3555.0000000000000000,598.9676895103673360,1181.0000000000000000,1788.0000000000000000,4500.0000000000000000,-5.5693894818262653,953.0323104896326640,339.0323104896326072,743.0511527226110502,16.5637517311523013,1126.2527865088432009,25.8376256969195985,-264.5035518653490954,484.9810845852026091,162.7241010663786085,4748.0313045551802134,26.7616383465096987,5.0227958731397564,680.1770979537681114,1706.5967120442799114,-449.3973333820770222,2155.8833307667200643,91.3337679289577409,681.0472049491310145,1.2932332069555554,0.8936263350946380,205.8919125552759795,48.4040123014155554,254.2959248566915278,6.0698871681497302,-0.2937467888531495,,,391.3169789759715513,0.0000000000000000,865.2030722551135113,865.7839572049271055,6.3417382986685880,388.9288524430808138,268.2757743395413854,130.4960129459645373,33.2300020863545598,-297.7335539517036409,10.4112923009089400,10.0999673362056797,10.4650345605328283,6.5079155290030286,54.9198924850333583,-21.6460790041019351,-21.0543745733523053,21.6059343533297152,10.3943230112524958,25.7322440618569033,1.8557001074213986,4.9415633952488776,5.2066638025891621,8.8048922301223485,6.2848550331721498,7.5314793854485345,-1.5396860276959359,18.4654645046908712,9.2547775506240555,2.1077095841167051,18.3806800813753739,17.7427923981696694,18.9708262538639048,15.0422055499275444,8.2498615150384822,,,,,,,,,,,,,,,
"2024Q1",13.3678659852155999,4.2255427835609201,16.0610149412555998,802.0491228260759726,648.9848503204689223,767.6786593107490262,656.7295353042687793,589.6653873904447209,671.7509436573373023,691.9789788053080883,514.2620574580837456,548.7853639438785649,512.6515087633415533,7.9579477403966123,6.7316378282698253,715.6395990436077454,851.0523233024113097,0.8081085428575960,47.9950374758851908,5.3098330995015415,0.4521511557397591,490.6775698620443791,439.2615844459880918,1.6668944653276299,7.0307166683566606,23.2408220914620607,6.1880588350090973,13.3678659852155874,16.0610149412555714,24.5000000000000000,5.4922339431783600,18.1604747719430577,-0.0096320126673900,-0.0050253979135396,-0.0071509927563335,-2.0923088379311521,0.7008502897442759,-1.2495458958707000,801.6303396666173740,767.2260392893398375,599.8055832424693108,661.1537441007266125,667.8912442773264502,695.4719948390508080,5.2763714640267105,21.3202044151687389,0.5760049747779155,2.1116697417405881,-14.6961824635666645,3.2602185058622619,-0.4612866545805594,4.9519869526098397,251.8248556890360703,2.1071759931667420,2.1265587552317755,11.8317591712353156,1.5436132318047406,4.2255427835609201,0.4187831594585584,0.4526200214101089,-10.1401958520259576,-4.4242087964569983,3.8596993800110568,-3.4930160337428102,-1.6816675623322699,4.4348439881544524,802.0491228260756316,9.1870702011072769,11.1709001675268418,507.3749368423024748,0.0820026008308332,-3.9739963002350409,-4.1679675108104721,1.5671579056493024,13.3678659852155874,11.8317591712353156,-0.0075064178246362,1.5436132318047406,23.2408220914620607,24.4999999999999929,-0.0096320126673900,-1.2495458958707000,6.1880588350090973,-0.0050253979135396,5.4922339431783600,0.7008502897442759,16.0610149412555714,18.1604747719430577,-0.0071509927563335,-2.0923088379311521,4.2255427835609201,0.4526200214101089,0.6467105251274923,767.6786593107490262,7.1052278780210774,13.9923115013149957,767.2260392893398375,7.2302270167932434,7.0587649580061447,-10.1401958520259576,-6.1583508849508233,589.6653873904447209,28.6061296490971344,-2.0603463226966148,599.8055832424693108,5.2498731878317857,4.9736133807824272,-4.4242087964569983,656.7295353042687793,18.7405860385105854,7.0260744809143132,661.1537441007266125,7.9198216111317690,7.6350792567777672,3.8596993800110568,3.6165723727549803,-4.4348439881546593,671.7509436573373023,3.6921036353675856,9.2218641183224914,667.8912442773264502,12.1360456241802037,12.1218636396532897,-3.4930160337428102,691.9789788053080883,10.9373916948862995,11.2527496145357748,695.4719948390508080,7.9210500800609864,8.0542478381527793,0.4187831594585584,0.6341718145549372,802.0491228260756316,9.0970074720720753,9.1870702011072769,801.6303396666173740,7.9198216111327975,7.6350792567797123,-1.6816675623322699,-0.6726670249329052,648.9848503204686949,9.7301452352135485,7.3054799881734045,650.6665178828018270,5.1628540132662089,4.8366020371373484,514.2620574580844277,-0.4612866545805594,3.8517423344426636,4.6078224099990877,507.3749368423024748,2.1116697417405881,5.5915082549588480,5.1421697797480856,548.7853639438781101,-14.6961824635666645,-5.6264964851992829,2.7573474881447702,512.6515087633416670,3.2602185058622619,6.0251388319679009,2.8010322891619448,1.2219953251984443,-6.8871206157811553,2.5729563963232867,0.5343473697497989,-2.4968609377542110,-4.3902596780262026,0.1325968282439272,0.0531716374575287,10.9398339165360241,34.5233064857943148,-14.2348958089871953,-1.8504749218550072,13.2031020706257394,21.3202044151687389,-0.5901146571076448,-0.2058933434552218,13.5256644420049383,-1.6105486947422816,3.7215051604466751,-1.8067901208365393,-2.1865536695205217,0.5760049747779155,-0.1429242812571088,-0.1290338354354588,8.8421943215235146,7.9579477403965564,10.3609552448802660,2.3664394854381094,-2.5855474671716374,-2.8534285239846939,-4.6217906957143731,4.9519869526098397,6.7316378282698262,-1.7683621717301725,5.2763714640267105,0.4158776205289971,5.3295431014842709,5.0704781205714946,5.1473376285912780,-4.6217906957139778,-4.6217906957141226,715.6395990436070633,11.1709001675268418,15.9882958045463113,716.4321032901615354,2.1265587552317755,2.1071759931667420,256.2596996771898716,11.3467534418504634,16.2849627541298432,2.2509071843498307,251.8248556890360703,2.5185892670561500,2.5079981298873948,2.3926598037033480,4.4348439881544524,851.0523233024113097,336.7902658443270525,18.4764402975968380,17.9343175177441552,-1.9665131958854694,0.8081085428575956,47.9950374758851908,2.2875230160656144,5.4388367293320554,2.2260709587760061,5.3098330995015415,0.4521511557397587,490.6775698620447770,3.3751082937688226,-5.1885857975243708,442.6825323861593802,1.0875852777015886,-10.6274225268578899,1.6668944653278106,441.0156379208319777,-2.2209567331171773,-1.2526035598599410,439.2615844459903087,-2.7787153822878690,1.6092053261710051,391.2665469701045708,-5.0662383983551411,-3.8296314031610512,7.0307166683566393,384.2358303017469439,-3.2441199128433684,-1.5300448959985598,0.0820026008308332,-3.9739963002350409,-4.1679675108104721,-0.2412197785414954,-0.0749999999999840,0.0000000000000000,0.0686572291021097,0.0111454780234181,0.0000000000000000,0.7008502897442779,-0.0136324340647561,0.0000000000000000,-2.0923088379311530,-0.7996205304319908,-0.5346862605641292,-1.1506471506652787,-0.0333359617140113,0.3684405450945349,-0.5522714152043098,-4.1679675108104650,-13.9737729297933466,-3.9739963002350578,-0.5725573908351325,-0.1734308523524217,0.8019078842262325,0.0736446016126129,0.3376403311529690,0.0391660689580136,0.0820026008308332,0.0546684005538876,0.1986986097054603,-0.0367960388343459,0.0685300026697968,-0.3739964594657916,-0.0185299974762328,0.1030378071057779,0.0326172373242757,-0.2379732770421266,-0.1031760855608568,-3.3825604714278565,0.1064393330287091,1.1462439085020293,1.5657568768505428,0.2267582237658082,-0.7633582888684090,-1.3107310609116540,16.0000000000000000,,,,,,,,,,,,,,,,,,,,,,,,,,,,,,,,,,,,,,,,,,,,,,,,,,,,,,,,,,,,,,,,,,,,,,,,,,,,,,,,,,,,,,,,,,,,,,,,,,,,,,,,,,,,,,,,,,,,,,,,,,,,,,,,,,,,,,,,,,,,,,,,,,,,,,,,,,,,,,,,,,,,-1.9433851360496703,0.4162541117460705,3171.0000000000000000,918.7638444541159970,1192.0000000000000000,1922.0000000000000000,4486.0000000000000000,-6.0917306059291301,1126.2361555458840030,443.2361555458840598,685.2216960238964703,16.0610149412555998,1310.7571621600400249,29.7683283688033988,375.0324681992418050,100.5072634826397433,149.9957344542619921,4966.7611820340398481,18.0151536430130363,0.9051440933809261,680.4129946501966515,1800.2797702793500321,-482.3916274020559740,2224.5455956783298461,38.8945318999176379,687.6550967352550288,1.4309463508916627,1.0040311758836105,,,,2.5833309579973900,6.5589922436572898,1.9445300418348441,11.7882336606073679,44.9584931751255255,0.0000000000000000,865.9857480079587049,867.4063217703734381,6.4894582617853303,78.3816063456804102,121.5106180249883181,116.9756911504799177,137.2957993879644505,237.7366688112773545,9.5236229518011157,9.6223073478293344,7.3637352852415177,15.0185363471048561,33.1174049049638199,-2.0392662105172832,20.6116700714626120,7.2787868657176773,3.7611084048523082,9.6604558789966717,11.5579406412281855,11.9103027509256805,-0.4602243617248547,4.7156320613970735,2.1341232567470882,5.2766749109474773,-13.6673065392493527,2.7957141361672200,3.3139459166445988,2.8406300493411436,11.8187422629661967,17.3373529023342030,12.0155521801663667,17.6859709094293578,8.2831616755422601,,,,,,,,,,,,,,,
"2024Q2",11.7563152718794992,4.0065824400333003,18.5889080551086998,803.4423029109323124,648.9252390536928488,768.9932052474671309,660.4447331581626486,594.4621224468543232,673.1751875352748584,694.7187601124569483,515.8338482885424128,550.5613361217654074,513.6993261368834283,7.9682118277899434,6.9427304309941675,717.2476427149246092,855.5751796354355747,0.6481555695210943,48.1046258510279046,5.3256366300431468,0.6345074131571549,490.7650184520441599,443.5845476338275262,2.3330541843397441,12.3048645301935835,23.8445467114115779,6.5006766155766842,11.7563152718795578,18.5889080551087105,24.5000000000000000,5.5201915548631941,18.1825373262656740,0.0043416761880799,0.0022652223588832,-0.0207470078486414,0.4271177366916971,0.9782198383546210,-0.6597949647766234,803.6310714408426747,769.0483769487743757,601.1526675622019411,663.1544758749520270,670.8997155056680413,697.4370229182572984,5.2938126569946391,21.1644978846303502,0.5400775586048916,6.3037953455712623,7.1038887115518881,4.1912694941589681,6.2871633218320362,5.1070177192656114,252.4425486118868491,2.1252771992755730,2.1624746012731606,11.8376542285975361,-0.1086928631135868,4.0065824400333003,-0.1887685299097042,-0.0551717013062010,-6.6905451153486721,-2.7097427167884689,2.2754720296074527,-2.7182628058007756,-3.0864774725557118,3.9588342753699433,803.4423029109323124,9.4577033628417464,6.4321746852682100,508.9508856786965225,0.0590316638871436,-2.5106476559568627,0.8549502435470919,-0.1027978057514310,11.7563152718795578,11.8376542285975361,0.0273539063955553,-0.1086928631135868,23.8445467114115779,24.5000000000000000,0.0043416761880799,-0.6597949647766234,6.5006766155766842,0.0022652223588832,5.5201915548631941,0.9782198383546210,18.5889080551087105,18.1825373262656740,-0.0207470078486414,0.4271177366916971,4.0065824400333003,-0.0551717013062010,0.3952089631473734,768.9932052474671309,5.2581837468746144,10.4301078208038245,769.0483769487743757,7.2893506377388588,7.1702287541345324,-6.6905451153486721,-3.8786796879979413,594.4621224468543232,19.1869402256376596,40.3353822711071857,601.1526675622019411,5.3883372789297228,5.1550685103950302,-2.7097427167884689,660.4447331581626486,14.8607914155720486,-16.3669106259210899,663.1544758749520270,8.0029270968978761,7.8195333457102860,2.2754720296074527,2.3364609060030785,-3.9588342753701777,673.1751875352748584,5.6969755117527869,8.6987701854848130,670.8997155056680413,12.0338849133650090,12.1264630108080311,-2.7182628058007756,694.7187601124569483,10.9591252285946119,0.7526148783838755,697.4370229182572984,7.8601123168272267,7.9670111161359181,-0.1887685299097042,0.5259831712421665,803.4423029109323124,5.5727203394280238,9.4577033628417464,803.6310714408426747,8.0029270969001995,7.8195333457125713,-3.0864774725557118,-1.2345909890222853,648.9252390536928488,-0.2384450671062552,6.6910121620185627,652.0117165262493018,5.3807945737906770,5.0534658378696644,515.8338482885419580,6.2871633218320362,6.7469093847627208,5.0096825755673420,508.9508856786965225,6.3037953455712623,7.2693707691059686,5.7832001879057238,550.5613361217649526,7.1038887115518881,4.2972223295429854,1.3546985446547135,513.6993261368832009,4.1912694941589681,6.4741995350092587,4.6716187796485453,0.6407520311468933,-6.8829626098458956,0.0166320237412554,0.7735176123391572,-2.5275339802237422,-4.3554286296213860,0.1393241936212605,0.1053374651676085,4.3997564944361862,34.7274878332233854,0.8167253897185507,-3.6549840309130359,13.5629899485928966,21.1644978846303502,-0.6228261221529849,-0.4582437626040096,6.3022450547095907,-2.1345221516596280,-2.0958938276693115,-0.3380637959183104,-2.6745997102646974,0.5400775586048916,-0.1437096646917800,-0.1381640961941460,25.2133140834619738,7.9682118277900118,10.5401545698812402,0.6988410586845897,-4.4081766605809616,-3.4777009242623582,-5.0349704932676573,5.1070177192656114,6.9427304309941649,-1.5572695690058356,5.2938126569946391,1.2752315223294701,5.3991501221622293,4.8355688943906037,5.1556485608004863,-5.0349704932673083,-5.0349704932674246,717.2476427149250640,6.4321746852682100,13.6138306993117357,718.7404093012636395,2.1624746012731606,2.1252771992755730,256.4013828872562044,0.5667328402667213,12.1776511265146645,0.0043803284462915,252.4425486118868491,2.4707716914030380,2.5142191480026197,2.3472331068328827,3.9588342753699433,855.5751796354355747,339.7413313468932188,11.8042620102673474,16.9075761623786462,-1.9272456273038154,0.6481555695210944,48.1046258510279046,0.4383535005711043,4.3470206151092547,0.7467353463804856,5.3256366300431486,0.6345074131571535,490.7650184520446146,0.3497943600004620,-3.6068115074606784,442.6603926010162127,-0.0885591405724746,-7.9538321225713471,2.3330541843399804,440.3273384166766959,-2.7531980166181658,-1.8861993180481818,443.5845476338275262,17.2918527513529838,9.8856358859711140,395.4799217827987263,16.8534992507788566,5.5386152708618042,12.3048645301913417,383.1750572526068481,-4.2430921965547563,-2.6523748812630368,0.0590316638871436,-2.5106476559568627,0.8549502435470919,-0.6061889517471597,-0.0750000000000228,0.0000000000000000,0.2148871623328645,0.0025693088437444,0.0000000000000000,0.9782198383546232,-0.0063326979579859,0.0000000000000000,0.4271177366916978,-0.7894186071289724,-0.5497414840141008,-1.2195460933286313,0.0073345975996822,-0.0819640212823938,-2.4138104476228088,0.8549502435471101,5.6040031251580729,-2.5106476559568307,-0.8046821026656903,0.0342563855513141,-0.1480085328610104,-0.0135926203647864,-2.9934445767570157,0.0446433221683028,0.0590316638871438,0.0393544425914285,0.1430382624957554,-0.0264885671288449,0.0571766976762690,-0.2897492037179140,-0.0150778115603450,0.0781118876996959,0.0288188054255025,-0.1959018684148084,-0.1114664607650476,-1.7877174582049982,0.1822820490358000,1.2995796158369188,7.1724413622908969,0.2275713729913684,-0.7543369568128069,-1.3233842749930464,17.0000000000000000,,,,,,,,,,,,,,,,,,,,,,,,,,,,,,,,,,,,,,,,,,,,,,,,,,,,,,,,,,,,,,,,,,,,,,,,,,,,,,,,,,,,,,,,,,,,,,,,,,,,,,,,,,,,,,,,,,,,,,,,,,,,,,,,,,,,,,,,,,,,,,,,,,,,,,,,,,,,,,,,,,,,-0.9678332997428072,0.5493774389150587,2951.0000000000000000,971.1019606080265021,1415.0000000000000000,2063.0000000000000000,4521.0000000000000000,-6.5342484316823830,1244.8980393919734979,401.8980393919734411,898.9229711831957275,18.5889080551086998,1488.0622714457028906,30.3322239104399998,-317.4386518736163225,633.1485499932566654,273.4294021428668771,5196.5581768365900643,18.0914253320970602,3.1581390887621694,680.7884962101379642,1884.3909180312200533,-403.6599772250880278,2363.0887486441101828,98.3934540288944390,789.0564411916659537,1.2458635540145986,1.1124264273387374,,,,15.6848705942552993,-7.9351377624091004,,,160.4917422139118912,0.0000000000000000,868.7307960046786093,869.0592429619451877,6.6116847662869986,485.8908074263711683,391.2270238408843852,209.8351689863658862,-194.3331090465971442,-123.1055428270191783,5.7309214026838475,9.9193834761092603,5.3988814325807652,10.9934581728814038,21.1512285861907401,49.6836412697346077,16.0217994964409343,-15.0977088227417795,5.8623791959135758,9.0883263795060572,11.5821887587526930,0.7554541425984382,6.4890133937947923,5.1372891422459759,6.5067261447357509,5.9536980535799415,7.3622975157256150,1.3639161619998674,4.2803432761825633,4.7824581471495549,6.6435465822889199,14.5840360370912805,0.5683418089097643,12.9501642677349906,8.2942765242981729,,,,,,,,,,,,,,,
"2024Q3",10.5466691736494003,4.1956558263709303,19.1013859577495992,805.0160498498734114,649.1231364283125913,770.0620996998908367,659.6647491829601222,597.7726268499592379,675.3723829813360453,695.2673026394236331,517.1688679282488010,553.2275344481849970,514.2329940152870904,7.0067053561232679,7.9559120394579743,719.5047420920896002,860.7713988750386989,0.4913764807764380,48.8193373114151896,5.0851530157433604,0.7954499782567471,486.2126322774066125,435.9903652588239424,-2.1310158403630908,5.2778581685334984,23.2325766737345987,6.4154784576641548,10.5466691736491143,19.1013859577496241,24.5799503841292903,5.5355262464318153,18.2032115724029033,0.0165602391779870,0.0086401247883989,-0.0489594573034642,0.9471338426501963,0.8713120864439482,-1.3639339495728160,805.7360602489088706,770.8810728771037475,602.5301813761828953,665.5669661604385965,673.8749979406505872,699.3892311721289161,5.3159383280226633,20.9931714318690261,0.5038775334711616,4.5358678975024755,10.6647933056784883,2.1346715136078287,5.3400785588217721,5.2420799097340360,253.0485658364248991,2.1437644782318430,1.1101689577466636,11.9122650581581873,-1.4397557057790471,4.1956558263709303,-0.7200103990361213,-0.8189731772121498,-4.7575545262243617,-5.9022169774775719,1.4973850406869411,-4.1219285327053408,-4.2916956140794387,5.1906609140068678,805.0160498498726156,7.7172345907742246,9.0283975086569086,510.0848526530732556,0.0442972995651007,-3.5517836460165229,-2.1977443887585144,-1.3651448762184153,10.5466691736491143,11.9122650581581873,0.0741598212698091,-1.4397557057790471,23.2325766737345987,24.5799503841292903,0.0165602391779870,-1.3639339495728160,6.4154784576641548,0.0086401247883989,5.5355262464318153,0.8713120864439482,19.1013859577496241,18.2032115724029033,-0.0489594573034642,0.9471338426501963,4.1956558263709303,-0.8189731772121498,-0.3595229554366075,770.0620996998908367,4.2755778096930825,6.6479687481184158,770.8810728771037475,7.3307837133151423,7.2485432651351980,-4.7575545262243617,-2.8307512842437168,597.7726268499592379,13.2420176124222095,26.2022212381641069,602.5301813761828953,5.5100552559247236,5.3090668199793898,-5.9022169774775719,659.6647491829601222,-3.1199359008091996,1.7100889823917518,665.5669661604385965,9.6499611419456492,8.3392314102510916,1.4973850406869411,2.1118961520151718,-5.1906609140072524,675.3723829813360453,8.7887817842461082,7.0166783461712487,673.8749979406505872,11.9011297399257590,12.0640134132037122,-4.1219285327053408,695.2673026394236331,2.1941701078716029,6.4823447785189785,699.3892311721289161,7.8088330154893928,7.8965101191462628,-0.7200103990361213,-0.0563746223084514,805.0160498498726156,6.2949877557624134,7.7172345907742246,805.7360602489088706,8.4199552322659841,8.0317299328329064,-4.2916956140794387,-1.7166782456317753,649.1231364283125913,0.7915894984758687,4.1893605886834093,653.4148320423921632,5.6124620645738972,5.2747820562541889,517.1688679282480052,5.3400785588217721,6.7533001068286094,4.0604002175296774,510.0848526530732556,4.5358678975024755,6.6028340333229139,4.7616486309973105,553.2275344481844286,10.6647933056784883,7.7027436460049978,0.3802093176114665,514.2329940152869767,2.1346715136078287,6.2627501218573203,4.6093493152097640,0.4621238635731129,-7.0840152751753278,-0.8042106613170961,0.7012484134684904,-2.7666211147664272,-4.3173941604081509,0.1521378768552948,0.1324477656400723,9.4631744520527423,36.0586665199368497,5.3247147468552924,-3.6801908999186330,15.0654950880680598,20.9931714318690261,-0.6853058110449610,-0.5896017783010532,-9.2305493346605250,-2.9358739129616067,-3.2054070452099630,0.5489490976806067,-3.4397514464326946,0.5038775334711616,-0.1448001005362329,-0.1424124793388911,-18.9417889719838328,7.0067053561232182,10.7101561146117206,0.4038713228009121,-4.8382085869329972,-4.1532518201629927,-4.6973397807044845,5.2420799097340360,7.9559120394579805,-0.5440879605420188,5.3159383280226633,1.4353729441484522,5.4483860936627018,4.7263365497215801,5.1735258486837559,-4.6973397807041293,-4.6973397807042847,719.5047420920896002,9.0283975086569086,10.8762517943361612,720.5367230932607754,1.1101689577466636,2.1437644782318430,258.2392267504315555,7.3513754527021504,9.1589184221254278,1.5407759570380279,253.0485658364248991,2.4240688981531036,2.4890289009820972,2.3028654532454502,5.1906609140068678,860.7713988750379031,343.6025309467893294,15.4447983995934113,16.8528733524778964,-1.8969225950397033,0.4913764807764373,48.8193373114150972,2.8588458415488587,3.0443152587871238,2.6831292191627614,5.0851530157433578,0.7954499782567505,486.2126322774068967,-18.2095446985442351,-2.8396133600826885,437.3932949659915721,-21.0683905400948355,-5.8839286188712192,-2.1310158403629358,439.5243108063548334,-3.2121104412800938,-2.4514547544921230,435.9903652588212140,-30.3767295000245170,-8.1882129824372463,387.1710279474053777,-33.2355753415751423,-11.2325282412247915,5.2778581685309645,381.8931697788743236,-5.1275498949249894,-3.6907429599549495,0.0442972995651007,-3.5517836460165229,-2.1977443887585144,-0.3076353936457199,0.0049503841292891,0.0000000000000000,-0.9020774742291664,-0.0086557306882118,0.0000000000000000,0.8713120864439494,-0.0075003806000788,0.0000000000000000,0.9471338426501945,-0.7675572505709205,-0.5296603680781615,-1.1672169055907631,-0.0116206211895160,0.1376548274268856,-3.0571046250571516,-2.1977443887585264,-0.0953181234017606,-3.5517836460165313,-1.8255844196646069,0.8574546515632308,0.4460115510466270,0.0409602444838745,5.2797595009387486,0.0396255427089242,0.0442972995651007,0.0295315330433986,0.1073357643308095,-0.0198769933945956,0.0636052950331632,-0.3227885740690493,-0.0154614023136127,0.0768357913202261,0.0310149988838209,-0.1385868260511651,-0.1178897545733961,2.1121104951683130,-0.0732149192785340,-3.5775094346536420,-3.7046929385091403,0.2243933064153079,-0.7342322263237440,-1.3087669180236832,18.0000000000000000,,,,,,,,,,,,,,,,,,,,,,,,,,,,,,,,,,,,,,,,,,,,,,,,,,,,,,,,,,,,,,,,,,,,,,,,,,,,,,,,,,,,,,,,,,,,,,,,,,,,,,,,,,,,,,,,,,,,,,,,,,,,,,,,,,,,,,,,,,,,,,,,,,,,,,,,,,,,,,,,,,,,0.0077185365640275,0.6825007660841607,3608.0000000000000000,553.1222516404618545,1546.0000000000000000,1990.0000000000000000,4806.0000000000000000,-6.0203836759307956,1089.8777483595381455,343.8777483595382023,903.7274181878419768,19.1013859577495992,1399.5031878685422271,30.0788391653128997,257.4882141040947658,80.2208404653550531,158.0667151112505167,5473.7213758369598509,20.7848769584124966,9.3829896970424329,686.2221438455663929,2060.4926747175300079,-401.7434085925789873,2623.0470326853101142,144.1481199492834548,775.5960137491249498,1.3875826221878100,1.1632188595329642,,,,3.7813555394683198,2.5696578078101502,,,212.8258040475287771,0.0000000000000000,872.2584952522399817,870.7354595563867861,6.7048663777663933,60.1890953386850001,58.7297595617526795,118.5962716236135606,-1.1897960461541430,258.6780101502488947,6.4973458822716594,8.0228233265882807,4.3682973481204073,6.8739255068464047,14.1587886482433873,29.9555408329483726,-3.0717681348446604,1.7247947114520201,9.1865627315650329,7.2687072799061809,2.2184190497663394,6.6970631725942837,5.4852330022260105,4.1439616055881601,4.6403115403461470,4.8768361162569107,11.2542496084988386,0.3809330301542673,2.1576186168481826,4.7172309820463738,9.4485046064442884,11.4897550736824883,7.6283340338370209,9.5914510616505169,7.2580099158369160,,,,,,,,,,,,,,,
"2024Q4",11.3051048374268994,4.4909750139737099,17.8108476386632013,807.5489994868327130,649.0838569826613593,772.5522343685242959,659.3107095835549671,601.2766972147146589,679.2346825155858596,696.9478626678993578,519.3354492713319814,557.7741520970993179,512.9000522559149431,6.5616340020671640,8.1509724869622282,722.4563756807350501,865.0747592231412000,0.3391498478186179,49.2454156225805164,4.4750268738072201,0.9344349741423805,488.8445810087023915,429.2628250412677176,0.9728199226823904,-0.4090776485339802,22.4819594722796907,6.6339930038103834,11.3051048374267946,17.8108476386632972,24.6521967674209748,5.5398948126758265,18.2204380428445276,0.0066003851430370,0.0034436792049474,-0.0340468866130064,-0.3755435175682179,1.0906545119295972,-2.1768376802846641,807.8359727539143478,772.7195841265479430,603.9339198534761408,667.9447493704122962,676.8089980541326440,701.3310666970812690,5.3427452962463482,20.7993745016724354,0.4672896345347892,7.9498469228473967,18.1864705956624029,-5.3317670374953590,8.6663253723319524,5.3641064386865454,253.6426622458099018,2.1721051088831675,0.4043577966452286,11.9716535372522301,-0.7106396507867564,4.4909750139737099,-0.2869732670818706,-0.1673497580232989,-2.6572226387621662,-8.6340397868561158,2.4256844614544941,-4.3832040291824672,-5.7946495385277794,5.9868146737201631,807.5489994868327130,7.7741285287739439,11.8065343545802044,512.0723143837851694,0.0281971622320572,-9.6280731718421766,0.8002151053808890,-0.6512511716924695,11.3051048374267946,11.9716535372522301,0.0440909509609226,-0.7106396507867564,22.4819594722796907,24.6521967674209748,0.0066003851430370,-2.1768376802846641,6.6339930038103834,0.0034436792049474,5.5398948126758265,1.0906545119295972,17.8108476386632972,18.2204380428445276,-0.0340468866130064,-0.3755435175682179,4.4909750139737099,-0.1673497580232989,-0.0274237550576382,772.5522343685242959,9.9605386745316764,6.6498820272792081,772.7195841265479430,7.3540449977796012,7.3011015914053665,-2.6572226387621662,-1.4997224700598772,601.2766972147146589,14.0162814590277893,18.7628422365440812,603.9339198534761408,5.6149539091812226,5.4408049079643881,-8.6340397868561158,659.3107095835549671,-1.4161583976236685,7.2663207889144132,667.9447493704122962,9.5111328398963533,8.7709606724677389,2.4256844614544941,2.7084506849175467,-5.9868146737204082,679.2346825155858596,15.4491981369986497,8.4067647670914383,676.8089980541326440,11.7360004539283214,11.9517651828497584,-4.3832040291824672,696.9478626678993578,6.7222401139042631,7.7032317863127622,701.3310666970812690,7.7673420998166156,7.8393343780484948,-0.2869732670818706,0.0965419053634524,807.5489994868327130,10.1317985478391144,7.7741285287739439,807.8359727539143478,8.3996500200263231,8.1855884900811091,-5.7946495385277794,-2.3178598154111061,649.0838569826613593,-0.1571177826098946,2.5315429709954271,654.8785065211892515,5.8546979151866019,5.5027021417021480,519.3354492713319814,8.6663253723319524,8.2229957732334533,4.9580701496020723,512.0723143837851694,7.9498469228473967,8.0196634850651982,5.2252949769171169,557.7741520971002274,18.1864705956624029,10.6201396905366039,5.3147425373294741,512.9000522559138062,-5.3317670374953590,4.9610420437058256,1.0635981190373984,0.9677843210796013,-7.2631348875460455,-0.7164784494827054,0.2672248273159728,-2.9883831924271407,-4.2747516951182511,0.1705698611618744,0.1486571899686532,11.1344619617041776,38.4387028257683525,9.5201452233285071,0.3566723877271138,17.6393283240961871,20.7993745016724354,-0.7751877207861374,-0.6683585777745404,22.6040474319396552,-6.4353970154176334,-13.9980924098239363,-3.8944720305641276,-6.9026866499524200,0.4672896345347892,-0.1463515957452065,-0.1444464105582909,-11.9302027634642709,6.5616340020675210,10.8774215960945178,-1.4580294829979699,-6.8221359216843513,-5.0079426821907891,-5.3569701952280599,5.3641064386865454,8.1509724869622264,-0.3490275130377674,5.3427452962463482,1.7191611299116423,5.4914024862149615,4.6743867184717702,5.1982988856880308,-5.3569701952276887,-5.3569701952278743,722.4563756807347090,11.8065343545802044,9.6095016790076624,723.1195157229896040,0.4043577966452286,2.1721051088831675,259.6294769195292247,5.5610006763930375,6.2064656028018286,-0.9673817814515535,253.6426622458099018,2.3763856375379011,2.4474538735375271,2.2575663556610093,5.9868146737201631,865.0747592231406315,345.7393099518091617,8.5471160200789917,13.5681541818811127,-1.8476298295867715,0.3391498478186193,49.2454156225805875,1.7043132446615874,1.8222589007118926,1.7595031416529592,4.4750268738072245,0.9344349741423812,488.8445810087044379,10.5277949251891343,-0.9892117798965798,439.5991653861232749,8.8234816805262941,-2.8114706806100429,0.9728199226837064,438.6263454634402024,-3.5918613716555390,-2.9445316406704509,429.2628250412674902,-26.9101608702187214,-10.6934382502948893,380.0174094186859861,-28.6144741148807675,-12.5156971510066555,-0.4090776485320913,380.4264870672176357,-5.8667308466192178,-4.6203732127382500,0.0281971622320572,-9.6280731718421766,0.8002151053808890,-0.1068528992117557,0.0012439024981352,0.0000000000000000,-1.2220839155837169,-0.0188551214344235,0.0000000000000000,1.0906545119296140,-0.0107414138343102,0.0000000000000000,-0.3755435175682624,0.0494932339811527,0.0545731129306475,0.1532762959195253,-0.0116742933862019,0.1313124910728067,-4.0779712928959970,0.8002151053809641,-0.9728552500947103,-9.6280731718421748,-1.6203343425452417,0.1406516514500442,1.0830148010364988,0.0994605429523301,-5.2107032337587711,0.0616275791241561,0.0281971622320570,0.0187981081547045,0.0683238931007500,-0.0126525727964357,0.0704991593316125,-0.3564387638074783,-0.0160315052626001,0.0735201842924484,0.0427170784745126,-0.0816849680650365,-0.1227440441112387,-0.9788159745011704,-0.4548816276298688,2.2940497437083920,-4.2619141115614241,0.2185299937113034,-0.7009619745032860,-1.2519359411862521,19.0000000000000000,,,,,,,,,,,,,,,,,,,,,,,,,,,,,,,,,,,,,,,,,,,,,,,,,,,,,,,,,,,,,,,,,,,,,,,,,,,,,,,,,,,,,,,,,,,,,,,,,,,,,,,,,,,,,,,,,,,,,,,,,,,,,,,,,,,,,,,,,,,,,,,,,,,,,,,,,,,,,,,,,,,,0.9832703728709475,0.8156240932533194,3508.0000000000000000,450.1822828832500818,1637.0000000000000000,1991.0000000000000000,4972.0000000000000000,-5.3711321396161633,1366.8177171167499182,431.8177171167499182,879.5388356487196688,17.8108476386632013,1362.5883795795411970,28.5116066820380993,-695.7307517738538536,973.8773487699837688,204.9029469346916130,5714.4171911733801608,17.2134413924100045,-4.6610507395940886,689.9010114024326867,2289.8442193303799286,-390.2281659823639757,3067.8406180406000203,213.8833726806637969,676.4006930267310054,1.1836704596648924,1.2431731697105286,236.3957081159657605,50.1810136765888970,286.5767217925546220,10.9192289406867005,-4.1050991172335110,,,114.8482999288602429,0.0000000000000000,874.1117010831569587,872.4275050510947267,6.7681819788317625,709.4406854418410830,581.1575194694260063,149.2657030230757869,2.8071744338731435,-698.5379262077269686,10.6628477606967493,8.0842992510961693,10.4734889019765234,6.8759703229529094,15.0461095461391920,20.6385166310061265,-1.4061780426792154,7.5368300359095031,16.7064919758180821,8.7702471858975457,6.9533317153768905,8.0076981608625317,9.0529386168978050,5.0830392377757363,8.2743902094635047,5.3642227366504187,19.9451904203747858,5.4585106262577767,-5.1921211904300435,1.0692744303621566,12.5317641209796022,10.0863659555976000,5.7185308210530650,6.4031138531147889,6.7816959934522858,,,,,,,,,,,,,,,
"2025Q1",10.1605827263978004,2.9126754868645999,16.2474003035563008,809.4557654687956756,650.7343136921997484,774.9549418416896742,654.6981488777695404,604.1535685189238620,683.6041241621582003,697.5947297053876355,520.7933135340537092,559.4563388160162276,512.4722991954697591,6.5566742205271460,8.1602481011349166,724.7633030250144657,861.4805309658382839,0.1123876915234234,49.1605319159316352,4.1694573712278249,1.0518425856170825,488.4502949846333308,431.1034816757174895,1.6378621920964633,3.1283227941199243,20.7869345334648479,5.6210484964891556,10.1605827263978448,16.2474003035562369,24.7177018032235516,5.5318770178050034,18.2384105672227612,0.0108131253116866,0.0056416305972960,-0.0386895259054007,-1.9523207377610963,0.0835298480868908,-3.9415803950704147,809.9259013519059636,774.5606933867185262,605.3606207313621326,670.2866204137976638,679.6966887201477903,703.2643613225343415,5.3344128082980493,20.6260015542530404,0.4323062540517394,6.3069550743987062,6.7287468756678290,-1.7110122417849505,5.8314570508855015,5.4147592301616685,254.2162749752067157,2.1831882728379961,0.6510637429070322,12.0111682538057618,-1.9057298092224038,2.9126754868645994,-0.4701358831101640,0.3942484549717837,-1.2070522124387542,-15.5884715360275870,3.9074354420108182,-5.6696316171468819,-5.6696245060887058,6.0585068133543842,809.4557654687954482,7.4066426427197607,9.2277093771219718,513.6490531523853633,0.0164909848934292,-5.9165878567822832,-0.7531114563204208,-1.8662150926687748,10.1605827263978448,12.0111682538057618,0.0551442818143494,-1.9057298092224038,20.7869345334648479,24.7177018032235516,0.0108131253116866,-3.9415803950704147,5.6210484964891556,0.0056416305972960,5.5318770178050034,0.0835298480868908,16.2474003035562369,18.2384105672227612,-0.0386895259054007,-1.9523207377610963,2.9126754868645994,0.3942484549717837,-0.1676214781785557,774.9549418416896742,9.6108298926615383,7.2762825309391559,774.5606933867185262,7.3644370406821453,7.3346540973773493,-1.2070522124387542,-0.9385468008023689,604.1535685189238620,11.5074852168401485,14.4881811284806261,605.3606207313621326,5.7068035115493849,5.5550374888934977,-15.5884715360275870,654.6981488777695404,-18.4502428231467022,-2.0313864265003314,670.2866204137976638,9.3674841735439554,9.1328763130704544,3.9074354420108182,3.6337470832080543,-6.0585068133544837,683.6041241621582003,17.4777665862912563,11.8531805048219354,679.6966887201477903,11.5507626640641554,11.8054444428209617,-5.6696316171468819,697.5947297053876355,2.5874681499517713,5.6157509000798083,703.2643613225343415,7.7331785018101931,7.7923664834859521,-0.4701358831101640,-0.4847076826552652,809.4557654687954482,7.6270639278560166,7.4066426427197607,809.9259013519059636,8.3597143919677350,8.2955616852895719,-5.6696245060887058,-2.2678498024354794,650.7343136921992937,6.6018268381483871,1.7494633717291790,656.4039381982887562,6.1017267083953701,5.7374203154844388,520.7933135340535955,5.8314570508855015,6.0794533815572880,6.5312560759687175,513.6490531523853633,6.3069550743987062,6.3013589913967403,6.2741163100818698,559.4563388160156592,6.7287468756678290,4.9363633824578406,10.6709748721375082,512.4722991954702138,-1.7110122417849505,6.2030483063322492,-0.1792095678744359,0.8355926561830560,-7.1442603816673707,0.4754980235149378,-0.2571397658859980,-2.9078535817706253,-4.2364067998959349,0.1533795808911116,0.1538528781304526,6.5937236329405398,38.6630252819626392,0.8972898247799419,4.1397187961682782,18.0370237277096521,20.6260015542530404,-0.6934917896766775,-0.6942028609167219,8.4070213400242810,-8.3210143385839217,-7.5424692926668531,-6.7104656438425323,-8.7533205926361006,0.4323062540517394,-0.1399335219334837,-0.1436987207272486,20.4500123007275505,6.5566742205273938,10.9025516193505823,0.2553152291308350,-5.1594440010307556,-3.8895305342222519,-4.2292824330867500,5.4147592301616685,8.1602481011349219,-0.3397518988650797,5.3344128082980493,0.1917987610482452,5.4882656864285160,4.6402099473813569,5.1907140875708064,-4.2292824330864889,-4.2292824330864844,724.7633030250153752,9.2277093771219718,9.1237039814066634,725.7312157175264247,0.6510637429070322,2.1831882728379961,260.2747817885605173,2.5812194761270431,4.0150821113704573,-0.8098845438542361,254.2162749752067157,2.2944509175858956,2.3914192861700903,2.1797283717066032,6.0585068133543842,861.4805309658381702,340.6872174317847453,-20.2083700800879562,3.8969515874599683,-1.8137878426667597,0.1123876915234187,49.1605319159317347,-0.3395348265953752,1.1654944400464320,0.1244246846469437,4.1694573712278205,1.0518425856170779,488.4502949846327056,-1.5771440962824546,-2.2272748774107387,439.2897630687010064,-1.2376092696884702,-3.3927693174582778,1.6378621920960559,437.6519008766053958,-3.8977783473374616,-3.3637370442259922,431.1034816757180010,7.3626265378139637,-8.1581027702675435,381.9429497597855629,7.7021613644045690,-9.3235972103139009,3.1283227941182470,378.8146269656664913,-6.4474404062098900,-5.4212033360746990,0.0164909848934292,-5.9165878567822832,-0.7531114563204208,-1.8328120201222553,-0.0018851258264079,0.0000000000000000,-2.4177940188713194,-0.0310230542370344,0.0000000000000000,0.0835298480868758,-0.0098230951933981,0.0000000000000000,-1.9523207377610987,0.6406785041682781,0.4711736999697820,1.0853228719386721,-0.0149069866099780,0.1596830540912535,-3.3517646906776046,-0.7531114563205108,-10.3718057558987073,-5.9165878567824279,-0.9003695723234468,-0.0256271371311003,0.6136279300788736,0.0563535854154069,-28.3717252154784987,0.0511060771365330,0.0164909848934290,0.0109939899289551,0.0399589249340828,-0.0073998009137182,0.0380403999820324,-0.1938491139309570,-0.0082170857627688,0.0368845619248888,0.0282936748431466,-0.0284448553464331,-0.2064131654260681,-2.0990379682479841,-0.1808312953699330,1.0347138400328788,3.4269494775481917,0.2108511088889331,-0.6651031128469257,-1.1673826442585185,20.0000000000000000,,,,,,,,,,,,,,,,,,,,,,,,,,,,,,,,,,,,,,,,,,,,,,,,,,,,,,,,,,,,,,,,,,,,,,,,,,,,,,,,,,,,,,,,,,,,,,,,,,,,,,,,,,,,,,,,,,,,,,,,,,,,,,,,,,,,,,,,,,,,,,,,,,,,,,,,,,,,,,,,,,,,3.9056953362970432,1.1385040392296162,3286.0000000000000000,1034.1733722292431139,1470.0000000000000000,1722.0000000000000000,5255.0000000000000000,-4.2658357808066594,1186.8266277707568861,381.8266277707568861,812.9967208471714457,16.2474003035563008,1374.4132396878840154,26.5675948703755012,351.2114969853829507,92.2172345057016543,117.9877873496279364,5512.6752446273303576,-14.3769130292116643,25.5027306702418457,699.1634224027229720,2762.7506944935898900,-990.2005528199549644,3496.5679362955202123,302.6431439813031830,-76.3690253884799972,1.4767459841381834,,,,,1.9970166925443600,5.2508905469888401,,12.4413629605549563,164.2867531164280877,0.0000000000000000,876.7043377608931678,874.1288648407751225,6.8054391587215832,65.6455153589041913,53.1499615672426557,83.9904725850810223,-71.4569558082155254,422.6684527935984761,7.9254623328153002,7.6878336300832757,10.0878281474517735,7.5475431110948676,12.1957415374333635,15.5902947510291767,-16.8482079221028016,-2.0108927754383643,19.0981391353667505,12.5842681013319009,2.6212337023661121,5.7764278010727423,6.0048403233067091,6.7492628552631402,6.5100915216330151,6.4751206660172755,6.9602911402839567,11.2611270764423068,-1.6964575563688982,-0.1790490834105043,9.6668660037858558,9.5528658392674402,2.6148214365400122,4.0967762270768446,6.7763999859424606,,,,,,,,,,,,,,,
"2025Q2",4.3641954637035303,1.6372460572770100,17.0328580535001990,811.0649003528544654,656.0856061241690895,776.3097290948824138,649.8243544598340122,606.0581579682597066,688.4942894768460064,697.3905297813646484,522.3709686693624690,562.1833502857805343,513.8425905501546822,6.5509760994690271,8.1357314814862001,725.7840000798588562,863.1389243034400351,-0.0518110738712494,50.7899170787947867,4.1694573712278249,1.1486453352650785,484.3200474437099956,419.4139329196043491,-3.0899131820618777,-8.4729358078920427,19.1013729149465945,2.2956806022570468,4.3641954637034033,17.0328580535002025,24.7785877003730057,5.5231251590195418,18.2621346971542629,0.0215901845473164,0.0112644441115267,-0.0666802375702107,-1.1625964060838614,-3.2387090008740200,-5.6988049699738310,812.0036040288180175,776.4018630960581504,606.8075307824638003,672.5984996182080522,682.5345514632130062,705.1906224541748998,5.2674177233927608,20.5498065891334463,0.4019235533087948,5.4471342762324158,10.9080458790625876,5.4811654187310639,6.3106205412329448,5.3427759291121939,254.7559531844198659,2.1433533988358837,-0.5014367627108456,12.0395781622382749,-7.7749175647640065,1.6372460572770100,-0.9387036759636969,-0.0921340011752535,-0.7493728142051490,-22.7741451583732903,5.9597380136339346,-7.8000926728109929,-1.9012264348813277,6.8071272527881410,811.0649003528538969,7.6225974419217888,4.0827882193741374,515.0108367214453438,0.0068603408106117,0.0520113488708543,-1.1617607735380957,-7.7465076563314677,4.3641954637034033,12.0395781622382749,0.0995348662290040,-7.7749175647640065,19.1013729149465945,24.7785877003730057,0.0215901845473164,-5.6988049699738310,2.2956806022570468,0.0112644441115267,5.5231251590195418,-3.2387090008740200,17.0328580535002025,18.2621346971542629,-0.0666802375702107,-1.1625964060838614,1.6372460572770100,-0.0921340011752535,-0.9022583987095781,776.3097290948824138,5.4191490127719151,7.3165238474135057,776.4018630960581504,7.3646788373567809,7.3534861472820090,-0.7493728142051490,-0.9363008496810228,606.0581579682597066,7.6183577973456620,11.5960355214073623,606.8075307824638003,5.7876402044103950,5.6548632202636826,-22.7741451583732903,649.8243544598340122,-19.4951776717428586,-10.6203786983274266,672.5984996182080522,9.2475168176367095,9.4440237432549434,5.9597380136339346,5.2310548178659317,-6.8071272527885363,688.4942894768460064,19.5606612587571860,15.3191019415738250,682.5345514632130062,11.3514509722617252,11.6348359575450857,-7.8000926728109929,697.3905297813646484,-0.8167996960943071,2.6717696689072863,705.1906224541748998,7.7050445265617720,7.7535995359194851,-0.9387036759636969,-1.2357774595260120,811.0649003528538969,6.4365395362342941,7.6225974419217888,812.0036040288180175,8.3108107076459721,8.3725325879765506,-1.9012264348813277,-0.7604905739525301,656.0856061241692032,21.4051697278789810,7.1603670704755178,657.9868325590508675,6.3315774430526837,5.9751160327999164,522.3709686693624690,6.3106205412329448,6.3500068576972577,6.5371203808189460,515.0108367214453438,5.4471342762324158,6.4288124501251307,6.0599510427473779,562.1833502857820122,10.9080458790625876,4.8943616587612624,11.6220141640153187,513.8425905501545685,5.4811654187310639,8.8426777958243115,0.1432644132684826,0.6104625097875569,-7.3601319479170000,-0.8634862649982316,-0.4771693380709121,-3.1418867803548625,-4.2182451675613768,0.0726465293403142,0.1371834620601833,8.4416160339722204,39.8123816164192590,4.5974253378281738,5.0848937831962724,19.2625750272858198,20.5498065891334463,-0.3047798604769557,-0.6146912954978063,-10.8469118524800496,-8.5283781192088206,-0.8294551224978249,-6.3938559675501088,-8.9303016725176612,0.4019235533087948,-0.1215308029714867,-0.1381540052970066,-38.1575957063846545,6.5509760994688575,10.6828401818450605,0.1221636493443764,-5.2206122797677832,-4.2041418906758201,-4.5684104091891271,5.3427759291121939,8.1357314814862001,-0.3642685185138028,5.2674177233927608,0.7722355635964659,5.4046011854529441,4.6527264278949430,5.1292637180957588,-4.5684104091887319,-4.5684104091889282,725.7840000798587425,4.0827882193741374,8.5363573649327318,727.0379941678841078,-0.5014367627108456,2.1433533988358837,261.5630804372073044,5.1531945945919331,5.1616975499519890,2.2589848205951908,254.7559531844198659,2.1587128368539359,2.3134045725332011,2.0507771950112468,6.8071272527881410,863.1389243034402625,340.7679556340773956,0.3229528091698775,1.0266242871852542,-1.8722240188085013,-0.0518110738712507,50.7899170787947227,6.5175406514524772,2.6852912277669763,5.6100850670857181,4.1694573712278258,1.1486453352650778,484.3200474437102230,-16.5209901636919660,-6.4449710083322351,433.5301303649151237,-23.0385308151461672,-9.1302622361010393,-3.0899131820618360,436.6200435469771719,-4.1274293185097841,-3.7072948696984072,419.4139329196043491,-46.7581950244533502,-24.1706147142223315,368.6240158408087382,-53.2757356759078320,-26.8559059419897217,-8.4729358078921351,377.0969516487002124,-6.8707012678579957,-6.0781056039052421,0.0068603408106117,0.0520113488708543,-1.1617607735380957,-2.3190916861552902,-0.0032290126892927,0.0000000000000000,-2.9396986934247309,-0.0321580078951794,0.0000000000000000,-3.2387090008740209,-0.0038917643962918,0.0000000000000000,-1.1625964060838658,1.3191311114508579,0.9280869666035372,2.0740228479323122,-0.0431136536768542,0.4870552788781772,0.3666233675541580,-1.1617607735381128,5.9626618668775677,0.0520113488708205,-0.9787197015456215,-0.0584918095352263,-0.0241982550763932,-0.0022222887315053,12.5959624110750692,-0.0377878872332254,0.0068603408106118,0.0045735605404062,0.0166231335026325,-0.0030783580560434,-0.0214554457697926,0.1213364772702741,0.0044093667686334,-0.0210155348526748,-0.0215160467183162,0.0037828447438660,-0.1574555039032685,6.3931159668052047,0.1094597320804933,-4.1053877411616071,-10.7566114475989139,0.2019870082097021,-0.6194288059059885,-1.0680049022667193,21.0000000000000000,,,,,,,,,,,,,,,,,,,,,,,,,,,,,,,,,,,,,,,,,,,,,,,,,,,,,,,,,,,,,,,,,,,,,,,,,,,,,,,,,,,,,,,,,,,,,,,,,,,,,,,,,,,,,,,,,,,,,,,,,,,,,,,,,,,,,,,,,,,,,,,,,,,,,,,,,,,,,,,,,,,,3.5813901437329321,1.1257356073962796,,,,,5278.4450261780111759,-2.7311795451136369,,338.6177209786202980,963.1156266546799998,17.0328580535001990,1220.9414012175329844,21.2395399993602005,-84.6736884026794030,208.8644406520238022,133.6350223135085855,5604.8593584597501831,6.6335733504070049,1.7530619833676155,712.6618570774978707,2518.3362429711100958,-500.8582206172350197,3457.9163147746899085,-34.0826365482953406,92.6743711324167947,1.1067285662970907,,246.0747552591819272,44.8238067890452356,290.8985620482271770,4.5185431300119197,-1.7915937235853994,,,348.9488001249838476,0.0000000000000000,881.9977764608053121,875.8340769426541783,6.8208484075162232,147.1718145015884147,177.1846270123173781,94.1630305926790356,-21.7201220115448095,-62.9535663911345864,6.6482015157518930,7.9206419648721038,5.5686736389089901,7.5908303673753323,7.9160666102185786,12.2951352084807581,-17.7125661198996482,-10.0758624284894722,21.6048433081528657,16.5547599901146469,-0.8134729511526473,2.7077814365497659,6.5139956852653427,6.7555231410216834,5.5982214446813856,6.2473319484222571,11.5252078565171558,12.3243117499933135,5.6341638413544928,0.1433670857542211,4.1672799677936041,8.9112967500611973,5.2882821092544674,5.2972351055108362,6.7703159107499467,,,,,,,,,,,,,,,
"2025Q3",8.5000000000000000,2.0686230286385050,17.0000000000000000,812.4339896672977375,658.8542607816069676,780.4449908313893047,647.9274806595725522,611.5357709226659608,683.2651650117477402,698.9535358770633593,524.1681185299943309,558.7274957879292288,517.1952246237348163,6.0025998037128785,8.1721583333375776,727.5744959018373947,865.3740504561379794,-0.1526571984331468,52.3667756787897574,3.9694318933074726,1.2262119138712342,481.3866588967255211,421.6267166178905654,-6.5309804216150837,-6.0548375534660863,19.3000000000000007,6.2000000000000002,8.5000000000000000,17.0000000000000000,24.8396583153543560,5.5219689010685649,18.4342706562396330,0.0369582490928062,0.0192825647440728,-0.0546388325678422,-1.3796318236717926,0.6587485341873627,-5.5766165644471624,814.0408700626371683,778.2413751469049430,608.2724961579857563,674.7680016188434138,685.3209218960996623,707.1109713562078696,5.2285775927478060,20.5307376887665818,0.3745791226402103,10.9229381777187893,-13.8234179914111337,13.4105362943209911,7.1885994425274475,5.3034683080842058,255.2686474831726855,2.1290180589522953,-0.3535665052516040,11.9273565601832860,-3.5382362065880066,2.0686230286385050,-1.6068803953393980,2.2036156844843906,3.2632747646801379,-26.8405209592708260,-2.0557568843519958,-8.1574354791444819,-0.7604905739525312,6.9310528315794500,812.4339896672977375,7.4179398174251467,7.1619832879146088,517.7415712658749953,0.0000000000000000,4.4127878417554554,3.4530469504570362,-3.6504578086429964,8.5000000000000000,11.9273565601832860,0.1108796464047211,-3.5382362065880066,19.3000000000000007,24.8396583153543560,0.0369582490928062,-5.5766165644471624,6.2000000000000002,0.0192825647440728,5.5219689010685649,0.6587485341873627,17.0000000000000000,18.4342706562396330,-0.0546388325678422,-1.3796318236717926,2.0686230286385050,2.2036156844843906,0.2609261154314103,780.4449908313893047,16.5410469460275777,10.3828911314984715,778.2413751469049430,7.3580482033870718,7.3603022698011706,3.2632747646801379,6.8582273561141296,611.5357709226659608,21.9104518176249314,13.7631440727067016,608.2724961579857563,5.8598615020880054,5.7423147818029063,-26.8405209592708260,647.9274806595725522,-7.5874952010457175,-11.7372685233875398,674.7680016188434138,8.6780080025414250,9.2010354584048120,-2.0557568843519958,0.4442240069650689,-6.9310528315794500,683.2651650117477402,-20.9164978603932177,7.8927820304116567,685.3209218960996623,11.1454817315467682,11.4459239554491106,-8.1574354791444819,698.9535358770633593,6.2520243827948869,3.6862332376397373,707.1109713562078696,7.6813956081318135,7.7217401840789375,-1.6068803953393980,-1.9369058549125349,812.4339896672977375,5.4763572577754616,7.4179398174251467,814.0408700626371683,8.1490641352765714,8.3048098137282889,-0.7604905739525312,-0.3041962295810125,658.8542607816069676,11.0746186297512015,9.7311243532944118,659.6147513555595197,6.5116751860346689,6.1999193131673715,524.1681185299943309,7.1885994425274475,6.6996009085647401,6.9992506017463256,517.7415712658749953,10.9229381777187893,8.2872015932122629,7.6567186128017859,558.7274957879292288,-13.8234179914111337,-2.3192543677341333,5.4999613397448002,517.1952246237348163,13.4105362943209911,9.5451515990360534,2.9622306084478396,0.1007062500443711,-6.4265472641193115,3.7343387351907524,0.6574680110560159,-2.2145698764737505,-4.2119773876455611,0.0250711196632621,0.1054167727625897,11.4186404928835081,34.5593772579348482,-21.0120174339376433,-1.4992892620020015,14.0286395691682682,20.5307376887665818,-0.0762756014674628,-0.4624337431024456,-2.4469751864608642,-6.9728939062595074,6.2219368517972526,-4.0370199932979007,-7.3474730288997181,0.3745791226402103,-0.1093777226743381,-0.1292984108309514,20.9565846682439059,6.0025998037128785,10.5571170204952729,-2.2846017894993844,-7.5880700975835902,-3.8652767761157136,-4.1931184427781361,5.3034683080842058,8.1721583333375776,-0.3278416666624225,5.2285775927478060,-0.7122174126219811,5.3339943655103950,4.7661438496453599,5.0992791819168541,-4.1931184427781361,-4.1931184427781361,727.5744959018373947,7.1619832879146088,8.0697538097477945,729.3821745847881175,-0.3535665052516040,2.1290180589522953,262.1997003147521355,2.5464795101792870,3.9604735643205706,10.9693209466727453,255.2686474831726855,2.0507771950112388,2.2200816467477766,1.9482383352606767,6.9310528315794500,865.3740504561379794,341.2059319261436485,1.7519051682650475,-2.3965990206456720,-1.8870286901028457,-0.1526571984331468,52.3667756787897574,6.3074343999801386,3.5474383673746601,8.2814361439731385,3.9694318933074726,1.2262119138712342,481.3866588967255211,-11.7335541879388074,-4.8259733806813756,429.0198832179357851,-18.0409885879174396,-8.3734117480558083,-6.5309804216150837,435.5508636395508688,-4.2767196297052976,-3.9734471668039859,421.6267166178905654,8.8511347931448654,-14.3636486409306485,369.2599409391008294,2.5437003931682796,-17.9110870083045697,-6.0548375534660863,375.3147784925669157,-7.1286926245332722,-6.5783912863074292,0.0000000000000000,4.4127878417554554,3.4530469504570362,0.0000000000000000,0.0000000000000000,0.0000000000000000,-1.5874530854654805,0.0000000000000000,0.0000000000000000,0.6587485341873627,0.0000000000000000,0.0000000000000000,-1.3796318236717926,3.0781814721991205,4.2000000000000002,-7.2699999999999996,0.0900000000000000,0.0000000000000000,0.0000000000000000,3.4530469504570362,-15.6773687855442105,4.4127878417554554,-1.1143970851184108,0.0000000000000000,0.0236231141020517,0.0000000000000000,0.0000000000000000,0.0000000000000000,0.0000000000000000,0.0000000000000000,0.0000000000000000,0.0000000000000000,0.0000000000000000,0.0000000000000000,0.0000000000000000,0.0000000000000000,0.0000000000000000,0.0000000000000000,-0.1039547889941712,0.6973493328945616,-0.0905657458398602,-4.6152342487367459,0.1304055862951721,0.1924311121326641,-0.5620332430464919,-0.9450614834610757,22.0000000000000000,,,,,,,,,,,,,,,,,,,,,,,,,,,,,,,,,,,,,,,,,,,,,,,,,,,,,,,,,,,,,,,,,,,,,,,,,,,,,,,,,,,,,,,,,,,,,,,,,,,,,,,,,,,,,,,,,,,,,,,,,,,,,,,,,,,,,,,,,,,,,,,,,,,,,,,,,,,,,,,,,,,,3.2570849511687925,1.1129671755627157,,,,,5450.6739489677329402,-4.6678503114040435,,,,,,,,,,5731.5455599107772287,8.9405046107908674,7.3667266081986922,,,,,,137.5691414787232247,,,247.3885846328863920,45.0547870535844197,292.4433716864708117,4.7840661702885541,1.6473108010729121,,,-502.9309520202987187,,874.2763105514902691,877.5495694882944235,6.8619701825608619,180.4810024200600651,,78.0397144497228794,,,5.6290849028356433,7.6999999999999886,17.9877322937006028,10.9410631071677642,24.4961390981844715,14.7552531198614503,-7.3067889690697285,-11.0746280330879898,-18.8738616168156170,8.2126211710488803,6.4516008578661399,3.7550173938871438,7.4532834347209871,7.2500143926751406,11.5418177603156380,7.9574720345998884,-12.9105278187254413,5.6540206214275202,14.3513297224194361,3.0065411035126175,7.4246873084288296,8.4042965278206054,2.5791792739116488,4.0399460085440495,6.1864152570171029,-2.2587023706047802,1444.8271283333317569,10.4190682390834013,8.2749504634773245,6.6036412004775142,-10.4974296213098164,14.5269748462722106,12.8430838659741546,3.3354429766730718,27.4639851237463688,32.8333899953437225,-4.3120042506656659,0.8459367131702757,0.8236554005364560,
"2025Q4",8.0000000000000000,2.2843115143192527,17.5000000000000000,814.1619288888028905,660.9744934710836333,780.3402385376152779,649.6554198810777052,616.6128414478204149,688.5025986412816792,699.9468508506904527,525.8430187571354963,558.1476821959956851,519.5815125234938705,6.8125829047600437,8.2049425000038205,730.3182675008154092,867.8808265830173241,-0.1893290503087570,54.4371347147830420,3.8091229372715496,1.2861851932081432,484.1169507546787827,420.5969449006439618,-4.7827040836878041,-7.3443191027591865,19.3000000000000007,6.2000000000000002,8.0000000000000000,17.5000000000000000,24.8976753995866389,5.5208704560151372,18.6012425365524443,0.0445488346629883,0.0232428702589504,-0.0900801204496132,-1.0111624161028310,0.6558866737259128,-5.6422242342496274,816.0988347437154289,780.0793124221838752,609.7546140917062303,677.0592603115327393,688.0583746343165785,709.0257036401136475,5.1936214751673457,20.5630822466768493,0.3499691350384842,8.2872015932122629,-2.3192543677341333,9.5451515990360534,6.6996009085647401,5.2531278647628525,255.7557070669878385,2.1161162530570659,-2.0948334618510027,11.8173033190493335,-3.9751751444208838,2.2843115143192527,-1.9369058549125349,0.2609261154314103,6.8582273561141296,-27.4038404304550873,0.4442240069650689,-9.0788527894232391,-0.3041962295810125,9.1863234844324673,814.1619288888028905,6.6129294019702201,10.9750863959119282,519.8133716641781348,0.0000000000000000,0.0000000000000000,0.0000000000000000,-4.0852283855548359,8.0000000000000000,11.8173033190493335,0.1578718253715519,-3.9751751444208838,19.3000000000000007,24.8976753995866389,0.0445488346629883,-5.6422242342496274,6.2000000000000002,0.0232428702589504,5.5208704560151372,0.6558866737259128,17.5000000000000000,18.6012425365524443,-0.0900801204496132,-1.0111624161028310,2.2843115143192527,0.2609261154314103,-0.7449008993131218,780.3402385376152779,-0.4190091750960721,7.7880041690909945,780.0793124221838752,7.3517491011158489,7.3597282956359376,6.8582273561141296,11.3483525107909067,616.6128414478204149,20.3082821006177028,15.3361442331057063,609.7546140917062303,5.9284717348817360,5.8206942382300948,-27.4038404304550873,649.6554198810777052,6.9117568860204628,-9.6552897024772690,677.0592603115327393,9.1650347707575079,9.1145109411204892,0.4442240069650689,2.2743814700316758,-9.1863234844324673,688.5025986412816792,20.9497345181358199,9.2679161256957983,688.0583746343165785,10.9498109528675602,11.2493765801839452,-9.0788527894232391,699.9468508506904527,3.9732598945083311,2.9989881827910954,709.0257036401136475,7.6589291356233531,7.6946369430324228,-1.9369058549125349,-1.3908723493446924,814.1619288888028905,6.9117568860206822,6.6129294019702201,816.0988347437154289,8.2318587243132288,8.2628619898011202,-0.3041962295810125,-0.1216784918324050,660.9744934710836333,8.4809307579063304,11.8906364884222260,661.2786897006645859,6.6557533804202560,6.4001831794753468,525.8430187571354963,6.6996009085647401,5.2515892728703051,6.5075694858035344,519.8133716641781348,8.2872015932122629,5.9020183636469561,7.7410572803929369,558.1476821959956851,-2.3192543677341333,0.9689374766103158,0.3735300988954681,519.5815125234938705,9.5451515990360534,7.7883758356739721,6.6814602675800234,0.2877400129564653,-6.0296470929574335,1.5876006846475130,1.2334877945886120,-1.8132330180515424,-4.2164140749058907,-0.0177467490413188,0.0583376202123602,17.3082842046243890,32.3046634388601746,-9.0188552762986909,-6.1340393869081771,11.7415811921833253,20.5630822466768493,0.1293782316410807,-0.2362922549955846,24.4485145370159103,-6.2615062336417058,2.8455506904712071,0.1738907817759277,-6.6114753686801899,0.3499691350384842,-0.0984399504069043,-0.1173204994963050,12.0696648060864042,6.8125829047600437,10.4290025908888797,0.9105645411130876,-4.3425633236497641,-2.0775843788815429,-2.3726418788777233,5.2531278647628525,8.2049425000038205,-0.2950574999961803,5.1936214751673457,-1.8989705604928773,5.2519590953797062,4.9573292201717614,5.0763009756710407,-2.3726418788777233,-2.3726418788777233,730.3182675008154092,10.9750863959119282,7.8618918200806682,730.3844441448793532,-2.0948334618510027,2.1161162530570659,264.9420305514203164,10.9693209466727453,5.3125536318910873,4.7982526414060986,255.7557070669878385,1.9482383352606767,2.1130448211779429,1.8508264184976428,9.1863234844324673,867.8808265830173241,342.0378078258818277,3.3275035989527399,-3.7015021259273193,-1.9003528942677559,-0.1893290503087570,54.4371347147830420,8.2814361439731385,5.1917190922024545,9.4834721201666810,3.8091229372715496,1.2861851932081432,484.1169507546787827,10.9211674318130463,-4.7276302540256552,429.6798160398957407,2.6397312878399077,-9.9193493462275342,-4.7827040836878041,434.4625201235835448,-4.3533740638692109,-4.1638253398566576,420.5969449006439618,-4.1190868689864146,-8.6658801406235284,366.1598101858609198,-12.4005230129595532,-13.8575992328250663,-7.3443191027591865,373.5041292886201063,-7.2425968157871523,-6.9223577785975294,0.0000000000000000,0.0000000000000000,0.0000000000000000,0.0000000000000000,0.0000000000000000,0.0000000000000000,-1.7385926391366142,0.0000000000000000,0.0000000000000000,0.6558866737259128,0.0000000000000000,0.0000000000000000,-1.0111624161028310,0.0000000000000000,5.5000000000000000,0.0000000000000000,0.0000000000000000,0.0000000000000000,0.0000000000000000,0.0000000000000000,0.0000000000000000,0.0000000000000000,0.4579317123267566,0.0000000000000000,1.7115696244922995,0.0000000000000000,0.0000000000000000,0.0000000000000000,0.0000000000000000,0.0000000000000000,0.0000000000000000,0.0000000000000000,0.0000000000000000,0.0000000000000000,0.0000000000000000,0.0000000000000000,0.0000000000000000,0.0000000000000000,-0.0458312837815990,2.8394360780654333,-0.0608504978514478,-0.7334962222864521,-2.9242876887289437,0.1825944707240323,-0.5043263971344427,-0.8267734537072069,23.0000000000000000,,,,,,,,,,,,,,,,,,,,,,,,,,,,,,,,,,,,,,,,,,,,,,,,,,,,,,,,,,,,,,,,,,,,,,,,,,,,,,,,,,,,,,,,,,,,,,,,,,,,,,,,,,,,,,,,,,,,,,,,,,,,,,,,,,,,,,,,,,,,,,,,,,,,,,,,,,,,,,,,,,,,2.9327797586047666,1.1001987437288960,,,,,5627.0346041672146384,-3.4509902700693909,,,,,,,,,,5877.0385486478098755,10.0271045075173788,5.8255745966762031,,,,,,191.0584574745849977,,,250.1156174523466689,45.5438495222052779,295.6594669745519468,3.8145338008935141,1.9011546847872296,,,41.3908085662296799,,874.9347858555707944,879.2743144333196597,6.8989797801010360,144.5403551177807913,,86.5571560545617444,,,7.1562184087460139,6.8364841421336706,-0.4181325564502458,8.0992976802394452,22.5173934183656712,16.5746252848090876,7.1562184087457581,-9.2038132151970586,23.3058101560844193,9.7109683503344684,4.0532497500798996,3.0444107689959736,6.9291210716444738,6.7239805892378399,8.6402757406016377,8.0485603340087408,-2.2925663825179754,0.3742285919925905,10.0155480791911344,6.9097252030033900,11.6000000000000085,8.1791992270846379,11.5935659441269650,5.4562022644474553,7.0499999999999972,0.9147227916328546,1485.0187464187856676,13.9078661545166948,12.0752851396408243,3.8050017072160793,34.8576006726525165,16.0485450341491571,12.7373314826968844,15.1989584792327257,7.8681924181161911,28.5954836938299657,-5.6743491828951313,0.8459584264686328,0.9505773423936148,
"2026Q1",8.9000000000000004,2.3921557571596264,17.8000000000000007,816.7532794253224893,662.8497651928144023,781.1708527613602655,655.3082339995579559,622.6013794665060459,693.0237370326287873,703.0457788788735343,527.1559160753530477,558.3899165651482690,521.5286064824123287,6.7873143718369446,8.2344482500034371,730.6224672220370167,870.5651783293773178,0.0033328582415493,56.8080027448247122,3.5681766153171375,1.3303722008830881,487.2024032023910536,419.1685575794942906,-2.9746896480019700,-9.3366867200796833,19.9000000000000021,6.7999999999999998,8.9000000000000004,17.8000000000000007,24.9527916296073080,5.5198269332143806,18.7632052604558694,0.0319900640349279,0.0166904681921363,-0.0840921853262030,-0.8791130751296674,1.2634825985934832,-5.0847816936422356,818.1441517746671934,781.9157536606734311,611.2530269557151996,679.3257036659222194,690.7493555625972022,710.9351001367987237,5.1621609693449324,20.6416989170365426,0.3278201461969307,5.9020183636469561,0.9689374766103158,7.7883758356739721,5.2515892728703051,5.1931619262072077,256.2184136716122680,2.1045046277513593,-2.6246048681220149,11.7094133023658173,-2.9421860199190846,2.3921557571596264,-1.3908723493446924,-0.7449008993131218,11.3483525107909067,-24.0174696663642493,2.2743814700316758,-7.8893212579252863,-0.1216784918324050,9.9231800401595809,816.7532794253224893,7.2975139565270526,1.2167988848863198,521.2888762550898036,0.0000000000000000,0.0000000000000000,0.0000000000000000,-3.0500760366026012,8.9000000000000004,11.7094133023658173,0.1327727175532672,-2.9421860199190846,19.9000000000000021,24.9527916296073080,0.0319900640349279,-5.0847816936422356,6.7999999999999998,0.0166904681921363,5.5198269332143806,1.2634825985934832,17.8000000000000007,18.7632052604558694,-0.0840921853262030,-0.8791130751296674,2.3921557571596264,-0.7449008993131218,-1.5415472276403457,781.1708527613602655,3.3224568949800592,6.2159109196706313,781.9157536606734311,7.3457649539581871,7.3550602739549014,11.3483525107909067,15.1448655682500188,622.6013794665060459,23.9541520747428827,18.4478109475822265,611.2530269557151996,5.9936514560357796,5.8924062243530484,-24.0174696663642493,655.3082339995579559,22.6112564739211166,0.6100851217884377,679.3257036659222194,9.0657734175577716,9.0390832521245645,2.2743814700316758,3.4860279516799841,-9.9231800401595809,693.0237370326287873,18.0845535653887381,9.4196128704706421,690.7493555625972022,10.7639237131223116,11.0526668424493764,-7.8893212579252863,703.0457788788735343,12.3957121127321273,5.4510491734858491,710.9351001367987237,7.6375859867403157,7.6707388142644293,-1.3908723493446924,-1.5246671208262685,816.7532794253224893,10.3654021460782708,7.2975139565270526,818.1441517746671934,8.1812681238069000,8.2182504227612299,-0.1216784918324050,-0.0486713967329620,662.8497651928144023,7.5010868869231562,12.1154515006150820,662.9714436846468288,6.7710159359287267,6.5675054863580238,527.1559160753530477,5.2515892728703051,3.6973816285946692,6.3626025412994967,521.2888762550898036,5.9020183636469561,3.9743965849727738,7.6398231027044821,558.3899165651482690,0.9689374766103158,0.8744912822385098,-1.0664222508673848,521.5286064824123287,7.7883758356739721,7.1081260208165888,9.0563072869421095,0.8719381285561619,-5.8670398202632335,0.6504290907768013,1.2772205614041374,-1.6365550376382150,-4.2304847826250187,-0.0562828308765095,0.0059220172709166,8.8494445865553590,31.2340004897951680,-4.2826517962600219,-7.4290247921674695,10.5923015727586272,20.6416989170365426,0.3144666814387699,0.0156973627835028,16.4522518416139718,-5.6273095929407919,2.5367865628036550,2.6937047456431298,-5.9551297391377229,0.3278201461969307,-0.0885959553662138,-0.1044861078548087,0.8476609927836667,6.7873143718369446,10.2990400646756299,2.8129177868641704,-2.3802441393430374,-0.9963542967639413,-1.2619060467605034,5.1931619262072077,8.2344482500034371,-0.2655517499965622,5.1621609693449324,-2.7788544622184550,5.1680829866158486,5.1778583321284355,5.0576748614901241,-1.2619060467605034,-1.2619060467605034,730.6224672220370167,1.2167988848863198,5.8591641970215811,731.8614764424811483,-2.6246048681220149,2.1045046277513593,266.1415937117718613,4.7982526414060986,5.8668119232113192,1.2814700887830068,256.2184136716122680,1.8508264184976428,2.0021386964055399,1.7582850975727606,9.9231800401595809,870.5651783293773178,343.4092622540242132,5.4858177125694487,2.7220448222394595,-1.9123446780161748,0.0033328582415493,56.8080027448247122,9.4834721201666810,7.6474708288929776,4.0798776800122312,3.5681766153171375,1.3303722008830881,487.2024032023910536,12.3418097908490836,-1.2478917822416520,430.3944004575663485,2.8583376706824026,-8.8953626111346651,-2.9746896480019700,433.3690901055683184,-4.3737200720609337,-4.2828107710370844,419.1685575794942906,-5.7135492845986846,-11.9349240962237104,362.3605548346695855,-15.1970214047653656,-19.5823949251159846,-9.3366867200796833,371.6972415547492687,-7.2275509354833787,-7.1173854109172296,0.0000000000000000,0.0000000000000000,0.0000000000000000,0.0000000000000000,0.0000000000000000,0.0000000000000000,-1.1352247296674967,0.0000000000000000,0.0000000000000000,1.2634825985934832,0.0000000000000000,0.0000000000000000,-0.8791130751296674,0.0000000000000000,7.5000000000000000,0.0000000000000000,0.0000000000000000,0.0000000000000000,0.0000000000000000,0.0000000000000000,0.0000000000000000,0.0000000000000000,0.0000000000000000,0.0000000000000000,0.0000000000000000,0.0000000000000000,0.0000000000000000,0.0000000000000000,0.0000000000000000,0.0000000000000000,0.0000000000000000,0.0000000000000000,0.0000000000000000,0.0000000000000000,0.0000000000000000,0.0000000000000000,0.0000000000000000,0.0000000000000000,0.1813021655317809,2.4622706590645755,-0.1495033115717334,-0.0094131161155313,-3.9753337750654776,0.1728055269957591,-0.4556834145786441,-0.7092138012749418,24.0000000000000000,,,,,,,,,,,,,,,,,,,,,,,,,,,,,,,,,,,,,,,,,,,,,,,,,,,,,,,,,,,,,,,,,,,,,,,,,,,,,,,,,,,,,,,,,,,,,,,,,,,,,,,,,,,,,,,,,,,,,,,,,,,,,,,,,,,,,,,,,,,,,,,,,,,,,,,,,,,,,,,,,,,,2.3769628646017509,1.3638854052989871,,,,,5863.0650568735600245,-3.0587921253479995,,,,,,,,,,6036.9354315957762083,10.7374069854399750,6.0705674530427816,,,,,,223.5822755801304424,,,246.1763982628508529,44.8198303004451191,290.9962285632959720,5.3983966146781199,1.1094476281622079,,,162.7613619157500580,,877.4828654302655195,881.0073865377914899,6.9322884178871931,212.4889952837106932,,94.1588419085249200,,,10.9216623373642960,7.5703794118324055,3.3782668664023419,6.4131644390238591,27.0666442551052313,20.2590655656909320,25.3716781638244697,0.6119499314475263,19.8230081172056742,9.8775226147421478,13.1967332475418289,5.6023555874755999,5.3919311599133408,6.5693781837914571,6.0796651258064429,7.9392336097923391,0.9736468738603179,-1.0607561282658651,8.0996994499519701,9.4790557045899533,1.2242320006118632,6.0342153086235299,4.9152322711028660,6.0423248251706383,7.0229534527825876,2.8528538964807524,1489.5430472718776400,3.5937617494880705,2.5806842901853067,6.6897688789314582,21.6783153148768086,14.9763964029174339,16.4359695991210515,28.5132748375680727,9.2244752586270149,29.8561704383898388,-0.5117010646950937,0.8459779684371540,0.5547238140811039,
"2026Q2",8.5999999999999996,2.4460778785798132,18.0000000000000000,818.6528016647966979,664.6385787829976834,782.2092264365727488,656.7039768360363041,627.9117855717482826,696.8822162231182347,705.1373888882042138,528.0802614825017827,558.6085393857078998,523.3056379876164783,6.6175667119905164,8.2610034250030946,730.9164644704728744,873.0304920739860108,0.1562824618898873,57.8279721648277700,3.4474853973176387,1.3607066370384564,488.7191564582473688,418.7963567002822174,-1.3904772085270451,-8.9533780739481585,19.8000000000000007,6.7999999999999998,8.5999999999999996,18.0000000000000000,25.0051520481269414,5.5188355865536618,18.9203091026421966,0.0350673437790042,0.0182960054499152,-0.0952041416327291,-0.8251049610094673,1.2628684079964232,-5.2402193919059465,820.1774687856229775,783.7507736642130567,612.7669200034981714,681.5686387429453816,693.3961882714382909,712.8394276356241335,5.1338465141047598,20.7619604886007174,0.3078860562395326,3.9743965849727738,0.8744912822385098,7.1081260208165888,3.6973816285946692,5.1251316447088024,256.6579849460054561,2.0940541649762237,-2.5313504278582766,11.6036785320384066,-3.1522460229000560,2.4460778785798132,-1.5246671208262685,-1.5415472276403457,15.1448655682500188,-24.8646619069090207,3.4860279516799841,-7.7020387474199312,-0.0486713967329620,9.8039762879621435,818.6528016647966979,7.5879013119427858,1.1759889937435393,522.2824754013330448,0.0000000000000000,0.0000000000000000,0.0000000000000000,-3.2579807932274658,8.5999999999999996,11.6036785320384066,0.1485674908616485,-3.1522460229000560,19.8000000000000007,25.0051520481269414,0.0350673437790042,-5.2402193919059465,6.7999999999999998,0.0182960054499152,5.5188355865536618,1.2628684079964232,18.0000000000000000,18.9203091026421966,-0.0952041416327291,-0.8251049610094673,2.4460778785798132,-1.5415472276403457,-2.4109129780165195,782.2092264365727488,4.1534947008495129,5.8994973416902701,783.7507736642130567,7.3400800141584082,7.3489105681548788,15.1448655682500188,17.3634236678974041,627.9117855717482826,21.2416244209685736,21.8536276034885226,612.7669200034981714,6.0555721911321214,5.9593892210344110,-24.8646619069090207,656.7039768360363041,5.5829713459134824,6.8796223762023363,681.5686387429453816,8.9717403080925688,8.9701391247373188,3.4860279516799841,4.2605382066984134,-9.8039762879621435,696.8822162231182347,15.4339167619575601,8.3879267462722265,693.3961882714382909,10.5873308353643267,10.8616368082252421,-7.7020387474199312,705.1373888882042138,8.3664400373228460,7.7468591068395485,712.8394276356241335,7.6173099953014303,7.6488051814492284,-1.5246671208262685,-1.8674684630891225,818.6528016647966979,7.5980889578967288,7.5879013119427858,820.1774687856229775,8.1332680438230351,8.1738647568049334,-0.0486713967329620,-0.0194685586931848,664.6385787829976834,7.1552543607332746,8.5529726588284909,664.6872501797306541,6.8632259803355025,6.7004176206797883,528.0802614825017827,3.6973816285946692,2.4168689104735814,5.7092928131392906,522.2824754013330448,3.9743965849727738,2.6426646111681764,7.2716386798876957,558.6085393857078998,0.8744912822385098,-0.5246370752784904,-3.5748109000741102,523.3056379876164783,7.1081260208165888,6.6913003398367676,9.4630474374619009,0.7410615609314132,-5.7977860811687458,0.2770149563779481,1.5623458667482537,-1.5445599724115524,-4.2532261087571941,-0.0909653045287019,-0.0349809411958170,3.4975815761830096,30.5282779032061029,-2.8228903463562642,-9.2841037132131543,9.7663174146053873,20.7619604886007174,0.4810462862566902,0.2121538994672695,10.4064429248681023,-4.7746234948853212,3.4107443922218832,3.7537546243234994,-5.0825095511248541,0.3078860562395326,-0.0797363598295925,-0.0940374970692622,5.0420451054082180,6.6175667119905164,10.1680128542848589,3.9749021008223400,-1.1502295438864623,-0.3816732188561310,-0.6206697938530370,5.1251316447088024,8.2610034250030946,-0.2389965749969060,5.1338465141047598,-3.2704194645956663,5.0988655729089425,5.3460004135720292,5.0398090170354974,-0.6206697938530370,-0.6206697938530370,730.9164644704728744,1.1759889937435393,5.1324643906140990,732.1123061132974499,-2.5313504278582766,2.0940541649762237,266.4619612339675996,1.2814700887830068,4.8988807967602837,0.7235481478209134,256.6579849460054561,1.7582850975727606,1.9020317615855797,1.6703708426941226,9.8039762879621435,873.0304920739860108,344.9502305914842850,6.1638733498404070,4.1822749574069107,-1.9231372833897520,0.1562824618898873,57.8279721648277700,4.0798776800122312,7.0380550860330473,2.2652977777107139,3.4474853973176387,1.3607066370384564,488.7191564582473688,6.0670130234252611,4.3991090145371459,430.8911842934195988,1.9871353434130299,-2.6389460714955248,-1.3904772085270451,432.2816615019466440,-4.3497144144866695,-4.3383820450305279,418.7963567002822174,-1.4888035168482929,-0.6175762193221317,360.9683845354544474,-5.5686811968605241,-7.6556313053542908,-8.9533780739481585,369.9217626094026059,-7.1019157813866229,-7.1751890392976065,0.0000000000000000,0.0000000000000000,0.0000000000000000,0.0000000000000000,0.0000000000000000,0.0000000000000000,-1.6808722063563819,0.0000000000000000,0.0000000000000000,1.2628684079964232,0.0000000000000000,0.0000000000000000,-0.8251049610094673,0.0000000000000000,8.5000000000000000,0.0000000000000000,0.0000000000000000,0.0000000000000000,0.0000000000000000,0.0000000000000000,0.0000000000000000,0.0000000000000000,0.0000000000000000,0.0000000000000000,0.0000000000000000,0.0000000000000000,0.0000000000000000,0.0000000000000000,0.0000000000000000,0.0000000000000000,0.0000000000000000,0.0000000000000000,0.0000000000000000,0.0000000000000000,0.0000000000000000,0.0000000000000000,0.0000000000000000,0.0000000000000000,0.1531495751428310,-3.9029525620447085,-0.0412955237145404,0.4538303732341762,-2.1375967682899901,0.1633716562436771,-0.4133663496318292,-0.5971199394515816,25.0000000000000000,,,,,,,,,,,,,,,,,,,,,,,,,,,,,,,,,,,,,,,,,,,,,,,,,,,,,,,,,,,,,,,,,,,,,,,,,,,,,,,,,,,,,,,,,,,,,,,,,,,,,,,,,,,,,,,,,,,,,,,,,,,,,,,,,,,,,,,,,,,,,,,,,,,,,,,,,,,,,,,,,,,,2.1976887449057756,1.1460947607434946,,,,,6038.9516477878178193,-2.5464339662982356,,,,,,,,,,6187.6145555872099067,9.8612549784347721,4.2250768579135034,,,,,,255.3210829236248287,,,244.8129161060365107,44.5655733072194096,289.3784894132559202,5.1027857919839619,1.0511363294362823,,,154.3664516034359622,,879.8409677236347761,882.7479530857651753,6.9622661918947344,206.2714005816035581,,98.8785205796703650,,,7.8941954925235081,7.8832041737696841,4.2409590311744978,6.0769908678664848,23.6662531579865174,24.4254152415526562,5.7417604418398014,7.1217898152466290,16.6886589816800210,8.7497589539368334,8.7263947199396057,8.0548293058130440,3.7665850536535430,5.8754193872973843,4.0544325201699678,7.5425488793465121,0.8783261275637813,-3.5116691704089078,7.3668468846897781,9.9252578069471582,1.1829309297565231,5.2664578957886192,1.2897161024780388,5.0208596705614355,6.8414385959939352,4.0549585331480813,1493.9287065449880174,3.3736777386493149,2.3220837544870339,4.4379266377295501,18.8075945006068750,10.6885237918098799,11.8231658158102313,9.5573679308862562,8.1278912858222867,25.2160210059413465,1.1821876196069248,0.8459955562088233,0.5255681647181412,
"2026Q3",7.5000000000000000,2.4730389392899066,18.0000000000000000,820.3319309867404172,666.4020301250027387,783.1735305165336740,658.3831061579803645,631.6589428937639923,700.2616183785102066,707.0117674852536993,528.6844787101201746,558.4773801168882983,524.9784630725756642,6.4182565913843703,8.2849030825027850,731.1916932157923839,875.2263926784519299,0.2705530508588510,58.3942966092554485,3.3266483395836204,1.3791596507641461,486.5456499664983312,418.5144322735081346,-3.0581096908863969,-8.0793686775760989,19.8000000000000007,5.7000000000000002,7.5000000000000000,18.0000000000000000,25.0548944457205991,5.5178938072259776,19.0726998295629286,0.0429517746510498,0.0224096215570695,-0.1126433576053553,-0.9600564719575749,0.1596965712169527,-5.2978462203716461,822.1993994498295706,785.5844434945502144,614.2955192258666557,683.7893004010227287,696.0010801718118501,714.7389395864827293,5.1083635043886035,20.9197024712489217,0.2899453752778743,2.6426646111681764,-0.5246370752784904,6.6913003398367676,2.4168689104735814,5.0506606998021635,257.0755776566790018,2.0846487484786014,-2.4453042175078084,11.5000884233836445,-4.1780931771971188,2.4730389392899066,-1.8674684630891225,-2.4109129780165195,17.3634236678974041,-25.4061942430424139,4.2605382066984134,-7.7271721012291055,-0.0194685586931848,9.5672706142438404,820.3319309867404172,7.8979413194426753,1.1009149812782690,522.9431415541250772,0.0000000000000000,0.0000000000000000,0.0000000000000000,-4.2816832858518818,7.5000000000000000,11.5000884233836445,0.1780047538134746,-4.1780931771971188,19.8000000000000007,25.0548944457205991,0.0429517746510498,-5.2978462203716461,5.7000000000000002,0.0224096215570695,5.5178938072259776,0.1596965712169527,18.0000000000000000,19.0726998295629286,-0.1126433576053553,-0.9600564719575749,2.4730389392899066,-2.4109129780165195,-3.0576248293747237,783.1735305165336740,3.8572163198439227,2.7285396851443555,785.5844434945502144,7.3346793213486183,7.3430683476452661,17.3634236678974041,17.7265112281337842,631.6589428937639923,14.9886292880631924,20.1231719710980883,614.2955192258666557,6.1143968894736460,6.0230230678808212,-25.4061942430424139,658.3831061579803645,6.7165172877760799,10.4556254984077857,683.7893004010227287,8.8826466323096476,9.0212987821793735,4.2605382066984134,4.7728485330438373,-9.5672706142438404,700.2616183785102066,13.5176086215679572,16.9964533667625197,696.0010801718118501,10.4195676014942400,10.6801582757121096,-7.7271721012291055,707.0117674852536993,7.4975143881977928,8.0582316081902743,714.7389395864827293,7.5980478034344889,7.6279682302748970,-1.8674684630891225,-2.2402371162844790,820.3319309867404172,6.7165172877750194,7.8979413194426753,822.1993994498295706,8.0877226568264362,8.1585293871924005,-0.0194685586931848,-0.0077874234772739,666.4020301250027387,7.0538053680200328,7.5477693433956983,666.4214986836958587,6.9369940158609245,6.8067473281363524,528.6844787101201746,2.4168689104735814,1.8127638467593203,4.5163601801258242,522.9431415541250772,2.6426646111681764,1.8048964002291148,5.2015702882500419,558.4773801168882983,-0.5246370752784904,-0.1010861622884900,-0.2501156710409494,524.9784630725756642,6.6913003398367676,6.3676315576155567,7.7832384488408453,0.4194793523774694,-5.7413371559950424,0.2257957006948163,0.6852101081242697,-1.4575661645341309,-4.2837709914609112,-0.1221795308148697,-0.0717936038153500,1.6958419162948606,29.7929014067681379,-2.9415059857518653,-4.7664758511667102,8.8731989355192180,20.9197024712489217,0.6309679305928184,0.3889647824823398,-4.2215405517348588,-3.7060156375444544,4.2744314293634664,3.2668782687150530,-3.9959610128223289,0.2899453752778743,-0.0717627238466332,-0.0846337473623359,5.2422963087513352,6.4182565913843703,10.0368446733758976,4.6133601911552553,-0.4373005086469079,-0.1349754228077870,-0.3500723403050024,5.0506606998021635,8.2849030825027850,-0.2150969174972154,5.1083635043886035,-3.3686123931652401,5.0365699005732534,5.4973282868709434,5.0237297570262678,-0.3500723403050024,-0.3500723403050024,731.1916932157923839,1.1009149812782690,3.6171973139550140,732.3299878913194334,-2.4453042175078084,2.0846487484786014,266.6428482709227978,0.7235481478209134,4.4431479561706908,1.3052623843878430,257.0755776566790018,1.6703708426941226,1.8069301735063006,1.5868523005594164,9.5672706142438404,875.2263926784519299,346.5419139683317553,6.3667335073898528,5.3359820421881121,-1.9328506282259716,0.2705530508588510,58.3942966092554485,2.2652977777107139,6.0275209304656912,2.2554705724223538,3.3266483395836204,1.3791596507641461,486.5456499664983312,-8.6940259669961506,5.1589910697728101,428.1513533572428969,-10.9593237447068645,-0.8685298606928811,-3.0581096908863969,431.2094630481292938,-4.2887938152694574,-4.3414005914215679,418.5144322735081346,-1.1276977070963312,-3.1122843443824308,360.1201356642527003,-3.3929954848070452,-9.1398052748481220,-8.0793686775760989,368.1995043418287992,-6.8890330702952838,-7.1152741507381094,0.0000000000000000,0.0000000000000000,0.0000000000000000,0.0000000000000000,0.0000000000000000,0.0000000000000000,-1.6296926460374845,0.0000000000000000,0.0000000000000000,0.1596965712169527,0.0000000000000000,0.0000000000000000,-0.9600564719575749,0.0000000000000000,8.5000000000000000,0.0000000000000000,0.0000000000000000,0.0000000000000000,0.0000000000000000,0.0000000000000000,0.0000000000000000,0.0000000000000000,0.0000000000000000,0.0000000000000000,0.0000000000000000,0.0000000000000000,0.0000000000000000,0.0000000000000000,0.0000000000000000,0.0000000000000000,0.0000000000000000,0.0000000000000000,0.0000000000000000,0.0000000000000000,0.0000000000000000,0.0000000000000000,0.0000000000000000,0.0000000000000000,0.1236475366823570,-1.3946569122226657,-0.0474759243490349,-2.1960138215996290,-1.5434026835939436,0.1545236774295353,-0.3740508422314546,-0.4973088670473229,26.0000000000000000,,,,,,,,,,,,,,,,,,,,,,,,,,,,,,,,,,,,,,,,,,,,,,,,,,,,,,,,,,,,,,,,,,,,,,,,,,,,,,,,,,,,,,,,,,,,,,,,,,,,,,,,,,,,,,,,,,,,,,,,,,,,,,,,,,,,,,,,,,,,,,,,,,,,,,,,,,,,,,,,,,,,2.0184146252099140,0.9283041161882579,,,,,6183.1793277262822812,-2.1018166851204905,,,,,,,,,,6324.9912284252268364,8.7836024178636762,2.7243486614333872,,,,,,282.2518355602757651,,,243.9173049348473228,44.3971423656764728,288.3144473005237955,4.1558638076872114,0.8710972530228744,,,124.1316816195285355,,881.6976766955081075,884.4952646328905530,6.9892461885015216,171.5331145942262197,,102.0745845868505910,,,6.9472111373000871,8.2182043169672312,3.9325726720550875,2.7661052143907057,16.1702141413931741,22.2908110908449828,6.9472111373012098,11.0217847396867370,14.4738339247375620,18.5262813650008553,7.7857359201932894,8.3918066858438465,2.4463119081765399,4.6199005950282981,2.6778926272486956,5.3392283678749948,-0.5232632585420305,-0.2498031424117784,6.9202457148173551,8.0941460928757323,1.1069973503364565,3.6834138781780723,0.7261720820902866,4.5433340705506993,6.6287048662204882,4.7214311445057007,1498.0460912940443450,3.1193296064881828,2.0292190974665267,2.6256034251696878,16.6369382280561382,9.5267334856643195,9.4408659492084066,9.3591818989442572,6.4998809310120986,17.6312938992313697,1.0711777671612666,0.8460113852033255,0.4355486265114372,
"2026Q4",7.4000000000000004,2.4865194696449531,18.1000000000000014,821.9702882321015522,668.1627133712888735,784.3592058309702679,660.0214634033413859,633.5646005422249800,703.3389768371849868,708.6039744479795672,529.1376696718099311,558.4521085763161636,526.5703709619795063,6.2576455697553035,8.3064127742525056,731.4053652688411375,877.2940562380307483,0.3470802388322625,58.9581642523610370,3.2056650892317364,1.3876592135810657,485.0586905542115801,418.3819206273591931,-4.0603281294215776,-7.1229264049815697,19.8000000000000007,5.7000000000000002,7.4000000000000004,18.1000000000000014,25.1021497234345681,5.5169991168646790,19.2205188346760423,0.0515254536745430,0.0268828453954138,-0.1296756541909469,-0.9908431804850937,0.1561180377399070,-5.3536751771091096,824.2105253483861134,787.4168306603449992,615.8380893140911212,685.9888556318044266,698.5661283041412162,716.6338767667730281,5.0854287956440638,21.1111768238727535,0.2737987624123818,1.8048964002291148,-0.1010861622884900,6.3676315576155567,1.8127638467593203,4.9713527727432520,257.4722907318188163,2.0761838736307410,-2.5697810509536563,11.3986300056232039,-4.2067139588841087,2.4865194696449531,-2.2402371162844790,-3.0576248293747237,17.7265112281337842,-25.9673922284630336,4.7728485330438373,-8.0299023187934413,-0.0077874234772739,9.4968731352009463,821.9702882321015522,7.8083593432986769,0.8546882121948032,523.3943656541823657,0.0000000000000000,0.0000000000000000,0.0000000000000000,-4.3081723766445492,7.4000000000000004,11.3986300056232039,0.2080839532609037,-4.2067139588841087,19.8000000000000007,25.1021497234345681,0.0515254536745430,-5.3536751771091096,5.7000000000000002,0.0268828453954138,5.5169991168646790,0.1561180377399070,18.1000000000000014,19.2205188346760423,-0.1296756541909469,-0.9908431804850937,2.4865194696449531,-3.0576248293747237,-3.7231930013580388,784.3592058309702679,4.7427012577465009,4.0189672933549989,787.4168306603449992,7.3295486631793176,7.3375182381611328,17.7265112281337842,15.7628977377141393,633.5646005422249800,7.6226305938436036,16.9517590944045651,615.8380893140911212,6.1702803528980938,6.0834752223849105,-25.9673922284630336,660.0214634033413859,6.5534289814440250,10.3660435222636771,685.9888556318044266,8.7982209231265056,8.9295953202716234,4.7728485330438373,5.0898143160977396,-9.4968731352009463,703.3389768371849868,12.3094338346993517,14.8363781959034018,698.5661283041412162,10.2601925293176581,10.5077536698246341,-8.0299023187934413,708.6039744479795672,6.3688278509035507,8.6571235972890790,716.6338767667730281,7.5797487211608949,7.6081731266592829,-2.2402371162844790,-3.0172759548520132,821.9702882321015522,6.5534289814446867,7.8083593432986769,824.2105253483861134,8.0445035942261125,8.1116906046706205,-0.0077874234772739,-0.0031149693909095,668.1627133712888735,7.0427329851449043,7.1882199002053424,668.1705007947662125,6.9960084442812605,6.8918110941016035,529.1376696718099311,1.8127638467593203,1.6062116426783384,3.2946509146744689,523.3943656541823657,1.8048964002291148,1.3039357921914083,3.5809939900042553,558.4521085763161636,-0.1010861622884900,1.1757520601723341,0.3044263803204613,526.5703709619795063,6.3676315576155567,6.0745042097409288,6.9888584384857211,0.1071849340126056,-5.7433040176275849,-0.0078674465301708,0.2863430753298488,-1.4219649425484326,-4.3213390750791527,-0.1502723344729646,-0.1049250001732614,1.5233064840577408,29.3144389045061367,-1.9138500090480000,-2.9902245343540379,8.2032620806333849,21.1111768238727535,0.7658974104953339,0.5480945771959030,-1.5693975251146834,-2.5672987098304261,4.5548677108561142,3.6942075238112797,-2.8410974722428080,0.2737987624123818,-0.0645864514619699,-0.0761703726261024,5.4347614574468519,6.2576455697553035,9.9065092339143508,4.9537097775638959,-0.0176429951793571,-0.1520040117929778,-0.3455912375404717,4.9713527727432520,8.3064127742525056,-0.1935872257474939,5.0854287956440638,-3.2027169395153519,4.9805037954708018,5.6335233728399672,5.0092584230179611,-0.3455912375404717,-0.3455912375404717,731.4053652688411375,0.8546882121948032,1.0870977680257328,732.5054317363513974,-2.5697810509536563,2.0761838736307410,266.9691638670197449,1.3052623843878430,2.0271333155994653,1.3650698023229069,257.4722907318188163,1.5868523005594164,1.7165836648309856,1.5075096855314456,9.4968731352009463,877.2940562380307483,348.1563865662207604,6.4578903915560169,6.1185787403389318,-1.9415926385785691,0.3470802388322625,58.9581642523610370,2.2554705724223538,4.5210295375779950,2.0972777064617958,3.2056650892317364,1.3876592135810657,485.0586905542115801,-5.9478376491470044,0.9417397995327974,426.1005263018505502,-8.2033082215693582,-3.5792897380451976,-4.0603281294215776,430.1608544312721278,-4.1944344674286356,-4.3016656923114240,418.3819206273591931,-0.5300465845957660,-2.2150242732847687,359.4237563749981632,-2.7855171570181199,-6.7360538108627637,-7.1229264049815697,366.5466827799797329,-6.6112862473962366,-6.9574465086403805,0.0000000000000000,0.0000000000000000,0.0000000000000000,0.0000000000000000,0.0000000000000000,0.0000000000000000,-1.6451828228489571,0.0000000000000000,0.0000000000000000,0.1561180377399070,0.0000000000000000,0.0000000000000000,-0.9908431804850937,0.0000000000000000,7.5000000000000000,0.0000000000000000,0.0000000000000000,0.0000000000000000,0.0000000000000000,0.0000000000000000,0.0000000000000000,0.0000000000000000,0.0000000000000000,0.0000000000000000,0.0000000000000000,0.0000000000000000,0.0000000000000000,0.0000000000000000,0.0000000000000000,0.0000000000000000,0.0000000000000000,0.0000000000000000,0.0000000000000000,0.0000000000000000,0.0000000000000000,0.0000000000000000,0.0000000000000000,0.0000000000000000,0.0927603710249426,0.0471798043301880,-0.0536639698536016,-2.1643001210720114,-1.2249872703510176,0.1464155278933341,-0.3345200336861242,-0.4111564841304808,27.0000000000000000,,,,,,,,,,,,,,,,,,,,,,,,,,,,,,,,,,,,,,,,,,,,,,,,,,,,,,,,,,,,,,,,,,,,,,,,,,,,,,,,,,,,,,,,,,,,,,,,,,,,,,,,,,,,,,,,,,,,,,,,,,,,,,,,,,,,,,,,,,,,,,,,,,,,,,,,,,,,,,,,,,,,1.8391405055137398,0.7105134716330213,,,,,6318.3317734634711087,-1.6507142351926940,,,,,,,,,,6457.1321745533359717,8.2706542383152737,2.0956189834427326,,,,,,308.5091418183361611,,,243.2926990119210018,44.2786109004570108,287.5713099123780125,4.0823337277024905,0.8311468026525333,,,123.5290123078302713,,883.5117691013642798,886.2486466792524880,7.0135281854476297,171.8136999010088459,,104.6504618317985944,,,6.7729348927045834,8.1213037202074361,4.8569665931001254,4.1008206548394952,7.9206777426448696,18.4733187425028405,6.7729348927038728,10.9223737647724306,13.0991111746839834,15.9934782968653479,6.5760126640328451,9.0429042724846198,1.8292941445954085,3.3495255219687010,1.8212830944631833,3.6458838299409564,-0.1010350874387740,0.3048902279977739,6.5747377099728510,7.2388693751966713,0.8583510998814603,1.0930281459989146,1.3138181182481503,2.0478192033961164,6.4575848695573939,5.0784573262108665,1501.2504192905032596,2.6938287177085432,1.5652016838278244,1.9460665498762797,15.0032625524078949,7.9340295347313754,8.6490479648874192,8.3583253816731400,6.5475976579756159,9.4275269940727178,1.1083873827699406,0.8460256312983776,0.4155734013262666,
"2027Q1",6.9000000000000004,2.4932597348224768,18.5000000000000000,823.1941217685997572,669.9281908221296362,785.5248062934665541,660.2300597934379311,633.1568294625931230,706.1831391729264169,709.3970482883358954,529.5392225824795105,558.7460465913592316,528.0889970144147583,6.1646315224889570,8.3257714968272563,731.5482972408542537,879.2036001846536237,0.3173671224649439,59.4824836789764859,3.2056650892317364,1.3880168579074752,485.2383366136376708,418.3265577717461952,-3.3864310853126085,-6.1303902536140527,19.6000000000000014,5.7999999999999998,6.9000000000000004,18.5000000000000000,25.1470422372628377,5.5161491610214455,19.3639032696357596,0.0693973469615963,0.0362073114582242,-0.1597883528734605,-0.7041149167623005,0.2476435275203299,-5.6164395842244321,826.2113977234517961,789.2479992948245808,617.3939317248789393,688.1684075995973444,701.0933248568286444,718.5244679150232514,5.0647875577739780,21.3330103094746519,0.2592668108334386,1.3039357921914083,1.1757520601723341,6.0745042097409288,1.6062116426783384,4.8887165454300154,257.8491681532016742,2.0685654862676666,-2.7801156035555787,11.2992881286485236,-4.6646811399418020,2.4932597348224768,-3.0172759548520132,-3.7231930013580388,15.7628977377141393,-27.9383478061593848,5.0898143160977396,-9.1274196266872885,-0.0031149693909095,9.4612631643988117,823.1941217685997572,6.4408423432772519,0.5717278880525510,523.7203496022301579,0.0000000000000000,0.0000000000000000,0.0000000000000000,-4.7640230169164814,6.9000000000000004,11.2992881286485236,0.2653930112932809,-4.6646811399418020,19.6000000000000014,25.1470422372628377,0.0693973469615963,-5.6164395842244321,5.7999999999999998,0.0362073114582242,5.5161491610214455,0.2476435275203299,18.5000000000000000,19.3639032696357596,-0.1597883528734605,-0.7041149167623005,2.4932597348224768,-3.7231930013580388,-4.3437215152916870,785.5248062934665541,4.6624018499852218,4.3539535321062894,789.2479992948245808,7.3246745379184821,7.3322456341512066,15.7628977377141393,13.0337583008128863,633.1568294625931230,-1.6310843185272550,10.5554499960870274,617.3939317248789393,6.2233696431513197,6.1409047691637957,-27.9383478061593848,660.2300597934379311,0.8343855603862678,4.9218257938799637,688.1684075995973444,8.7182078711716713,8.8427039336750983,5.0898143160977396,5.2694411253349047,-9.4612631643988117,706.1831391729264169,11.3766493429655178,13.1594021402975976,701.0933248568286444,10.1087862107499049,10.3439692942315329,-9.1274196266872885,709.3970482883358954,3.1722953614255958,6.3512694094624464,718.5244679150232514,7.5623645930009804,7.5893677782244486,-3.0172759548520132,-3.7033998272960207,823.1941217685997572,4.8953341459925728,6.4408423432772519,826.2113977234517961,8.0034895002627096,8.0672459487845725,-0.0031149693909095,-0.0012459877563638,669.9281908221296362,7.0619098033629877,7.0784256293153005,669.9313057915205718,7.0432199870175305,6.9598621068738042,529.5392225824795105,1.6062116426783384,1.6178637981251329,2.3833065071264774,523.7203496022301579,1.3039357921914083,1.1974348047707382,2.4314733471403684,558.7460465913592316,1.1757520601723341,1.8904091462409953,0.3561300262109659,528.0889970144147583,6.0745042097409288,5.8002001850148295,6.5603905320024598,-0.5215681310018488,-5.8188729802493242,-0.3022758504869585,0.0481668400139088,-1.4536449407288630,-4.3652280395204617,-0.1755558577652358,-0.1347432568954430,1.1614959089829013,29.2068240088796642,-0.4304595825058861,-2.0271764809155037,7.8738136994050132,21.3330103094746519,0.8873339424075977,0.6913113924381100,4.9199738855916113,-1.4502255680647933,4.4682925670625302,4.1770840248759988,-1.7094923788982319,0.2592668108334386,-0.0581278063157729,-0.0685533353634921,5.2490685659024319,6.1646315224889570,9.7779482454387576,4.9671967177182186,0.0784801722882032,-0.4130123261778044,-0.5872408293505489,4.8887165454300154,8.3257714968272563,-0.1742285031727445,5.0647875577739780,-2.8182647675373236,4.9300443008785351,5.7560989502120874,4.9962342224104859,-0.5872408293505489,-0.5872408293505489,731.5482972408542537,0.5717278880525510,0.9258300188172907,732.6088583505037377,-2.7801156035555787,2.0685654862676666,267.3104313176004894,1.3650698023229069,1.1688376058286676,1.0878690528640136,257.8491681532016742,1.5075096855314456,1.6307544815894361,1.4321342012548732,9.4612631643988117,879.2036001846536237,349.6643776021741132,6.0319641438132852,6.2551153481498902,-1.9494604478959068,0.3173671224649439,59.4824836789764859,2.0972777064617958,2.6744809341517737,2.0620444042310453,3.2056650892317364,1.3880168579074752,485.2383366136376708,0.7185842377043627,-1.9640665887533828,425.7558529346611635,-1.3786934687574330,-4.6385475229051565,-3.3864310853126085,429.1422840199737720,-4.0742816451933095,-4.2268060855945180,418.3265577717461952,-0.2214514224519917,-0.8419998077480955,358.8440740927696879,-2.3187291289137875,-3.5164807418998691,-6.1303902536140527,364.9744643463837406,-6.2888737343838557,-6.7227772083654997,0.0000000000000000,0.0000000000000000,0.0000000000000000,0.0000000000000000,0.0000000000000000,0.0000000000000000,-1.8688669602480559,0.0000000000000000,0.0000000000000000,0.2476435275203299,0.0000000000000000,0.0000000000000000,-0.7041149167623005,0.0000000000000000,5.5000000000000000,0.0000000000000000,0.0000000000000000,0.0000000000000000,0.0000000000000000,0.0000000000000000,0.0000000000000000,0.0000000000000000,0.0000000000000000,0.0000000000000000,0.0000000000000000,0.0000000000000000,0.0000000000000000,0.0000000000000000,0.0000000000000000,0.0000000000000000,0.0000000000000000,0.0000000000000000,0.0000000000000000,0.0000000000000000,0.0000000000000000,0.0000000000000000,0.0000000000000000,0.0000000000000000,-0.0088883020373828,-0.1031512973996819,0.0612701179806883,-0.8690276450712302,-0.9306539779775065,0.1391235656845160,-0.2992906245075372,-0.3387161117272423,28.0000000000000000,,,,,,,,,,,,,,,,,,,,,,,,,,,,,,,,,,,,,,,,,,,,,,,,,,,,,,,,,,,,,,,,,,,,,,,,,,,,,,,,,,,,,,,,,,,,,,,,,,,,,,,,,,,,,,,,,,,,,,,,,,,,,,,,,,,,,,,,,,,,,,,,,,,,,,,,,,,,,,,,,,,,1.4341383636176488,0.1979521229706052,,,,,6428.9407265360478050,-1.0135821575571358,,,,,,,,,,6581.6187312063912032,7.6381757864915016,2.0464946519589429,,,,,,331.8944279413067875,,,243.1281292809954948,44.2443045380258013,287.3724338190212961,3.6792398224857266,0.7275004426917704,,,133.4362220051289114,,885.4350724300200000,888.0074921749272789,7.0353819826991275,157.3343794352715861,,106.6186201703534095,,,5.0171350134863530,6.6527904808043417,4.7728008667418322,4.4501288189516544,-1.6178541675614468,11.1326670132461771,0.8378762585760313,5.0449594685311610,12.0490452451569752,14.0645147737951959,3.2231489683682639,6.5573012200260052,1.6191805649566078,2.4119342330693740,1.3124741059578895,2.4612747075063055,1.1826911937088340,0.3567649226507115,6.2627954252524347,6.7803682032830039,0.5733653711041455,0.9301290820328774,1.3744294200967317,1.1756952045925715,6.3586103984645916,5.0926301505842133,1503.3977203439508230,2.0058662516701999,0.7696800110231562,2.0566517520311285,13.3825155946357182,3.9419753724487521,6.9418287979515156,2.1383213525776759,5.9663376421766303,-0.3271485263358467,1.1436206850006911,0.8460384527839244,0.3637502213458852,
"2027Q2",6.5000000000000000,2.4966298674112384,18.8999999999999986,824.4991393003022040,671.7003071090658750,786.7342888092631483,661.5350773251401506,631.9961411429147802,708.8540035341911789,710.3928337089581646,529.9436885320108104,559.2186488779194633,529.5390470606685085,6.1672167978122658,8.3431943471445305,731.6041121042052282,881.0712264937820919,0.2867414813705125,59.9979947800342472,3.2056650892317364,1.3818605754055426,485.4179826730637046,418.2711949161333109,-2.7376745847223560,-5.2163634984674445,19.5999999999999979,5.7999999999999998,6.5000000000000000,18.8999999999999986,25.1896901253996965,5.5153417029703737,19.5029861715466879,0.0851781960278085,0.0444407979275522,-0.1863012344726846,-0.4166849370740044,0.2402174991020740,-5.6748683214275069,828.2025391275982429,791.0780103245548389,618.9623828421019880,690.3289994084078671,703.5845624088563000,720.4109303328355054,5.0462104436909003,21.5821670147568128,0.2461880544123897,1.1974348047707382,1.8904091462409953,5.8002001850148295,1.6178637981251329,4.8040970042385718,258.2072017035154090,2.0617089376408999,-2.9857068204472070,11.2020456568233815,-5.0179658852514288,2.4966298674112384,-3.7033998272960207,-4.3437215152916870,13.0337583008128863,-28.7939220832677023,5.2694411253349047,-10.0180966238773195,-0.0012459877563638,9.3751968773010983,824.4991393003022040,5.8463376355055150,0.2232594534037601,524.0197083034229308,0.0000000000000000,0.0000000000000000,0.0000000000000000,-5.1152083570765718,6.5000000000000000,11.2020456568233815,0.3159202284280453,-5.0179658852514288,19.5999999999999979,25.1896901253996965,0.0851781960278085,-5.6748683214275069,5.7999999999999998,0.0444407979275522,5.5153417029703737,0.2402174991020740,18.8999999999999986,19.5029861715466879,-0.1863012344726846,-0.4166849370740044,2.4966298674112384,-4.3437215152916870,-4.4631446728491468,786.7342888092631483,4.8379300631860955,4.5250623726904351,791.0780103245548389,7.3200441189206886,7.3272366603417769,13.0337583008128863,11.3717173493479500,631.9961411429147802,-4.6427532787131272,4.0843555711666033,618.9623828421019880,6.2738044688918837,6.1954628386037358,-28.7939220832677023,661.5350773251401506,5.2200701268088237,4.8311004891037994,690.3289994084078671,8.6423672352421033,8.7603606654624819,5.2694411253349047,5.3291925130177651,-9.3751968773010983,708.8540035341911789,10.6834574450591990,11.9717873110730064,703.5845624088563000,9.9649502081105403,10.1883741374180854,-10.0180966238773195,710.3928337089581646,3.9831416824889385,5.2554448207539695,720.4109303328355054,7.5458496712490621,7.5715026972113568,-3.7033998272960207,-3.3602560473627849,824.4991393003022040,5.2200701268097793,5.8463376355055150,828.2025391275982429,7.9645656165858085,8.0250703419752671,-0.0012459877563638,-0.0004983951025455,671.7003071090658750,7.0884651477447287,7.0617283260681640,671.7015530968221810,7.0809892212065462,7.0143029170915652,529.9436885320108104,1.6178637981251329,1.9221651573306622,1.8634270495090932,524.0197083034229308,1.1974348047707382,1.5265581532667802,1.7372329020898594,559.2186488779194633,1.8904091462409953,2.3075602540585525,0.6101094922115873,529.5390470606685085,5.8002001850148295,5.5567796439332460,6.2334090730520204,-1.0876804863765972,-5.9239802285879195,-0.4204289933543795,-0.1261941474191731,-1.5091744318854050,-4.4148057967025141,-0.1983110287282124,-0.1615796879453206,0.8531696563799323,29.2749603459086494,0.2725453481159365,-1.2533175572974538,7.6927933311518384,21.5821670147568128,0.9966268211286352,0.8202065261560962,4.6431335085977894,-0.4046414713423672,4.1823363868897045,4.3699820235429536,-0.6508295257547568,0.2461880544123897,-0.0523150256841956,-0.0616980018271429,4.6552726800103814,6.1672167978122658,9.6519964192012608,4.6406586445454856,-0.1634383596930862,-0.8015542503383821,-0.9583599031938521,4.8040970042385718,8.3431943471445305,-0.1568056528554700,5.0462104436909003,-2.2781321288637928,4.8846307557455795,5.8664169698469966,4.9845124418637576,-0.9583599031938521,-0.9583599031938521,731.6041121042052282,0.2232594534037601,0.6876476337323458,732.6313143654028863,-2.9857068204472070,2.0617089376408999,267.5823985808165162,1.0878690528640136,1.1204373468489193,0.4075282891375648,258.2072017035154090,1.4321342012548732,1.5492167575099645,1.3605274911921292,9.3751968773010983,881.0712264937820919,351.1275379617711678,5.8526414383883383,6.1773073702868730,-1.9565414762815108,0.2867414813705125,59.9979947800342472,2.0620444042310453,2.1700226152064772,2.0927506726184504,3.2056650892317364,1.3818605754055426,485.4179826730637046,0.7185842377041354,-3.3011737851836642,425.4199878930294290,-1.3434601665269099,-5.4711964003901414,-2.7376745847223560,428.1576624777518418,-3.9384861688879198,-4.1239990241948306,418.2711949161333109,-0.2214514224515369,-0.5251617841489065,358.2732001360990353,-2.2834958266825822,-2.6951843993553837,-5.2163634984674445,363.4895636345664798,-5.9396028472690148,-6.4321989748360977,0.0000000000000000,0.0000000000000000,0.0000000000000000,0.0000000000000000,0.0000000000000000,0.0000000000000000,-1.7433606124704049,0.0000000000000000,0.0000000000000000,0.2402174991020740,0.0000000000000000,0.0000000000000000,-0.4166849370740044,0.0000000000000000,4.2000000000000002,0.0000000000000000,0.0000000000000000,0.0000000000000000,0.0000000000000000,0.0000000000000000,0.0000000000000000,0.0000000000000000,0.0000000000000000,0.0000000000000000,0.0000000000000000,0.0000000000000000,0.0000000000000000,0.0000000000000000,0.0000000000000000,0.0000000000000000,0.0000000000000000,0.0000000000000000,0.0000000000000000,0.0000000000000000,0.0000000000000000,0.0000000000000000,0.0000000000000000,0.0000000000000000,-0.0115836137465348,-0.0118303068619859,0.0612701179806883,-0.6380873118285386,-0.7411786133291862,0.1326454032888149,-0.2716326882139414,-0.2796164863235450,29.0000000000000000,,,,,,,,,,,,,,,,,,,,,,,,,,,,,,,,,,,,,,,,,,,,,,,,,,,,,,,,,,,,,,,,,,,,,,,,,,,,,,,,,,,,,,,,,,,,,,,,,,,,,,,,,,,,,,,,,,,,,,,,,,,,,,,,,,,,,,,,,,,,,,,,,,,,,,,,,,,,,,,,,,,,1.4041025183232136,0.1795645540328792,,,,,6548.3811976462857274,-0.4878609563897076,,,,,,,,,,6705.6937970264962132,7.4705052365138727,2.1431651888343910,,,,,,352.6390186294268005,,,242.1966011244988124,44.0708811519909602,286.2674822764897726,3.3697909299737319,0.6335792026150315,,,152.0607268019084586,,887.5826538692194845,889.7712547749836176,7.0550504002254755,146.6967936638571928,,108.6855547200088665,,,5.3587177577603597,6.0206156369726642,4.9568681898058458,4.6290052163840727,-4.5366262290314978,4.1689126483182406,5.3587177577593508,4.9497003275083955,11.2750161946047314,12.7178799267642262,4.0635325796624784,5.3959946746196010,1.6310220797222570,1.8808971971223514,1.2046327568987465,1.7524105558833156,1.9083905083245156,0.6119744510084502,5.9717117103032251,6.4317864069581105,0.2235088628969919,0.6900173587451661,1.0938078642044928,1.1267377548109607,6.3613600969169255,4.7500223778809811,1504.2370739474254151,1.6273619717269736,0.4028240074366393,2.2721159931112451,12.3108194167861722,4.3859656899255777,7.3632353156441699,6.4175049315795620,6.0353648679568339,-3.4453184739423888,1.1129144166132861,0.8460499921209166,0.3167896013075158,
"2027Q3",7.0999999999999996,2.4983149337056192,18.6000000000000014,826.8241889289768096,673.4788558538591587,788.4437769569238981,667.8606604151847250,631.9145295797862900,711.3708314232749217,713.1961468252777649,530.4242298213434879,559.7955389414340743,530.9282419716518007,6.2981607369468975,8.3588749124300765,731.5644460466517103,883.2995430019932428,0.2555545539752870,60.5211824481888598,3.0845352920962368,1.3706345934536399,485.5976287324897953,418.2158320605203699,-2.1323376643945835,-4.4002141318126746,20.4000000000000021,5.2999999999999998,7.0999999999999996,18.6000000000000014,25.2302056191297126,5.5145746178218555,19.6378965864002843,0.0772858890893441,0.0403230725683534,-0.1753467988101690,-0.8625497875901154,-0.2548976903902089,-4.9074915082190556,830.1844449763395914,792.9069216297730236,620.5428122304383578,692.4716176182207619,706.0416389102571202,722.2934704567317112,5.0294910410161311,21.8559146177512034,0.2344171736334456,1.5265581532667802,2.3075602540585525,5.5567796439332460,1.9221651573306622,4.7186737539629728,258.5473335763134628,2.0555380438768101,-3.0665932929176778,11.1068836505512838,-4.2998394110191489,2.4983149337056192,-3.3602560473627849,-4.4631446728491468,11.3717173493479500,-24.6109572030360333,5.3291925130177651,-9.0973236314539214,-0.0004983951025455,9.1369470767874557,826.8241889289768096,6.4922579422363924,-0.1586642302140770,524.4013478417396072,0.0000000000000000,0.0000000000000000,0.0000000000000000,-4.3950014172912457,7.0999999999999996,11.1068836505512838,0.2929557604678665,-4.2998394110191489,20.4000000000000021,25.2302056191297126,0.0772858890893441,-4.9074915082190556,5.2999999999999998,0.0403230725683534,5.5145746178218555,-0.2548976903902089,18.6000000000000014,19.6378965864002843,-0.1753467988101690,-0.8625497875901154,2.4983149337056192,-4.4631446728491468,-4.5704975529775105,788.4437769569238981,6.8379525906429466,5.2702464403901912,792.9069216297730236,7.3156452208727849,7.3224781352228190,11.3717173493479500,10.2638184469002613,631.9145295797862900,-0.3264462525143221,0.2555866860222249,620.5428122304383578,6.3217175533454197,6.2472930045716799,-24.6109572030360333,667.8606604151847250,25.3023323601784611,9.4775542572043943,692.4716176182207619,8.5704728392517797,8.6823172171980154,5.3291925130177651,5.2767766270997329,-9.1369470767874557,711.3708314232749217,10.0673115563345874,11.1092130447646653,706.0416389102571202,9.8283060056031442,10.0405587384453128,-9.0973236314539214,713.1961468252777649,11.2132524652783285,6.1843793400241029,722.2934704567317112,7.5301604955847390,7.5545308702489198,-3.3602560473627849,-3.6170736967041797,826.8241889289768096,9.3001985146985309,6.4922579422363924,830.1844449763395914,7.9276233949655888,7.9850455265100546,-0.0004983951025455,-0.0001993580410182,673.4788558538591587,7.1141949791730319,7.0768257288564129,673.4793542489616129,7.1112046085577587,7.0578555652657737,530.4242298213434879,1.9221651573306622,2.3846068263807139,1.7397511112233635,524.4013478417396072,1.5265581532667802,2.0849018475715959,1.4582062876145103,559.7955389414340743,2.3075602540585525,2.5831219049649108,1.3181588245458480,530.9282419716518007,5.5567796439332460,5.3561396546457987,5.9497788990761400,-0.8608154225327374,-6.0228819796039605,-0.3956070040641650,-0.2815448236089185,-1.5533785122526642,-4.4695034673512959,-0.2187906825951274,-0.1857324758903851,0.5735589512122441,29.3713091200905936,0.3853950967277793,-0.4215922866775426,7.5153945023393911,21.8559146177512034,1.0949904119775689,0.9362121465022839,4.3086877270960304,0.5040121503082508,3.6346144866024717,4.2100277878527050,0.2695949766748051,0.2344171736334456,-0.0470835231157761,-0.0555282016444286,4.0098635773106750,6.2981607369468975,9.5293741123839766,4.2132588893753011,-0.5054148645876713,-1.1696336712882616,-1.3107587588581846,4.7186737539629728,8.3588749124300765,-0.1411250875699230,5.0294910410161311,-1.6961553411883306,4.8437585651257455,5.9657031875184146,4.9739628393717021,-1.3107587588581846,-1.3107587588581846,731.5644460466517103,-0.1586642302140770,0.3727528308592593,732.5809501625710709,-3.0665932929176778,2.0555380438768101,267.6842806531009273,0.4075282891375648,1.0414323821780822,-0.3431275094320935,258.5473335763134628,1.3605274911921292,1.4717559196344661,1.2925011166325227,9.1369470767874557,883.2995430019932428,352.8753131806497549,6.9911008755144000,6.3333992123180103,-1.9629144018285543,0.2555545539752870,60.5211824481888598,2.0927506726184504,2.1268858389334113,2.1503358809890187,3.0845352920962368,1.3706345934536399,485.5976287324897953,0.7185842377043627,-0.9480212340085359,425.0764462843009142,-1.3741664349140876,-3.0749070729419472,-2.1323376643945835,427.2087839486954977,-3.7955141162251778,-4.0006790994337607,418.2158320605203699,-0.2214514224517643,-0.2986002129877647,357.6946496123314887,-2.3142020950702147,-2.4254860519211761,-4.4002141318126746,362.0948637441441633,-5.5787995616892943,-6.1046405976846003,0.0000000000000000,0.0000000000000000,0.0000000000000000,0.0000000000000000,0.0000000000000000,0.0000000000000000,-0.9350836832198003,0.0000000000000000,0.0000000000000000,-0.2548976903902089,0.0000000000000000,0.0000000000000000,-0.8625497875901154,0.0000000000000000,4.0999999999999996,0.0000000000000000,0.0000000000000000,0.0000000000000000,0.0000000000000000,0.0000000000000000,0.0000000000000000,0.0000000000000000,0.0000000000000000,0.0000000000000000,0.0000000000000000,0.0000000000000000,0.0000000000000000,0.0000000000000000,0.0000000000000000,0.0000000000000000,0.0000000000000000,0.0000000000000000,0.0000000000000000,0.0000000000000000,0.0000000000000000,0.0000000000000000,0.0000000000000000,0.0000000000000000,-0.0139824385129947,0.0470626033100195,-0.0598596791548113,-0.4349794218667227,-0.5922687779314404,0.1269600755886515,-0.2508765642260495,-0.2331569991471808,30.0000000000000000,,,,,,,,,,,,,,,,,,,,,,,,,,,,,,,,,,,,,,,,,,,,,,,,,,,,,,,,,,,,,,,,,,,,,,,,,,,,,,,,,,,,,,,,,,,,,,,,,,,,,,,,,,,,,,,,,,,,,,,,,,,,,,,,,,,,,,,,,,,,,,,,,,,,,,,,,,,,,,,,,,,,1.3740666730287785,0.1611769850950964,,,,,6746.2562372358988796,-0.5806307185151429,,,,,,,,,,6856.7951346582158294,8.9132660328446036,2.6077398031750088,,,,,,375.9521752950556106,,,238.9100191728967673,43.4693777585716532,282.3793969314684205,3.9105415388087010,0.6911435274857212,,,166.7276158965096329,,889.8855522531164297,891.5394427689834629,7.0727519759991884,175.4509464430687444,,112.0897745955246592,,,9.7463913893099772,6.7076407514259415,7.0771616940101865,5.4115961434697084,-0.3259139960700139,0.2559135872385809,28.7913315261625087,9.9412056226811529,10.5915076244886990,11.7497857689805301,11.8661100996069422,6.3796159767823895,1.9407576871060712,1.7549729266422815,1.5382695702184606,1.4688899824386539,2.3343904021742077,1.3268848367262223,5.7140685017297272,6.1303414425288025,-0.1585384250690396,0.3734484182291737,0.4083598148535827,1.0468741636300933,6.5007250766288251,4.3032764143353006,1503.6405207263262582,1.2154024428147014,0.0025127548810194,2.9558241432650854,11.2827139991492889,11.2157652201593478,11.9079383178735405,26.8288905134452413,8.3645107439097259,1.2001119007524581,0.9341994111072180,0.8460603775242095,0.3455717637428606,
"2027Q4",7.0000000000000000,2.4991574668528096,18.6999999999999993,828.5405113136001773,675.2629991205303668,790.1642906437273268,669.5769827998080928,632.3984394232326167,713.7430390406620972,714.8575877362665096,531.0203815279386390,560.4413194176753450,532.2672768853132084,6.5013756495854480,8.3729874211870694,731.4623056609392506,885.6725837392622225,0.2239783652797485,61.0587664184361145,2.9632585927228301,1.3556032228229060,485.7772747919158292,418.1604692049074288,-1.5772231567989365,-3.6882847610757494,20.3999999999999986,5.2999999999999998,7.0000000000000000,18.6999999999999993,25.2686953381732273,5.5138458869307625,19.7687596888082773,0.0831926950241961,0.0434048843604502,-0.1830756245606599,-0.8856840642476177,-0.2572507712912124,-4.9518880331974255,832.1575850103043877,794.7347881967048124,622.1346209763323714,694.5971955301083653,708.4662624135623901,724.1722844014075235,5.0144435786088390,22.1517940286866057,0.2238233809323960,2.0849018475715959,2.5831219049649108,5.3561396546457987,2.3846068263807139,4.6334635231129315,258.8704588554715542,2.0499842394891288,-2.9861156648901996,11.0137815362957134,-4.3234547402410204,2.4991574668528096,-3.6170736967041797,-4.5704975529775105,10.2638184469002613,-25.0202127303002619,5.2767766270997329,-9.3146966651410317,-0.0001993580410182,8.7280399202713017,828.5405113136001773,6.5702230814985461,-0.4085615428498573,524.9225733036324755,0.0000000000000000,0.0000000000000000,0.0000000000000000,-4.4165568544965916,7.0000000000000000,11.0137815362957134,0.3096732039453062,-4.3234547402410204,20.3999999999999986,25.2686953381732273,0.0831926950241961,-4.9518880331974255,5.2999999999999998,0.0434048843604502,5.5138458869307625,-0.2572507712912124,18.6999999999999993,19.7687596888082773,-0.1830756245606599,-0.8856840642476177,2.4991574668528096,-4.5704975529775105,-4.1708542595446962,790.1642906437273268,6.8820547472138207,5.8050848127570216,794.7347881967048124,7.3114662677272770,7.3179575363598079,10.2638184469002613,9.9271897297587710,632.3984394232326167,1.9356393737855233,-1.1661611189922951,622.1346209763323714,6.3672349835762798,6.2965316622412262,-25.0202127303002619,669.5769827998080928,6.8652895384931920,9.5555193964666856,694.5971955301083653,8.5023116475501013,8.6083398983039139,5.2767766270997329,5.1104207331829947,-8.7280399202713017,713.7430390406620972,9.4888304695489865,10.4040622034770731,708.4662624135623901,9.6984940132211168,9.9001341094211774,-9.3146966651410317,714.8575877362665096,6.6457636439551910,6.2536132882870135,724.1722844014075235,7.5152557787036329,7.5384076346346038,-3.6170736967041797,-2.3982005974872336,828.5405113136001773,6.8652895384933021,6.5702230814985461,832.1575850103043877,7.8925601358588802,7.9470596619182468,-0.0001993580410182,-0.0000797432164073,675.2629991205303668,7.1365730666848375,7.1002857492413964,675.2631984785713257,7.1353769184387286,7.0926976838051408,531.0203815279386390,2.3846068263807139,3.0614553791101069,1.8827118561287117,524.9225733036324755,2.0849018475715959,2.9295883791911792,1.5282076494501307,560.4413194176753450,2.5831219049649108,2.7906586881613396,1.9892108413591982,532.2672768853132084,5.3561396546457987,5.2043844175689138,5.6969059233337012,-1.1480509733090838,-6.0978082243062035,-0.2997049788089723,-0.3545042066786188,-1.5689991641862473,-4.5288090601199569,-0.2372223710746413,-0.2074699850408042,0.4492732215066387,29.4209378897366705,0.1985150785843003,0.1064989852305325,7.2691438610500638,22.1517940286866057,1.1835176437416093,1.0406172048138527,4.0904712667054772,1.2468953573745702,2.9715328282652780,3.8141940672049963,1.0230719764421741,0.2238233809323960,-0.0423751708041985,-0.0499753814799858,3.4918379047247825,6.5013756495854480,9.4106847306471284,3.5717872703942684,-1.0616762527186634,-1.4539917945812573,-1.5810043733941881,4.6334635231129315,8.3729874211870694,-0.1270125788129307,5.0144435786088390,-1.1441955759722013,4.8069735935680340,6.0550607834226913,4.9644681971288529,-1.5810043733941881,-1.5810043733941881,731.4623056609392506,-0.4085615428498573,0.0569403920980942,732.4787273957925890,-2.9861156648901996,2.0499842394891288,267.5984987757428826,-0.3431275094320935,0.6293349087230979,-1.1917811311170565,258.8704588554715542,1.2925011166325227,1.3981681236527426,1.2278760608008965,8.7280399202713017,885.6725837392622225,354.6522022113235266,7.1075561226950867,6.4958156451027769,-1.9686500348208935,0.2239783652797485,61.0587664184361145,2.1503358809890187,2.1006021660750775,2.1939141011945367,2.9632585927228301,1.3556032228229060,485.7772747919158292,0.7185842377041354,0.7185842377042491,424.7185083734797217,-1.4317516432848834,-1.3820179283708285,-1.5772231567989365,426.2957315302786583,-3.6522096736674712,-3.8651229009934696,418.1604692049074288,-0.2214514224517643,-0.2214514224517643,357.1017027864713214,-2.3717873034407830,-2.3220535885268418,-3.6882847610757494,360.7899875475470708,-5.2195047863884838,-5.7566952324326621,0.0000000000000000,0.0000000000000000,0.0000000000000000,0.0000000000000000,0.0000000000000000,0.0000000000000000,-1.5166439774440872,0.0000000000000000,0.0000000000000000,-0.2572507712912124,0.0000000000000000,0.0000000000000000,-0.8856840642476177,0.0000000000000000,4.0999999999999996,0.0000000000000000,0.0000000000000000,0.0000000000000000,0.0000000000000000,0.0000000000000000,0.0000000000000000,0.0000000000000000,0.0000000000000000,0.0000000000000000,0.0000000000000000,0.0000000000000000,0.0000000000000000,0.0000000000000000,0.0000000000000000,0.0000000000000000,0.0000000000000000,0.0000000000000000,0.0000000000000000,0.0000000000000000,0.0000000000000000,0.0000000000000000,0.0000000000000000,0.0000000000000000,-0.0162429154570213,0.0800827969706638,-0.0660630712494935,-0.2551738048742949,-0.4761284448524972,0.1220320887146300,-0.2362469690648113,-0.1985851808681194,31.0000000000000000,,,,,,,,,,,,,,,,,,,,,,,,,,,,,,,,,,,,,,,,,,,,,,,,,,,,,,,,,,,,,,,,,,,,,,,,,,,,,,,,,,,,,,,,,,,,,,,,,,,,,,,,,,,,,,,,,,,,,,,,,,,,,,,,,,,,,,,,,,,,,,,,,,,,,,,,,,,,,,,,,,,,1.3440308277345139,0.1427894161573420,,,,,6918.7986280701506985,-0.3556005467950192,,,,,,,,,,7021.4556803222458257,9.4921629490759187,3.2364810209438164,,,,,,398.5640273165006420,,,236.5614237855720887,43.0389648903360751,279.6003886759081638,3.8472073216899219,0.6536352114572850,,,178.1156975813792087,,892.2885308183049347,893.3116136175323163,7.0886833941955301,177.2049505400193254,,115.1128697454340397,,,7.1064373232115514,6.7908679520267299,7.1243954462982373,5.9768881603564239,1.9544943308843301,-1.1593878149944459,7.1064373232114377,10.0269548596639169,9.9536035254751596,10.9645530059359544,6.8715688514491120,6.4532922866361844,2.4132659238269412,1.9005466257453918,2.1067877614547257,1.5399444539131935,2.6167736290644257,2.0091274823386129,5.5021764471937331,5.8623055279830965,-0.4077280656538278,0.0569566062166729,-0.3425394997267261,0.6313193816692717,6.7173704853863256,3.6363418832863204,1502.1054805801456951,0.9354692848846566,-0.2657721266925153,3.8117339549586062,10.4242997544336440,6.3799915172626758,10.1017705594371190,8.9501913860647875,8.9669565947854171,4.0205412213571190,0.7693444915282934,0.8460697243871731,0.3268176057286425,
"2028Q1",7.6790306787079396,2.4995787334264046,19.7569988828147061,831.7242040755056678,677.0517974269407659,792.3908080027198366,679.8288937535529612,633.6644298416650827,715.9704763018600033,719.2669330983172813,531.7857453727161783,561.1389840897156773,533.5683729897054945,6.7955771626691472,8.3856886790683625,731.3482789476591961,888.6911321885610278,0.1863026703660182,61.6072449437347487,2.9632585927228301,1.3378578739159672,485.8499554165075551,418.3800865409947960,-1.1745451361617256,-2.7989661861124659,21.8940975617685751,5.5419319997540706,7.6790306787079396,19.7569988828147061,25.3052605712645651,5.5131535925842234,19.8956968981440276,0.0551586137422064,0.0287784071698468,-0.1386980153293229,0.0000000000000000,-0.0000000000000000,-3.4663216232381977,834.1224046729929569,796.5616622622645764,623.7372401119063170,696.7066162579307047,710.8600555686768985,726.0475584758241894,5.0009008624422755,22.4675920667689191,0.2142889675014513,2.9295883791911796,2.7906586881613396,5.2043844175689138,3.0614553791101069,4.5493259472170351,259.1774278706718064,2.0449858155402159,-2.6988553299169982,10.9227172657047618,-3.4663216232381977,2.4995787334264046,-2.3982005974872336,-4.1708542595446962,9.9271897297587710,-16.8777225043777577,5.1104207331829947,-6.7806253775069827,-0.0000797432164073,8.1231256222918145,831.7242040755056678,8.5300823069059444,-0.4561068531201549,525.6549703984302369,0.0000000000000000,0.0000000000000000,0.0000000000000000,-3.5573858938291480,7.6790306787079396,10.9227172657047618,0.2226350362413761,-3.4663216232381977,21.8940975617685751,25.3052605712645651,0.0551586137422064,-3.4663216232381977,5.5419319997540706,0.0287784071698468,5.5131535925842234,-0.0000000000000000,19.7569988828147061,19.8956968981440276,-0.1386980153293229,0.0000000000000000,2.4995787334264046,-4.1708542595446962,-3.4344514843764773,792.3908080027198366,8.9060694359703021,6.8660017092532915,796.5616622622645764,7.3074962622390434,7.3136629674399485,9.9271897297587710,10.0808246024222612,633.6644298416650827,5.0639616737296320,0.5076003790719267,623.7372401119063170,6.4104765422955960,6.3433083870272950,-16.8777225043777577,679.8288937535529612,41.0076438149794953,19.5988339601149910,696.7066162579307047,8.4376829112894800,8.5382086583333674,5.1104207331829947,4.8382965525360140,-8.1231256222918145,715.9704763018600033,8.9097490447912406,9.7873371289335029,710.8600555686768985,9.5751726204581917,9.7667307118482487,-6.7806253775069827,719.2669330983172813,17.6373814482027775,9.8698848099813095,726.0475584758241894,7.5010962976665816,7.5230905608010037,-2.3982005974872336,-1.3008131680157933,831.7242040755056678,12.7347710476221643,8.5300823069059444,834.1224046729929569,7.8592786507543790,7.9110069495411643,-0.0000797432164073,-0.0000318972865629,677.0517974269407659,7.1551932256419484,7.1236066048111368,677.0518771701572405,7.1547147663435045,7.1205713786366340,531.7857453727161783,3.0614553791101069,3.7040858964869465,2.2465227902366540,525.6549703984302369,2.9295883791911796,3.7219387398062196,1.9346207962000734,561.1389840897156773,2.7906586881613396,3.0367994743129736,2.3929374983564493,533.5683729897054945,5.2043844175689138,5.0561638707084624,5.4793759752906972,-0.2939353535314245,-6.1307749742859503,-0.1318669999189882,-0.3119019940366263,-1.5385131914892667,-4.5922617827966841,-0.2538108907069087,-0.2270337432762224,0.5099311872734853,29.3532387169994813,-0.2707966909487537,0.1464147081198156,6.8856466502305640,22.4675920667689191,1.2631921523292455,1.1345817572942647,3.6376463128584833,1.7826276169892432,2.1429290384586928,3.2328531850540365,1.5683386494877920,0.2142889675014513,-0.0381376537237786,-0.0449778433319872,4.2828787241097492,6.7955771626691472,9.2964159189524018,3.0736384228629272,-1.4756875243541074,-1.5752461075225623,-1.6895574284541999,4.5493259472170351,8.3856886790683625,-0.1143113209316376,5.0009008624422755,-0.7036604870425096,4.7738671191660531,6.1354826197365409,4.9559230191102888,-1.6895574284541999,-1.6895574284541999,731.3482789476591961,-0.4561068531201549,-0.2000182931950823,732.3557992554598286,-2.6988553299169982,2.0449858155402159,267.3005534929636156,-1.1917811311170565,-0.0098778246368929,-1.9133756351623767,259.1774278706718064,1.2278760608008965,1.3282597174701054,1.1664822577608516,8.1231256222918145,888.6911321885610278,356.9053868158447926,9.0127384180849219,7.2410092136706865,-1.9738121045139987,0.1863026703660182,61.6072449437347487,2.1939141011945367,2.1247612647582628,2.1939141011945367,2.9632585927228301,1.3378578739159672,485.8499554165075551,0.2907224983669039,0.6116188028698843,424.2427104727727851,-1.9031916028276328,-1.5131424618883784,-1.1745451361617256,425.4172556089345107,-3.5139036853764765,-3.7250284110392613,418.3800865409947960,0.8784693443494689,0.0535287692486008,356.7728415972600260,-1.3154447568450678,-2.0712324955096619,-2.7989661861124659,359.5718077833724919,-4.8727190566982017,-5.4026565630112486,0.0000000000000000,0.0000000000000000,0.0000000000000000,0.0000000000000000,0.0000000000000000,0.0000000000000000,0.0000000000000000,0.0000000000000000,0.0000000000000000,0.0000000000000000,0.0000000000000000,0.0000000000000000,0.0000000000000000,0.0000000000000000,4.0999999999999996,0.0000000000000000,0.0000000000000000,0.0000000000000000,0.0000000000000000,0.0000000000000000,0.0000000000000000,0.0000000000000000,0.0000000000000000,0.0000000000000000,0.0000000000000000,0.0000000000000000,0.0000000000000000,0.0000000000000000,0.0000000000000000,0.0000000000000000,0.0000000000000000,0.0000000000000000,0.0000000000000000,0.0000000000000000,0.0000000000000000,0.0000000000000000,0.0000000000000000,0.0000000000000000,-0.0242369929969453,0.0775928504797271,0.0491497931552428,-0.1966667789463850,-0.1065183105271688,0.1178149733753517,-0.2269149790757521,-0.1751647489485658,32.0000000000000000,,,,,,,,,,,,,,,,,,,,,,,,,,,,,,,,,,,,,,,,,,,,,,,,,,,,,,,,,,,,,,,,,,,,,,,,,,,,,,,,,,,,,,,,,,,,,,,,,,,,,,,,,,,,,,,,,,,,,,,,,,,,,,,,,,,,,,,,,,,,,,,,,,,,,,,,,,,,,,,,,,,,1.2821877623746332,0.2973357536971832,,,,,7214.4283688970535877,-1.0532056118990329,,,,,,,,,,7236.6329994659254226,12.0741937971952211,4.0015549681993834,,,,,,425.8049840037703575,,,231.0334412466130516,42.0305126157387008,273.0639538623517524,4.4242720392833803,0.7551799059981334,,,181.3367150036592648,,894.6770512587957001,895.0873690351753567,7.1030216705722378,212.7347953036563979,,120.1886695662973779,,,13.5811882818826177,8.9044627174143898,9.3147002170258446,7.1072001066563928,5.1943722053090937,0.5088908523545967,50.6932967878548482,21.6512720228090245,9.3187226443819640,10.2823127195655246,19.2883892590314190,10.3733857955060245,3.1087998322943093,2.2719471444841588,2.9729229593705924,1.9534558505466038,2.8299623260364086,2.4217979924550832,5.3421927916959220,5.6322735946513518,-0.4550682654360259,-0.1998183899102770,-1.1847075482225904,-0.0098773367958671,7.0317969009216199,3.1213623877261512,1500.3936552252125693,0.8260809092544783,-0.1587710994229716,4.7954234829356102,9.7358299540457196,17.4786103487798066,16.7363260158215468,43.9372321941706758,11.8356578151614826,7.9935500529208117,0.7693444915282934,0.8460781365638403,0.3775899529990667,
"2028Q2",8.5480417581245973,2.4997893667132023,19.9235550221455711,834.7785132415884846,678.8443915340375270,794.9531419671444610,687.5649230913664951,635.4309537200982732,718.0628564455463447,723.2459216932769550,532.7117668468379179,561.8981839582938846,534.8324139573825278,7.1286864961820759,8.3971198111615255,731.2519411985214219,892.1818753384563934,0.1529694871828866,62.1557234690333829,2.9632585927228301,1.3183264513735817,485.9226360410992243,418.5997038770821632,-0.8042082345572226,-1.9909116041935135,22.9434911092989644,5.5281056709712022,8.5480417581245973,19.9235550221455711,25.3399975427013366,5.5124959129550124,20.0188259911997086,0.0299187028643633,0.0156097580161895,-0.0952709690541391,0.0000000000000000,-0.0000000000000000,-2.4264251362667384,836.0793264096042776,798.3875934515208428,625.3501291176760333,698.8007156027828159,713.2245598930103370,727.9194696734945182,4.9887124178923683,22.8013168692834469,0.2057079954136012,3.7219387398062196,3.0367994743129736,5.0561638707084624,3.7040858964869465,4.4669718302325858,259.4690484351120290,2.0404872339861946,-2.2275812825644050,10.8336674644566422,-2.4264251362667384,2.4997893667132023,-1.3008131680157933,-3.4344514843764773,10.0808246024222612,-11.2357925114163262,4.8382965525360140,-4.6735479802175908,-0.0000318972865629,7.3531611490610072,834.7785132415884846,10.2793739412862841,-0.3853509965509529,526.5854550833818166,0.0000000000000000,0.0000000000000000,0.0000000000000000,-2.5154749375148580,8.5480417581245973,10.8336674644566422,0.1407994299346919,-2.4264251362667384,22.9434911092989644,25.3399975427013366,0.0299187028643633,-2.4264251362667384,5.5281056709712022,0.0156097580161895,5.5124959129550124,-0.0000000000000000,19.9235550221455711,20.0188259911997086,-0.0952709690541391,0.0000000000000000,2.4997893667132023,-3.4344514843764773,-2.6833497170347727,794.9531419671444610,10.2493358576980960,8.2188531578812913,798.3875934515208428,7.3037247570252219,7.3095831269660820,10.0808246024222612,6.2801354882277627,635.4309537200982732,7.0660955137329102,3.4348125771834357,625.3501291176760333,6.4515560230789468,6.3877462755740604,-11.2357925114163262,687.5649230913664951,30.9441173512540502,26.0298457662262983,698.8007156027828159,8.3763973794083189,8.4717161943749204,4.8382965525360140,4.4788900663059801,-7.3531611490610072,718.0628564455463447,8.3695205747454917,9.2088529113550770,713.2245598930103370,9.4580172973334129,9.6399974841539677,-4.6735479802175908,723.2459216932769550,15.9159543798389507,12.8530879843188117,727.9194696734945182,7.4876447906813830,7.5085393406590839,-1.3008131680157933,-0.7906792123506393,834.7785132415884846,12.2172366643311445,10.2793739412862841,836.0793264096042776,7.8276869464453833,7.8767872820060578,-0.0000318972865629,-0.0000127589146252,678.8443915340375270,7.1703764283867031,7.1440844249716298,678.8444234313240031,7.1701850446673250,7.1428703345018292,532.7117668468379179,3.7040858964869465,4.1831946973334349,2.7680783148271075,526.5854550833818166,3.7219387398062196,4.2974707094420941,2.5657467799589435,561.8981839582938846,3.0367994743129736,3.3047554222302047,2.6795350803744440,534.8324139573825278,5.0561638707084624,4.9228433231201887,5.2933668967141054,0.4299816953995667,-6.1263117634561670,0.0178528433191355,-0.2023315348682475,-1.4668648410655234,-4.6594469223906438,-0.2687405583758384,-0.2446411256881290,0.6420808468827321,29.1864171114559312,-0.6672864221741964,-0.0885432344527176,6.3851002421724852,22.8013168692834469,1.3348992100581183,1.2191498545266355,3.7270682217347013,2.1206471105446671,1.3520779742216948,2.5252885818870343,1.9149391151310660,0.2057079954136012,-0.0343238883514008,-0.0404800589987885,4.1087158445829797,7.1286864961820759,9.1869436897491159,2.8312157867399814,-1.6357560434926040,-1.5534713342560107,-1.6563515230944845,4.4669718302325858,8.3971198111615255,-0.1028801888384739,4.9887124178923683,-0.3880476882601387,4.7440712922042394,6.2078622724190042,4.9482323588935797,-1.6563515230944845,-1.6563515230944845,731.2519411985214219,-0.3853509965509529,-0.3521709056837605,732.2437339373931309,-2.2275812825644050,2.0404872339861946,266.8222095841730379,-1.9133756351623767,-0.7601889966434905,-2.3669484691441580,259.4690484351120290,1.1664822577608516,1.2618467315966000,1.1081581448728088,7.3531611490610072,892.1818753384563934,359.4701084916185323,10.2588867030950706,8.3425705298473698,-1.9784579672377935,0.1529694871828866,62.1557234690333829,2.1939141011945367,2.1577286889991356,2.1939141011945651,2.9632585927228301,1.3183264513735817,485.9226360410992243,0.2907224983666765,0.5046533680355196,423.7669125720658485,-1.9031916028278602,-1.6530753209636160,-0.8042082345572226,424.5711208066230711,-3.3845392092458724,-3.5865416711287494,418.5997038770821632,0.8784693443494689,0.3285089609488523,356.4439804080487875,-1.3154447568450678,-1.8292197280502833,-1.9909116041935135,358.4348920122423010,-4.5476630845208774,-5.0546716223242143,0.0000000000000000,0.0000000000000000,0.0000000000000000,0.0000000000000000,0.0000000000000000,0.0000000000000000,0.0000000000000000,0.0000000000000000,0.0000000000000000,0.0000000000000000,0.0000000000000000,0.0000000000000000,0.0000000000000000,0.0000000000000000,4.0999999999999996,0.0000000000000000,0.0000000000000000,0.0000000000000000,0.0000000000000000,0.0000000000000000,0.0000000000000000,0.0000000000000000,0.0000000000000000,0.0000000000000000,0.0000000000000000,0.0000000000000000,0.0000000000000000,0.0000000000000000,0.0000000000000000,0.0000000000000000,0.0000000000000000,0.0000000000000000,0.0000000000000000,0.0000000000000000,0.0000000000000000,0.0000000000000000,0.0000000000000000,0.0000000000000000,-0.0221550229611705,0.0427302743153127,0.0491497931552428,-0.0759902501369527,0.0523337116685867,0.1142543648492111,-0.2220258924070433,-0.1622159334924956,33.0000000000000000,,,,,,,,,,,,,,,,,,,,,,,,,,,,,,,,,,,,,,,,,,,,,,,,,,,,,,,,,,,,,,,,,,,,,,,,,,,,,,,,,,,,,,,,,,,,,,,,,,,,,,,,,,,,,,,,,,,,,,,,,,,,,,,,,,,,,,,,,,,,,,,,,,,,,,,,,,,,,,,,,,,,1.2821877623746332,0.2973357536971832,,,,,7527.5260649696183464,-1.6557719211763662,,,,,,,,,,7493.7060463531424830,13.9629725995814624,4.7761565611472170,,,,,,459.5326190521793706,,,226.3628300926911265,41.1784226196769509,267.5412527123680775,5.1521376584351515,0.8961147329762227,,,177.2481775442174694,,896.9578481541246902,896.8663505650031311,7.1159261193112746,258.7336390494174907,,125.5361643235267906,,,12.9948850486218106,10.8262794565027036,10.7929943653938665,8.5660471819125661,7.3217295366936384,3.4944834991596139,36.2663408915081220,29.7317223156608748,8.7297441288068995,9.6461886583097680,17.2525000850996832,13.7156535964555673,3.7735420767043450,2.8067455579588341,3.7920702584325738,2.5989453852539555,3.0833805585749303,2.7157574280673771,5.1861696751878981,5.4359706031509774,-0.3846094723942741,-0.3515515112720209,-1.8951867952344372,-0.7573068679230346,7.3889242883260096,2.8716756335071807,1498.9489057808484631,0.8968367658236802,-0.0880152428537697,5.7459865099781009,9.2663573405691722,15.8279391369851812,16.9933932254783606,34.6660560910602698,13.9712745975043156,10.7880342535391307,0.7693444915282650,0.8460857075228410,0.4480573664881113,
"2028Q3",9.1461371678916663,2.4998946833566014,20.0679077920274231,837.2380716796376419,680.6400509892409900,797.5292791912540906,693.2376910728202120,633.2529099883595336,720.0401298944075279,726.0649130407788334,533.7575655211712728,562.7243728138514598,536.0631247881626678,7.4454712351955976,8.4074078300453738,731.1860932332973562,895.8481546286556068,0.1237346934873926,62.7042019943320241,2.8418346343624044,1.2977844449177063,485.9953166656909502,418.8193212131695304,-0.4632429832355456,-1.2569392220743794,23.6926856920636197,5.5213592678554697,9.1461371678916663,20.0679077920274231,25.3729976655662739,5.5118711173072619,20.1382612114637141,0.0181856218840647,0.0094881505482077,-0.0703534194362927,0.0000000000000000,-0.0000000000000000,-1.6984975953867167,838.0287508919882384,800.2126289082889343,626.9727745001317771,700.8802847448827151,715.5612398281015203,729.7881861382559237,4.9777428177974521,23.1511757597869732,0.1979851205345360,4.2974707094420941,3.3047554222302047,4.9228433231201887,4.1831946973334349,4.3869731931344500,259.7460879713302120,2.0364385105875749,-1.6353176679648112,10.7466075714098181,-1.6984975953867167,2.4998946833566014,-0.7906792123506393,-2.6833497170347727,6.2801354882277627,-7.6425936720624836,4.4788900663059801,-3.7232730974771129,-0.0000127589146252,6.4843844955567658,837.2380716796376419,10.4138827506607754,-0.2633918608964047,527.6598227607423723,0.0000000000000000,0.0000000000000000,0.0000000000000000,-1.7855574884335412,9.1461371678916663,10.7466075714098181,0.0980271918685651,-1.6984975953867167,23.6926856920636197,25.3729976655662739,0.0181856218840647,-1.6984975953867167,5.5213592678554697,0.0094881505482077,5.5118711173072619,-0.0000000000000000,20.0679077920274231,20.1382612114637141,-0.0703534194362927,0.0000000000000000,2.4998946833566014,-2.6833497170347727,-2.0002936354822363,797.5292791912540906,10.3045488964389094,9.0855022343302831,800.2126289082889343,7.3001418270720908,7.3057072785159081,6.2801354882277627,3.9533761398954579,633.2529099883595336,-8.7121749269548676,1.3383804085732993,626.9727745001317771,6.4905815298231300,6.4299622696934877,-7.6425936720624836,693.2376910728202120,22.6910719258150273,25.3770306576354407,700.8802847448827151,8.3182765683996571,8.4086671266618893,4.4788900663059801,4.0580206330387467,-6.4843844955567658,720.0401298944075279,7.9090937954447362,8.6692984711326133,715.5612398281015203,9.3467197403648719,9.5196009178443983,-3.7232730974771129,726.0649130407788334,11.2759653900073555,12.8687662155010685,729.7881861382559237,7.4748658590454440,7.4947156815242604,-0.7906792123506393,-0.3689895046725729,837.2380716796376419,9.8382337521964924,10.4138827506607754,838.0287508919882384,7.7976979295358770,7.8443059156486301,-0.0000127589146252,-0.0000051035658501,680.6400509892409900,7.1826378208141328,7.1611951353819050,680.6400637481556259,7.1825612673263821,7.1607094991939846,533.7575655211712728,4.1831946973334349,4.5322560376160590,3.3333356998278005,527.6598227607423723,4.2974707094420941,4.7013453998208039,3.2584749190027722,562.7243728138514598,3.3047554222302047,3.5841760545953671,2.9288338724173570,536.0631247881626678,4.9228433231201887,4.8062010734486913,5.1348828165108404,0.6643335292308413,-6.0977427604289804,0.1142760121087433,-0.0748607808250204,-1.3677515232189634,-4.7299912372100179,-0.2821772592774972,-0.2604877698587214,0.8223640954253517,28.9668072926801479,-0.8784392751031344,-0.4045018274104460,5.8156315328931756,23.1511757597869732,1.3994355620141039,1.2952611420357694,3.8678379220036607,2.3055592669913056,0.7396486257865548,1.8015471166830550,2.1075741464567694,0.1979851205345360,-0.0308914995162607,-0.0364320530989097,4.0095393836631246,7.4454712351955976,9.0825387516544041,2.7441258353747946,-1.6428473577596552,-1.4430974539298838,-1.5356896238845104,4.3869731931344500,8.4074078300453738,-0.0925921699546265,4.9777428177974521,-0.1764939316121590,4.7172550479387310,6.2730039598332210,4.9413107646985424,-1.5356896238845104,-1.5356896238845104,731.1860932332973562,-0.2633918608964047,-0.3783528133543424,732.1708742076258432,-1.6353176679648112,2.0364385105875749,266.2304724668869653,-2.3669484691441580,-1.4538081862139212,-2.5394973124437299,259.7460879713302120,1.1081581448728088,1.1987543950167698,1.0527502376291684,6.4843844955567658,895.8481546286556068,362.0905891074843908,10.4819224634634391,9.2152759268346287,-1.9826392436892089,0.1237346934873926,62.7042019943320241,2.1939141011945651,2.1830195461431643,2.1939141011945367,2.8418346343624044,1.2977844449177063,485.9953166656909502,0.2907224983669039,0.3976879332011549,423.2911146713589119,-1.9031916028276612,-1.7853316129420094,-0.4632429832355456,423.7543576545944575,-3.2670526081143691,-3.4544262941010473,418.8193212131695304,0.8784693443494689,0.6034891526491606,356.1151192188374921,-1.3154447568450962,-1.5795303934940037,-1.2569392220743794,357.3720584409118715,-4.2513342853216329,-4.7228053032322990,0.0000000000000000,0.0000000000000000,0.0000000000000000,0.0000000000000000,0.0000000000000000,0.0000000000000000,0.0000000000000000,0.0000000000000000,0.0000000000000000,0.0000000000000000,0.0000000000000000,0.0000000000000000,0.0000000000000000,0.0000000000000000,0.0000000000000000,0.0000000000000000,0.0000000000000000,0.0000000000000000,0.0000000000000000,0.0000000000000000,0.0000000000000000,0.0000000000000000,0.0000000000000000,0.0000000000000000,0.0000000000000000,0.0000000000000000,0.0000000000000000,0.0000000000000000,0.0000000000000000,0.0000000000000000,0.0000000000000000,0.0000000000000000,0.0000000000000000,0.0000000000000000,0.0000000000000000,0.0000000000000000,0.0000000000000000,0.0000000000000000,-0.0200566244645208,0.0427302743153412,-0.0722741652051830,0.0353661221899324,0.1964262489868855,0.1112906386814827,-0.2209673197930840,-0.1584375092528428,34.0000000000000000,,,,,,,,,,,,,,,,,,,,,,,,,,,,,,,,,,,,,,,,,,,,,,,,,,,,,,,,,,,,,,,,,,,,,,,,,,,,,,,,,,,,,,,,,,,,,,,,,,,,,,,,,,,,,,,,,,,,,,,,,,,,,,,,,,,,,,,,,,,,,,,,,,,,,,,,,,,,,,,,,,,,1.2821877623746332,0.2973357536972117,,,,,7818.6057018973697268,-1.9235592028494957,,,,,,,,,,7773.5447280451508050,14.6651171607968536,5.3376845154995261,,,,,,498.5893655779834148,,,223.4392578286572189,40.6444590001509027,264.0837168288081216,5.6471705779846104,0.9990719065504479,,,168.6107639060210204,,899.0802613801351981,898.6482355957972459,7.1275401231764075,294.7537660338836076,,130.4818691824274595,,,10.3384569793503260,10.9754508673271403,10.8541834349128266,9.5110227234541043,-8.3434502340029297,1.3473768097168204,25.4717840799781925,28.8875723987563049,8.2302739992552461,9.0561809167060545,11.9362866116025828,13.7334835971946916,4.2719231902910337,3.3895137980645131,4.3911490961924642,3.3121445639636988,3.3599690102065267,2.9721460246226741,5.0460283371471633,5.2690037178512199,-0.2630452888820685,-0.3776379609364113,-2.3391559538707725,-1.4432914212165144,7.7296554190300952,2.7821237422388663,1497.9622033240418659,1.0187959014782284,0.0339438928008070,6.4174066690048495,8.9278896969229642,11.3099092828081620,15.1759182676960194,26.9885426352571223,14.6020196058810043,-4.4147042175127735,0.6479205331678677,0.8460925213859414,0.4995359532752239,
"2028Q4",9.5340790331393066,2.4999473416783005,20.2055126264833902,839.6020686697304427,682.4381742059532598,800.0365197837107871,697.8189681128781103,632.5580645803347579,721.9295072264515056,728.7842951205579993,534.8906295305753247,563.6204168275003212,537.2646750565247658,7.7253496430411559,8.4166670470408356,731.1780767298429282,899.6265584168927489,0.0982585611071727,63.2526805196306583,2.7202630589647305,1.2768671364905848,486.0679972902826762,419.0389385492568977,-0.1481772833000150,-0.5886229267576937,24.2238862241247261,5.5157054354979698,9.5340790331393066,20.2055126264833902,25.4043477822879602,5.5112775614418990,20.2541133751198039,0.0084867586074692,0.0044278740560709,-0.0486007486364127,0.0000000000000000,-0.0000000000000000,-1.1889483167707018,839.9710581744029696,802.0368134191930949,628.6046884404393040,702.9460727663106354,717.8714865934126692,731.6538676067538063,4.9678701777120278,23.5155553294805948,0.1910345331433773,4.7013453998208039,3.5841760545953671,4.8062010734486913,4.5322560376160590,4.3097745217671122,260.0092755307375114,2.0327946595288173,-0.9861085126908231,10.6615119686100552,-1.1889483167707018,2.4999473416783005,-0.3689895046725729,-2.0002936354822363,3.9533761398954579,-5.1271046534325393,4.0580206330387467,-2.8695724861957399,-0.0000051035658501,5.5863226080385404,839.6020686697304427,11.0615573561302689,-0.0320660138176591,528.8351591106975320,0.0000000000000000,0.0000000000000000,0.0000000000000000,-1.2740439195704645,9.5340790331393066,10.6615119686100552,0.0615153812999528,-1.1889483167707018,24.2238862241247261,25.4043477822879602,0.0084867586074692,-1.1889483167707018,5.5157054354979698,0.0044278740560709,5.5112775614418990,-0.0000000000000000,20.2055126264833902,20.2541133751198039,-0.0486007486364127,0.0000000000000000,2.4999473416783005,-2.0002936354822363,-1.4231900522603511,800.0365197837107871,10.0289623698267611,9.8722291399835171,802.0368134191930949,7.2967380436166165,7.3020252224882425,3.9533761398954579,2.5382374705023896,632.5580645803347579,-2.7793816320991129,0.1596251571021403,628.6046884404393040,6.5276557612301040,6.4700674641069442,-5.1271046534325393,697.8189681128781103,18.3251081602314798,28.2419853130700105,702.9460727663106354,8.2631520857117007,8.3488772362022896,4.0580206330387467,3.5955977069942184,-5.5863226080385404,721.9295072264515056,7.5575093281758274,8.1864681857893231,717.8714865934126692,9.2409870612447609,9.4052241798503093,-2.8695724861957399,728.7842951205579993,10.8775283191167933,13.9267073842914701,731.6538676067538063,7.4627258739913023,7.4815832053461770,-0.3689895046725729,-0.0512209080890849,839.6020686697304427,9.4559879603712744,11.0615573561302689,839.9710581744029696,7.7692291296590099,7.8134731640986628,-0.0000051035658501,-0.0000020414263400,682.4381742059532598,7.1924928668487285,7.1751750854228780,682.4381793095190005,7.1924622454536280,7.1749808309477094,534.8906295305753247,4.5322560376160590,4.7694248701626245,3.8702480026366368,528.8351591106975320,4.7013453998208039,4.9622686257579263,3.9125858070650743,563.6204168275003212,3.5841760545953671,3.8512525543923570,3.1790974098249714,537.2646750565247658,4.8062010734486913,4.7013733426091653,4.9973981712115645,0.8220729178696495,-6.0554704198777873,0.1690893622047751,0.0423378044284164,-1.2519116101454499,-4.8035588097323370,-0.2942702900892772,-0.2747497496123804,1.1090978497477091,28.7297872969250321,-0.9480799830204686,-0.6911505928116383,5.2142319674444355,23.5155553294805948,1.4575182787744907,1.3637613007939897,4.1211492183535992,2.3740455259494779,0.2739450358326889,1.1271501685749077,2.1830109928061003,0.1910345331433773,-0.0278023495646346,-0.0327888477890187,4.0488309715390942,7.7253496430411559,8.9833744093898620,2.7630810172832296,-1.5466935044838825,-1.2785926612158027,-1.3619256141749665,4.3097745217671122,8.4166670470408356,-0.0833329529591638,4.9678701777120278,-0.0539276950266355,4.6931204280996477,6.3316314785060168,4.9350813299230083,-1.3619256141749665,-1.3619256141749665,731.1780767298429282,-0.0320660138176591,-0.2842289310962929,732.1596603356981632,-0.9861085126908231,2.0327946595288173,265.5955981387760403,-2.5394973124437299,-2.0029006369668303,-2.5149245231787076,260.0092755307375114,1.0527502376291684,1.1388166752659314,1.0001127257477100,5.5863226080385404,899.6265584168927489,364.7359288863174243,10.5813591153321287,10.0837266749938905,-1.9864023924954828,0.0982585611071727,63.2526805196306583,2.1939141011945367,2.1939141011945438,2.1189160608229258,2.7202630589647305,1.2768671364905848,486.0679972902826762,0.2907224983669039,0.2907224983668470,422.8153167706520321,-1.9031916028276328,-1.9031916028276967,-0.1481772833000150,422.9634940539520471,-3.1634544025697551,-3.3322374763266183,419.0389385492568977,0.8784693443494689,0.8784693443494689,355.7862580296262536,-1.3154447568450678,-1.3154447568450749,-0.5886229267576937,356.3748809563839473,-3.9887099381118105,-4.4151065911631306,0.0000000000000000,0.0000000000000000,0.0000000000000000,0.0000000000000000,0.0000000000000000,0.0000000000000000,0.0000000000000000,0.0000000000000000,0.0000000000000000,0.0000000000000000,0.0000000000000000,0.0000000000000000,0.0000000000000000,0.0000000000000000,0.0000000000000000,0.0000000000000000,0.0000000000000000,0.0000000000000000,0.0000000000000000,0.0000000000000000,0.0000000000000000,0.0000000000000000,0.0000000000000000,0.0000000000000000,0.0000000000000000,0.0000000000000000,0.0000000000000000,0.0000000000000000,0.0000000000000000,0.0000000000000000,0.0000000000000000,0.0000000000000000,0.0000000000000000,0.0000000000000000,0.0000000000000000,0.0000000000000000,0.0000000000000000,0.0000000000000000,-0.0180520507709764,0.0427302743152901,-0.0784929801604521,0.1390333663060233,0.3289427053566032,0.1088611360646492,-0.2231070552668227,-0.1625090813223408,35.0000000000000000,,,,,,,,,,,,,,,,,,,,,,,,,,,,,,,,,,,,,,,,,,,,,,,,,,,,,,,,,,,,,,,,,,,,,,,,,,,,,,,,,,,,,,,,,,,,,,,,,,,,,,,,,,,,,,,,,,,,,,,,,,,,,,,,,,,,,,,,,,,,,,,,,,,,,,,,,,,,,,,,,,,,1.2821877623746332,0.2973357536971832,,,,,8120.8188974911454352,-2.1873515453196770,,,,,,,,,,8072.8800746505539792,15.1136151529485687,5.7139155849830576,,,,,,542.3747555235221398,,,221.0625884101498286,40.2102400016706838,261.2728284118205124,5.9557825619399409,1.0783491295210581,,,158.0849102990823667,,901.0300772603389987,900.4327337774609532,7.1379927266550274,322.9034008667839544,,135.5391151742889235,,,9.9174979324619699,11.6965433265587819,10.5491048120544377,10.3759733422338769,-2.7411121917494086,0.1597526258710928,20.1115948340516013,32.6335469201265767,7.8504213098036075,8.5308937903466102,11.4911782771176263,14.9431041979240860,4.6365321471621996,3.9461177177985576,4.8136110606148463,3.9901355392609332,3.6491819613844996,3.2301704957215804,4.9235717184655385,5.1243744457820668,-0.0320608732209280,-0.2838253830938555,-2.5075233108919690,-1.9829758285960395,8.0315897908582343,2.8016081273555500,1497.8421239454137321,1.2501217485569740,0.2652697398795241,6.8298640440895779,8.8076310767328021,11.1427980589963180,15.1699035453543321,23.0264535600522819,14.7303077696475651,1.9219637677216910,0.6013469981418047,0.8460986538627318,0.5391745647605291,
"2029Q1",9.7788377602895924,2.4999736708391502,20.3355352262973987,841.8553878763167404,684.2382730250815257,802.4369994792662055,701.6253894409446730,632.7836449812083401,723.7522195544270289,731.3746576988169181,536.0829857481160161,564.5832299660984290,538.4400183921770804,7.9543312581588701,8.4250003423367517,731.2601837402820593,903.4608122742852174,0.0545721211921517,63.7824095348363898,2.7202630589647305,1.2560824390087839,486.0679972902826762,419.2672703057394301,0.0908193765116607,0.0507129122555625,24.6030446523201185,5.5113283342668735,9.7788377602895924,20.3355352262973987,25.4341303931735609,5.5107136833698043,20.3664899738662086,0.0011780808860490,0.0006146508970690,-0.0309547475688115,-0.0000000000000000,0.0000000000000000,-0.8322638217394911,841.9066087844058757,803.8601895315265438,630.2454075107059452,704.9987890168342801,720.1566218474329162,733.5166658288012513,4.9589848016351450,23.8930035104453076,0.1847790044913345,4.9622686257579263,3.8512525543923570,4.7013733426091653,4.7694248701626245,4.2357047220450443,260.2593037121744146,2.0295151935759357,-0.3254896200877304,10.5783541026771548,-0.8322638217394911,2.4999736708391502,-0.0512209080890849,-1.4231900522603511,2.5382374705023896,-3.3733995758895681,3.5955977069942184,-2.1420081299842648,-0.0000020414263400,4.7075632958069367,841.8553878763167404,10.1311838008110531,0.3284280417564884,530.0757262671370427,0.0000000000000000,0.0000000000000000,0.0000000000000000,-0.9154216876723925,9.7788377602895924,10.5783541026771548,0.0327474793519295,-0.8322638217394911,24.6030446523201185,25.4341303931735609,0.0011780808860490,-0.8322638217394911,5.5113283342668735,0.0006146508970690,5.5107136833698043,0.0000000000000000,20.3355352262973987,20.3664899738662086,-0.0309547475688115,-0.0000000000000000,2.4999736708391502,-1.4231900522603511,-0.9645075088313336,802.4369994792662055,9.6019187822214569,10.0461914765463067,803.8601895315265438,7.2935044493339163,7.2985272692619612,2.5382374705023896,1.6768035989473304,632.7836449812083401,0.9023216034944549,-0.8807848604566539,630.2454075107059452,6.5628762810667292,6.5081673987997268,-3.3733995758895681,701.6253894409446730,15.2256853122663873,21.7964956873917366,704.9987890168342801,8.2108650020945024,8.2921727589035452,3.5955977069942184,3.1207559016292117,-4.7075632958069367,723.7522195544270289,7.2908493119025390,7.7817432525671482,720.1566218474329162,9.1405410160806539,9.2965662787559253,-2.1420081299842648,731.3746576988169181,10.3614503130357676,12.1077246004997168,733.5166658288012513,7.4511928881898672,7.4691073529769989,-0.0512209080890849,0.1670604187761719,841.8553878763167404,9.0132768263453009,10.1311838008110531,841.9066087844058757,7.7422024400113498,7.7842041114129046,-0.0000020414263400,-0.0000008165705360,684.2382730250815257,7.2003952765134640,7.1864755981407571,684.2382750665078675,7.2003830279554233,7.1863978963506892,536.0829857481160161,4.7694248701626245,4.9177833134168010,4.2972403753997659,530.0757262671370427,4.9622686257579263,5.1072149674017258,4.4207558687067605,564.5832299660984290,3.8512525543923570,4.1247243955814055,3.4442458763827255,538.4400183921770804,4.7013733426091653,4.5969651033657826,4.8716454024716267,0.9005359326901191,-6.0072594809789965,0.1928437555951638,0.1235154933069544,-1.1274121667916837,-4.8798473141873124,-0.3051540178199029,-0.2875855313906289,1.4472313768317042,28.5002442179824129,-0.9181723157704748,-0.8529944990170686,4.6072407075371071,23.8930035104453076,1.5097927238588389,1.4254114436763881,4.2181647577571493,2.3570326440610954,-0.0680515275535299,0.5744050270718521,2.1722536395697607,0.1847790044913345,-0.0250221146081712,-0.0295099630101168,4.2847066360964607,7.9543312581588701,8.8895355058602874,2.8471162907571439,-1.3885884312879004,-1.0860044857269295,-1.1610041433901770,4.2357047220450443,8.4250003423367517,-0.0749996576632475,4.9589848016351450,-0.0075280046772850,4.6713992702445166,6.3843962453115335,4.9294748386250289,-1.1610041433901770,-1.1610041433901770,731.2601837402820593,0.3284280417564884,-0.0880952073771321,732.2248014071475382,-0.3254896200877304,2.0295151935759357,264.9668670079813637,-2.5149245231787076,-2.3336864849822430,-2.2902910897880666,260.2593037121744146,1.0001127257477100,1.0818758415026348,0.9501070894603245,4.7075632958069367,903.4608122742852174,367.3778265261692582,10.5675905594072059,10.4724397103244620,-1.9897892264211290,0.0545721211921517,63.7824095348363898,2.1189160608229258,2.1751645911016411,2.1189160608229827,2.7202630589647305,1.2560824390087839,486.0679972902826762,0.0000000000000000,0.2180418737751211,422.2855877554462722,-2.1189160608229258,-1.9571227173265200,0.0908193765116607,422.1947683789346115,-3.0749027000696287,-3.2224872299999063,419.2672703057394301,0.9133270259301298,0.8871837647446341,355.4848607709030262,-1.2055890348927960,-1.2879808263570069,0.0507129122555625,355.4341478586474636,-3.7629323909458208,-4.1376599247250354,0.0000000000000000,0.0000000000000000,0.0000000000000000,0.0000000000000000,0.0000000000000000,0.0000000000000000,0.0000000000000000,0.0000000000000000,0.0000000000000000,0.0000000000000000,0.0000000000000000,0.0000000000000000,0.0000000000000000,0.0000000000000000,0.0000000000000000,0.0000000000000000,0.0000000000000000,0.0000000000000000,0.0000000000000000,0.0000000000000000,0.0000000000000000,0.0000000000000000,0.0000000000000000,0.0000000000000000,0.0000000000000000,0.0000000000000000,0.0000000000000000,0.0000000000000000,0.0000000000000000,0.0000000000000000,0.0000000000000000,0.0000000000000000,0.0000000000000000,0.0000000000000000,0.0000000000000000,0.0000000000000000,0.0000000000000000,0.0000000000000000,-0.0377909262485906,-0.0322677660562981,0.0370000164673377,0.1826892921576700,0.4804076487886789,0.1069020161672576,-0.2277937377568492,-0.1730934466451913,36.0000000000000000,,,,,,,,,,,,,,,,,,,,,,,,,,,,,,,,,,,,,,,,,,,,,,,,,,,,,,,,,,,,,,,,,,,,,,,,,,,,,,,,,,,,,,,,,,,,,,,,,,,,,,,,,,,,,,,,,,,,,,,,,,,,,,,,,,,,,,,,,,,,,,,,,,,,,,,,,,,,,,,,,,,,1.3205484211996463,0.9736528488642477,,,,,8423.8047043464121089,-2.4312824384900682,,,,,,,,,,8388.4255400819874922,15.3370154295698740,5.6389602876009084,,,,,,590.6320502771596921,,,219.4196303100358136,39.9097020441944892,259.3293323542303028,6.1331277755793678,1.1457363138710548,,,145.9438779970760152,,902.7970078348971583,902.2195837949074075,7.1474000697857853,344.6415827482059058,,140.4821347726537795,,,9.4319564968929939,10.6621674662200121,10.0780185365835848,10.5681530761757756,0.9064047968134048,-0.8769173138557136,16.4459293029287466,24.3543489204223249,7.5632104672183686,8.0925298853140077,10.9172789850726843,12.8712097500272904,4.8849919069651264,4.3909086481158397,5.0874512167392538,4.5199272564828448,3.9263745620153685,3.5042469039411941,4.8136403484644319,4.9922607200400648,0.3289679575660500,-0.0880564149415903,-2.4835637463998239,-2.3066666163921639,8.2792457050444739,2.8880340489246095,1499.0724623624100786,1.6489764629561348,1.3020808906207362,6.6364562437621020,8.9398257748586740,11.6635312036565040,14.6522371139462102,20.1879539380243145,14.5641874079793823,5.8645902292523813,0.6013469981417479,0.8461041730918433,0.5728681569355274,
"2029Q2",9.9262251622581754,2.4999868354195751,20.4579449205832127,844.0028051716695927,686.0399541634266143,804.7182901563865016,704.8761220680537463,633.5712950533811636,725.5386570673557571,733.8238129106273391,537.3124315764702033,565.6144110649937602,539.5892596680184852,8.1281486765898467,8.4325003081030765,731.4346856944797537,907.3080414689374038,0.0137488062800060,64.3121385500421354,2.7202630589647305,1.2358239696809599,486.0679972902826762,419.4956020622219626,0.3115323472613909,0.6431839538175836,24.8759968086653878,5.5081732741760003,9.9262251622581754,20.4579449205832127,25.4624238735148829,5.5101779992013142,20.4754952746502248,-0.0038423896318519,-0.0020047250253141,-0.0175503540670134,-0.0000000000000000,0.0000000000000000,-0.5825846752176438,843.8357447528933335,805.6827976652178904,631.8944914544339326,707.0391053340249528,722.4179011657265619,735.3767249667208716,4.9509879631659510,24.2822134415539956,0.1791490287044960,5.1072149674017258,4.1247243955814055,4.5969651033657826,4.9177833134168010,4.1649893788866104,260.4968304845394869,2.0265636742183424,0.2957941875648689,10.4971065980659723,-0.5825846752176438,2.4999868354195751,0.1670604187761719,-0.9645075088313336,1.6768035989473304,-2.1629832659712669,3.1207559016292117,-1.5529120560934748,-0.0000008165705360,3.8974637509948384,844.0028051716695927,9.2242919300810762,0.6980078167907651,531.3525300089875145,0.0000000000000000,0.0000000000000000,0.0000000000000000,-0.6638321798288261,9.9262251622581754,10.4971065980659723,0.0117032394098474,-0.5825846752176438,24.8759968086653878,25.4624238735148829,-0.0038423896318519,-0.5825846752176438,5.5081732741760003,-0.0020047250253141,5.5101779992013142,0.0000000000000000,20.4579449205832127,20.4754952746502248,-0.0175503540670134,-0.0000000000000000,2.4999868354195751,-0.9645075088313336,-0.6197641792737458,804.7182901563865016,9.1251627084814206,9.7651481892421366,805.6827976652178904,7.2904325347653511,7.2952042136969935,1.6768035989473304,1.1458054915872511,633.5712950533811636,3.1506002886912872,-1.8596586667170598,631.8944914544339326,6.5963357749115232,6.5443623367578709,-2.1629832659712669,704.8761220680537463,13.0029305084362985,17.3111989766872973,707.0391053340249528,8.1612652687630955,8.2383897312422381,3.1207559016292117,2.6561772750863826,-3.8974637509948384,725.5386570673557571,7.1457500517147228,7.4758006218094559,722.4179011657265619,9.0451172731747516,9.1933412727162587,-1.5529120560934748,733.8238129106273391,9.7966208472416643,10.5778912173503947,735.3767249667208716,7.4402365516785043,7.4572552932262797,0.1670604187761719,0.2981759296951998,844.0028051716695927,8.5896691814112334,9.2242919300810762,843.8357447528933335,7.7165438739502061,7.7564183432891110,-0.0000008165705360,-0.0000003266282144,686.0399541634266143,7.2067245533800763,7.1955626293891006,686.0399549799971055,7.2067196539568608,7.1955315486730731,537.3124315764702033,4.9177833134168010,4.9855313235456880,4.6006647296322303,531.3525300089875145,5.1072149674017258,5.1574198198913335,4.7670749256056375,565.6144110649937602,4.1247243955814055,4.3560867013332878,3.7162271066998338,539.5892596680184852,4.5969651033657826,4.4840727259700959,4.7568457106359574,0.9131410852199051,-5.9599015674827127,0.1894316539851324,0.1664101959734537,-1.0013169101011343,-4.9585846573815786,-0.3149493727770647,-0.2991377349909355,1.8668167881534232,28.3019794885235747,-0.7930589178353558,-0.8844376229323584,4.0197660469695800,24.2822134415539956,1.5568397244347523,1.4808965722705465,4.6214577683641611,2.2768280915483716,-0.3208182100508948,0.1561809810037047,2.0976790628438757,0.1791490287044960,-0.0225199031473541,-0.0265589667091051,4.5291304240312185,8.1281486765898467,8.8010279692754967,2.9707288566985133,-1.1942605221880969,-0.8636201715017441,-0.9311198633986668,4.1649893788866104,8.4325003081030765,-0.0674996918969227,4.9509879631659510,-0.0091847522641450,4.6518502281750154,6.4318845354364980,4.9244289964568457,-0.9311198633986668,-0.9311198633986668,731.4346856944797537,0.6980078167907651,0.1827444959582974,732.3805695876378650,0.2957941875648689,2.0265636742183424,264.3942942355343462,-2.2902910897880666,-2.4279153486386655,-1.9851906974744671,260.4968304845394869,0.9501070894603245,1.0277820494275030,0.9026017349873082,3.8974637509948384,907.3080414689374038,369.9956098924672006,10.4711334651918300,10.5255014008486505,-1.9928373769542107,0.0137488062800060,64.3121385500421354,2.1189160608229827,2.1564150810087526,2.1189160608229258,2.7202630589647305,1.2358239696809599,486.0679972902826762,0.0000000000000000,0.1453612491834519,421.7558587402405692,-2.1189160608229827,-2.0110538318253006,0.3115323472613909,421.4443263929791783,-3.0017679438219034,-3.1267944136439141,419.4956020622219626,0.9133270259301298,0.8958981851397994,355.1834635121798556,-1.2055890348928529,-1.2605168958689532,0.6431839538175836,354.5402795583622719,-3.5754732011409374,-3.8946124538800504,0.0000000000000000,0.0000000000000000,0.0000000000000000,0.0000000000000000,0.0000000000000000,0.0000000000000000,0.0000000000000000,0.0000000000000000,0.0000000000000000,0.0000000000000000,0.0000000000000000,0.0000000000000000,0.0000000000000000,0.0000000000000000,0.0000000000000000,0.0000000000000000,0.0000000000000000,0.0000000000000000,0.0000000000000000,0.0000000000000000,0.0000000000000000,0.0000000000000000,0.0000000000000000,0.0000000000000000,0.0000000000000000,0.0000000000000000,0.0000000000000000,0.0000000000000000,0.0000000000000000,0.0000000000000000,0.0000000000000000,0.0000000000000000,0.0000000000000000,0.0000000000000000,0.0000000000000000,0.0000000000000000,0.0000000000000000,0.0000000000000000,-0.0375489876406166,0.0277306662410474,0.0370000164673377,0.2552243338241613,0.6061635278710230,0.1053497745730543,-0.2343555137592372,-0.1888340492896984,37.0000000000000000,,,,,,,,,,,,,,,,,,,,,,,,,,,,,,,,,,,,,,,,,,,,,,,,,,,,,,,,,,,,,,,,,,,,,,,,,,,,,,,,,,,,,,,,,,,,,,,,,,,,,,,,,,,,,,,,,,,,,,,,,,,,,,,,,,,,,,,,,,,,,,,,,,,,,,,,,,,,,,,,,,,,1.3205484211996463,0.9736528488641909,,,,,8730.9696386882405932,-2.6419988178946996,,,,,,,,,,8717.4358057830377220,15.3889167786087455,5.7362676542904714,,,,,,642.9518400727221206,,,218.2977052630454580,39.7041231539712101,258.0018284170166680,6.2277508286408079,1.1984874981978066,,,137.8900226535188267,,904.4382267715072885,904.0085504645583114,7.1558666786034673,362.0872458286439723,,145.3515679660713147,,,8.9693748205705646,9.6631182607576989,9.5544639282384622,10.2578449583747187,3.2007570601791429,-1.8424737070129424,13.8861757275480926,18.8999253377467795,7.4072502205411865,7.7623341180939036,10.2925514940842788,11.1576093395231482,5.0407131323963341,4.7081371193951753,5.2398820775954249,4.8825271967664747,4.2109729028039879,3.7861422054818092,4.7042633813085359,4.8717990863039944,0.7004495692538200,0.1829115754730140,-2.2642630083507811,-2.3986785765871730,8.4676175587455589,3.0152952270583171,1501.6906568399485877,2.0185562379904116,1.6716606656549560,6.6656955083654861,9.1643062897051344,11.4682815128966205,14.3259368357017038,18.1101454758380243,14.2323776758831464,8.2578152560930125,0.6013469981418047,0.8461091403980434,0.5992437490989033,
"2029Q3",10.0075439929168226,2.4999934177097876,20.5731823559718805,846.0569665167104176,687.8429018920584213,806.8849120399254389,707.7256270979254396,634.6973275195371116,727.3126946201664396,736.1384471611431763,538.5588144073566355,566.7034327403271163,540.7102778495110442,8.2490755376796656,8.4392502772927696,731.6980139598781534,911.1352128728983644,-0.0247239651616127,64.8418675652478669,2.7202630589647305,1.2163840404437840,486.0679972902826762,419.7239338187044382,0.5177591034017155,1.1983380916982469,25.0746353608038000,5.5060909880849058,10.0075439929168226,20.5731823559718805,25.4893026798391382,5.5096690992412487,20.5812304164107154,-0.0068580463829896,-0.0035781111563424,-0.0080480604388361,0.0000000000000000,-0.0000000000000000,-0.4078092726523507,845.7587905870151417,807.5046762191991547,633.5515220279498863,709.0676581279137736,724.6565173450801467,737.2341819747190357,4.9437908085436764,24.6820089477922622,0.1740820504963414,5.1574198198913335,4.3560867013332878,4.4840727259700959,4.9855313235456880,4.0977629954782353,260.7224809182863510,2.0239073067965081,0.8543365291469874,10.4177413626696715,-0.4078092726523507,2.4999934177097876,0.2981759296951998,-0.6197641792737458,1.1458054915872511,-1.3420310299883165,2.6561772750863826,-1.0957348135758609,-0.0000003266282144,3.1755156428793945,846.0569665167104176,8.8188948370727722,1.0533130615936814,532.6418849639602513,0.0000000000000000,0.0000000000000000,0.0000000000000000,-0.4871745080486513,10.0075439929168226,10.4177413626696715,-0.0023880971004959,-0.4078092726523507,25.0746353608038000,25.4893026798391382,-0.0068580463829896,-0.4078092726523507,5.5060909880849058,-0.0035781111563424,5.5096690992412487,-0.0000000000000000,20.5731823559718805,20.5812304164107154,-0.0080480604388361,0.0000000000000000,2.4999934177097876,-0.6197641792737458,-0.3755639321602591,806.8849120399254389,8.6664875341555643,9.3556328486713003,807.5046762191991547,7.2875142159252135,7.2920473109102746,1.1458054915872511,0.8083541706312231,634.6973275195371116,4.5041298646237600,1.4444175311775973,633.5515220279498863,6.6281222940640774,6.5787475278181082,-1.3420310299883165,707.7256270979254396,11.3980201194867963,14.4879360251052400,709.0676581279137736,8.1142111755549937,8.1873733830310726,2.6561772750863826,2.2182906926041301,-3.1755156428793945,727.3126946201664396,7.0961502112428283,7.2725647257589792,724.6565173450801467,8.9544647174141438,9.0952775169785767,-1.0957348135758609,736.1384471611431763,9.2585370020631661,10.0735341203643483,737.2341819747190357,7.4298280319927095,7.4459958364630960,0.2981759296951998,0.3587441597198246,846.0569665167104176,8.2166453801632802,8.8188948370727722,845.7587905870151417,7.6921833364871679,7.7300396950269334,-0.0000003266282144,-0.0000001306512858,687.8429018920584213,7.2117909145272963,7.2028509028173913,687.8429022186866177,7.2117889547580099,7.2028384705309803,538.5588144073566355,4.9855313235456880,4.9830304236164542,4.8012488861852933,532.6418849639602513,5.1574198198913335,5.1361407291047616,4.9820622032179473,566.7034327403271163,4.3560867013332878,4.5006514958261583,3.9790599264756046,540.7102778495110442,4.4840727259700959,4.3536902350176669,4.6471530613484333,0.8736438723320387,-5.9169294433963282,0.1718884963455417,0.1808133170326533,-0.8774034879549405,-5.0395259554413867,-0.3237651922392330,-0.3095347182313695,2.2696273874292991,28.1446183329704596,-0.6294446222124567,-0.8221889597096890,3.4626093851781974,24.6820089477922622,1.5991820249530744,1.5308331880052890,5.0174816291829050,2.1514634421544865,-0.5014585975755415,-0.1540958248368194,1.9773813916581451,0.1740820504963414,-0.0202679128326187,-0.0239030700381946,4.7937412183585666,8.2490755376796656,8.7177886117826784,3.1129348085749045,-0.9848281869033303,-0.6324917026902094,-0.6932414253974398,4.0977629954782353,8.4392502772927696,-0.0607497227072305,4.9437908085436764,-0.0372006797356476,4.6342560903123067,6.4746239965489654,4.9198877385054818,-0.6932414253974398,-0.6932414253974398,731.6980139598781534,1.0533130615936814,0.5119207265808190,732.6239843859693792,0.8543365291469874,2.0239073067965081,263.8979965611657121,-1.9851906974744671,-2.3324759057212430,-1.6408774413059650,260.7224809182863510,0.9026017349873082,0.9763929469561278,0.8574716482379429,3.1755156428793945,911.1352128728983644,372.5763984655417289,10.3231542922980086,10.4858093580572937,-1.9955807124339844,-0.0247239651616127,64.8418675652478669,2.1189160608229258,2.1376655709158427,2.1189160608229258,2.7202630589647305,1.2163840404437840,486.0679972902826762,0.0000000000000000,0.0726806245917260,421.2261297250348093,-2.1189160608229258,-2.0649849463241168,0.5177591034017155,420.7083706216330938,-2.9438230853842242,-3.0459870329613778,419.7239338187044382,0.9133270259299024,0.9046126055349077,354.8820662534565713,-1.2055890348930234,-1.2330529653809350,1.1983380916982469,353.6837281617583244,-3.4262055864156764,-3.6883302791535613,0.0000000000000000,0.0000000000000000,0.0000000000000000,0.0000000000000000,0.0000000000000000,0.0000000000000000,0.0000000000000000,0.0000000000000000,0.0000000000000000,0.0000000000000000,0.0000000000000000,0.0000000000000000,0.0000000000000000,0.0000000000000000,0.0000000000000000,0.0000000000000000,0.0000000000000000,0.0000000000000000,0.0000000000000000,0.0000000000000000,0.0000000000000000,0.0000000000000000,0.0000000000000000,0.0000000000000000,0.0000000000000000,0.0000000000000000,0.0000000000000000,0.0000000000000000,0.0000000000000000,0.0000000000000000,0.0000000000000000,0.0000000000000000,0.0000000000000000,0.0000000000000000,0.0000000000000000,0.0000000000000000,0.0000000000000000,0.0000000000000000,-0.0376478430648183,0.0277306662409450,0.0370000164673377,0.3246090480996531,0.7288138054114108,0.1041424677309202,-0.2422319359445111,-0.2082797053888328,38.0000000000000000,,,,,,,,,,,,,,,,,,,,,,,,,,,,,,,,,,,,,,,,,,,,,,,,,,,,,,,,,,,,,,,,,,,,,,,,,,,,,,,,,,,,,,,,,,,,,,,,,,,,,,,,,,,,,,,,,,,,,,,,,,,,,,,,,,,,,,,,,,,,,,,,,,,,,,,,,,,,,,,,,,,,1.3205484211996463,0.9736528488642193,,,,,9040.9312873869821487,-2.8142180790443354,,,,,,,,,,9057.5335667926410679,15.3086856158438422,5.7376563025714935,,,,,,698.9936687536878708,,,217.6372077286350475,39.5826323803069897,257.2198401089420372,6.2678148245515786,1.2397357506554627,,,133.3526354806144809,,906.0002232299577827,905.7994221211931745,7.1634866265393811,376.3615313828129842,,150.1163288121747428,,,8.5636503113724558,9.2194470898736398,9.0531154592751477,9.8072454358951262,4.6071060335311387,1.4548996489084089,12.0729935550893117,15.5900114356623192,7.3539896054585228,7.5435447772915154,9.7006789055117366,10.5983894659733977,5.1119002365692268,4.9183758353665894,5.2927308703718694,5.1082538415205221,4.4523569407218986,4.0592850468512864,4.5861269452051516,4.7568255018446024,1.0588799319782680,0.5132332795200369,-1.9656155357197491,-2.3054839540003229,8.5988633836927590,3.1618933191154923,1505.6502438661318592,2.3738614827933278,2.0269659104579008,6.5786050075160345,9.4700116940361561,11.2855029125210677,13.9543016827347728,16.5554399393781289,13.8239073540468986,9.6615496845150943,0.6013469981418047,0.8461136109736236,0.6198678753277314,
"2029Q4",10.0440741635606923,2.4999967088548938,20.6819264901188369,848.0347983491449213,689.6468631868850707,808.9502977402956958,710.2859533847081366,636.0244560703958996,729.0918942350446059,738.3333119912869051,539.8045720132607812,567.8285956142835857,541.7987004082655176,8.3239368419028352,8.4453252495634921,732.0421007666221840,914.9188848310432149,-0.0613673676690070,65.3715965804535983,2.7202630589647305,1.1979663195052732,486.0679972902826762,419.9522655751869706,0.7131024116681601,1.7253212296961351,25.2211199393169814,5.5048807143625478,10.0440741635606923,20.6819264901188369,25.5148375458471826,5.5091856442791851,20.6837935039183947,-0.0082511156735559,-0.0043049299166379,-0.0018670137995565,-0.0000000000000000,0.0000000000000000,-0.2854664908566454,847.6760541894251446,809.3258616724559715,635.2161018997646806,711.0850503396030717,726.8736035424404918,739.0891669592917879,4.9373133693836300,25.0913314716471554,0.1695217701090022,5.1361407291047616,4.5006514958261583,4.3536902350176669,4.9830304236164542,4.0340809614481747,260.9368488303458093,2.0215165761168570,1.3365491618859004,10.3402296862079766,-0.2854664908566454,2.4999967088548938,0.3587441597198246,-0.3755639321602591,0.8083541706312231,-0.7990969548949597,2.2182906926041301,-0.7558549680049744,-0.0000001306512858,2.5509283704934176,848.0347983491449213,8.4327296794145177,1.3763472269761303,533.9259201462365354,0.0000000000000000,0.0000000000000000,0.0000000000000000,-0.3629781673183412,10.0440741635606923,10.3402296862079766,-0.0106890317906374,-0.2854664908566454,25.2211199393169814,25.5148375458471826,-0.0082511156735559,-0.2854664908566454,5.5048807143625478,-0.0043049299166379,5.5091856442791851,0.0000000000000000,20.6819264901188369,20.6837935039183947,-0.0018670137995565,-0.0000000000000000,2.4999967088548938,-0.3755639321602591,-0.2138683771530263,808.9502977402956958,8.2615428014810295,8.9137779565848678,809.3258616724559715,7.2847418130270833,7.2890482532628909,0.8083541706312231,0.5832297794612183,636.0244560703958996,5.3085142034348909,3.4663914900610981,635.2161018997646806,6.6583194872590035,6.6114134593253331,-0.7990969548949597,710.2859533847081366,10.2413051471306087,12.4669852718300227,711.0850503396030717,8.0695688467571820,8.1389775732924434,2.2182906926041301,1.8280191616103472,-2.5509283704934176,729.0918942350446059,7.1167984595125562,7.1623870085931616,726.8736035424404918,8.8683447894415668,9.0021169490277781,-0.7558549680049744,738.3333119912869051,8.7794593205747500,9.5490168707288365,739.0891669592917879,7.4199399382912041,7.4352993525380713,0.3587441597198246,0.3704958885385436,848.0347983491449213,7.9113273297382545,8.4327296794145177,847.6760541894251446,7.6690544096397559,7.7049960150221199,-0.0000001306512858,-0.0000000522605139,689.6468631868850707,7.2158451793066449,7.2086889809318704,689.6468633175363721,7.2158443953989302,7.2086840080173058,539.8045720132607812,4.9830304236164542,4.9194821272605926,4.9139424826853917,533.9259201462365354,5.1361407291047616,5.0661966829830520,5.0907610355389368,567.8285956142835857,4.5006514958261583,4.5085304631605450,4.2081787867833018,541.7987004082655176,4.3536902350176669,4.1968092146356133,4.5340253517406772,0.7971810018745431,-5.8786518670242494,0.1531103054883125,0.1768185528535376,-0.7562010541441910,-5.1224508128800590,-0.3316994297546860,-0.3188920031477216,2.6377916395611134,28.0240236010228934,-0.4823789277902690,-0.7057636959021391,2.9326921293757393,25.0913314716471554,1.6372900954195644,1.5757761421665575,5.3881543978011424,1.9941283950047239,-0.6293401885990496,-0.3799171309447540,1.8246066248957218,0.1695217701090022,-0.0182411215493568,-0.0215127630343752,5.0591824997579948,8.3239368419028352,8.6396949010771191,3.2577401589197841,-0.7763408025283908,-0.4081101920964534,-0.4627849425329608,4.0340809614481747,8.4453252495634921,-0.0546747504365074,4.9373133693836300,-0.0733847285213069,4.6184213662359079,6.5130895115501870,4.9158006063492543,-0.4627849425329608,-0.4627849425329608,732.0421007666221840,1.3763472269761303,0.8640240367792663,732.9475895846001094,1.3365491618859004,2.0215165761168570,263.4877772008392185,-1.6408774413059650,-2.1078209379368018,-1.3203992341027917,260.9368488303458093,0.8574716482379429,0.9275732996083215,0.8145980658260448,2.5509283704934176,914.9188848310432149,375.1143128177826043,10.1516574089636737,10.3783839314651800,-1.9980497143657805,-0.0613673676690070,65.3715965804535983,2.1189160608229258,2.1189160608229400,2.0911853945819354,2.7202630589647305,1.1979663195052732,486.0679972902826762,0.0000000000000000,0.0000000000000000,420.6964007098290494,-2.1189160608229258,-2.1189160608229400,0.7131024116681601,419.9832982981608893,-2.9002892938887044,-2.9801957557911152,419.9522655751869706,0.9133270259301298,0.9133270259300730,354.5806689947334007,-1.2055890348927960,-1.2055890348928671,1.7253212296961351,352.8553477650372088,-3.3135215868843488,-3.5195331913466958,0.0000000000000000,0.0000000000000000,0.0000000000000000,0.0000000000000000,0.0000000000000000,0.0000000000000000,0.0000000000000000,0.0000000000000000,0.0000000000000000,0.0000000000000000,0.0000000000000000,0.0000000000000000,0.0000000000000000,0.0000000000000000,0.0000000000000000,0.0000000000000000,0.0000000000000000,0.0000000000000000,0.0000000000000000,0.0000000000000000,0.0000000000000000,0.0000000000000000,0.0000000000000000,0.0000000000000000,0.0000000000000000,0.0000000000000000,0.0000000000000000,0.0000000000000000,0.0000000000000000,0.0000000000000000,0.0000000000000000,0.0000000000000000,0.0000000000000000,0.0000000000000000,0.0000000000000000,0.0000000000000000,0.0000000000000000,0.0000000000000000,-0.0381268404170911,0.0277306662409905,0.0370000164673377,0.3920917675590965,0.8505344227564149,0.1032206831058675,-0.2508485170429026,-0.2299365591102397,39.0000000000000000,,,,,,,,,,,,,,,,,,,,,,,,,,,,,,,,,,,,,,,,,,,,,,,,,,,,,,,,,,,,,,,,,,,,,,,,,,,,,,,,,,,,,,,,,,,,,,,,,,,,,,,,,,,,,,,,,,,,,,,,,,,,,,,,,,,,,,,,,,,,,,,,,,,,,,,,,,,,,,,,,,,,1.3205484211996463,0.9736528488642762,,,,,9352.9386286335229670,-2.9471222395098744,,,,,,,,,,9406.8069358972861664,15.1346878325794023,5.6600319260318477,,,,,,758.4542384143716163,,,217.3747056829050450,39.5336683087391236,256.9083739916441687,6.2725932288038564,1.2714842259019719,,,132.8294901976114488,,907.5322086048895471,907.5920082661135666,7.1703445796817036,388.3083778863461930,,154.7636888486338762,,,8.2326913865374536,8.7984929520484627,8.6124035345016949,9.3231270880162072,5.4519425226395413,3.5271710928587225,10.7840972579426051,13.2774408933508283,7.3761586124367398,7.4251210049808236,9.1763843283667370,10.0198005612131880,5.1092715260014216,5.0366787738827838,5.2703279182351253,5.2225674036172904,4.6034674758763856,4.2979778354743843,4.4498538051654748,4.6383835124831734,1.3858624896579954,0.8677674981613137,-1.6274883801423101,-2.0857616543305113,8.6801923473565807,3.3113854703533292,1510.8399110707814543,2.6968956481757766,2.3500000758404065,6.4008159954958650,9.8136941076883328,11.1294593964151574,13.5713592557701013,15.3774458762353703,13.3976835305857911,10.4446549325396525,0.6290776643827951,0.8461176344916459,0.6357421129509859,
"2030Q1",,,,,,,,,,,,,,,,,,,,,,,,,,,,,,,,,,,,,,,,,,,,,,,,,,,,,,,,,,,,,,,,,,,,,,,,,,,,,,,,,,,,,,,,,,,,,,,,,,,,,,,,,,,,,,,,,,,,,,,,,,,,,,,,,,,,,,,,,,,,,,,,,,,,,,,,,,,,,,,,,,,,,,,,,,,,,,,,,,,,,,,,,,,,,,,,,,,,,,,,,,,,,,,,,,,,,,,,,,,,,,,,,,,,,,,,,,,,,,,,,,,,,,,,,,,,,,,,,,,,,,,,,,,,,,,,,,,,,,,,,,,,,,,,,,,,,,,,,,,,,,,,,,,,,,,,,,,,,,,,,,,,,,,,,,,,,,,,,,,,,,,,,,,,,,,,,,,,,,,,,,,,,,,,,,,,,,,,,,,,,,,,,,,,,,,,,,,,,,,,,,,,,,,,,,,,,,,,,,,,,,,,,,,,,,,,,,,,,,,,,,,,,,,,,,,,,,,,,,,,,1.2465215289897174,1.3312632984731749,,,,,,,,,,,,,,,,,,,,,,,,,,,,,,,,,,,,,,,,,,,,,,,,,,,,,,,,,,,,,,,,,,,,,,,,,,,,,,,,,,,
"2030Q2",,,,,,,,,,,,,,,,,,,,,,,,,,,,,,,,,,,,,,,,,,,,,,,,,,,,,,,,,,,,,,,,,,,,,,,,,,,,,,,,,,,,,,,,,,,,,,,,,,,,,,,,,,,,,,,,,,,,,,,,,,,,,,,,,,,,,,,,,,,,,,,,,,,,,,,,,,,,,,,,,,,,,,,,,,,,,,,,,,,,,,,,,,,,,,,,,,,,,,,,,,,,,,,,,,,,,,,,,,,,,,,,,,,,,,,,,,,,,,,,,,,,,,,,,,,,,,,,,,,,,,,,,,,,,,,,,,,,,,,,,,,,,,,,,,,,,,,,,,,,,,,,,,,,,,,,,,,,,,,,,,,,,,,,,,,,,,,,,,,,,,,,,,,,,,,,,,,,,,,,,,,,,,,,,,,,,,,,,,,,,,,,,,,,,,,,,,,,,,,,,,,,,,,,,,,,,,,,,,,,,,,,,,,,,,,,,,,,,,,,,,,,,,,,,,,,,,,,,,,,,1.2465215289895468,1.3312632984730897,,,,,,,,,,,,,,,,,,,,,,,,,,,,,,,,,,,,,,,,,,,,,,,,,,,,,,,,,,,,,,,,,,,,,,,,,,,,,,,,,,,
"2030Q3",,,,,,,,,,,,,,,,,,,,,,,,,,,,,,,,,,,,,,,,,,,,,,,,,,,,,,,,,,,,,,,,,,,,,,,,,,,,,,,,,,,,,,,,,,,,,,,,,,,,,,,,,,,,,,,,,,,,,,,,,,,,,,,,,,,,,,,,,,,,,,,,,,,,,,,,,,,,,,,,,,,,,,,,,,,,,,,,,,,,,,,,,,,,,,,,,,,,,,,,,,,,,,,,,,,,,,,,,,,,,,,,,,,,,,,,,,,,,,,,,,,,,,,,,,,,,,,,,,,,,,,,,,,,,,,,,,,,,,,,,,,,,,,,,,,,,,,,,,,,,,,,,,,,,,,,,,,,,,,,,,,,,,,,,,,,,,,,,,,,,,,,,,,,,,,,,,,,,,,,,,,,,,,,,,,,,,,,,,,,,,,,,,,,,,,,,,,,,,,,,,,,,,,,,,,,,,,,,,,,,,,,,,,,,,,,,,,,,,,,,,,,,,,,,,,,,,,,,,,,,1.2465215289897742,1.3312632984731465,,,,,,,,,,,,,,,,,,,,,,,,,,,,,,,,,,,,,,,,,,,,,,,,,,,,,,,,,,,,,,,,,,,,,,,,,,,,,,,,,,,
"2030Q4",,,,,,,,,,,,,,,,,,,,,,,,,,,,,,,,,,,,,,,,,,,,,,,,,,,,,,,,,,,,,,,,,,,,,,,,,,,,,,,,,,,,,,,,,,,,,,,,,,,,,,,,,,,,,,,,,,,,,,,,,,,,,,,,,,,,,,,,,,,,,,,,,,,,,,,,,,,,,,,,,,,,,,,,,,,,,,,,,,,,,,,,,,,,,,,,,,,,,,,,,,,,,,,,,,,,,,,,,,,,,,,,,,,,,,,,,,,,,,,,,,,,,,,,,,,,,,,,,,,,,,,,,,,,,,,,,,,,,,,,,,,,,,,,,,,,,,,,,,,,,,,,,,,,,,,,,,,,,,,,,,,,,,,,,,,,,,,,,,,,,,,,,,,,,,,,,,,,,,,,,,,,,,,,,,,,,,,,,,,,,,,,,,,,,,,,,,,,,,,,,,,,,,,,,,,,,,,,,,,,,,,,,,,,,,,,,,,,,,,,,,,,,,,,,,,,,,,,,,,,,1.2465215289896605,1.3312632984731181,,,,,,,,,,,,,,,,,,,,,,,,,,,,,,,,,,,,,,,,,,,,,,,,,,,,,,,,,,,,,,,,,,,,,,,,,,,,,,,,,,,